{
    "ConfigVersion": "0.3",
    "GeneralSettings": {
        "DebugInfo": "Turns debug mode on to print extra logs to the script.log file",
        "DebugLogs": 0,
        "FishQualityInfo": "Sets the base value for the fish quantity bar",
        "FishQuality": 1.0
    },
    "PredatorSettings": {
        "PredatorSpawnEnabledInfo": "Turns on(1) and off(0) the predators feature of the mod. When on, it will enable the random spawning of predators when catching/cutting up the fish.",
        "PredatorSpawnEnabled": 1,
        "PredatorSpawnChanceInfo": "Controls the chance for a predator to spawn when a fish is caught or cut up. Fishing is when fishing, preparing is when getting fillets, failcatch is when nothing is caught.",
        "PredatorSpawnChanceFishing": 0.25,
        "PredatorSpawnChancePreparing": 0.25,
        "PredatorSpawnChanceFailCatch": 0.009999999776482582,
        "PredatorSpawnSoundInfo": "PredatorWarningSoundEnable controls the audible notification and PredatorWarningSoundRadius controls how far players hear the sound from the triggering player.",
        "PredatorWarningSoundEnable": 1,
        "PredatorWarningSoundRadius": 50,
        "PredatorWarningMessageInfo": "PredatorWarningMessageEnable turns the chat message on and off, PredatorWarningMessage'Color' controls the color of the text. Only set one of the colors to on at a time.",
        "PredatorWarningMessageEnable": 1,
        "PredatorWarningMessageGreen": 0,
        "PredatorWarningMessageRed": 0,
        "PredatorWarningMessageYellow": 1,
        "PredatorWarningMessageGrey": 0
    },
    "CFToolsLogging": {
        "LoggingInfo": "Requires the ExtraLogs mod by TRG to use this section.",
        "CatchLogs": 0,
        "PredatorSpawn": 0,
        "PredatorSounds": 0
    },
    "Predators": [
        {
            "Classname": "Animal_CanisLupus_Grey",
            "SpawnChance": 0.6000000238418579,
            "MinCount": 1,
            "MaxCount": 3,
            "MinRadius": 50.0,
            "MaxRadius": 200.0
        },
        {
            "Classname": "Animal_UrsusArctos",
            "SpawnChance": 0.30000001192092898,
            "MinCount": 1,
            "MaxCount": 1,
            "MinRadius": 100.0,
            "MaxRadius": 300.0
        }
    ],
    "Bugs": [
        {
            "Classname": "geb_FieldCricket",
            "CatchChance": 0.25
        },
        {
            "Classname": "geb_GrassHopper",
            "CatchChance": 0.25
        },
        {
            "Classname": "geb_GrubWorm",
            "CatchChance": 0.75
        },
        {
            "Classname": "Worm",
            "CatchChance": 0.25
        }
    ],
    "Mackerel": {
        "EnvironmentInfo": "1 - pond, 2 - sea, 3 - both",
        "Environment": 2,
        "CatchMethodInfo": "1 - rod, 2 - largetrap, 3 - rod and largetrap, 4 - smalltrap, 5 - rod and smalltrap, 6 - largetrap and smalltrap, 7 - rod, largetrap and smalltrap",
        "CatchMethod": 3,
        "MeatInfo": "MeatMin and MeatMax determine the minimum and maximum meat pieces for the fillet action. DayZ has a hard limit of 10 fillets max.",
        "MeatMin": 0,
        "MeatMax": 0,
        "CatchProbInfo": "",
        "CatchProbability": 0
    },
    "Carp": {},
    "Sardines": {},
    "Bitterlings": {},
    "WalleyePollock": {},
    "SteelheadTrout": {},
    "Shrimp": {},
    "NorthernPike": {},
    "LargeMouthBass": {},
    "SmallMouthBass": {},
    "WallEye": {},
    "SunFish": {},
    "WhiteBass": {},
    "BlackBass": {},
    "RainbowTrout": {},
    "BrownTrout": {},
    "BrookTrout": {},
    "LakeTrout": {},
    "CutThroatTrout": {},
    "YellowPerch": {},
    "FlatHeadCatFish": {},
    "FatHeadMinnow": {},
    "BlueGill": {},
    "Sauger": {},
    "BowFin": {},
    "SlimySculpin": {},
    "Severum": {},
    "SignalCrayFish": {},
    "EuropeanCrayFish": {},
    "MahiMahi": {},
    "AtlanticSailFish": {},
    "AngelFish": {},
    "AsianSeaBass": {},
    "AtlanticBlueMarlin": {},
    "Bonita": {},
    "CherrySalmon": {},
    "ChinookSalmon": {},
    "SockEyeSalmon": {},
    "FlatHeadMullet": {},
    "LeopardShark": {},
    "PacificCod": {},
    "RedHeadCichlid": {},
    "RoughNeckRock": {},
    "BlueTang": {},
    "LargeHeadHairTailFish": {},
    "HumpHeadWrasse": {},
    "SiameseTigerFish": {},
    "GreatWhiteShark": {},
    "AngelShark": {},
    "YellowFinTuna": {},
    "BloodClam": {},
    "Mussel": {},
    "BlackDevilSnail": {},
    "StarFish": {},
    "KingCrab": {},
    "SnowCrab": {},
    "BlueJellyFish": {},
    "AmericanLobster": {},
    "EuropeanLobster": {},
    "Junk": [],
    "ContainerJunk": []
}