{
    "ConfigVersion": "3.3",
    "GeneralSettings": {
        "DebugInfo": "Turns debug mode on to print extra logs to the script.log file",
        "DebugLogs": 0,
        "FishQualityInfo": "Sets the base value for the fish quantity bar",
        "FishQuality": 1.0
    },
    "PredatorSettings": {
        "PredatorSpawnEnabledInfo": "Turns on(1) and off(0) the predators feature of the mod. When on, it will enable the random spawning of predators when catching/cutting up the fish.",
        "PredatorSpawnEnabled": 1,
        "PredatorSpawnChanceInfo": "Controls the chance for a predator to spawn when a fish is caught or cut up. Fishing is when fishing, preparing is when getting fillets, failcatch is when nothing is caught.",
        "PredatorSpawnChanceFishing": 0.25,
        "PredatorSpawnChancePreparing": 0.25,
        "PredatorSpawnChanceFailCatch": 0.009999999776482582,
        "PredatorSpawnSoundInfo": "PredatorWarningSoundEnable controls the audible notification and PredatorWarningSoundRadius controls how far players hear the sound from the triggering player.",
        "PredatorWarningSoundEnable": 1,
        "PredatorWarningSoundRadius": 50,
        "PredatorWarningMessageInfo": "PredatorWarningMessageEnable turns the chat message on and off, PredatorWarningMessage'Color' controls the color of the text. Only set one of the colors to on at a time.",
        "PredatorWarningMessageEnable": 1,
        "PredatorWarningMessageGreen": 0,
        "PredatorWarningMessageRed": 0,
        "PredatorWarningMessageYellow": 1,
        "PredatorWarningMessageGrey": 0
    },
    "CFToolsLogging": {
        "LoggingInfo": "Requires the ExtraLogs mod by TRG to use this section.",
        "CatchLogs": 0,
        "PredatorSpawn": 0,
        "PredatorSounds": 0
    },
    "Predators": [
        {
            "Classname": "Animal_CanisLupus_Grey",
            "SpawnChance": 0.6000000238418579,
            "MinCount": 1,
            "MaxCount": 3,
            "MinRadius": 50.0,
            "MaxRadius": 200.0
        },
        {
            "Classname": "Animal_UrsusArctos",
            "SpawnChance": 0.30000001192092898,
            "MinCount": 1,
            "MaxCount": 1,
            "MinRadius": 100.0,
            "MaxRadius": 300.0
        }
    ],
    "Bugs": [
        {
            "Classname": "geb_FieldCricket",
            "CatchChance": 0.25
        },
        {
            "Classname": "geb_GrassHopper",
            "CatchChance": 0.25
        },
        {
            "Classname": "geb_GrubWorm",
            "CatchChance": 0.75
        },
        {
            "Classname": "Worm",
            "CatchChance": 0.25
        }
    ],
    "Mackerel": {
        "EnvironmentInfo": "1 - pond, 2 - sea, 3 - both",
        "Environment": 2,
        "CatchMethodInfo": "1 - rod, 2 - largetrap, 3 - rod and largetrap, 4 - smalltrap, 5 - rod and smalltrap, 6 - largetrap and smalltrap, 7 - rod, largetrap and smalltrap",
        "CatchMethod": 3,
        "MeatInfo": "MeatMin and MeatMax determine the minimum and maximum meat pieces for the fillet action. DayZ has a hard limit of 10 fillets max.",
        "MeatMin": 1,
        "MeatMax": 2,
        "CatchProbInfo": "0-25; 0 means no chance to catch fish, 25 means high chance",
        "CatchProbability": 15
    },
    "Carp": {
        "EnvironmentInfo": "1 - pond, 2 - sea, 3 - both",
        "Environment": 1,
        "CatchMethodInfo": "1 - rod, 2 - largetrap, 3 - rod and largetrap, 4 - smalltrap, 5 - rod and smalltrap, 6 - largetrap and smalltrap, 7 - rod, largetrap and smalltrap",
        "CatchMethod": 3,
        "MeatInfo": "MeatMin and MeatMax determine the minimum and maximum meat pieces for the fillet action. DayZ has a hard limit of 10 fillets max.",
        "MeatMin": 1,
        "MeatMax": 2,
        "CatchProbInfo": "0-25; 0 means no chance to catch fish, 25 means high chance",
        "CatchProbability": 15
    },
    "Sardines": {
        "EnvironmentInfo": "1 - pond, 2 - sea, 3 - both",
        "Environment": 2,
        "CatchMethodInfo": "1 - rod, 2 - largetrap, 3 - rod and largetrap, 4 - smalltrap, 5 - rod and smalltrap, 6 - largetrap and smalltrap, 7 - rod, largetrap and smalltrap",
        "CatchMethod": 4,
        "CatchProbInfo": "0-25; 0 means no chance to catch fish, 25 means high chance",
        "CatchProbability": 15
    },
    "Bitterlings": {
        "EnvironmentInfo": "1 - pond, 2 - sea, 3 - both",
        "Environment": 1,
        "CatchMethodInfo": "1 - rod, 2 - largetrap, 3 - rod and largetrap, 4 - smalltrap, 5 - rod and smalltrap, 6 - largetrap and smalltrap, 7 - rod, largetrap and smalltrap",
        "CatchMethod": 4,
        "CatchProbInfo": "0-25; 0 means no chance to catch fish, 25 means high chance",
        "CatchProbability": 15
    },
    "WalleyePollock": {
        "EnvironmentInfo": "1 - pond, 2 - sea, 3 - both",
        "Environment": 2,
        "CatchMethodInfo": "1 - rod, 2 - largetrap, 3 - rod and largetrap, 4 - smalltrap, 5 - rod and smalltrap, 6 - largetrap and smalltrap, 7 - rod, largetrap and smalltrap",
        "CatchMethod": 3,
        "MeatInfo": "MeatMin and MeatMax determine the minimum and maximum meat pieces for the fillet action. DayZ has a hard limit of 10 fillets max.",
        "MeatMin": 1,
        "MeatMax": 2,
        "CatchProbInfo": "0-25; 0 means no chance to catch fish, 25 means high chance",
        "CatchProbability": 24
    },
    "SteelheadTrout": {
        "EnvironmentInfo": "1 - pond, 2 - sea, 3 - both",
        "Environment": 2,
        "CatchMethodInfo": "1 - rod, 2 - largetrap, 3 - rod and largetrap, 4 - smalltrap, 5 - rod and smalltrap, 6 - largetrap and smalltrap, 7 - rod, largetrap and smalltrap",
        "CatchMethod": 3,
        "MeatInfo": "MeatMin and MeatMax determine the minimum and maximum meat pieces for the fillet action. DayZ has a hard limit of 10 fillets max.",
        "MeatMin": 1,
        "MeatMax": 2,
        "CatchProbInfo": "0-25; 0 means no chance to catch fish, 25 means high chance",
        "CatchProbability": 12
    },
    "Shrimp": {
        "EnvironmentInfo": "1 - pond, 2 - sea, 3 - both",
        "Environment": 2,
        "CatchMethodInfo": "1 - rod, 2 - largetrap, 3 - rod and largetrap, 4 - smalltrap, 5 - rod and smalltrap, 6 - largetrap and smalltrap, 7 - rod, largetrap and smalltrap",
        "CatchMethod": 4,
        "CatchProbInfo": "0-25; 0 means no chance to catch fish, 25 means high chance",
        "CatchProbability": 1
    },
    "NorthernPike": {
        "EnvironmentInfo": "1 - pond, 2 - sea, 3 - both",
        "Environment": 1,
        "CatchMethodInfo": "1 - rod, 2 - largetrap, 3 - rod and largetrap, 4 - smalltrap, 5 - rod and smalltrap, 6 - largetrap and smalltrap, 7 - rod, largetrap and smalltrap",
        "CatchMethod": 1,
        "MeatInfo": "MeatMin and MeatMax determine the minimum and maximum meat pieces for the fillet action. DayZ has a hard limit of 10 fillets max.",
        "MeatMin": 2,
        "MeatMax": 4,
        "CatchProbInfo": "0-25; 0 means no chance to catch fish, 25 means high chance",
        "CatchProbability": 15
    },
    "LargeMouthBass": {
        "EnvironmentInfo": "1 - pond, 2 - sea, 3 - both",
        "Environment": 1,
        "CatchMethodInfo": "1 - rod, 2 - largetrap, 3 - rod and largetrap, 4 - smalltrap, 5 - rod and smalltrap, 6 - largetrap and smalltrap, 7 - rod, largetrap and smalltrap",
        "CatchMethod": 3,
        "MeatInfo": "MeatMin and MeatMax determine the minimum and maximum meat pieces for the fillet action. DayZ has a hard limit of 10 fillets max.",
        "MeatMin": 1,
        "MeatMax": 2,
        "CatchProbInfo": "0-25; 0 means no chance to catch fish, 25 means high chance",
        "CatchProbability": 15
    },
    "SmallMouthBass": {
        "EnvironmentInfo": "1 - pond, 2 - sea, 3 - both",
        "Environment": 1,
        "CatchMethodInfo": "1 - rod, 2 - largetrap, 3 - rod and largetrap, 4 - smalltrap, 5 - rod and smalltrap, 6 - largetrap and smalltrap, 7 - rod, largetrap and smalltrap",
        "CatchMethod": 3,
        "MeatInfo": "MeatMin and MeatMax determine the minimum and maximum meat pieces for the fillet action. DayZ has a hard limit of 10 fillets max.",
        "MeatMin": 1,
        "MeatMax": 2,
        "CatchProbInfo": "0-25; 0 means no chance to catch fish, 25 means high chance",
        "CatchProbability": 15
    },
    "WallEye": {
        "EnvironmentInfo": "1 - pond, 2 - sea, 3 - both",
        "Environment": 1,
        "CatchMethodInfo": "1 - rod, 2 - largetrap, 3 - rod and largetrap, 4 - smalltrap, 5 - rod and smalltrap, 6 - largetrap and smalltrap, 7 - rod, largetrap and smalltrap",
        "CatchMethod": 3,
        "MeatInfo": "MeatMin and MeatMax determine the minimum and maximum meat pieces for the fillet action. DayZ has a hard limit of 10 fillets max.",
        "MeatMin": 1,
        "MeatMax": 2,
        "CatchProbInfo": "0-25; 0 means no chance to catch fish, 25 means high chance",
        "CatchProbability": 15
    },
    "SunFish": {
        "EnvironmentInfo": "1 - pond, 2 - sea, 3 - both",
        "Environment": 1,
        "CatchMethodInfo": "1 - rod, 2 - largetrap, 3 - rod and largetrap, 4 - smalltrap, 5 - rod and smalltrap, 6 - largetrap and smalltrap, 7 - rod, largetrap and smalltrap",
        "CatchMethod": 3,
        "MeatInfo": "MeatMin and MeatMax determine the minimum and maximum meat pieces for the fillet action. DayZ has a hard limit of 10 fillets max.",
        "MeatMin": 1,
        "MeatMax": 2,
        "CatchProbInfo": "0-25; 0 means no chance to catch fish, 25 means high chance",
        "CatchProbability": 15
    },
    "WhiteBass": {
        "EnvironmentInfo": "1 - pond, 2 - sea, 3 - both",
        "Environment": 1,
        "CatchMethodInfo": "1 - rod, 2 - largetrap, 3 - rod and largetrap, 4 - smalltrap, 5 - rod and smalltrap, 6 - largetrap and smalltrap, 7 - rod, largetrap and smalltrap",
        "CatchMethod": 3,
        "MeatInfo": "MeatMin and MeatMax determine the minimum and maximum meat pieces for the fillet action. DayZ has a hard limit of 10 fillets max.",
        "MeatMin": 1,
        "MeatMax": 2,
        "CatchProbInfo": "0-25; 0 means no chance to catch fish, 25 means high chance",
        "CatchProbability": 15
    },
    "BlackBass": {
        "EnvironmentInfo": "1 - pond, 2 - sea, 3 - both",
        "Environment": 1,
        "CatchMethodInfo": "1 - rod, 2 - largetrap, 3 - rod and largetrap, 4 - smalltrap, 5 - rod and smalltrap, 6 - largetrap and smalltrap, 7 - rod, largetrap and smalltrap",
        "CatchMethod": 3,
        "MeatInfo": "MeatMin and MeatMax determine the minimum and maximum meat pieces for the fillet action. DayZ has a hard limit of 10 fillets max.",
        "MeatMin": 1,
        "MeatMax": 2,
        "CatchProbInfo": "0-25; 0 means no chance to catch fish, 25 means high chance",
        "CatchProbability": 15
    },
    "RainbowTrout": {
        "EnvironmentInfo": "1 - pond, 2 - sea, 3 - both",
        "Environment": 1,
        "CatchMethodInfo": "1 - rod, 2 - largetrap, 3 - rod and largetrap, 4 - smalltrap, 5 - rod and smalltrap, 6 - largetrap and smalltrap, 7 - rod, largetrap and smalltrap",
        "CatchMethod": 3,
        "MeatInfo": "MeatMin and MeatMax determine the minimum and maximum meat pieces for the fillet action. DayZ has a hard limit of 10 fillets max.",
        "MeatMin": 1,
        "MeatMax": 2,
        "CatchProbInfo": "0-25; 0 means no chance to catch fish, 25 means high chance",
        "CatchProbability": 15
    },
    "BrownTrout": {
        "EnvironmentInfo": "1 - pond, 2 - sea, 3 - both",
        "Environment": 1,
        "CatchMethodInfo": "1 - rod, 2 - largetrap, 3 - rod and largetrap, 4 - smalltrap, 5 - rod and smalltrap, 6 - largetrap and smalltrap, 7 - rod, largetrap and smalltrap",
        "CatchMethod": 3,
        "MeatInfo": "MeatMin and MeatMax determine the minimum and maximum meat pieces for the fillet action. DayZ has a hard limit of 10 fillets max.",
        "MeatMin": 1,
        "MeatMax": 2,
        "CatchProbInfo": "0-25; 0 means no chance to catch fish, 25 means high chance",
        "CatchProbability": 15
    },
    "BrookTrout": {
        "EnvironmentInfo": "1 - pond, 2 - sea, 3 - both",
        "Environment": 1,
        "CatchMethodInfo": "1 - rod, 2 - largetrap, 3 - rod and largetrap, 4 - smalltrap, 5 - rod and smalltrap, 6 - largetrap and smalltrap, 7 - rod, largetrap and smalltrap",
        "CatchMethod": 3,
        "MeatInfo": "MeatMin and MeatMax determine the minimum and maximum meat pieces for the fillet action. DayZ has a hard limit of 10 fillets max.",
        "MeatMin": 1,
        "MeatMax": 2,
        "CatchProbInfo": "0-25; 0 means no chance to catch fish, 25 means high chance",
        "CatchProbability": 15
    },
    "LakeTrout": {
        "EnvironmentInfo": "1 - pond, 2 - sea, 3 - both",
        "Environment": 1,
        "CatchMethodInfo": "1 - rod, 2 - largetrap, 3 - rod and largetrap, 4 - smalltrap, 5 - rod and smalltrap, 6 - largetrap and smalltrap, 7 - rod, largetrap and smalltrap",
        "CatchMethod": 3,
        "MeatInfo": "MeatMin and MeatMax determine the minimum and maximum meat pieces for the fillet action. DayZ has a hard limit of 10 fillets max.",
        "MeatMin": 1,
        "MeatMax": 2,
        "CatchProbInfo": "0-25; 0 means no chance to catch fish, 25 means high chance",
        "CatchProbability": 15
    },
    "CutThroatTrout": {
        "EnvironmentInfo": "1 - pond, 2 - sea, 3 - both",
        "Environment": 1,
        "CatchMethodInfo": "1 - rod, 2 - largetrap, 3 - rod and largetrap, 4 - smalltrap, 5 - rod and smalltrap, 6 - largetrap and smalltrap, 7 - rod, largetrap and smalltrap",
        "CatchMethod": 3,
        "MeatInfo": "MeatMin and MeatMax determine the minimum and maximum meat pieces for the fillet action. DayZ has a hard limit of 10 fillets max.",
        "MeatMin": 1,
        "MeatMax": 2,
        "CatchProbInfo": "0-25; 0 means no chance to catch fish, 25 means high chance",
        "CatchProbability": 15
    },
    "YellowPerch": {
        "EnvironmentInfo": "1 - pond, 2 - sea, 3 - both",
        "Environment": 1,
        "CatchMethodInfo": "1 - rod, 2 - largetrap, 3 - rod and largetrap, 4 - smalltrap, 5 - rod and smalltrap, 6 - largetrap and smalltrap, 7 - rod, largetrap and smalltrap",
        "CatchMethod": 3,
        "MeatInfo": "MeatMin and MeatMax determine the minimum and maximum meat pieces for the fillet action. DayZ has a hard limit of 10 fillets max.",
        "MeatMin": 1,
        "MeatMax": 2,
        "CatchProbInfo": "0-25; 0 means no chance to catch fish, 25 means high chance",
        "CatchProbability": 15
    },
    "FlatHeadCatFish": {
        "EnvironmentInfo": "1 - pond, 2 - sea, 3 - both",
        "Environment": 1,
        "CatchMethodInfo": "1 - rod, 2 - largetrap, 3 - rod and largetrap, 4 - smalltrap, 5 - rod and smalltrap, 6 - largetrap and smalltrap, 7 - rod, largetrap and smalltrap",
        "CatchMethod": 3,
        "MeatInfo": "MeatMin and MeatMax determine the minimum and maximum meat pieces for the fillet action. DayZ has a hard limit of 10 fillets max.",
        "MeatMin": 1,
        "MeatMax": 4,
        "CatchProbInfo": "0-25; 0 means no chance to catch fish, 25 means high chance",
        "CatchProbability": 15
    },
    "FatHeadMinnow": {
        "EnvironmentInfo": "1 - pond, 2 - sea, 3 - both",
        "Environment": 1,
        "CatchMethodInfo": "1 - rod, 2 - largetrap, 3 - rod and largetrap, 4 - smalltrap, 5 - rod and smalltrap, 6 - largetrap and smalltrap, 7 - rod, largetrap and smalltrap",
        "CatchMethod": 5,
        "MeatInfo": "MeatMin and MeatMax determine the minimum and maximum meat pieces for the fillet action. DayZ has a hard limit of 10 fillets max.",
        "MeatMin": 1,
        "MeatMax": 2,
        "CatchProbInfo": "0-25; 0 means no chance to catch fish, 25 means high chance",
        "CatchProbability": 15
    },
    "BlueGill": {
        "EnvironmentInfo": "1 - pond, 2 - sea, 3 - both",
        "Environment": 1,
        "CatchMethodInfo": "1 - rod, 2 - largetrap, 3 - rod and largetrap, 4 - smalltrap, 5 - rod and smalltrap, 6 - largetrap and smalltrap, 7 - rod, largetrap and smalltrap",
        "CatchMethod": 3,
        "MeatInfo": "MeatMin and MeatMax determine the minimum and maximum meat pieces for the fillet action. DayZ has a hard limit of 10 fillets max.",
        "MeatMin": 1,
        "MeatMax": 2,
        "CatchProbInfo": "0-25; 0 means no chance to catch fish, 25 means high chance",
        "CatchProbability": 15
    },
    "Sauger": {
        "EnvironmentInfo": "1 - pond, 2 - sea, 3 - both",
        "Environment": 1,
        "CatchMethodInfo": "1 - rod, 2 - largetrap, 3 - rod and largetrap, 4 - smalltrap, 5 - rod and smalltrap, 6 - largetrap and smalltrap, 7 - rod, largetrap and smalltrap",
        "CatchMethod": 3,
        "MeatInfo": "MeatMin and MeatMax determine the minimum and maximum meat pieces for the fillet action. DayZ has a hard limit of 10 fillets max.",
        "MeatMin": 1,
        "MeatMax": 2,
        "CatchProbInfo": "0-25; 0 means no chance to catch fish, 25 means high chance",
        "CatchProbability": 15
    },
    "BowFin": {
        "EnvironmentInfo": "1 - pond, 2 - sea, 3 - both",
        "Environment": 1,
        "CatchMethodInfo": "1 - rod, 2 - largetrap, 3 - rod and largetrap, 4 - smalltrap, 5 - rod and smalltrap, 6 - largetrap and smalltrap, 7 - rod, largetrap and smalltrap",
        "CatchMethod": 3,
        "MeatInfo": "MeatMin and MeatMax determine the minimum and maximum meat pieces for the fillet action. DayZ has a hard limit of 10 fillets max.",
        "MeatMin": 1,
        "MeatMax": 2,
        "CatchProbInfo": "0-25; 0 means no chance to catch fish, 25 means high chance",
        "CatchProbability": 15
    },
    "SlimySculpin": {
        "EnvironmentInfo": "1 - pond, 2 - sea, 3 - both",
        "Environment": 1,
        "CatchMethodInfo": "1 - rod, 2 - largetrap, 3 - rod and largetrap, 4 - smalltrap, 5 - rod and smalltrap, 6 - largetrap and smalltrap, 7 - rod, largetrap and smalltrap",
        "CatchMethod": 3,
        "MeatInfo": "MeatMin and MeatMax determine the minimum and maximum meat pieces for the fillet action. DayZ has a hard limit of 10 fillets max.",
        "MeatMin": 1,
        "MeatMax": 2,
        "CatchProbInfo": "0-25; 0 means no chance to catch fish, 25 means high chance",
        "CatchProbability": 15
    },
    "Severum": {
        "EnvironmentInfo": "1 - pond, 2 - sea, 3 - both",
        "Environment": 1,
        "CatchMethodInfo": "1 - rod, 2 - largetrap, 3 - rod and largetrap, 4 - smalltrap, 5 - rod and smalltrap, 6 - largetrap and smalltrap, 7 - rod, largetrap and smalltrap",
        "CatchMethod": 3,
        "MeatInfo": "MeatMin and MeatMax determine the minimum and maximum meat pieces for the fillet action. DayZ has a hard limit of 10 fillets max.",
        "MeatMin": 1,
        "MeatMax": 2,
        "CatchProbInfo": "0-25; 0 means no chance to catch fish, 25 means high chance",
        "CatchProbability": 15
    },
    "SignalCrayFish": {
        "EnvironmentInfo": "1 - pond, 2 - sea, 3 - both",
        "Environment": 1,
        "CatchMethodInfo": "1 - rod, 2 - largetrap, 3 - rod and largetrap, 4 - smalltrap, 5 - rod and smalltrap, 6 - largetrap and smalltrap, 7 - rod, largetrap and smalltrap",
        "CatchMethod": 4,
        "MeatInfo": "MeatMin and MeatMax determine the minimum and maximum meat pieces for the fillet action. DayZ has a hard limit of 10 fillets max.",
        "MeatMin": 1,
        "MeatMax": 2,
        "CatchProbInfo": "0-25; 0 means no chance to catch fish, 25 means high chance",
        "CatchProbability": 15
    },
    "EuropeanCrayFish": {
        "EnvironmentInfo": "1 - pond, 2 - sea, 3 - both",
        "Environment": 1,
        "CatchMethodInfo": "1 - rod, 2 - largetrap, 3 - rod and largetrap, 4 - smalltrap, 5 - rod and smalltrap, 6 - largetrap and smalltrap, 7 - rod, largetrap and smalltrap",
        "CatchMethod": 4,
        "MeatInfo": "MeatMin and MeatMax determine the minimum and maximum meat pieces for the fillet action. DayZ has a hard limit of 10 fillets max.",
        "MeatMin": 1,
        "MeatMax": 2,
        "CatchProbInfo": "0-25; 0 means no chance to catch fish, 25 means high chance",
        "CatchProbability": 15
    },
    "MahiMahi": {
        "EnvironmentInfo": "1 - pond, 2 - sea, 3 - both",
        "Environment": 2,
        "CatchMethodInfo": "1 - rod, 2 - largetrap, 3 - rod and largetrap, 4 - smalltrap, 5 - rod and smalltrap, 6 - largetrap and smalltrap, 7 - rod, largetrap and smalltrap",
        "CatchMethod": 1,
        "MeatInfo": "MeatMin and MeatMax determine the minimum and maximum meat pieces for the fillet action. DayZ has a hard limit of 10 fillets max.",
        "MeatMin": 3,
        "MeatMax": 7,
        "CatchProbInfo": "0-25; 0 means no chance to catch fish, 25 means high chance",
        "CatchProbability": 15
    },
    "AtlanticSailFish": {
        "EnvironmentInfo": "1 - pond, 2 - sea, 3 - both",
        "Environment": 2,
        "CatchMethodInfo": "1 - rod, 2 - largetrap, 3 - rod and largetrap, 4 - smalltrap, 5 - rod and smalltrap, 6 - largetrap and smalltrap, 7 - rod, largetrap and smalltrap",
        "CatchMethod": 1,
        "MeatInfo": "MeatMin and MeatMax determine the minimum and maximum meat pieces for the fillet action. DayZ has a hard limit of 10 fillets max.",
        "MeatMin": 4,
        "MeatMax": 7,
        "CatchProbInfo": "0-25; 0 means no chance to catch fish, 25 means high chance",
        "CatchProbability": 15
    },
    "AngelFish": {
        "EnvironmentInfo": "1 - pond, 2 - sea, 3 - both",
        "Environment": 2,
        "CatchMethodInfo": "1 - rod, 2 - largetrap, 3 - rod and largetrap, 4 - smalltrap, 5 - rod and smalltrap, 6 - largetrap and smalltrap, 7 - rod, largetrap and smalltrap",
        "CatchMethod": 1,
        "MeatInfo": "MeatMin and MeatMax determine the minimum and maximum meat pieces for the fillet action. DayZ has a hard limit of 10 fillets max.",
        "MeatMin": 1,
        "MeatMax": 2,
        "CatchProbInfo": "0-25; 0 means no chance to catch fish, 25 means high chance",
        "CatchProbability": 15
    },
    "AsianSeaBass": {
        "EnvironmentInfo": "1 - pond, 2 - sea, 3 - both",
        "Environment": 2,
        "CatchMethodInfo": "1 - rod, 2 - largetrap, 3 - rod and largetrap, 4 - smalltrap, 5 - rod and smalltrap, 6 - largetrap and smalltrap, 7 - rod, largetrap and smalltrap",
        "CatchMethod": 3,
        "MeatInfo": "MeatMin and MeatMax determine the minimum and maximum meat pieces for the fillet action. DayZ has a hard limit of 10 fillets max.",
        "MeatMin": 2,
        "MeatMax": 4,
        "CatchProbInfo": "0-25; 0 means no chance to catch fish, 25 means high chance",
        "CatchProbability": 15
    },
    "AtlanticBlueMarlin": {
        "EnvironmentInfo": "1 - pond, 2 - sea, 3 - both",
        "Environment": 2,
        "CatchMethodInfo": "1 - rod, 2 - largetrap, 3 - rod and largetrap, 4 - smalltrap, 5 - rod and smalltrap, 6 - largetrap and smalltrap, 7 - rod, largetrap and smalltrap",
        "CatchMethod": 1,
        "MeatInfo": "MeatMin and MeatMax determine the minimum and maximum meat pieces for the fillet action. DayZ has a hard limit of 10 fillets max.",
        "MeatMin": 3,
        "MeatMax": 6,
        "CatchProbInfo": "0-25; 0 means no chance to catch fish, 25 means high chance",
        "CatchProbability": 15
    },
    "Bonita": {
        "EnvironmentInfo": "1 - pond, 2 - sea, 3 - both",
        "Environment": 2,
        "CatchMethodInfo": "1 - rod, 2 - largetrap, 3 - rod and largetrap, 4 - smalltrap, 5 - rod and smalltrap, 6 - largetrap and smalltrap, 7 - rod, largetrap and smalltrap",
        "CatchMethod": 3,
        "MeatInfo": "MeatMin and MeatMax determine the minimum and maximum meat pieces for the fillet action. DayZ has a hard limit of 10 fillets max.",
        "MeatMin": 1,
        "MeatMax": 2,
        "CatchProbInfo": "0-25; 0 means no chance to catch fish, 25 means high chance",
        "CatchProbability": 15
    },
    "CherrySalmon": {
        "EnvironmentInfo": "1 - pond, 2 - sea, 3 - both",
        "Environment": 2,
        "CatchMethodInfo": "1 - rod, 2 - largetrap, 3 - rod and largetrap, 4 - smalltrap, 5 - rod and smalltrap, 6 - largetrap and smalltrap, 7 - rod, largetrap and smalltrap",
        "CatchMethod": 3,
        "MeatInfo": "MeatMin and MeatMax determine the minimum and maximum meat pieces for the fillet action. DayZ has a hard limit of 10 fillets max.",
        "MeatMin": 1,
        "MeatMax": 2,
        "CatchProbInfo": "0-25; 0 means no chance to catch fish, 25 means high chance",
        "CatchProbability": 15
    },
    "ChinookSalmon": {
        "EnvironmentInfo": "1 - pond, 2 - sea, 3 - both",
        "Environment": 2,
        "CatchMethodInfo": "1 - rod, 2 - largetrap, 3 - rod and largetrap, 4 - smalltrap, 5 - rod and smalltrap, 6 - largetrap and smalltrap, 7 - rod, largetrap and smalltrap",
        "CatchMethod": 3,
        "MeatInfo": "MeatMin and MeatMax determine the minimum and maximum meat pieces for the fillet action. DayZ has a hard limit of 10 fillets max.",
        "MeatMin": 1,
        "MeatMax": 2,
        "CatchProbInfo": "0-25; 0 means no chance to catch fish, 25 means high chance",
        "CatchProbability": 15
    },
    "SockEyeSalmon": {
        "EnvironmentInfo": "1 - pond, 2 - sea, 3 - both",
        "Environment": 2,
        "CatchMethodInfo": "1 - rod, 2 - largetrap, 3 - rod and largetrap, 4 - smalltrap, 5 - rod and smalltrap, 6 - largetrap and smalltrap, 7 - rod, largetrap and smalltrap",
        "CatchMethod": 3,
        "MeatInfo": "MeatMin and MeatMax determine the minimum and maximum meat pieces for the fillet action. DayZ has a hard limit of 10 fillets max.",
        "MeatMin": 1,
        "MeatMax": 2,
        "CatchProbInfo": "0-25; 0 means no chance to catch fish, 25 means high chance",
        "CatchProbability": 15
    },
    "FlatHeadMullet": {
        "EnvironmentInfo": "1 - pond, 2 - sea, 3 - both",
        "Environment": 2,
        "CatchMethodInfo": "1 - rod, 2 - largetrap, 3 - rod and largetrap, 4 - smalltrap, 5 - rod and smalltrap, 6 - largetrap and smalltrap, 7 - rod, largetrap and smalltrap",
        "CatchMethod": 3,
        "MeatInfo": "MeatMin and MeatMax determine the minimum and maximum meat pieces for the fillet action. DayZ has a hard limit of 10 fillets max.",
        "MeatMin": 1,
        "MeatMax": 2,
        "CatchProbInfo": "0-25; 0 means no chance to catch fish, 25 means high chance",
        "CatchProbability": 15
    },
    "LeopardShark": {
        "EnvironmentInfo": "1 - pond, 2 - sea, 3 - both",
        "Environment": 2,
        "CatchMethodInfo": "1 - rod, 2 - largetrap, 3 - rod and largetrap, 4 - smalltrap, 5 - rod and smalltrap, 6 - largetrap and smalltrap, 7 - rod, largetrap and smalltrap",
        "CatchMethod": 1,
        "MeatInfo": "MeatMin and MeatMax determine the minimum and maximum meat pieces for the fillet action. DayZ has a hard limit of 10 fillets max.",
        "MeatMin": 2,
        "MeatMax": 4,
        "CatchProbInfo": "0-25; 0 means no chance to catch fish, 25 means high chance",
        "CatchProbability": 15
    },
    "PacificCod": {
        "EnvironmentInfo": "1 - pond, 2 - sea, 3 - both",
        "Environment": 2,
        "CatchMethodInfo": "1 - rod, 2 - largetrap, 3 - rod and largetrap, 4 - smalltrap, 5 - rod and smalltrap, 6 - largetrap and smalltrap, 7 - rod, largetrap and smalltrap",
        "CatchMethod": 3,
        "MeatInfo": "MeatMin and MeatMax determine the minimum and maximum meat pieces for the fillet action. DayZ has a hard limit of 10 fillets max.",
        "MeatMin": 1,
        "MeatMax": 2,
        "CatchProbInfo": "0-25; 0 means no chance to catch fish, 25 means high chance",
        "CatchProbability": 15
    },
    "RedHeadCichlid": {
        "EnvironmentInfo": "1 - pond, 2 - sea, 3 - both",
        "Environment": 2,
        "CatchMethodInfo": "1 - rod, 2 - largetrap, 3 - rod and largetrap, 4 - smalltrap, 5 - rod and smalltrap, 6 - largetrap and smalltrap, 7 - rod, largetrap and smalltrap",
        "CatchMethod": 3,
        "MeatInfo": "MeatMin and MeatMax determine the minimum and maximum meat pieces for the fillet action. DayZ has a hard limit of 10 fillets max.",
        "MeatMin": 1,
        "MeatMax": 2,
        "CatchProbInfo": "0-25; 0 means no chance to catch fish, 25 means high chance",
        "CatchProbability": 15
    },
    "RoughNeckRock": {
        "EnvironmentInfo": "1 - pond, 2 - sea, 3 - both",
        "Environment": 2,
        "CatchMethodInfo": "1 - rod, 2 - largetrap, 3 - rod and largetrap, 4 - smalltrap, 5 - rod and smalltrap, 6 - largetrap and smalltrap, 7 - rod, largetrap and smalltrap",
        "CatchMethod": 3,
        "MeatInfo": "MeatMin and MeatMax determine the minimum and maximum meat pieces for the fillet action. DayZ has a hard limit of 10 fillets max.",
        "MeatMin": 1,
        "MeatMax": 2,
        "CatchProbInfo": "0-25; 0 means no chance to catch fish, 25 means high chance",
        "CatchProbability": 15
    },
    "BlueTang": {
        "EnvironmentInfo": "1 - pond, 2 - sea, 3 - both",
        "Environment": 2,
        "CatchMethodInfo": "1 - rod, 2 - largetrap, 3 - rod and largetrap, 4 - smalltrap, 5 - rod and smalltrap, 6 - largetrap and smalltrap, 7 - rod, largetrap and smalltrap",
        "CatchMethod": 3,
        "MeatInfo": "MeatMin and MeatMax determine the minimum and maximum meat pieces for the fillet action. DayZ has a hard limit of 10 fillets max.",
        "MeatMin": 1,
        "MeatMax": 2,
        "CatchProbInfo": "0-25; 0 means no chance to catch fish, 25 means high chance",
        "CatchProbability": 15
    },
    "LargeHeadHairTailFish": {
        "EnvironmentInfo": "1 - pond, 2 - sea, 3 - both",
        "Environment": 2,
        "CatchMethodInfo": "1 - rod, 2 - largetrap, 3 - rod and largetrap, 4 - smalltrap, 5 - rod and smalltrap, 6 - largetrap and smalltrap, 7 - rod, largetrap and smalltrap",
        "CatchMethod": 3,
        "MeatInfo": "MeatMin and MeatMax determine the minimum and maximum meat pieces for the fillet action. DayZ has a hard limit of 10 fillets max.",
        "MeatMin": 3,
        "MeatMax": 5,
        "CatchProbInfo": "0-25; 0 means no chance to catch fish, 25 means high chance",
        "CatchProbability": 15
    },
    "HumpHeadWrasse": {
        "EnvironmentInfo": "1 - pond, 2 - sea, 3 - both",
        "Environment": 2,
        "CatchMethodInfo": "1 - rod, 2 - largetrap, 3 - rod and largetrap, 4 - smalltrap, 5 - rod and smalltrap, 6 - largetrap and smalltrap, 7 - rod, largetrap and smalltrap",
        "CatchMethod": 3,
        "MeatInfo": "MeatMin and MeatMax determine the minimum and maximum meat pieces for the fillet action. DayZ has a hard limit of 10 fillets max.",
        "MeatMin": 3,
        "MeatMax": 5,
        "CatchProbInfo": "0-25; 0 means no chance to catch fish, 25 means high chance",
        "CatchProbability": 15
    },
    "SiameseTigerFish": {
        "EnvironmentInfo": "1 - pond, 2 - sea, 3 - both",
        "Environment": 2,
        "CatchMethodInfo": "1 - rod, 2 - largetrap, 3 - rod and largetrap, 4 - smalltrap, 5 - rod and smalltrap, 6 - largetrap and smalltrap, 7 - rod, largetrap and smalltrap",
        "CatchMethod": 3,
        "MeatInfo": "MeatMin and MeatMax determine the minimum and maximum meat pieces for the fillet action. DayZ has a hard limit of 10 fillets max.",
        "MeatMin": 3,
        "MeatMax": 6,
        "CatchProbInfo": "0-25; 0 means no chance to catch fish, 25 means high chance",
        "CatchProbability": 15
    },
    "GreatWhiteShark": {
        "EnvironmentInfo": "1 - pond, 2 - sea, 3 - both",
        "Environment": 2,
        "CatchMethodInfo": "1 - rod, 2 - largetrap, 3 - rod and largetrap, 4 - smalltrap, 5 - rod and smalltrap, 6 - largetrap and smalltrap, 7 - rod, largetrap and smalltrap",
        "CatchMethod": 1,
        "MeatInfo": "MeatMin and MeatMax determine the minimum and maximum meat pieces for the fillet action. DayZ has a hard limit of 10 fillets max.",
        "MeatMin": 5,
        "MeatMax": 10,
        "CatchProbInfo": "0-25; 0 means no chance to catch fish, 25 means high chance",
        "CatchProbability": 15
    },
    "AngelShark": {
        "EnvironmentInfo": "1 - pond, 2 - sea, 3 - both",
        "Environment": 2,
        "CatchMethodInfo": "1 - rod, 2 - largetrap, 3 - rod and largetrap, 4 - smalltrap, 5 - rod and smalltrap, 6 - largetrap and smalltrap, 7 - rod, largetrap and smalltrap",
        "CatchMethod": 1,
        "MeatInfo": "MeatMin and MeatMax determine the minimum and maximum meat pieces for the fillet action. DayZ has a hard limit of 10 fillets max.",
        "MeatMin": 3,
        "MeatMax": 8,
        "CatchProbInfo": "0-25; 0 means no chance to catch fish, 25 means high chance",
        "CatchProbability": 15
    },
    "YellowFinTuna": {
        "EnvironmentInfo": "1 - pond, 2 - sea, 3 - both",
        "Environment": 2,
        "CatchMethodInfo": "1 - rod, 2 - largetrap, 3 - rod and largetrap, 4 - smalltrap, 5 - rod and smalltrap, 6 - largetrap and smalltrap, 7 - rod, largetrap and smalltrap",
        "CatchMethod": 1,
        "MeatInfo": "MeatMin and MeatMax determine the minimum and maximum meat pieces for the fillet action. DayZ has a hard limit of 10 fillets max.",
        "MeatMin": 2,
        "MeatMax": 6,
        "CatchProbInfo": "0-25; 0 means no chance to catch fish, 25 means high chance",
        "CatchProbability": 15
    },
    "BloodClam": {
        "EnvironmentInfo": "1 - pond, 2 - sea, 3 - both",
        "Environment": 2,
        "CatchMethodInfo": "1 - rod, 2 - largetrap, 3 - rod and largetrap, 4 - smalltrap, 5 - rod and smalltrap, 6 - largetrap and smalltrap, 7 - rod, largetrap and smalltrap",
        "CatchMethod": 4,
        "MeatInfo": "MeatMin and MeatMax determine the minimum and maximum meat pieces for the fillet action. DayZ has a hard limit of 10 fillets max.",
        "BoneMin": 1,
        "BoneMax": 2,
        "CatchProbInfo": "0-25; 0 means no chance to catch fish, 25 means high chance",
        "CatchProbability": 15
    },
    "Mussel": {
        "EnvironmentInfo": "1 - pond, 2 - sea, 3 - both",
        "Environment": 2,
        "CatchMethodInfo": "1 - rod, 2 - largetrap, 3 - rod and largetrap, 4 - smalltrap, 5 - rod and smalltrap, 6 - largetrap and smalltrap, 7 - rod, largetrap and smalltrap",
        "CatchMethod": 4,
        "MeatInfo": "MeatMin and MeatMax determine the minimum and maximum meat pieces for the fillet action. DayZ has a hard limit of 10 fillets max.",
        "BoneMin": 1,
        "BoneMax": 2,
        "CatchProbInfo": "0-25; 0 means no chance to catch fish, 25 means high chance",
        "CatchProbability": 15
    },
    "BlackDevilSnail": {
        "EnvironmentInfo": "1 - pond, 2 - sea, 3 - both",
        "Environment": 2,
        "CatchMethodInfo": "1 - rod, 2 - largetrap, 3 - rod and largetrap, 4 - smalltrap, 5 - rod and smalltrap, 6 - largetrap and smalltrap, 7 - rod, largetrap and smalltrap",
        "CatchMethod": 4,
        "BoneInfo": "BoneMin and BoneMax determine the minimum and maximum Bone pieces for the prepare action. DayZ has a hard limit of 10 bones max.",
        "BoneMin": 1,
        "BoneMax": 1,
        "CatchProbInfo": "0-25; 0 means no chance to catch fish, 25 means high chance",
        "CatchProbability": 15
    },
    "StarFish": {
        "EnvironmentInfo": "1 - pond, 2 - sea, 3 - both",
        "Environment": 2,
        "CatchMethodInfo": "1 - rod, 2 - largetrap, 3 - rod and largetrap, 4 - smalltrap, 5 - rod and smalltrap, 6 - largetrap and smalltrap, 7 - rod, largetrap and smalltrap",
        "CatchMethod": 4,
        "BoneInfo": "BoneMin and BoneMax determine the minimum and maximum Bone pieces for the prepare action. DayZ has a hard limit of 10 bones max.",
        "BoneMin": 1,
        "BoneMax": 1,
        "CatchProbInfo": "0-25; 0 means no chance to catch fish, 25 means high chance",
        "CatchProbability": 15
    },
    "KingCrab": {
        "EnvironmentInfo": "1 - pond, 2 - sea, 3 - both",
        "Environment": 2,
        "CatchMethodInfo": "1 - rod, 2 - largetrap, 3 - rod and largetrap, 4 - smalltrap, 5 - rod and smalltrap, 6 - largetrap and smalltrap, 7 - rod, largetrap and smalltrap",
        "CatchMethod": 4,
        "MeatInfo": "MeatMin and MeatMax determine the minimum and maximum meat pieces for the fillet action. DayZ has a hard limit of 10 fillets max.",
        "MeatMin": 1,
        "MeatMax": 2,
        "CatchProbInfo": "0-25; 0 means no chance to catch fish, 25 means high chance",
        "CatchProbability": 15
    },
    "SnowCrab": {
        "EnvironmentInfo": "1 - pond, 2 - sea, 3 - both",
        "Environment": 2,
        "CatchMethodInfo": "1 - rod, 2 - largetrap, 3 - rod and largetrap, 4 - smalltrap, 5 - rod and smalltrap, 6 - largetrap and smalltrap, 7 - rod, largetrap and smalltrap",
        "CatchMethod": 4,
        "MeatInfo": "MeatMin and MeatMax determine the minimum and maximum meat pieces for the fillet action. DayZ has a hard limit of 10 fillets max.",
        "MeatMin": 1,
        "MeatMax": 2,
        "CatchProbInfo": "0-25; 0 means no chance to catch fish, 25 means high chance",
        "CatchProbability": 15
    },
    "BlueJellyFish": {
        "EnvironmentInfo": "1 - pond, 2 - sea, 3 - both",
        "Environment": 2,
        "CatchMethodInfo": "1 - rod, 2 - largetrap, 3 - rod and largetrap, 4 - smalltrap, 5 - rod and smalltrap, 6 - largetrap and smalltrap, 7 - rod, largetrap and smalltrap",
        "CatchMethod": 4,
        "MeatInfo": "MeatMin and MeatMax determine the minimum and maximum meat pieces for the fillet action. DayZ has a hard limit of 10 fillets max.",
        "MeatMin": 1,
        "MeatMax": 2,
        "CatchProbInfo": "0-25; 0 means no chance to catch fish, 25 means high chance",
        "CatchProbability": 15
    },
    "AmericanLobster": {
        "EnvironmentInfo": "1 - pond, 2 - sea, 3 - both",
        "Environment": 2,
        "CatchMethodInfo": "1 - rod, 2 - largetrap, 3 - rod and largetrap, 4 - smalltrap, 5 - rod and smalltrap, 6 - largetrap and smalltrap, 7 - rod, largetrap and smalltrap",
        "CatchMethod": 4,
        "MeatInfo": "MeatMin and MeatMax determine the minimum and maximum meat pieces for the fillet action. DayZ has a hard limit of 10 fillets max.",
        "MeatMin": 1,
        "MeatMax": 2,
        "CatchProbInfo": "0-25; 0 means no chance to catch fish, 25 means high chance",
        "CatchProbability": 15
    },
    "EuropeanLobster": {
        "EnvironmentInfo": "1 - pond, 2 - sea, 3 - both",
        "Environment": 2,
        "CatchMethodInfo": "1 - rod, 2 - largetrap, 3 - rod and largetrap, 4 - smalltrap, 5 - rod and smalltrap, 6 - largetrap and smalltrap, 7 - rod, largetrap and smalltrap",
        "CatchMethod": 4,
        "MeatInfo": "MeatMin and MeatMax determine the minimum and maximum meat pieces for the fillet action. DayZ has a hard limit of 10 fillets max.",
        "MeatMin": 1,
        "MeatMax": 2,
        "CatchProbInfo": "0-25; 0 means no chance to catch fish, 25 means high chance",
        "CatchProbability": 15
    },
    "Junk": [
        {
            "ClassnameInfo": "Any classname for a junk item that's not a liquid container.",
            "Classname": "Wellies_Brown",
            "CatchProbInfo": "Catch probability for this junk item. Typically a scale of 0-25, with 0 being no chance.",
            "CatchProbability": 5
        },
        {
            "ClassnameInfo": "Any classname for a junk item that's not a liquid container.",
            "Classname": "Wellies_Grey",
            "CatchProbInfo": "Catch probability for this junk item. Typically a scale of 0-25, with 0 being no chance.",
            "CatchProbability": 5
        },
        {
            "ClassnameInfo": "Any classname for a junk item that's not a liquid container.",
            "Classname": "Wellies_Green",
            "CatchProbInfo": "Catch probability for this junk item. Typically a scale of 0-25, with 0 being no chance.",
            "CatchProbability": 5
        },
        {
            "ClassnameInfo": "Any classname for a junk item that's not a liquid container.",
            "Classname": "Wellies_Black",
            "CatchProbInfo": "Catch probability for this junk item. Typically a scale of 0-25, with 0 being no chance.",
            "CatchProbability": 5
        }
    ],
    "ContainerJunk": [
        {
            "ClassnameInfo": "Any classname for a junk item that's a liquid container.",
            "Classname": "Pot",
            "CatchProbInfo": "Catch probability for this junk item. Typically a scale of 0-25, with 0 being no chance.",
            "CatchProbability": 5
        }
    ]
}