<!--  Read README.md in the same folder for more details  -->
<Areas>
	<Area>
		<Active>0</Active>
		<Classname>Put scriptable area classname here. All classnames of scriptable areas are described in spawn_scriptable_areas.md</Classname>
		<Position>341.000000 0.000000 9401.000000</Position>
		<SpawnChance>1</SpawnChance>
		<Data>
			<OuterRadius>150</OuterRadius>
			<InnerRadius>50</InnerRadius>
			<HeightMin>-100</HeightMin>
			<HeightMax>100</HeightMax>
			<Power>2.5</Power>
		</Data>
	</Area>
</Areas>
