{
    "m_DNAConfig_Container_System": [
        {
            "dna_Option": "(0) [YELLOW TIER] Min Main Weapons To Give (Set to 0 for chance to not spawn!)",
            "dna_CrateSetting": 1,
            "dna_StrongroomSetting": 1
        },
        {
            "dna_Option": "(1) [YELLOW TIER] Max Main Weapons To Give (Set to 0 to turn off)",
            "dna_CrateSetting": 1,
            "dna_StrongroomSetting": 1
        },
        {
            "dna_Option": "(2) [YELLOW TIER] Spawn Main Weapon Attachments(1 true, 0 false)",
            "dna_CrateSetting": 1,
            "dna_StrongroomSetting": 1
        },
        {
            "dna_Option": "(3) [YELLOW TIER] Min Extra Ammo to give for Main Weapon (Set to 0 for chance to not spawn!)",
            "dna_CrateSetting": 1,
            "dna_StrongroomSetting": 1
        },
        {
            "dna_Option": "(4) [YELLOW TIER] Max Extra Ammo to give for Main Weapon (Set to 0 to turn off, If on, don't set lower than min!)",
            "dna_CrateSetting": 1,
            "dna_StrongroomSetting": 1
        },
        {
            "dna_Option": "(5) [YELLOW TIER] Min Extra Mags to give for Main Weapon (Set to 0 for chance to not spawn!)",
            "dna_CrateSetting": 1,
            "dna_StrongroomSetting": 1
        },
        {
            "dna_Option": "(6) [YELLOW TIER] Max Extra Mags to give for Main Weapon (Set to 0 to turn off)",
            "dna_CrateSetting": 1,
            "dna_StrongroomSetting": 1
        },
        {
            "dna_Option": "(7) [YELLOW TIER] Min Side Arms To Give (Set to 0 for chance to not spawn!)",
            "dna_CrateSetting": 1,
            "dna_StrongroomSetting": 1
        },
        {
            "dna_Option": "(8) [YELLOW TIER] Max Side Arms To Give (Set to 0 to turn off)",
            "dna_CrateSetting": 1,
            "dna_StrongroomSetting": 1
        },
        {
            "dna_Option": "(9) [YELLOW TIER] Spawn Side Arm Attachments (1 true, 0 false)",
            "dna_CrateSetting": 1,
            "dna_StrongroomSetting": 1
        },
        {
            "dna_Option": "(10) [YELLOW TIER] Min Extra Ammo to give for Side Arm (Set to 0 for chance to not spawn!)",
            "dna_CrateSetting": 1,
            "dna_StrongroomSetting": 1
        },
        {
            "dna_Option": "(11) [YELLOW TIER] Max Extra Ammo to give for Side Arm (Set to 0 to turn off, If on, don't set lower than min!)",
            "dna_CrateSetting": 1,
            "dna_StrongroomSetting": 1
        },
        {
            "dna_Option": "(12) [YELLOW TIER] Min Extra Mags to give for Side Arm (Set to 0 for chance to not spawn!)",
            "dna_CrateSetting": 1,
            "dna_StrongroomSetting": 1
        },
        {
            "dna_Option": "(13) [YELLOW TIER] Max Extra Mags to give for Side Arm (Set to 0 to turn off)",
            "dna_CrateSetting": 1,
            "dna_StrongroomSetting": 1
        },
        {
            "dna_Option": "(14) [YELLOW TIER] Min Food Types to give (Set to 0 for chance to not spawn!)",
            "dna_CrateSetting": 1,
            "dna_StrongroomSetting": 1
        },
        {
            "dna_Option": "(15) [YELLOW TIER] Max Food Types to give (Set to 0 to turn off - If on, don't set higher than food type entry count or lower than min!)",
            "dna_CrateSetting": 1,
            "dna_StrongroomSetting": 1
        },
        {
            "dna_Option": "(16) [YELLOW TIER] Min Amount Of Each Food Type to give (If on, don't set lower than 1))",
            "dna_CrateSetting": 1,
            "dna_StrongroomSetting": 1
        },
        {
            "dna_Option": "(17) [YELLOW TIER] Max Amount Of Each Food Type to give (Don't set lower than min!)",
            "dna_CrateSetting": 1,
            "dna_StrongroomSetting": 1
        },
        {
            "dna_Option": "(18) [YELLOW TIER] Min Drink Types to give (Set to 0 for chance to not spawn!)",
            "dna_CrateSetting": 1,
            "dna_StrongroomSetting": 1
        },
        {
            "dna_Option": "(19) [YELLOW TIER] Max Drink Types to give (Set to 0 to turn off - If on, don't set higher than drink type entry count or lower than min!)",
            "dna_CrateSetting": 1,
            "dna_StrongroomSetting": 1
        },
        {
            "dna_Option": "(20) [YELLOW TIER] Min Amount Of Each Drink Type to give (If on, don't set lower than 1)",
            "dna_CrateSetting": 1,
            "dna_StrongroomSetting": 1
        },
        {
            "dna_Option": "(21) [YELLOW TIER] Max Amount Of Each Drink Type to give (If on, don't set lower than min!)",
            "dna_CrateSetting": 1,
            "dna_StrongroomSetting": 1
        },
        {
            "dna_Option": "(22) [YELLOW TIER] Min Tool Types to give (Set to 0 for chance to not spawn!)",
            "dna_CrateSetting": 1,
            "dna_StrongroomSetting": 1
        },
        {
            "dna_Option": "(23) [YELLOW TIER] Max Tool Types to give (Set to 0 to turn off - If on, DO NOT set lower than min, or higher than available type entries! Each type will only be chosen once.)",
            "dna_CrateSetting": 1,
            "dna_StrongroomSetting": 1
        },
        {
            "dna_Option": "(24) [YELLOW TIER] Min Amount Of Each Tool Type to give (If on, don't set lower than 1)",
            "dna_CrateSetting": 1,
            "dna_StrongroomSetting": 1
        },
        {
            "dna_Option": "(25) [YELLOW TIER] Max Amount Of Each Tool Type to give (If on, don't set lower than min!)",
            "dna_CrateSetting": 1,
            "dna_StrongroomSetting": 1
        },
        {
            "dna_Option": "(26) [YELLOW TIER] Min Med Types to give (Set to 0 for chance to not spawn!)",
            "dna_CrateSetting": 1,
            "dna_StrongroomSetting": 1
        },
        {
            "dna_Option": "(27) [YELLOW TIER] Max Med Types to give (Set to 0 to turn off - If on, don't set lower than min!)",
            "dna_CrateSetting": 1,
            "dna_StrongroomSetting": 1
        },
        {
            "dna_Option": "(28) [YELLOW TIER] Min Amount Of Each Med Type to give (If on, don't set lower than 1)",
            "dna_CrateSetting": 1,
            "dna_StrongroomSetting": 1
        },
        {
            "dna_Option": "(29) [YELLOW TIER] Max Amount Of Each Med Type to give (If on, don't set lower than min!)",
            "dna_CrateSetting": 1,
            "dna_StrongroomSetting": 1
        },
        {
            "dna_Option": "(30) [YELLOW TIER] Min Material Types to give (Set to 0 for chance to not spawn!)",
            "dna_CrateSetting": 1,
            "dna_StrongroomSetting": 1
        },
        {
            "dna_Option": "(31) [YELLOW TIER] Max Material Types to give (Set to 0 to turn off - If on, don't set lower than min!)",
            "dna_CrateSetting": 1,
            "dna_StrongroomSetting": 1
        },
        {
            "dna_Option": "(32) [YELLOW TIER] Min Amount Of Each Material Type to give (If on, don't set lower than 1)",
            "dna_CrateSetting": 1,
            "dna_StrongroomSetting": 1
        },
        {
            "dna_Option": "(33) [YELLOW TIER] Max Amount Of Each Material Type to give (If on, don't set lower than min!)",
            "dna_CrateSetting": 1,
            "dna_StrongroomSetting": 1
        },
        {
            "dna_Option": "(34) [YELLOW TIER] Spawn Valuables ODDS % (0-100) 0 = OFF (Default)",
            "dna_CrateSetting": 100,
            "dna_StrongroomSetting": 100
        },
        {
            "dna_Option": "(35) [YELLOW TIER] Min Valuable Types to give (Don't set below 1)",
            "dna_CrateSetting": 1,
            "dna_StrongroomSetting": 1
        },
        {
            "dna_Option": "(36) [YELLOW TIER] Max Valuable Types to give (If on, don't set lower than min!)",
            "dna_CrateSetting": 1,
            "dna_StrongroomSetting": 1
        },
        {
            "dna_Option": "(37) [YELLOW TIER] Min Amount Of Each Valuable Type to give (Set to 0 for chance to not spawn!)",
            "dna_CrateSetting": 1,
            "dna_StrongroomSetting": 1
        },
        {
            "dna_Option": "(38) [YELLOW TIER] Max Amount Of Each Valuable Type to give (If on, don't set lower than min!)",
            "dna_CrateSetting": 1,
            "dna_StrongroomSetting": 1
        },
        {
            "dna_Option": "(39) [YELLOW TIER] Min Miscellaneous Types to give (Set to 0 for chance to spawn none.)",
            "dna_CrateSetting": 1,
            "dna_StrongroomSetting": 1
        },
        {
            "dna_Option": "(40) [YELLOW TIER] Max Miscellaneous Types to give (0 to turn off)",
            "dna_CrateSetting": 1,
            "dna_StrongroomSetting": 1
        },
        {
            "dna_Option": "(41) [YELLOW TIER] Min Amount Of Each Miscellaneous Type to give (Set to 0 for chance to not spawn current type!)",
            "dna_CrateSetting": 1,
            "dna_StrongroomSetting": 1
        },
        {
            "dna_Option": "(42) [YELLOW TIER] Max Amount Of Each Miscellaneous Type to give (If on, don't set lower than min!)",
            "dna_CrateSetting": 1,
            "dna_StrongroomSetting": 1
        },
        {
            "dna_Option": "(43) [YELLOW TIER] Min Amount Of Clothes/Outfits to give (Set to 0 for chance to not spawn!)",
            "dna_CrateSetting": 1,
            "dna_StrongroomSetting": 1
        },
        {
            "dna_Option": "(44) [YELLOW TIER] Max Amount Of Clothes/Outfits to give (If on, don't set lower than min!)",
            "dna_CrateSetting": 1,
            "dna_StrongroomSetting": 1
        },
        {
            "dna_Option": "(45) [GREEN TIER] Min Main Weapons To Give (Set to 0 for chance to not spawn!)",
            "dna_CrateSetting": 1,
            "dna_StrongroomSetting": 1
        },
        {
            "dna_Option": "(46) [GREEN TIER] Max Main Weapons To Give (Set to 0 to turn off)",
            "dna_CrateSetting": 1,
            "dna_StrongroomSetting": 1
        },
        {
            "dna_Option": "(47) [GREEN TIER] Spawn Main Weapon Attachments(1 true, 0 false)",
            "dna_CrateSetting": 1,
            "dna_StrongroomSetting": 1
        },
        {
            "dna_Option": "(48) [GREEN TIER] Min Extra Ammo to give for Main Weapon (Set to 0 for chance to not spawn!)",
            "dna_CrateSetting": 1,
            "dna_StrongroomSetting": 1
        },
        {
            "dna_Option": "(49) [GREEN TIER] Max Extra Ammo to give for Main Weapon (Set to 0 to turn off, If on, don't set lower than min!)",
            "dna_CrateSetting": 1,
            "dna_StrongroomSetting": 1
        },
        {
            "dna_Option": "(50) [GREEN TIER] Min Extra Mags to give for Main Weapon (Set to 0 for chance to not spawn!)",
            "dna_CrateSetting": 1,
            "dna_StrongroomSetting": 1
        },
        {
            "dna_Option": "(51) [GREEN TIER] Max Extra Mags to give for Main Weapon (Set to 0 to turn off)",
            "dna_CrateSetting": 1,
            "dna_StrongroomSetting": 1
        },
        {
            "dna_Option": "(52) [GREEN TIER] Min Side Arms To Give (Set to 0 for chance to not spawn!)",
            "dna_CrateSetting": 1,
            "dna_StrongroomSetting": 1
        },
        {
            "dna_Option": "(53) [GREEN TIER] Max Side Arms To Give (Set to 0 to turn off)",
            "dna_CrateSetting": 1,
            "dna_StrongroomSetting": 1
        },
        {
            "dna_Option": "(54) [GREEN TIER] Spawn Side Arm Attachments (1 true, 0 false)",
            "dna_CrateSetting": 1,
            "dna_StrongroomSetting": 1
        },
        {
            "dna_Option": "(55) [GREEN TIER] Min Extra Ammo to give for Side Arm (Set to 0 for chance to not spawn!)",
            "dna_CrateSetting": 1,
            "dna_StrongroomSetting": 1
        },
        {
            "dna_Option": "(56) [GREEN TIER] Max Extra Ammo to give for Side Arm (Set to 0 to turn off, If on, don't set lower than min!)",
            "dna_CrateSetting": 1,
            "dna_StrongroomSetting": 1
        },
        {
            "dna_Option": "(57) [GREEN TIER] Min Extra Mags to give for Side Arm (Set to 0 for chance to not spawn!)",
            "dna_CrateSetting": 1,
            "dna_StrongroomSetting": 1
        },
        {
            "dna_Option": "(58) [GREEN TIER] Max Extra Mags to give for Side Arm (Set to 0 to turn off)",
            "dna_CrateSetting": 1,
            "dna_StrongroomSetting": 1
        },
        {
            "dna_Option": "(59) [GREEN TIER] Min Food Types to give (Set to 0 for chance to not spawn!)",
            "dna_CrateSetting": 1,
            "dna_StrongroomSetting": 1
        },
        {
            "dna_Option": "(60) [GREEN TIER] Max Food Types to give (Set to 0 to turn off - If on, don't set higher than food type entry count or lower than min!)",
            "dna_CrateSetting": 1,
            "dna_StrongroomSetting": 1
        },
        {
            "dna_Option": "(61) [GREEN TIER] Min Amount Of Each Food Type to give (If on, don't set lower than 1))",
            "dna_CrateSetting": 1,
            "dna_StrongroomSetting": 1
        },
        {
            "dna_Option": "(62) [GREEN TIER] Max Amount Of Each Food Type to give (Don't set lower than min!)",
            "dna_CrateSetting": 1,
            "dna_StrongroomSetting": 1
        },
        {
            "dna_Option": "(63) [GREEN TIER] Min Drink Types to give (Set to 0 for chance to not spawn!)",
            "dna_CrateSetting": 1,
            "dna_StrongroomSetting": 1
        },
        {
            "dna_Option": "(64) [GREEN TIER] Max Drink Types to give (Set to 0 to turn off - If on, don't set higher than drink type entry count or lower than min!)",
            "dna_CrateSetting": 1,
            "dna_StrongroomSetting": 1
        },
        {
            "dna_Option": "(65) [GREEN TIER] Min Amount Of Each Drink Type to give (If on, don't set lower than 1)",
            "dna_CrateSetting": 1,
            "dna_StrongroomSetting": 1
        },
        {
            "dna_Option": "(66) [GREEN TIER] Max Amount Of Each Drink Type to give (If on, don't set lower than min!)",
            "dna_CrateSetting": 1,
            "dna_StrongroomSetting": 1
        },
        {
            "dna_Option": "(67) [GREEN TIER] Min Tool Types to give (Set to 0 for chance to not spawn!)",
            "dna_CrateSetting": 1,
            "dna_StrongroomSetting": 1
        },
        {
            "dna_Option": "(68) [GREEN TIER] Max Tool Types to give (Set to 0 to turn off - If on, DO NOT set lower than min, or higher than available type entries! Each type will only be chosen once.)",
            "dna_CrateSetting": 1,
            "dna_StrongroomSetting": 1
        },
        {
            "dna_Option": "(69) [GREEN TIER] Min Amount Of Each Tool Type to give (If on, don't set lower than 1)",
            "dna_CrateSetting": 1,
            "dna_StrongroomSetting": 1
        },
        {
            "dna_Option": "(70) [GREEN TIER] Max Amount Of Each Tool Type to give (If on, don't set lower than min!)",
            "dna_CrateSetting": 1,
            "dna_StrongroomSetting": 1
        },
        {
            "dna_Option": "(71) [GREEN TIER] Min Med Types to give (Set to 0 for chance to not spawn!)",
            "dna_CrateSetting": 1,
            "dna_StrongroomSetting": 1
        },
        {
            "dna_Option": "(72) [GREEN TIER] Max Med Types to give (Set to 0 to turn off - If on, don't set lower than min!)",
            "dna_CrateSetting": 1,
            "dna_StrongroomSetting": 1
        },
        {
            "dna_Option": "(73) [GREEN TIER] Min Amount Of Each Med Type to give (If on, don't set lower than 1)",
            "dna_CrateSetting": 1,
            "dna_StrongroomSetting": 1
        },
        {
            "dna_Option": "(74) [GREEN TIER] Max Amount Of Each Med Type to give (If on, don't set lower than min!)",
            "dna_CrateSetting": 1,
            "dna_StrongroomSetting": 1
        },
        {
            "dna_Option": "(75) [GREEN TIER] Min Material Types to give (Set to 0 for chance to not spawn!)",
            "dna_CrateSetting": 1,
            "dna_StrongroomSetting": 1
        },
        {
            "dna_Option": "(76) [GREEN TIER] Max Material Types to give (Set to 0 to turn off - If on, don't set lower than min!)",
            "dna_CrateSetting": 1,
            "dna_StrongroomSetting": 1
        },
        {
            "dna_Option": "(77) [GREEN TIER] Min Amount Of Each Material Type to give (If on, don't set lower than 1)",
            "dna_CrateSetting": 1,
            "dna_StrongroomSetting": 1
        },
        {
            "dna_Option": "(78) [GREEN TIER] Max Amount Of Each Material Type to give (If on, don't set lower than min!)",
            "dna_CrateSetting": 1,
            "dna_StrongroomSetting": 1
        },
        {
            "dna_Option": "(79) [GREEN TIER] Spawn Valuables ODDS % (0-100) 0 = OFF (Default)",
            "dna_CrateSetting": 100,
            "dna_StrongroomSetting": 100
        },
        {
            "dna_Option": "(80) [GREEN TIER] Min Valuable Types to give (Don't set below 1)",
            "dna_CrateSetting": 1,
            "dna_StrongroomSetting": 1
        },
        {
            "dna_Option": "(81) [GREEN TIER] Max Valuable Types to give (If on, don't set lower than min!)",
            "dna_CrateSetting": 1,
            "dna_StrongroomSetting": 1
        },
        {
            "dna_Option": "(82) [GREEN TIER] Min Amount Of Each Valuable Type to give (Set to 0 for chance to not spawn!)",
            "dna_CrateSetting": 1,
            "dna_StrongroomSetting": 1
        },
        {
            "dna_Option": "(83) [GREEN TIER] Max Amount Of Each Valuable Type to give (If on, don't set lower than min!)",
            "dna_CrateSetting": 1,
            "dna_StrongroomSetting": 1
        },
        {
            "dna_Option": "(84) [GREEN TIER] Min Miscellaneous Types to give (Set to 0 for chance to spawn none.)",
            "dna_CrateSetting": 1,
            "dna_StrongroomSetting": 1
        },
        {
            "dna_Option": "(85) [GREEN TIER] Max Miscellaneous Types to give (0 to turn off)",
            "dna_CrateSetting": 1,
            "dna_StrongroomSetting": 1
        },
        {
            "dna_Option": "(86) [GREEN TIER] Min Amount Of Each Miscellaneous Type to give (Set to 0 for chance to not spawn current type!)",
            "dna_CrateSetting": 1,
            "dna_StrongroomSetting": 1
        },
        {
            "dna_Option": "(87) [GREEN TIER] Max Amount Of Each Miscellaneous Type to give (If on, don't set lower than min!)",
            "dna_CrateSetting": 1,
            "dna_StrongroomSetting": 1
        },
        {
            "dna_Option": "(88) [GREEN TIER] Min Amount Of Clothes/Outfits to give (Set to 0 for chance to not spawn!)",
            "dna_CrateSetting": 1,
            "dna_StrongroomSetting": 1
        },
        {
            "dna_Option": "(89) [GREEN TIER] Max Amount Of Clothes/Outfits to give (If on, don't set lower than min!)",
            "dna_CrateSetting": 1,
            "dna_StrongroomSetting": 1
        },
        {
            "dna_Option": "(90) [BLUE TIER] Min Main Weapons To Give (Set to 0 for chance to not spawn!)",
            "dna_CrateSetting": 1,
            "dna_StrongroomSetting": 1
        },
        {
            "dna_Option": "(91) [BLUE TIER] Max Main Weapons To Give (Set to 0 to turn off)",
            "dna_CrateSetting": 1,
            "dna_StrongroomSetting": 1
        },
        {
            "dna_Option": "(92) [BLUE TIER] Spawn Main Weapon Attachments(1 true, 0 false)",
            "dna_CrateSetting": 1,
            "dna_StrongroomSetting": 1
        },
        {
            "dna_Option": "(93) [BLUE TIER] Min Extra Ammo to give for Main Weapon (Set to 0 for chance to not spawn!)",
            "dna_CrateSetting": 1,
            "dna_StrongroomSetting": 1
        },
        {
            "dna_Option": "(94) [BLUE TIER] Max Extra Ammo to give for Main Weapon (Set to 0 to turn off, If on, don't set lower than min!)",
            "dna_CrateSetting": 1,
            "dna_StrongroomSetting": 1
        },
        {
            "dna_Option": "(95) [BLUE TIER] Min Extra Mags to give for Main Weapon (Set to 0 for chance to not spawn!)",
            "dna_CrateSetting": 1,
            "dna_StrongroomSetting": 1
        },
        {
            "dna_Option": "(96) [BLUE TIER] Max Extra Mags to give for Main Weapon (Set to 0 to turn off)",
            "dna_CrateSetting": 1,
            "dna_StrongroomSetting": 1
        },
        {
            "dna_Option": "(97) [BLUE TIER] Min Side Arms To Give (Set to 0 for chance to not spawn!)",
            "dna_CrateSetting": 1,
            "dna_StrongroomSetting": 1
        },
        {
            "dna_Option": "(98) [BLUE TIER] Max Side Arms To Give (Set to 0 to turn off)",
            "dna_CrateSetting": 1,
            "dna_StrongroomSetting": 1
        },
        {
            "dna_Option": "(99) [BLUE TIER] Spawn Side Arm Attachments (1 true, 0 false)",
            "dna_CrateSetting": 1,
            "dna_StrongroomSetting": 1
        },
        {
            "dna_Option": "(100) [BLUE TIER] Min Extra Ammo to give for Side Arm (Set to 0 for chance to not spawn!)",
            "dna_CrateSetting": 1,
            "dna_StrongroomSetting": 1
        },
        {
            "dna_Option": "(101) [BLUE TIER] Max Extra Ammo to give for Side Arm (Set to 0 to turn off, If on, don't set lower than min!)",
            "dna_CrateSetting": 1,
            "dna_StrongroomSetting": 1
        },
        {
            "dna_Option": "(102) [BLUE TIER] Min Extra Mags to give for Side Arm (Set to 0 for chance to not spawn!)",
            "dna_CrateSetting": 1,
            "dna_StrongroomSetting": 1
        },
        {
            "dna_Option": "(103) [BLUE TIER] Max Extra Mags to give for Side Arm (Set to 0 to turn off)",
            "dna_CrateSetting": 1,
            "dna_StrongroomSetting": 1
        },
        {
            "dna_Option": "(104) [BLUE TIER] Min Food Types to give (Set to 0 for chance to not spawn!)",
            "dna_CrateSetting": 1,
            "dna_StrongroomSetting": 1
        },
        {
            "dna_Option": "(105) [BLUE TIER] Max Food Types to give (Set to 0 to turn off - If on, don't set higher than food type entry count or lower than min!)",
            "dna_CrateSetting": 1,
            "dna_StrongroomSetting": 1
        },
        {
            "dna_Option": "(106) [BLUE TIER] Min Amount Of Each Food Type to give (If on, don't set lower than 1))",
            "dna_CrateSetting": 1,
            "dna_StrongroomSetting": 1
        },
        {
            "dna_Option": "(107) [BLUE TIER] Max Amount Of Each Food Type to give (Don't set lower than min!)",
            "dna_CrateSetting": 1,
            "dna_StrongroomSetting": 1
        },
        {
            "dna_Option": "(108) [BLUE TIER] Min Drink Types to give (Set to 0 for chance to not spawn!)",
            "dna_CrateSetting": 1,
            "dna_StrongroomSetting": 1
        },
        {
            "dna_Option": "(109) [BLUE TIER] Max Drink Types to give (Set to 0 to turn off - If on, don't set higher than drink type entry count or lower than min!)",
            "dna_CrateSetting": 1,
            "dna_StrongroomSetting": 1
        },
        {
            "dna_Option": "(110) [BLUE TIER] Min Amount Of Each Drink Type to give (If on, don't set lower than 1)",
            "dna_CrateSetting": 1,
            "dna_StrongroomSetting": 1
        },
        {
            "dna_Option": "(111) [BLUE TIER] Max Amount Of Each Drink Type to give (If on, don't set lower than min!)",
            "dna_CrateSetting": 1,
            "dna_StrongroomSetting": 1
        },
        {
            "dna_Option": "(112) [BLUE TIER] Min Tool Types to give (Set to 0 for chance to not spawn!)",
            "dna_CrateSetting": 1,
            "dna_StrongroomSetting": 1
        },
        {
            "dna_Option": "(113) [BLUE TIER] Max Tool Types to give (Set to 0 to turn off - If on, DO NOT set lower than min, or higher than available type entries! Each type will only be chosen once.)",
            "dna_CrateSetting": 1,
            "dna_StrongroomSetting": 1
        },
        {
            "dna_Option": "(114) [BLUE TIER] Min Amount Of Each Tool Type to give (If on, don't set lower than 1)",
            "dna_CrateSetting": 1,
            "dna_StrongroomSetting": 1
        },
        {
            "dna_Option": "(115) [BLUE TIER] Max Amount Of Each Tool Type to give (If on, don't set lower than min!)",
            "dna_CrateSetting": 1,
            "dna_StrongroomSetting": 1
        },
        {
            "dna_Option": "(116) [BLUE TIER] Min Med Types to give (Set to 0 for chance to not spawn!)",
            "dna_CrateSetting": 1,
            "dna_StrongroomSetting": 1
        },
        {
            "dna_Option": "(117) [BLUE TIER] Max Med Types to give (Set to 0 to turn off - If on, don't set lower than min!)",
            "dna_CrateSetting": 1,
            "dna_StrongroomSetting": 1
        },
        {
            "dna_Option": "(118) [BLUE TIER] Min Amount Of Each Med Type to give (If on, don't set lower than 1)",
            "dna_CrateSetting": 1,
            "dna_StrongroomSetting": 1
        },
        {
            "dna_Option": "(119) [BLUE TIER] Max Amount Of Each Med Type to give (If on, don't set lower than min!)",
            "dna_CrateSetting": 1,
            "dna_StrongroomSetting": 1
        },
        {
            "dna_Option": "(120) [BLUE TIER] Min Material Types to give (Set to 0 for chance to not spawn!)",
            "dna_CrateSetting": 1,
            "dna_StrongroomSetting": 1
        },
        {
            "dna_Option": "(121) [BLUE TIER] Max Material Types to give (Set to 0 to turn off - If on, don't set lower than min!)",
            "dna_CrateSetting": 1,
            "dna_StrongroomSetting": 1
        },
        {
            "dna_Option": "(122) [BLUE TIER] Min Amount Of Each Material Type to give (If on, don't set lower than 1)",
            "dna_CrateSetting": 1,
            "dna_StrongroomSetting": 1
        },
        {
            "dna_Option": "(123) [BLUE TIER] Max Amount Of Each Material Type to give (If on, don't set lower than min!)",
            "dna_CrateSetting": 1,
            "dna_StrongroomSetting": 1
        },
        {
            "dna_Option": "(124) [BLUE TIER] Spawn Valuables ODDS % (0-100) 0 = OFF (Default)",
            "dna_CrateSetting": 100,
            "dna_StrongroomSetting": 100
        },
        {
            "dna_Option": "(125) [BLUE TIER] Min Valuable Types to give (Don't set below 1)",
            "dna_CrateSetting": 1,
            "dna_StrongroomSetting": 1
        },
        {
            "dna_Option": "(126) [BLUE TIER] Max Valuable Types to give (If on, don't set lower than min!)",
            "dna_CrateSetting": 1,
            "dna_StrongroomSetting": 1
        },
        {
            "dna_Option": "(127) [BLUE TIER] Min Amount Of Each Valuable Type to give (Set to 0 for chance to not spawn!)",
            "dna_CrateSetting": 1,
            "dna_StrongroomSetting": 1
        },
        {
            "dna_Option": "(128) [BLUE TIER] Max Amount Of Each Valuable Type to give (If on, don't set lower than min!)",
            "dna_CrateSetting": 1,
            "dna_StrongroomSetting": 1
        },
        {
            "dna_Option": "(129) [BLUE TIER] Min Miscellaneous Types to give (Set to 0 for chance to spawn none.)",
            "dna_CrateSetting": 1,
            "dna_StrongroomSetting": 1
        },
        {
            "dna_Option": "(130) [BLUE TIER] Max Miscellaneous Types to give (0 to turn off)",
            "dna_CrateSetting": 1,
            "dna_StrongroomSetting": 1
        },
        {
            "dna_Option": "(131) [BLUE TIER] Min Amount Of Each Miscellaneous Type to give (Set to 0 for chance to not spawn current type!)",
            "dna_CrateSetting": 1,
            "dna_StrongroomSetting": 1
        },
        {
            "dna_Option": "(132) [BLUE TIER] Max Amount Of Each Miscellaneous Type to give (If on, don't set lower than min!)",
            "dna_CrateSetting": 1,
            "dna_StrongroomSetting": 1
        },
        {
            "dna_Option": "(133) [BLUE TIER] Min Amount Of Clothes/Outfits to give (Set to 0 for chance to not spawn!)",
            "dna_CrateSetting": 1,
            "dna_StrongroomSetting": 1
        },
        {
            "dna_Option": "(134) [BLUE TIER] Max Amount Of Clothes/Outfits to give (If on, don't set lower than min!)",
            "dna_CrateSetting": 1,
            "dna_StrongroomSetting": 1
        },
        {
            "dna_Option": "(135) [PURPLE TIER] Min Main Weapons To Give (Set to 0 for chance to not spawn!)",
            "dna_CrateSetting": 1,
            "dna_StrongroomSetting": 1
        },
        {
            "dna_Option": "(136) [PURPLE TIER] Max Main Weapons To Give (Set to 0 to turn off)",
            "dna_CrateSetting": 1,
            "dna_StrongroomSetting": 1
        },
        {
            "dna_Option": "(137) [PURPLE TIER] Spawn Main Weapon Attachments(1 true, 0 false)",
            "dna_CrateSetting": 1,
            "dna_StrongroomSetting": 1
        },
        {
            "dna_Option": "(138) [PURPLE TIER] Min Extra Ammo to give for Main Weapon (Set to 0 for chance to not spawn!)",
            "dna_CrateSetting": 1,
            "dna_StrongroomSetting": 1
        },
        {
            "dna_Option": "(139) [PURPLE TIER] Max Extra Ammo to give for Main Weapon (Set to 0 to turn off, If on, don't set lower than min!)",
            "dna_CrateSetting": 1,
            "dna_StrongroomSetting": 1
        },
        {
            "dna_Option": "(140) [PURPLE TIER] Min Extra Mags to give for Main Weapon (Set to 0 for chance to not spawn!)",
            "dna_CrateSetting": 1,
            "dna_StrongroomSetting": 1
        },
        {
            "dna_Option": "(141) [PURPLE TIER] Max Extra Mags to give for Main Weapon (Set to 0 to turn off)",
            "dna_CrateSetting": 1,
            "dna_StrongroomSetting": 1
        },
        {
            "dna_Option": "(142) [PURPLE TIER] Min Side Arms To Give (Set to 0 for chance to not spawn!)",
            "dna_CrateSetting": 1,
            "dna_StrongroomSetting": 1
        },
        {
            "dna_Option": "(143) [PURPLE TIER] Max Side Arms To Give (Set to 0 to turn off)",
            "dna_CrateSetting": 1,
            "dna_StrongroomSetting": 1
        },
        {
            "dna_Option": "(144) [PURPLE TIER] Spawn Side Arm Attachments (1 true, 0 false)",
            "dna_CrateSetting": 1,
            "dna_StrongroomSetting": 1
        },
        {
            "dna_Option": "(145) [PURPLE TIER] Min Extra Ammo to give for Side Arm (Set to 0 for chance to not spawn!)",
            "dna_CrateSetting": 1,
            "dna_StrongroomSetting": 1
        },
        {
            "dna_Option": "(146) [PURPLE TIER] Max Extra Ammo to give for Side Arm (Set to 0 to turn off, If on, don't set lower than min!)",
            "dna_CrateSetting": 1,
            "dna_StrongroomSetting": 1
        },
        {
            "dna_Option": "(147) [PURPLE TIER] Min Extra Mags to give for Side Arm (Set to 0 for chance to not spawn!)",
            "dna_CrateSetting": 1,
            "dna_StrongroomSetting": 1
        },
        {
            "dna_Option": "(148) [PURPLE TIER] Max Extra Mags to give for Side Arm (Set to 0 to turn off)",
            "dna_CrateSetting": 1,
            "dna_StrongroomSetting": 1
        },
        {
            "dna_Option": "(149) [PURPLE TIER] Min Food Types to give (Set to 0 for chance to not spawn!)",
            "dna_CrateSetting": 1,
            "dna_StrongroomSetting": 1
        },
        {
            "dna_Option": "(150) [PURPLE TIER] Max Food Types to give (Set to 0 to turn off - If on, don't set higher than food type entry count or lower than min!)",
            "dna_CrateSetting": 1,
            "dna_StrongroomSetting": 1
        },
        {
            "dna_Option": "(151) [PURPLE TIER] Min Amount Of Each Food Type to give (If on, don't set lower than 1))",
            "dna_CrateSetting": 1,
            "dna_StrongroomSetting": 1
        },
        {
            "dna_Option": "(152) [PURPLE TIER] Max Amount Of Each Food Type to give (Don't set lower than min!)",
            "dna_CrateSetting": 1,
            "dna_StrongroomSetting": 1
        },
        {
            "dna_Option": "(153) [PURPLE TIER] Min Drink Types to give (Set to 0 for chance to not spawn!)",
            "dna_CrateSetting": 1,
            "dna_StrongroomSetting": 1
        },
        {
            "dna_Option": "(154) [PURPLE TIER] Max Drink Types to give (Set to 0 to turn off - If on, don't set higher than drink type entry count or lower than min!)",
            "dna_CrateSetting": 1,
            "dna_StrongroomSetting": 1
        },
        {
            "dna_Option": "(155) [PURPLE TIER] Min Amount Of Each Drink Type to give (If on, don't set lower than 1)",
            "dna_CrateSetting": 1,
            "dna_StrongroomSetting": 1
        },
        {
            "dna_Option": "(156) [PURPLE TIER] Max Amount Of Each Drink Type to give (If on, don't set lower than min!)",
            "dna_CrateSetting": 1,
            "dna_StrongroomSetting": 1
        },
        {
            "dna_Option": "(157) [PURPLE TIER] Min Tool Types to give (Set to 0 for chance to not spawn!)",
            "dna_CrateSetting": 1,
            "dna_StrongroomSetting": 1
        },
        {
            "dna_Option": "(158) [PURPLE TIER] Max Tool Types to give (Set to 0 to turn off - If on, DO NOT set lower than min, or higher than available type entries! Each type will only be chosen once.)",
            "dna_CrateSetting": 1,
            "dna_StrongroomSetting": 1
        },
        {
            "dna_Option": "(159) [PURPLE TIER] Min Amount Of Each Tool Type to give (If on, don't set lower than 1)",
            "dna_CrateSetting": 1,
            "dna_StrongroomSetting": 1
        },
        {
            "dna_Option": "(160) [PURPLE TIER] Max Amount Of Each Tool Type to give (If on, don't set lower than min!)",
            "dna_CrateSetting": 1,
            "dna_StrongroomSetting": 1
        },
        {
            "dna_Option": "(161) [PURPLE TIER] Min Med Types to give (Set to 0 for chance to not spawn!)",
            "dna_CrateSetting": 1,
            "dna_StrongroomSetting": 1
        },
        {
            "dna_Option": "(162) [PURPLE TIER] Max Med Types to give (Set to 0 to turn off - If on, don't set lower than min!)",
            "dna_CrateSetting": 1,
            "dna_StrongroomSetting": 1
        },
        {
            "dna_Option": "(163) [PURPLE TIER] Min Amount Of Each Med Type to give (If on, don't set lower than 1)",
            "dna_CrateSetting": 1,
            "dna_StrongroomSetting": 1
        },
        {
            "dna_Option": "(164) [PURPLE TIER] Max Amount Of Each Med Type to give (If on, don't set lower than min!)",
            "dna_CrateSetting": 1,
            "dna_StrongroomSetting": 1
        },
        {
            "dna_Option": "(165) [PURPLE TIER] Min Material Types to give (Set to 0 for chance to not spawn!)",
            "dna_CrateSetting": 1,
            "dna_StrongroomSetting": 1
        },
        {
            "dna_Option": "(166) [PURPLE TIER] Max Material Types to give (Set to 0 to turn off - If on, don't set lower than min!)",
            "dna_CrateSetting": 1,
            "dna_StrongroomSetting": 1
        },
        {
            "dna_Option": "(167) [PURPLE TIER] Min Amount Of Each Material Type to give (If on, don't set lower than 1)",
            "dna_CrateSetting": 1,
            "dna_StrongroomSetting": 1
        },
        {
            "dna_Option": "(168) [PURPLE TIER] Max Amount Of Each Material Type to give (If on, don't set lower than min!)",
            "dna_CrateSetting": 1,
            "dna_StrongroomSetting": 1
        },
        {
            "dna_Option": "(169) [PURPLE TIER] Spawn Valuables ODDS % (0-100) 0 = OFF (Default)",
            "dna_CrateSetting": 100,
            "dna_StrongroomSetting": 100
        },
        {
            "dna_Option": "(170) [PURPLE TIER] Min Valuable Types to give (Don't set below 1)",
            "dna_CrateSetting": 1,
            "dna_StrongroomSetting": 1
        },
        {
            "dna_Option": "(171) [PURPLE TIER] Max Valuable Types to give (If on, don't set lower than min!)",
            "dna_CrateSetting": 1,
            "dna_StrongroomSetting": 1
        },
        {
            "dna_Option": "(172) [PURPLE TIER] Min Amount Of Each Valuable Type to give (Set to 0 for chance to not spawn!)",
            "dna_CrateSetting": 1,
            "dna_StrongroomSetting": 1
        },
        {
            "dna_Option": "(173) [PURPLE TIER] Max Amount Of Each Valuable Type to give (If on, don't set lower than min!)",
            "dna_CrateSetting": 1,
            "dna_StrongroomSetting": 1
        },
        {
            "dna_Option": "(174) [PURPLE TIER] Min Miscellaneous Types to give (Set to 0 for chance to spawn none.)",
            "dna_CrateSetting": 1,
            "dna_StrongroomSetting": 1
        },
        {
            "dna_Option": "(175) [PURPLE TIER] Max Miscellaneous Types to give (0 to turn off)",
            "dna_CrateSetting": 1,
            "dna_StrongroomSetting": 1
        },
        {
            "dna_Option": "(176) [PURPLE TIER] Min Amount Of Each Miscellaneous Type to give (Set to 0 for chance to not spawn current type!)",
            "dna_CrateSetting": 1,
            "dna_StrongroomSetting": 1
        },
        {
            "dna_Option": "(177) [PURPLE TIER] Max Amount Of Each Miscellaneous Type to give (If on, don't set lower than min!)",
            "dna_CrateSetting": 1,
            "dna_StrongroomSetting": 1
        },
        {
            "dna_Option": "(178) [PURPLE TIER] Min Amount Of Clothes/Outfits to give (Set to 0 for chance to not spawn!)",
            "dna_CrateSetting": 1,
            "dna_StrongroomSetting": 1
        },
        {
            "dna_Option": "(179) [PURPLE TIER] Max Amount Of Clothes/Outfits to give (If on, don't set lower than min!)",
            "dna_CrateSetting": 1,
            "dna_StrongroomSetting": 1
        },
        {
            "dna_Option": "(180) [RED TIER] Min Main Weapons To Give (Set to 0 for chance to not spawn!)",
            "dna_CrateSetting": 1,
            "dna_StrongroomSetting": 1
        },
        {
            "dna_Option": "(181) [RED TIER] Max Main Weapons To Give (Set to 0 to turn off)",
            "dna_CrateSetting": 1,
            "dna_StrongroomSetting": 1
        },
        {
            "dna_Option": "(182) [RED TIER] Spawn Main Weapon Attachments(1 true, 0 false)",
            "dna_CrateSetting": 1,
            "dna_StrongroomSetting": 1
        },
        {
            "dna_Option": "(183) [RED TIER] Min Extra Ammo to give for Main Weapon (Set to 0 for chance to not spawn!)",
            "dna_CrateSetting": 1,
            "dna_StrongroomSetting": 1
        },
        {
            "dna_Option": "(184) [RED TIER] Max Extra Ammo to give for Main Weapon (Set to 0 to turn off, If on, don't set lower than min!)",
            "dna_CrateSetting": 1,
            "dna_StrongroomSetting": 1
        },
        {
            "dna_Option": "(185) [RED TIER] Min Extra Mags to give for Main Weapon (Set to 0 for chance to not spawn!)",
            "dna_CrateSetting": 1,
            "dna_StrongroomSetting": 1
        },
        {
            "dna_Option": "(186) [RED TIER] Max Extra Mags to give for Main Weapon (Set to 0 to turn off)",
            "dna_CrateSetting": 1,
            "dna_StrongroomSetting": 1
        },
        {
            "dna_Option": "(187) [RED TIER] Min Side Arms To Give (Set to 0 for chance to not spawn!)",
            "dna_CrateSetting": 1,
            "dna_StrongroomSetting": 1
        },
        {
            "dna_Option": "(188) [RED TIER] Max Side Arms To Give (Set to 0 to turn off)",
            "dna_CrateSetting": 1,
            "dna_StrongroomSetting": 1
        },
        {
            "dna_Option": "(189) [RED TIER] Spawn Side Arm Attachments (1 true, 0 false)",
            "dna_CrateSetting": 1,
            "dna_StrongroomSetting": 1
        },
        {
            "dna_Option": "(190) [RED TIER] Min Extra Ammo to give for Side Arm (Set to 0 for chance to not spawn!)",
            "dna_CrateSetting": 1,
            "dna_StrongroomSetting": 1
        },
        {
            "dna_Option": "(191) [RED TIER] Max Extra Ammo to give for Side Arm (Set to 0 to turn off, If on, don't set lower than min!)",
            "dna_CrateSetting": 1,
            "dna_StrongroomSetting": 1
        },
        {
            "dna_Option": "(192) [RED TIER] Min Extra Mags to give for Side Arm (Set to 0 for chance to not spawn!)",
            "dna_CrateSetting": 1,
            "dna_StrongroomSetting": 1
        },
        {
            "dna_Option": "(193) [RED TIER] Max Extra Mags to give for Side Arm (Set to 0 to turn off)",
            "dna_CrateSetting": 1,
            "dna_StrongroomSetting": 1
        },
        {
            "dna_Option": "(194) [RED TIER] Min Food Types to give (Set to 0 for chance to not spawn!)",
            "dna_CrateSetting": 1,
            "dna_StrongroomSetting": 1
        },
        {
            "dna_Option": "(195) [RED TIER] Max Food Types to give (Set to 0 to turn off - If on, don't set higher than food type entry count or lower than min!)",
            "dna_CrateSetting": 1,
            "dna_StrongroomSetting": 1
        },
        {
            "dna_Option": "(196) [RED TIER] Min Amount Of Each Food Type to give (If on, don't set lower than 1))",
            "dna_CrateSetting": 1,
            "dna_StrongroomSetting": 1
        },
        {
            "dna_Option": "(197) [RED TIER] Max Amount Of Each Food Type to give (Don't set lower than min!)",
            "dna_CrateSetting": 1,
            "dna_StrongroomSetting": 1
        },
        {
            "dna_Option": "(198) [RED TIER] Min Drink Types to give (Set to 0 for chance to not spawn!)",
            "dna_CrateSetting": 1,
            "dna_StrongroomSetting": 1
        },
        {
            "dna_Option": "(199) [RED TIER] Max Drink Types to give (Set to 0 to turn off - If on, don't set higher than drink type entry count or lower than min!)",
            "dna_CrateSetting": 1,
            "dna_StrongroomSetting": 1
        },
        {
            "dna_Option": "(200) [RED TIER] Min Amount Of Each Drink Type to give (If on, don't set lower than 1)",
            "dna_CrateSetting": 1,
            "dna_StrongroomSetting": 1
        },
        {
            "dna_Option": "(201) [RED TIER] Max Amount Of Each Drink Type to give (If on, don't set lower than min!)",
            "dna_CrateSetting": 1,
            "dna_StrongroomSetting": 1
        },
        {
            "dna_Option": "(202) [RED TIER] Min Tool Types to give (Set to 0 for chance to not spawn!)",
            "dna_CrateSetting": 1,
            "dna_StrongroomSetting": 1
        },
        {
            "dna_Option": "(203) [RED TIER] Max Tool Types to give (Set to 0 to turn off - If on, DO NOT set lower than min, or higher than available type entries! Each type will only be chosen once.)",
            "dna_CrateSetting": 1,
            "dna_StrongroomSetting": 1
        },
        {
            "dna_Option": "(204) [RED TIER] Min Amount Of Each Tool Type to give (If on, don't set lower than 1)",
            "dna_CrateSetting": 1,
            "dna_StrongroomSetting": 1
        },
        {
            "dna_Option": "(205) [RED TIER] Max Amount Of Each Tool Type to give (If on, don't set lower than min!)",
            "dna_CrateSetting": 1,
            "dna_StrongroomSetting": 1
        },
        {
            "dna_Option": "(206) [RED TIER] Min Med Types to give (Set to 0 for chance to not spawn!)",
            "dna_CrateSetting": 1,
            "dna_StrongroomSetting": 1
        },
        {
            "dna_Option": "(207) [RED TIER] Max Med Types to give (Set to 0 to turn off - If on, don't set lower than min!)",
            "dna_CrateSetting": 1,
            "dna_StrongroomSetting": 1
        },
        {
            "dna_Option": "(208) [RED TIER] Min Amount Of Each Med Type to give (If on, don't set lower than 1)",
            "dna_CrateSetting": 1,
            "dna_StrongroomSetting": 1
        },
        {
            "dna_Option": "(209) [RED TIER] Max Amount Of Each Med Type to give (If on, don't set lower than min!)",
            "dna_CrateSetting": 1,
            "dna_StrongroomSetting": 1
        },
        {
            "dna_Option": "(210) [RED TIER] Min Material Types to give (Set to 0 for chance to not spawn!)",
            "dna_CrateSetting": 1,
            "dna_StrongroomSetting": 1
        },
        {
            "dna_Option": "(211) [RED TIER] Max Material Types to give (Set to 0 to turn off - If on, don't set lower than min!)",
            "dna_CrateSetting": 1,
            "dna_StrongroomSetting": 1
        },
        {
            "dna_Option": "(212) [RED TIER] Min Amount Of Each Material Type to give (If on, don't set lower than 1)",
            "dna_CrateSetting": 1,
            "dna_StrongroomSetting": 1
        },
        {
            "dna_Option": "(213) [RED TIER] Max Amount Of Each Material Type to give (If on, don't set lower than min!)",
            "dna_CrateSetting": 1,
            "dna_StrongroomSetting": 1
        },
        {
            "dna_Option": "(214) [RED TIER] Spawn Valuables ODDS % (0-100) 0 = OFF (Default)",
            "dna_CrateSetting": 100,
            "dna_StrongroomSetting": 100
        },
        {
            "dna_Option": "(215) [RED TIER] Min Valuable Types to give (Don't set below 1)",
            "dna_CrateSetting": 1,
            "dna_StrongroomSetting": 1
        },
        {
            "dna_Option": "(216) [RED TIER] Max Valuable Types to give (If on, don't set lower than min!)",
            "dna_CrateSetting": 1,
            "dna_StrongroomSetting": 1
        },
        {
            "dna_Option": "(217) [RED TIER] Min Amount Of Each Valuable Type to give (Set to 0 for chance to not spawn!)",
            "dna_CrateSetting": 1,
            "dna_StrongroomSetting": 1
        },
        {
            "dna_Option": "(218) [RED TIER] Max Amount Of Each Valuable Type to give (If on, don't set lower than min!)",
            "dna_CrateSetting": 1,
            "dna_StrongroomSetting": 1
        },
        {
            "dna_Option": "(219) [RED TIER] Min Miscellaneous Types to give (Set to 0 for chance to spawn none.)",
            "dna_CrateSetting": 1,
            "dna_StrongroomSetting": 1
        },
        {
            "dna_Option": "(220) [RED TIER] Max Miscellaneous Types to give (0 to turn off)",
            "dna_CrateSetting": 1,
            "dna_StrongroomSetting": 1
        },
        {
            "dna_Option": "(221) [RED TIER] Min Amount Of Each Miscellaneous Type to give (Set to 0 for chance to not spawn current type!)",
            "dna_CrateSetting": 1,
            "dna_StrongroomSetting": 1
        },
        {
            "dna_Option": "(222) [RED TIER] Max Amount Of Each Miscellaneous Type to give (If on, don't set lower than min!)",
            "dna_CrateSetting": 1,
            "dna_StrongroomSetting": 1
        },
        {
            "dna_Option": "(223) [RED TIER] Min Amount Of Clothes/Outfits to give (Set to 0 for chance to not spawn!)",
            "dna_CrateSetting": 1,
            "dna_StrongroomSetting": 1
        },
        {
            "dna_Option": "(224) [RED TIER] Max Amount Of Clothes/Outfits to give (If on, don't set lower than min!)",
            "dna_CrateSetting": 1,
            "dna_StrongroomSetting": 1
        },
        {
            "dna_Option": "(225) DO NOT EDIT THIS VALUE!!!!",
            "dna_CrateSetting": 0,
            "dna_StrongroomSetting": 0
        }
    ]
}