{
  "version": "9",
  "isInitialized": 1,
  "admins": {
    "76561199013042927": {
      "dailyRewardAdmin": 0,
      "realEstateAdmin": 1,
      "carDealerAdmin": 0,
      "basicNeedsAdmin": 0,
      "deathInsurance": 0,
      "secondHandMarket": 1,
      "revivePlayer": 0,
      "jewelsOfSurvival": 0,
      "warParty": 0,
      "playerId": "76561199013042927"
    },
    "76561199789647600": {
      "dailyRewardAdmin": 0,
      "realEstateAdmin": 1,
      "carDealerAdmin": 0,
      "basicNeedsAdmin": 0,
      "deathInsurance": 0,
      "secondHandMarket": 1,
      "revivePlayer": 0,
      "jewelsOfSurvival": 0,
      "warParty": 0,
      "playerId": "76561199789647600"
    },
    "76561198182993843": {
      "dailyRewardAdmin": 0,
      "realEstateAdmin": 1,
      "carDealerAdmin": 0,
      "basicNeedsAdmin": 0,
      "deathInsurance": 0,
      "secondHandMarket": 1,
      "revivePlayer": 0,
      "jewelsOfSurvival": 0,
      "warParty": 0,
      "playerId": "76561198182993843"
    },
    "76561197993129246": {
      "dailyRewardAdmin": 0,
      "realEstateAdmin": 1,
      "carDealerAdmin": 0,
      "basicNeedsAdmin": 0,
      "deathInsurance": 0,
      "secondHandMarket": 1,
      "revivePlayer": 0,
      "jewelsOfSurvival": 0,
      "warParty": 0,
      "playerId": "76561197993129246"
    },
    "76561199564014270": {
      "dailyRewardAdmin": 0,
      "realEstateAdmin": 1,
      "carDealerAdmin": 0,
      "basicNeedsAdmin": 0,
      "deathInsurance": 0,
      "secondHandMarket": 1,
      "revivePlayer": 0,
      "jewelsOfSurvival": 0,
      "warParty": 0,
      "playerId": "76561199564014270"
    },
    "76561199672612754": {
      "dailyRewardAdmin": 0,
      "realEstateAdmin": 1,
      "carDealerAdmin": 0,
      "basicNeedsAdmin": 0,
      "deathInsurance": 0,
      "secondHandMarket": 1,
      "revivePlayer": 0,
      "jewelsOfSurvival": 0,
      "warParty": 0,
      "playerId": "76561199672612754"
    }
  }
}