{
  "m_Version": 12,
  "DisplayName": "Ammo Boxes",
  "Icon": "Deliver",
  "Color": "FBFCFEFF",
  "IsExchange": 0,
  "InitStockPercent": 75,
  "Items": [
    {
      "ClassName": "ammobox_00buck_10rnd",
      "MaxPriceThreshold": 500,
      "MinPriceThreshold": 300,
      "SellPricePercent": -1,
      "MaxStockThreshold": 1,
      "MinStockThreshold": 1,
      "QuantityPercent": -1,
      "SpawnAttachments": [],
      "Variants": []
    },
    {
      "ClassName": "ammobox_12gaslug_10rnd",
      "MaxPriceThreshold": 450,
      "MinPriceThreshold": 250,
      "SellPricePercent": -1,
      "MaxStockThreshold": 1,
      "MinStockThreshold": 1,
      "QuantityPercent": -1,
      "SpawnAttachments": [],
      "Variants": []
    },
    {
      "ClassName": "ammobox_12garubberslug_10rnd",
      "MaxPriceThreshold": 800,
      "MinPriceThreshold": 450,
      "SellPricePercent": -1,
      "MaxStockThreshold": 1,
      "MinStockThreshold": 1,
      "QuantityPercent": -1,
      "SpawnAttachments": [],
      "Variants": []
    },
    {
      "ClassName": "ammobox_22_50rnd",
      "MaxPriceThreshold": 2500,
      "MinPriceThreshold": 1500,
      "SellPricePercent": -1,
      "MaxStockThreshold": 1,
      "MinStockThreshold": 1,
      "QuantityPercent": -1,
      "SpawnAttachments": [],
      "Variants": []
    },
    {
      "ClassName": "ammobox_308win_20rnd",
      "MaxPriceThreshold": 1300,
      "MinPriceThreshold": 800,
      "SellPricePercent": -1,
      "MaxStockThreshold": 1,
      "MinStockThreshold": 1,
      "QuantityPercent": -1,
      "SpawnAttachments": [],
      "Variants": [
        "ammobox_308wintracer_20rnd"
      ]
    },
    {
      "ClassName": "ammobox_308wintracer_20rnd",
      "MaxPriceThreshold": 1300,
      "MinPriceThreshold": 800,
      "SellPricePercent": -1,
      "MaxStockThreshold": 1,
      "MinStockThreshold": 1,
      "QuantityPercent": -1,
      "SpawnAttachments": [],
      "Variants": []
    },
    {
      "ClassName": "ammobox_357_20rnd",
      "MaxPriceThreshold": 500,
      "MinPriceThreshold": 300,
      "SellPricePercent": -1,
      "MaxStockThreshold": 1,
      "MinStockThreshold": 1,
      "QuantityPercent": -1,
      "SpawnAttachments": [],
      "Variants": []
    },
    {
      "ClassName": "ammobox_380_35rnd",
      "MaxPriceThreshold": 1900,
      "MinPriceThreshold": 1200,
      "SellPricePercent": -1,
      "MaxStockThreshold": 1,
      "MinStockThreshold": 1,
      "QuantityPercent": -1,
      "SpawnAttachments": [],
      "Variants": []
    },
    {
      "ClassName": "ammobox_45acp_25rnd",
      "MaxPriceThreshold": 3000,
      "MinPriceThreshold": 1800,
      "SellPricePercent": -1,
      "MaxStockThreshold": 1,
      "MinStockThreshold": 1,
      "QuantityPercent": -1,
      "SpawnAttachments": [],
      "Variants": []
    },
    {
      "ClassName": "ammobox_545x39_20rnd",
      "MaxPriceThreshold": 2800,
      "MinPriceThreshold": 1700,
      "SellPricePercent": -1,
      "MaxStockThreshold": 1,
      "MinStockThreshold": 1,
      "QuantityPercent": -1,
      "SpawnAttachments": [],
      "Variants": [
        "ammobox_545x39tracer_20rnd"
      ]
    },
    {
      "ClassName": "ammobox_545x39tracer_20rnd",
      "MaxPriceThreshold": 2800,
      "MinPriceThreshold": 1700,
      "SellPricePercent": -1,
      "MaxStockThreshold": 1,
      "MinStockThreshold": 1,
      "QuantityPercent": -1,
      "SpawnAttachments": [],
      "Variants": []
    },
    {
      "ClassName": "ammobox_556x45_20rnd",
      "MaxPriceThreshold": 2800,
      "MinPriceThreshold": 1700,
      "SellPricePercent": -1,
      "MaxStockThreshold": 1,
      "MinStockThreshold": 1,
      "QuantityPercent": -1,
      "SpawnAttachments": [],
      "Variants": [
        "ammobox_556x45tracer_20rnd"
      ]
    },
    {
      "ClassName": "ammobox_556x45tracer_20rnd",
      "MaxPriceThreshold": 2800,
      "MinPriceThreshold": 1700,
      "SellPricePercent": -1,
      "MaxStockThreshold": 1,
      "MinStockThreshold": 1,
      "QuantityPercent": -1,
      "SpawnAttachments": [],
      "Variants": []
    },
    {
      "ClassName": "ammobox_762x39_20rnd",
      "MaxPriceThreshold": 2800,
      "MinPriceThreshold": 1700,
      "SellPricePercent": -1,
      "MaxStockThreshold": 1,
      "MinStockThreshold": 1,
      "QuantityPercent": -1,
      "SpawnAttachments": [],
      "Variants": [
        "ammobox_762x39tracer_20rnd"
      ]
    },
    {
      "ClassName": "ammobox_762x39tracer_20rnd",
      "MaxPriceThreshold": 2800,
      "MinPriceThreshold": 1700,
      "SellPricePercent": -1,
      "MaxStockThreshold": 1,
      "MinStockThreshold": 1,
      "QuantityPercent": -1,
      "SpawnAttachments": [],
      "Variants": []
    },
    {
      "ClassName": "ammobox_762x54_20rnd",
      "MaxPriceThreshold": 3200,
      "MinPriceThreshold": 2000,
      "SellPricePercent": -1,
      "MaxStockThreshold": 1,
      "MinStockThreshold": 1,
      "QuantityPercent": -1,
      "SpawnAttachments": [],
      "Variants": [
        "ammobox_762x54tracer_20rnd"
      ]
    },
    {
      "ClassName": "ammobox_762x54tracer_20rnd",
      "MaxPriceThreshold": 3200,
      "MinPriceThreshold": 2000,
      "SellPricePercent": -1,
      "MaxStockThreshold": 1,
      "MinStockThreshold": 1,
      "QuantityPercent": -1,
      "SpawnAttachments": [],
      "Variants": []
    },
    {
      "ClassName": "ammobox_9x19_25rnd",
      "MaxPriceThreshold": 625,
      "MinPriceThreshold": 375,
      "SellPricePercent": -1,
      "MaxStockThreshold": 1,
      "MinStockThreshold": 1,
      "QuantityPercent": -1,
      "SpawnAttachments": [],
      "Variants": []
    },
    {
      "ClassName": "ammobox_9x39_20rnd",
      "MaxPriceThreshold": 3800,
      "MinPriceThreshold": 2300,
      "SellPricePercent": -1,
      "MaxStockThreshold": 1,
      "MinStockThreshold": 1,
      "QuantityPercent": -1,
      "SpawnAttachments": [],
      "Variants": [
        "ammobox_9x39ap_20rnd"
      ]
    },
    {
      "ClassName": "ammobox_9x39ap_20rnd",
      "MaxPriceThreshold": 3800,
      "MinPriceThreshold": 2300,
      "SellPricePercent": -1,
      "MaxStockThreshold": 1,
      "MinStockThreshold": 1,
      "QuantityPercent": -1,
      "SpawnAttachments": [],
      "Variants": []
    },
    {
      "ClassName": "ammobox_expansion_46x30_25rnd",
      "MaxPriceThreshold": 3000,
      "MinPriceThreshold": 2000,
      "SellPricePercent": -1,
      "MaxStockThreshold": 1,
      "MinStockThreshold": 1,
      "QuantityPercent": -1,
      "SpawnAttachments": [],
      "Variants": []
    },
    {
      "ClassName": "ammobox_expansion_338_15rnd",
      "MaxPriceThreshold": 2350,
      "MinPriceThreshold": 1800,
      "SellPricePercent": -1,
      "MaxStockThreshold": 1,
      "MinStockThreshold": 1,
      "QuantityPercent": -1,
      "SpawnAttachments": [],
      "Variants": []
    },
    {
      "ClassName": "expansion_ammobox_8mm_15rnd",
      "MaxPriceThreshold": 2400,
      "MinPriceThreshold": 1800,
      "SellPricePercent": -1,
      "MaxStockThreshold": 1,
      "MinStockThreshold": 1,
      "QuantityPercent": -1,
      "SpawnAttachments": [],
      "Variants": []
    }
  ]
}