{
  "m_Version": 12,
  "DisplayName": "Backpacks - Military",
  "Icon": "Deliver",
  "Color": "FBFCFEFF",
  "IsExchange": 0,
  "InitStockPercent": 75,
  "Items": [
    {
      "ClassName": "DS_Coyotebp_Noir",
      "MaxPriceThreshold": 20000,
      "MinPriceThreshold": 20000,
      "SellPricePercent": -1,
      "MaxStockThreshold": 1,
      "MinStockThreshold": 1,
      "QuantityPercent": -1,
      "SpawnAttachments": [],
      "Variants": [
        "DS_Coyotebp_NoirEtRose",
        "DS_Coyotebp_RoseEtNoir",
        "DS_Coyotebp_BountyHunter",
        "DS_Coyotebp_Secours",
        "DS_Coyotebp_Police",
        "DS_Coyotebp_CCE"
      ]
    },
    {
      "ClassName": "mm_commando_bag_green",
      "MaxPriceThreshold": 12000,
      "MinPriceThreshold": 12000,
      "SellPricePercent": -1,
      "MaxStockThreshold": 1,
      "MinStockThreshold": 1,
      "QuantityPercent": -1,
      "SpawnAttachments": [],
      "Variants": [
        "mm_commando_bag_khaki",
        "mm_commando_bag_black",
        "mm_commando_bag_ucp",
        "mm_commando_bag_nwu",
        "mm_commando_bag_tropic",
        "mm_commando_bag_desert"
      ]
    },
    {
      "ClassName": "mm_weapon_bag_custom_green",
      "MaxPriceThreshold": 12000,
      "MinPriceThreshold": 12000,
      "SellPricePercent": -1,
      "MaxStockThreshold": 1,
      "MinStockThreshold": 1,
      "QuantityPercent": -1,
      "SpawnAttachments": [],
      "Variants": [
        "mm_weapon_bag_custom_black"
      ]
    },
    {
      "ClassName": "MMG_carrier_backpack_black",
      "MaxPriceThreshold": 12000,
      "MinPriceThreshold": 12000,
      "SellPricePercent": -1,
      "MaxStockThreshold": 1,
      "MinStockThreshold": 1,
      "QuantityPercent": -1,
      "SpawnAttachments": [],
      "Variants": [
        "MMG_carrier_backpack_olive",
        "MMG_carrier_backpack_tan",
        "MMG_carrier_backpack_multicam",
        "MMG_carrier_backpack_alpine",
        "MMG_carrier_backpack_erdl",
        "MMG_carrier_backpack_multicamblack",
        "MMG_carrier_backpack_dark_woodland",
        "MMG_carrier_backpack_ucp",
        "MMG_carrier_backpack_multicam_tropic",
        "MMG_carrier_backpack_atacs"
      ]
    },
    {
      "ClassName": "MMG_supplybag_black",
      "MaxPriceThreshold": 15000,
      "MinPriceThreshold": 15000,
      "SellPricePercent": -1,
      "MaxStockThreshold": 1,
      "MinStockThreshold": 1,
      "QuantityPercent": -1,
      "SpawnAttachments": [],
      "Variants": [
        "MMG_supplybag_green",
        "MMG_supplybag_tan",
        "MMG_supplybag_alpine",
        "MMG_supplybag_erdl",
        "MMG_supplybag_multicamblack",
        "MMG_supplybag_multicam",
        "MMG_supplybag_dark_woodland",
        "MMG_supplybag_ucp",
        "MMG_supplybag_multicam_tropic",
        "MMG_supplybag_atacs"
      ]
    },
    {
      "ClassName": "MMG_assault_pack_black",
      "MaxPriceThreshold": 12000,
      "MinPriceThreshold": 12000,
      "SellPricePercent": -1,
      "MaxStockThreshold": 1,
      "MinStockThreshold": 1,
      "QuantityPercent": -1,
      "SpawnAttachments": [],
      "Variants": [
        "MMG_assault_pack_olive",
        "MMG_assault_pack_tan",
        "MMG_assault_pack_dark_woodland",
        "MMG_assault_pack_erdl",
        "MMG_assault_pack_multicam",
        "MMG_assault_pack_multicamblack",
        "MMG_assault_pack_alpine",
        "MMG_assault_pack_ucp",
        "MMG_assault_pack_mct",
        "MMG_assault_pack_atacs"
      ]
    },
    {
      "ClassName": "MMG_camelback_tan",
      "MaxPriceThreshold": 13000,
      "MinPriceThreshold": 13000,
      "SellPricePercent": -1,
      "MaxStockThreshold": 1,
      "MinStockThreshold": 1,
      "QuantityPercent": -1,
      "SpawnAttachments": [],
      "Variants": [
        "MMG_camelback_black",
        "MMG_camelback_green",
        "MMG_camelback_multicamblack",
        "MMG_camelback_multicam",
        "MMG_camelback_erdl",
        "MMG_camelback_alpine",
        "MMG_camelback_dark_woodland",
        "MMG_camelback_ucp",
        "MMG_camelback_multicam_tropic",
        "MMG_camelback_atacs"
      ]
    },
    {
      "ClassName": "MMG_mmps_bag_black",
      "MaxPriceThreshold": 15000,
      "MinPriceThreshold": 15000,
      "SellPricePercent": -1,
      "MaxStockThreshold": 1,
      "MinStockThreshold": 1,
      "QuantityPercent": -1,
      "SpawnAttachments": [],
      "Variants": [
        "MMG_mmps_bag_green",
        "MMG_mmps_bag_tan",
        "MMG_mmps_bag_multicam",
        "MMG_mmps_bag_multicam_tropic",
        "MMG_mmps_bag_multicamblack",
        "MMG_mmps_bag_dark_woodland",
        "MMG_mmps_bag_erdl",
        "MMG_mmps_bag_alpine",
        "MMG_mmps_bag_ucp",
        "MMG_mmps_bag_atacs"
      ]
    },
    {
      "ClassName": "ReDoS_F2bergan_Black",
      "MaxPriceThreshold": 15000,
      "MinPriceThreshold": 15000,
      "SellPricePercent": -1,
      "MaxStockThreshold": 1,
      "MinStockThreshold": 1,
      "QuantityPercent": -1,
      "SpawnAttachments": [],
      "Variants": [
        "ReDoS_F2bergan_MC",
        "ReDoS_F2bergan_CE",
        "ReDoS_F2bergan_Snowy1",
        "ReDoS_F2bergan_Snowy2",
        "ReDoS_F2bergan_Snowy3"
      ]
    },
    {
      "ClassName": "FOG_Bag_CommsBag_CB",
      "MaxPriceThreshold": 15000,
      "MinPriceThreshold": 15000,
      "SellPricePercent": -1,
      "MaxStockThreshold": 1,
      "MinStockThreshold": 1,
      "QuantityPercent": -1,
      "SpawnAttachments": [],
      "Variants": [
        "FOG_Bag_CommsBag_RG",
        "FOG_Bag_CommsBag_Tan",
        "FOG_Bag_CommsBag_Black",
        "FOG_Bag_CommsBag_White",
        "FOG_Bag_CommsBag_MC",
        "FOG_Bag_CommsBag_MCAL",
        "FOG_Bag_CommsBag_MCB",
        "FOG_Bag_CommsBag_MCT",
        "FOG_Bag_CommsBag_M81"
      ]
    },
    {
      "ClassName": "FOG_Bag_6ShBagT_Green",
      "MaxPriceThreshold": 15000,
      "MinPriceThreshold": 15000,
      "SellPricePercent": -1,
      "MaxStockThreshold": 1,
      "MinStockThreshold": 1,
      "QuantityPercent": -1,
      "SpawnAttachments": [],
      "Variants": [
        "FOG_Bag_6ShBagT_BlackEMR",
        "FOG_Bag_6ShBagT_Black",
        "FOG_Bag_6ShBagT_RG",
        "FOG_Bag_6ShBagT_CB",
        "FOG_Bag_6ShBagT_White",
        "FOG_Bag_6ShBagT_EMR_White"
      ]
    },
    {
      "ClassName": "FOG_Bergen_Rucksack_Black",
      "MaxPriceThreshold": 15000,
      "MinPriceThreshold": 15000,
      "SellPricePercent": -1,
      "MaxStockThreshold": 1,
      "MinStockThreshold": 1,
      "QuantityPercent": -1,
      "SpawnAttachments": [],
      "Variants": [
        "FOG_Bergen_Rucksack_Green",
        "FOG_Bergen_Rucksack_Woodland",
        "FOG_Bergen_Rucksack_Multicam",
        "FOG_Bergen_Rucksack_ERDL"
      ]
    },
    {
      "ClassName": "FOG_Bag_DrawBridge_CB",
      "MaxPriceThreshold": 15000,
      "MinPriceThreshold": 15000,
      "SellPricePercent": -1,
      "MaxStockThreshold": 1,
      "MinStockThreshold": 1,
      "QuantityPercent": -1,
      "SpawnAttachments": [],
      "Variants": [
        "FOG_Bag_DrawBridge_RG",
        "FOG_Bag_DrawBridge_OD",
        "FOG_Bag_DrawBridge_Tan",
        "FOG_Bag_DrawBridge_Black",
        "FOG_Bag_DrawBridge_Grey",
        "FOG_Bag_DrawBridge_MC",
        "FOG_Bag_DrawBridge_MCAL",
        "FOG_Bag_DrawBridge_MCB",
        "FOG_Bag_DrawBridge_White"
      ]
    },
    {
      "ClassName": "FOG_Bag_F4Terminator",
      "MaxPriceThreshold": 15000,
      "MinPriceThreshold": 15000,
      "SellPricePercent": -1,
      "MaxStockThreshold": 1,
      "MinStockThreshold": 1,
      "QuantityPercent": -1,
      "SpawnAttachments": [],
      "Variants": [
        "FOG_Bag_F4Terminator_BlackTiger",
        "FOG_Bag_F4Terminator_Black",
        "FOG_Bag_F4Terminator_RG",
        "FOG_Bag_F4Terminator_CB",
        "FOG_Bag_F4Terminator_OD"
      ]
    },
    {
      "ClassName": "FOG_Bag_MRASAP_Black",
      "MaxPriceThreshold": 15000,
      "MinPriceThreshold": 15000,
      "SellPricePercent": -1,
      "MaxStockThreshold": 1,
      "MinStockThreshold": 1,
      "QuantityPercent": -1,
      "SpawnAttachments": [],
      "Variants": [
        "FOG_Bag_MRASAP_Grey",
        "FOG_Bag_MRASAP_RG",
        "FOG_Bag_MRASAP_CB",
        "FOG_Bag_MRASAP_MC"
      ]
    },
    {
      "ClassName": "FOG_Bag_BlackJack_MC",
      "MaxPriceThreshold": 15000,
      "MinPriceThreshold": 15000,
      "SellPricePercent": -1,
      "MaxStockThreshold": 1,
      "MinStockThreshold": 1,
      "QuantityPercent": -1,
      "SpawnAttachments": [],
      "Variants": [
        "FOG_Bag_BlackJack_RG",
        "FOG_Bag_BlackJack_CB",
        "FOG_Bag_BlackJack_MCB",
        "FOG_Bag_BlackJack_ERDL",
        "FOG_Bag_BlackJack_Black",
        "FOG_Bag_BlackJack_MCT",
        "FOG_Bag_BlackJack_MCAL",
        "FOG_Bag_BlackJack_OD",
        "FOG_Bag_BlackJack_KHK"
      ]
    },
    {
      "ClassName": "FOG_Bag_SSO_Tan",
      "MaxPriceThreshold": 15000,
      "MinPriceThreshold": 15000,
      "SellPricePercent": -1,
      "MaxStockThreshold": 1,
      "MinStockThreshold": 1,
      "QuantityPercent": -1,
      "SpawnAttachments": [],
      "Variants": [
        "FOG_Bag_SSO_Black",
        "FOG_Bag_SSO_MC",
        "FOG_Bag_SSO_CB",
        "FOG_Bag_SSO_MCB"
      ]
    },
    {
      "ClassName": "FOG_Bag_Trizip_Puke",
      "MaxPriceThreshold": 15000,
      "MinPriceThreshold": 15000,
      "SellPricePercent": -1,
      "MaxStockThreshold": 1,
      "MinStockThreshold": 1,
      "QuantityPercent": -1,
      "SpawnAttachments": [],
      "Variants": [
        "FOG_Bag_Trizip_Black",
        "FOG_Bag_Trizip_RG",
        "FOG_Bag_Trizip_OD",
        "FOG_Bag_Trizip_CB",
        "FOG_Bag_Trizip_RGCB",
        "FOG_Bag_Trizip_MARPAT",
        "FOG_Bag_Trizip_ATACSFG",
        "FOG_Bag_Trizip_DCU",
        "FOG_Bag_Trizip_ERDL",
        "FOG_Bag_Trizip_MC"
      ]
    }
  ]
}