{
  "m_Version": 12,
  "DisplayName": "Boats",
  "Icon": "Deliver",
  "Color": "FBFCFEFF",
  "IsExchange": 0,
  "InitStockPercent": 75,
  "Items": [
    {
      "ClassName": "expansionutilityboat",
      "MaxPriceThreshold": 44000,
      "MinPriceThreshold": 22000,
      "SellPricePercent": -1,
      "MaxStockThreshold": 10,
      "MinStockThreshold": 1,
      "QuantityPercent": -1,
      "SpawnAttachments": [
        "truckbattery",
        "glowplug"
      ],
      "Variants": []
    },
    {
      "ClassName": "boat_01_orange",
      "MaxPriceThreshold": 37800,
      "MinPriceThreshold": 22680,
      "SellPricePercent": -1,
      "MaxStockThreshold": 10,
      "MinStockThreshold": 1,
      "QuantityPercent": -1,
      "SpawnAttachments": [
        "sparkplug"
      ],
      "Variants": [
        "boat_01_black",
        "boat_01_blue",
        "boat_01_camo"
      ]
    },
    {
      "ClassName": "expansionlhd",
      "MaxPriceThreshold": 600000000,
      "MinPriceThreshold": 300000000,
      "SellPricePercent": -1,
      "MaxStockThreshold": 1,
      "MinStockThreshold": 1,
      "QuantityPercent": -1,
      "SpawnAttachments": [
        "truckbattery",
        "glowplug",
        "headlighth7",
        "headlighth7"
      ],
      "Variants": []
    },
    {
      "ClassName": "Van_Yacht",
      "MaxPriceThreshold": 250000,
      "MinPriceThreshold": 250000,
      "SellPricePercent": -1,
      "MaxStockThreshold": 1,
      "MinStockThreshold": 1,
      "QuantityPercent": -1,
      "SpawnAttachments": [
        "sparkplug",
        "Van_WaterContainer",
        "cauldron"
      ],
      "Variants": []
    },
    {
      "ClassName": "Van_RHIB",
      "MaxPriceThreshold": 50000,
      "MinPriceThreshold": 50000,
      "SellPricePercent": -1,
      "MaxStockThreshold": 1,
      "MinStockThreshold": 1,
      "QuantityPercent": -1,
      "SpawnAttachments": [
        "sparkplug"
      ],
      "Variants": [
        "Van_RHIB_Black"
      ]
    },
    {
      "ClassName": "Van_Jetski",
      "MaxPriceThreshold": 15000,
      "MinPriceThreshold": 15000,
      "SellPricePercent": -1,
      "MaxStockThreshold": 1,
      "MinStockThreshold": 1,
      "QuantityPercent": -1,
      "SpawnAttachments": [
        "sparkplug"
      ],
      "Variants": [
        "Van_Jetski_Black",
        "Van_Jetski_Blue",
        "Van_Jetski_Camo",
        "Van_Jetski_Orange"
      ]
    },
    {
      "ClassName": "Van_WoodenBoat",
      "MaxPriceThreshold": 20000,
      "MinPriceThreshold": 20000,
      "SellPricePercent": -1,
      "MaxStockThreshold": 1,
      "MinStockThreshold": 1,
      "QuantityPercent": -1,
      "SpawnAttachments": [
        "sparkplug"
      ],
      "Variants": []
    },
    {
      "ClassName": "Van_Sailboat",
      "MaxPriceThreshold": 500000,
      "MinPriceThreshold": 500000,
      "SellPricePercent": -1,
      "MaxStockThreshold": 1,
      "MinStockThreshold": 1,
      "QuantityPercent": -1,
      "SpawnAttachments": [
        "sparkplug",
        "Van_Sailboat_Fridge",
        "Van_Sailboat_Washing",
        "Van_WaterContainer",
        "Cauldron",
        "LargeGasCanister"
      ],
      "Variants": []
    },
    {
      "ClassName": "Van_FishingTrawler",
      "MaxPriceThreshold": 250000,
      "MinPriceThreshold": 250000,
      "SellPricePercent": -1,
      "MaxStockThreshold": 1,
      "MinStockThreshold": 1,
      "QuantityPercent": -1,
      "SpawnAttachments": [
        "sparkplug"
      ],
      "Variants": []
    },
    {
      "ClassName": "Van_Catamaran",
      "MaxPriceThreshold": 200000,
      "MinPriceThreshold": 200000,
      "SellPricePercent": -1,
      "MaxStockThreshold": 1,
      "MinStockThreshold": 1,
      "QuantityPercent": -1,
      "SpawnAttachments": [
        "sparkplug",
        "Van_WaterContainer",
        "Cauldron",
        "LargeGasCanister"
      ],
      "Variants": []
    },
    {
      "ClassName": "Van_HouseBoat",
      "MaxPriceThreshold": 150000,
      "MinPriceThreshold": 150000,
      "SellPricePercent": -1,
      "MaxStockThreshold": 1,
      "MinStockThreshold": 1,
      "QuantityPercent": -1,
      "SpawnAttachments": [
        "sparkplug",
        "Van_WaterContainer",
        "Cauldron",
        "LargeGasCanister"
      ],
      "Variants": []
    },
    {
      "ClassName": "Van_Airboat",
      "MaxPriceThreshold": 30000,
      "MinPriceThreshold": 30000,
      "SellPricePercent": -1,
      "MaxStockThreshold": 1,
      "MinStockThreshold": 1,
      "QuantityPercent": -1,
      "SpawnAttachments": [
        "sparkplug"
      ],
      "Variants": [
        "Van_Airboat_Black",
        "Van_Airboat_Blue",
        "Van_Airboat_Orange",
        "Van_Airboat_Purple",
        "Van_Airboat_Green",
        "Van_Airboat_Camo"
      ]
    },
    {
      "ClassName": "RFWC_Zodiac_Black",
      "MaxPriceThreshold": 40000,
      "MinPriceThreshold": 30000,
      "SellPricePercent": -1,
      "MaxStockThreshold": 1,
      "MinStockThreshold": 1,
      "QuantityPercent": -1,
      "SpawnAttachments": [
        "TruckBattery",
        "SparkPlug"
      ],
      "Variants": []
    },
    {
      "ClassName": "RFWC_Zodiac_Orange",
      "MaxPriceThreshold": 40000,
      "MinPriceThreshold": 30000,
      "SellPricePercent": -1,
      "MaxStockThreshold": 1,
      "MinStockThreshold": 1,
      "QuantityPercent": -1,
      "SpawnAttachments": [
        "TruckBattery",
        "SparkPlug"
      ],
      "Variants": []
    },
    {
      "ClassName": "RFWC_DragBoat_Red",
      "MaxPriceThreshold": 80000,
      "MinPriceThreshold": 70000,
      "SellPricePercent": -1,
      "MaxStockThreshold": 1,
      "MinStockThreshold": 1,
      "QuantityPercent": -1,
      "SpawnAttachments": [
        "TruckBattery",
        "SparkPlug"
      ],
      "Variants": []
    },
    {
      "ClassName": "RFWC_DragBoat_Black",
      "MaxPriceThreshold": 80000,
      "MinPriceThreshold": 70000,
      "SellPricePercent": -1,
      "MaxStockThreshold": 1,
      "MinStockThreshold": 1,
      "QuantityPercent": -1,
      "SpawnAttachments": [
        "TruckBattery",
        "SparkPlug"
      ],
      "Variants": []
    },
    {
      "ClassName": "RFWC_Seadoo_Camo",
      "MaxPriceThreshold": 15000,
      "MinPriceThreshold": 10000,
      "SellPricePercent": -1,
      "MaxStockThreshold": 1,
      "MinStockThreshold": 1,
      "QuantityPercent": -1,
      "SpawnAttachments": [
        "TruckBattery",
        "SparkPlug"
      ],
      "Variants": []
    },
    {
      "ClassName": "RFWC_Seadoo_Green",
      "MaxPriceThreshold": 15000,
      "MinPriceThreshold": 10000,
      "SellPricePercent": -1,
      "MaxStockThreshold": 1,
      "MinStockThreshold": 1,
      "QuantityPercent": -1,
      "SpawnAttachments": [
        "TruckBattery",
        "SparkPlug"
      ],
      "Variants": []
    },
    {
      "ClassName": "RFWC_Seadoo_Orange",
      "MaxPriceThreshold": 15000,
      "MinPriceThreshold": 10000,
      "SellPricePercent": -1,
      "MaxStockThreshold": 1,
      "MinStockThreshold": 1,
      "QuantityPercent": -1,
      "SpawnAttachments": [
        "TruckBattery",
        "SparkPlug"
      ],
      "Variants": []
    },
    {
      "ClassName": "RFWC_Whaler",
      "MaxPriceThreshold": 50000,
      "MinPriceThreshold": 40000,
      "SellPricePercent": -1,
      "MaxStockThreshold": 1,
      "MinStockThreshold": 1,
      "QuantityPercent": -1,
      "SpawnAttachments": [
        "TruckBattery",
        "SparkPlug"
      ],
      "Variants": []
    },
    {
      "ClassName": "RFWC_CarpBoat",
      "MaxPriceThreshold": 50000,
      "MinPriceThreshold": 40000,
      "SellPricePercent": -1,
      "MaxStockThreshold": 1,
      "MinStockThreshold": 1,
      "QuantityPercent": -1,
      "SpawnAttachments": [
        "TruckBattery",
        "SparkPlug"
      ],
      "Variants": []
    }

  ]
}