{
  "m_Version": 12,
  "DisplayName": "Bottoms - Black Market",
  "Icon": "Deliver",
  "Color": "FBFCFEFF",
  "IsExchange": 0,
  "InitStockPercent": 75,
  "Items": [
    {
      "ClassName": "Paragon_TacPants_Digital_Flora",
      "MaxPriceThreshold": 15000,
      "MinPriceThreshold": 12000,
      "SellPricePercent": -1,
      "MaxStockThreshold": 1,
      "MinStockThreshold": 1,
      "QuantityPercent": -1,
      "SpawnAttachments": [],
      "Variants": [
        "Paragon_TacPants_Digital_Desert",
        "Paragon_TacPants_Black",
        "Paragon_TacPants_Blue",
        "Paragon_TacPants_Desert",
        "Paragon_TacPants_Green",
        "Paragon_TacPants_White",
        "Paragon_TacPants_WL",
        "Paragon_TacPants_Fatigue",
        "Paragon_TacPants_Navy",
        "Paragon_TacPants_Black_WL"
      ]
    },
    {
      "ClassName": "Paragon_CombatPants_Digital_Flora",
      "MaxPriceThreshold": 15000,
      "MinPriceThreshold": 12000,
      "SellPricePercent": -1,
      "MaxStockThreshold": 1,
      "MinStockThreshold": 1,
      "QuantityPercent": -1,
      "SpawnAttachments": [],
      "Variants": [
        "Paragon_CombatPants_Digital_Desert",
        "Paragon_CombatPants_Black",
        "Paragon_CombatPants_Blue",
        "Paragon_CombatPants_Desert",
        "Paragon_CombatPants_Green",
        "Paragon_CombatPants_White",
        "Paragon_CombatPants_WL",
        "Paragon_CombatPants_Fatigue",
        "Paragon_CombatPants_Navy",
        "Paragon_CombatPants_Black_WL"
      ]
    }
  ]
}