{
  "m_Version": 12,
  "DisplayName": "Bottoms - Military",
  "Icon": "Deliver",
  "Color": "FBFCFEFF",
  "IsExchange": 0,
  "InitStockPercent": 75,
  "Items": [
    {
      "ClassName": "ttskopants",
      "MaxPriceThreshold": 3000,
      "MinPriceThreshold": 3000,
      "SellPricePercent": -1,
      "MaxStockThreshold": 1,
      "MinStockThreshold": 1,
      "QuantityPercent": -1,
      "SpawnAttachments": [],
      "Variants": []
    },
    {
      "ClassName": "bdupants",
      "MaxPriceThreshold": 3000,
      "MinPriceThreshold": 3000,
      "SellPricePercent": -1,
      "MaxStockThreshold": 1,
      "MinStockThreshold": 1,
      "QuantityPercent": -1,
      "SpawnAttachments": [],
      "Variants": []
    },
    {
      "ClassName": "usmcpants_desert",
      "MaxPriceThreshold": 3000,
      "MinPriceThreshold": 3000,
      "SellPricePercent": -1,
      "MaxStockThreshold": 1,
      "MinStockThreshold": 1,
      "QuantityPercent": -1,
      "SpawnAttachments": [],
      "Variants": [
        "usmcpants_woodland"
      ]
    },
    {
      "ClassName": "usmcpants_woodland",
      "MaxPriceThreshold": 3000,
      "MinPriceThreshold": 3000,
      "SellPricePercent": -1,
      "MaxStockThreshold": 1,
      "MinStockThreshold": 1,
      "QuantityPercent": -1,
      "SpawnAttachments": [],
      "Variants": []
    },
    {
      "ClassName": "gorkapants_summer",
      "MaxPriceThreshold": 3000,
      "MinPriceThreshold": 3000,
      "SellPricePercent": -1,
      "MaxStockThreshold": 1,
      "MinStockThreshold": 1,
      "QuantityPercent": -1,
      "SpawnAttachments": [],
      "Variants": [
        "gorkapants_autumn",
        "gorkapants_flat",
        "gorkapants_pautrev",
        "gorkapants_winter"
      ]
    },
    {
      "ClassName": "nbcpantsgray",
      "MaxPriceThreshold": 2000,
      "MinPriceThreshold": 2000,
      "SellPricePercent": -1,
      "MaxStockThreshold": 1,
      "MinStockThreshold": 1,
      "QuantityPercent": -1,
      "SpawnAttachments": [],
      "Variants": [
        "nbcpantsyellow",
        "nbcpantswhite"
      ]
    },
    {
      "ClassName": "omkpants_navy",
      "MaxPriceThreshold": 4000,
      "MinPriceThreshold": 4000,
      "SellPricePercent": -1,
      "MaxStockThreshold": 1,
      "MinStockThreshold": 1,
      "QuantityPercent": -1,
      "SpawnAttachments": [],
      "Variants": []
    },
    {
      "ClassName": "Galife_Pants_Olive",
      "MaxPriceThreshold": 4000,
      "MinPriceThreshold": 4000,
      "SellPricePercent": -1,
      "MaxStockThreshold": 1,
      "MinStockThreshold": 1,
      "QuantityPercent": -1,
      "SpawnAttachments": [],
      "Variants": [
        "Galife_Pants_Navy"
      ]
    },
    {
      "ClassName": "MMG_combatpants_olive",
      "MaxPriceThreshold": 5000,
      "MinPriceThreshold": 5000,
      "SellPricePercent": -1,
      "MaxStockThreshold": 1,
      "MinStockThreshold": 1,
      "QuantityPercent": -1,
      "SpawnAttachments": [],
      "Variants": [
        "MMG_combatpants_black",
        "MMG_combatpants_tan",
        "MMG_combatpants_alpine",
        "MMG_combatpants_erdl",
        "MMG_combatpants_multicamblack",
        "MMG_combatpants_multicam",
        "MMG_combatpants_erdl",
        "MMG_combatpants_dark_woodland",
        "MMG_combatpants_ucp",
        "MMG_combatpants_multicam_tropic",
        "MMG_combatpants_police",
        "MMG_combatpants_atacs"
      ]
    },
    {
      "ClassName": "mmg_tactical_pants_black",
      "MaxPriceThreshold": 5000,
      "MinPriceThreshold": 5000,
      "SellPricePercent": -1,
      "MaxStockThreshold": 1,
      "MinStockThreshold": 1,
      "QuantityPercent": -1,
      "SpawnAttachments": [],
      "Variants": [
        "mmg_tactical_pants_green",
        "mmg_tactical_pants_tan",
        "mmg_tactical_pants_ucp",
        "mmg_tactical_pants_multicam",
        "mmg_tactical_pants_erdl",
        "mmg_tactical_pants_atacs",
        "mmg_tactical_pants_multicamblack",
        "mmg_tactical_pants_multicam_tropic",
        "mmg_tactical_pants_alpine",
        "mmg_tactical_pants_dark_woodland",
        "mmg_tactical_pants_atacs"
      ]
    },
    {
      "ClassName": "DS_CargoPants_BountyHunter",
      "MaxPriceThreshold": 5000,
      "MinPriceThreshold": 5000,
      "SellPricePercent": -1,
      "MaxStockThreshold": 1,
      "MinStockThreshold": 1,
      "QuantityPercent": -1,
      "SpawnAttachments": [],
      "Variants": [
        "DS_CargoPants_Noir",
        "DS_CargoPants_CCE",
        "DS_CargoPants_Rose",
        "DS_CargoPants_Orange",
        "DS_CargoPants_Rouge"
      ]
    },
    {
      "ClassName": "FOG_ArcticPants_White",
      "MaxPriceThreshold": 5000,
      "MinPriceThreshold": 5000,
      "SellPricePercent": -1,
      "MaxStockThreshold": 1,
      "MinStockThreshold": 1,
      "QuantityPercent": -1,
      "SpawnAttachments": [],
      "Variants": [
        "FOG_ArcticPants_Grey",
        "FOG_ArcticPants_Blue",
        "FOG_ArcticPants_Red",
        "FOG_ArcticPants_RG",
        "FOG_ArcticPants_CB",
        "FOG_ArcticPants_Black",
        "FOG_ArcticPants_MC",
        "FOG_ArcticPants_MCB",
        "FOG_ArcticPants_MCAL"
      ]
    },
    {
      "ClassName": "FOG_FieldPants_Grey",
      "MaxPriceThreshold": 5000,
      "MinPriceThreshold": 5000,
      "SellPricePercent": -1,
      "MaxStockThreshold": 1,
      "MinStockThreshold": 1,
      "QuantityPercent": -1,
      "SpawnAttachments": [],
      "Variants": [
        "FOG_FieldPants_RG",
        "FOG_FieldPants_CB",
        "FOG_FieldPants_KHK",
        "FOG_FieldPants_Black",
        "FOG_FieldPants_M81",
        "FOG_FieldPants_MC",
        "FOG_FieldPants_MC_Ranger",
        "FOG_FieldPants_MCB",
        "FOG_FieldPants_UCP",
        "FOG_FieldPants_AOR1",
        "FOG_FieldPants_AOR2",
        "FOG_FieldPants_White"
      ]
    },
    {
      "ClassName": "FOG_FieldShorts_Grey",
      "MaxPriceThreshold": 5000,
      "MinPriceThreshold": 5000,
      "SellPricePercent": -1,
      "MaxStockThreshold": 1,
      "MinStockThreshold": 1,
      "QuantityPercent": -1,
      "SpawnAttachments": [],
      "Variants": [
        "FOG_FieldShorts_RG",
        "FOG_FieldShorts_CB",
        "FOG_FieldShorts_KHK",
        "FOG_FieldShorts_Black",
        "FOG_FieldShorts_M81",
        "FOG_FieldShorts_MC",
        "FOG_FieldShorts_MC_Ranger",
        "FOG_FieldShorts_MCB",
        "FOG_FieldShorts_UCP",
        "FOG_FieldShorts_AOR1",
        "FOG_FieldShorts_AOR2",
        "FOG_FieldShorts_White"
      ]
    },
    {
      "ClassName": "FOG_G99_Pants_Black",
      "MaxPriceThreshold": 5000,
      "MinPriceThreshold": 5000,
      "SellPricePercent": -1,
      "MaxStockThreshold": 1,
      "MinStockThreshold": 1,
      "QuantityPercent": -1,
      "SpawnAttachments": [],
      "Variants": [
        "FOG_G99_Pants_CB",
        "FOG_G99_Pants_RG",
        "FOG_G99_Pants_M81",
        "FOG_G99_Pants_White"
      ]
    },
    {
      "ClassName": "FOG_Pants_Crye_G3_M81",
      "MaxPriceThreshold": 5000,
      "MinPriceThreshold": 5000,
      "SellPricePercent": -1,
      "MaxStockThreshold": 1,
      "MinStockThreshold": 1,
      "QuantityPercent": -1,
      "SpawnAttachments": [],
      "Variants": [
        "FOG_Pants_Crye_G3_MC",
        "FOG_Pants_Crye_G3_Black",
        "FOG_Pants_Crye_G3_MCB",
        "FOG_Pants_Crye_G3_GTiger",
        "FOG_Pants_Crye_G3_AOR1",
        "FOG_Pants_Crye_G3_AOR2",
        "FOG_Pants_Crye_G3_CB",
        "FOG_Pants_Crye_G3_RG",
        "FOG_Pants_Crye_G3_Grey",
        "FOG_Pants_Crye_G3_DTGR",
        "FOG_Pants_Crye_G3_MARPAT",
        "FOG_Pants_Crye_G3_MCA",
        "FOG_Pants_Crye_G3_MCAL",
        "FOG_Pants_Crye_G3_MCT",
        "FOG_Pants_Crye_G3_RDBS",
        "FOG_Pants_Crye_G3_ALPF",
        "FOG_Pants_Crye_G3_AMCU",
        "FOG_Pants_Crye_G3_Blue",
        "FOG_Pants_Crye_G3_DNC",
        "FOG_Pants_Crye_G3_DPM",
        "FOG_Pants_Crye_G3_ERDL_RED",
        "FOG_Pants_Crye_G3_KHK",
        "FOG_Pants_Crye_G3_MC_BlackTrim",
        "FOG_Pants_Crye_G3_MC_FRACU",
        "FOG_Pants_Crye_G3_Pantera",
        "FOG_Pants_Crye_G3_RG_BlackTrim",
        "FOG_Pants_Crye_G3_BTGR",
        "FOG_Pants_Crye_G3_RTGR",
        "FOG_Pants_Crye_G3_KBTGR",
        "FOG_Pants_Crye_G3_UCP",
        "FOG_Pants_Crye_G3_White"
      ]
    },
    {
      "ClassName": "FOG_Gorka_Pants_Khaki",
      "MaxPriceThreshold": 5000,
      "MinPriceThreshold": 5000,
      "SellPricePercent": -1,
      "MaxStockThreshold": 1,
      "MinStockThreshold": 1,
      "QuantityPercent": -1,
      "SpawnAttachments": [],
      "Variants": [
        "FOG_Gorka_Pants_Black",
        "FOG_Gorka_Pants_White"
      ]
    },
    {
      "ClassName": "FOG_MTF_Pants_Grey",
      "MaxPriceThreshold": 5000,
      "MinPriceThreshold": 5000,
      "SellPricePercent": -1,
      "MaxStockThreshold": 1,
      "MinStockThreshold": 1,
      "QuantityPercent": -1,
      "SpawnAttachments": [],
      "Variants": [
        "FOG_MTF_Pants_Black",
        "FOG_MTF_Pants_Blue",
        "FOG_MTF_Pants_RG",
        "FOG_MTF_Pants_OD",
        "FOG_MTF_Pants_KHK",
        "FOG_MTF_Pants_CB",
        "FOG_MTF_Pants_ERDL",
        "FOG_MTF_Pants_MC",
        "FOG_MTF_Pants_MCB",
        "FOG_MTF_Pants_FK",
        "FOG_MTF_Pants_TS",
        "FOG_MTF_Pants_White"
      ]
    },
    {
      "ClassName": "FOG_UFP_Pants_6CD",
      "MaxPriceThreshold": 5000,
      "MinPriceThreshold": 5000,
      "SellPricePercent": -1,
      "MaxStockThreshold": 1,
      "MinStockThreshold": 1,
      "QuantityPercent": -1,
      "SpawnAttachments": [],
      "Variants": [
        "FOG_UFP_Pants_ALP",
        "FOG_UFP_Pants_Black",
        "FOG_UFP_Pants_DCU",
        "FOG_UFP_Pants_Grey",
        "FOG_UFP_Pants_MCB",
        "FOG_UFP_Pants_Cum",
        "FOG_UFP_Pants_OD",
        "FOG_UFP_Pants_M81",
        "FOG_UFP_Pants_MC",
        "FOG_UFP_Pants_RG",
        "FOG_UFP_Pants_Tan",
        "FOG_UFP_Pants_Urban",
        "FOG_UFP_Pants_White"
      ]
    },
    {
      "ClassName": "FOG_BDU_Pants_Black",
      "MaxPriceThreshold": 5000,
      "MinPriceThreshold": 5000,
      "SellPricePercent": -1,
      "MaxStockThreshold": 1,
      "MinStockThreshold": 1,
      "QuantityPercent": -1,
      "SpawnAttachments": [],
      "Variants": [
        "FOG_BDU_Pants_RG",
        "FOG_BDU_Pants_Tan"
      ]
    }
  ]
}