{
  "m_Version": 12,
  "DisplayName": "Buses",
  "Icon": "Deliver",
  "Color": "FBFCFEFF",
  "IsExchange": 0,
  "InitStockPercent": 75,
  "Items": [
    {
      "ClassName": "expansionbus",
      "MaxPriceThreshold": 200000,
      "MinPriceThreshold": 200000,
      "SellPricePercent": -1,
      "MaxStockThreshold": 3,
      "MinStockThreshold": 1,
      "QuantityPercent": -1,
      "SpawnAttachments": [
        "expansionbuswheel",
        "expansionbuswheel",
        "expansionbuswheeldouble",
        "expansionbuswheeldouble",
        "headlighth7",
        "headlighth7",
        "truckbattery",
        "carradiator",
        "glowplug"
      ],
      "Variants": []
    },
    {
      "ClassName": "LIAZ_677RF",
      "MaxPriceThreshold": 200000,
      "MinPriceThreshold": 200000,
      "SellPricePercent": -1,
      "MaxStockThreshold": 1,
      "MinStockThreshold": 1,
      "QuantityPercent": -1,
      "SpawnAttachments": [
        "HeadlightH7",
        "HeadlightH7",
        "CarRadiator",
        "TruckBattery",
        "SparkPlug",
        "LIAZ_677RF_wheel",
        "LIAZ_677RF_wheel",
        "LIAZ_677RF_WheelDouble",
        "LIAZ_677RF_WheelDouble",
        "LIAZ_677RF_doors_driver",
        "LIAZ_677RF_doors_cargo1",
        "LIAZ_677RF_doors_hood",
        "LIAZ_677RF_doors_trunk",
        "LIAZ_677RF_wheel"
      ],
      "Variants": [
        "LIAZ_677RF_camo",
        "LIAZ_677RF_camo_Auto",
        "LIAZ_677RF_Auto"
      ]
    },
    {
      "ClassName": "LIAZ_677RF_camo",
      "MaxPriceThreshold": 200000,
      "MinPriceThreshold": 200000,
      "SellPricePercent": -1,
      "MaxStockThreshold": 1,
      "MinStockThreshold": 1,
      "QuantityPercent": -1,
      "SpawnAttachments": [
        "HeadlightH7",
        "HeadlightH7",
        "CarRadiator",
        "TruckBattery",
        "SparkPlug",
        "LIAZ_677RF_wheel",
        "LIAZ_677RF_wheel",
        "LIAZ_677RF_WheelDouble",
        "LIAZ_677RF_WheelDouble",
        "LIAZ_677RF_doors_driver_camo",
        "LIAZ_677RF_doors_cargo1_camo",
        "LIAZ_677RF_doors_hood_camo",
        "LIAZ_677RF_doors_trunk_camo",
        "LIAZ_677RF_wheel"
      ],
      "Variants": []
    },
    {
      "ClassName": "LIAZ_677RF_camo_Auto",
      "MaxPriceThreshold": 200000,
      "MinPriceThreshold": 200000,
      "SellPricePercent": -1,
      "MaxStockThreshold": 1,
      "MinStockThreshold": 1,
      "QuantityPercent": -1,
      "SpawnAttachments": [
        "HeadlightH7",
        "HeadlightH7",
        "CarRadiator",
        "TruckBattery",
        "SparkPlug",
        "LIAZ_677RF_wheel",
        "LIAZ_677RF_wheel",
        "LIAZ_677RF_WheelDouble",
        "LIAZ_677RF_WheelDouble",
        "LIAZ_677RF_doors_driver_camo",
        "LIAZ_677RF_doors_cargo1_camo",
        "LIAZ_677RF_doors_hood_camo",
        "LIAZ_677RF_doors_trunk_camo",
        "LIAZ_677RF_wheel"
      ],
      "Variants": []
    },
    {
      "ClassName": "LIAZ_677RF_Auto",
      "MaxPriceThreshold": 200000,
      "MinPriceThreshold": 200000,
      "SellPricePercent": -1,
      "MaxStockThreshold": 1,
      "MinStockThreshold": 1,
      "QuantityPercent": -1,
      "SpawnAttachments": [
        "HeadlightH7",
        "HeadlightH7",
        "CarRadiator",
        "TruckBattery",
        "SparkPlug",
        "LIAZ_677RF_wheel",
        "LIAZ_677RF_wheel",
        "LIAZ_677RF_WheelDouble",
        "LIAZ_677RF_WheelDouble",
        "LIAZ_677RF_doors_driver",
        "LIAZ_677RF_doors_cargo1",
        "LIAZ_677RF_doors_hood",
        "LIAZ_677RF_doors_trunk",
        "LIAZ_677RF_wheel"
      ],
      "Variants": []
    },
    {
      "ClassName": "KAVZ685_RF",
      "MaxPriceThreshold": 160000,
      "MinPriceThreshold": 160000,
      "SellPricePercent": -1,
      "MaxStockThreshold": 1,
      "MinStockThreshold": 1,
      "QuantityPercent": -1,
      "SpawnAttachments": [
        "HeadlightH7",
        "HeadlightH7",
        "CarRadiator",
        "TruckBattery",
        "SparkPlug",
        "KAVZ685_RF_wheel",
        "KAVZ685_RF_wheel",
        "KAVZ685_RF_WheelDouble",
        "KAVZ685_RF_WheelDouble",
        "KAVZ685_RF_doors_driver",
        "KAVZ685_RF_doors_cargo1",
        "KAVZ685_RF_doors_hood",
        "KAVZ685_RF_doors_trunk",
        "KAVZ685_RF_wheel"
      ],
      "Variants": [
        "KAVZ685_RF_beige",
        "KAVZ685_RF_red",
        "KAVZ685_RF_green"
      ]
    },
    {
      "ClassName": "KAVZ685_RF_beige",
      "MaxPriceThreshold": 160000,
      "MinPriceThreshold": 160000,
      "SellPricePercent": -1,
      "MaxStockThreshold": 1,
      "MinStockThreshold": 1,
      "QuantityPercent": -1,
      "SpawnAttachments": [
        "HeadlightH7",
        "HeadlightH7",
        "CarRadiator",
        "TruckBattery",
        "SparkPlug",
        "KAVZ685_RF_wheel",
        "KAVZ685_RF_wheel",
        "KAVZ685_RF_WheelDouble",
        "KAVZ685_RF_WheelDouble",
        "KAVZ685_RF_doors_driver_beige",
        "KAVZ685_RF_doors_cargo1_beige",
        "KAVZ685_RF_doors_hood_beige",
        "KAVZ685_RF_doors_trunk_beige",
        "KAVZ685_RF_wheel"
      ],
      "Variants": []
    },
    {
      "ClassName": "KAVZ685_RF_red",
      "MaxPriceThreshold": 160000,
      "MinPriceThreshold": 160000,
      "SellPricePercent": -1,
      "MaxStockThreshold": 1,
      "MinStockThreshold": 1,
      "QuantityPercent": -1,
      "SpawnAttachments": [
        "HeadlightH7",
        "HeadlightH7",
        "CarRadiator",
        "TruckBattery",
        "SparkPlug",
        "KAVZ685_RF_wheel",
        "KAVZ685_RF_wheel",
        "KAVZ685_RF_WheelDouble",
        "KAVZ685_RF_WheelDouble",
        "KAVZ685_RF_doors_driver_red",
        "KAVZ685_RF_doors_cargo1_red",
        "KAVZ685_RF_doors_hood_red",
        "KAVZ685_RF_doors_trunk_red",
        "KAVZ685_RF_wheel"
      ],
      "Variants": []
    },
    {
      "ClassName": "KAVZ685_RF_green",
      "MaxPriceThreshold": 160000,
      "MinPriceThreshold": 160000,
      "SellPricePercent": -1,
      "MaxStockThreshold": 1,
      "MinStockThreshold": 1,
      "QuantityPercent": -1,
      "SpawnAttachments": [
        "HeadlightH7",
        "HeadlightH7",
        "CarRadiator",
        "TruckBattery",
        "SparkPlug",
        "KAVZ685_RF_wheel",
        "KAVZ685_RF_wheel",
        "KAVZ685_RF_WheelDouble",
        "KAVZ685_RF_WheelDouble",
        "KAVZ685_RF_doors_driver_green",
        "KAVZ685_RF_doors_cargo1_green",
        "KAVZ685_RF_doors_hood_green",
        "KAVZ685_RF_doors_trunk_green",
        "KAVZ685_RF_wheel"
      ],
      "Variants": []
    },
    {
      "ClassName": "PAZ_672",
      "MaxPriceThreshold": 200000,
      "MinPriceThreshold": 200000,
      "SellPricePercent": -1,
      "MaxStockThreshold": 1,
      "MinStockThreshold": 1,
      "QuantityPercent": -1,
      "SpawnAttachments": [
        "HeadlightH7",
        "HeadlightH7",
        "CarRadiator",
        "TruckBattery",
        "SparkPlug",
        "PAZ_672_wheel",
        "PAZ_672_wheel",
        "PAZ_672_WheelDouble",
        "PAZ_672_WheelDouble",
        "PAZ_672_doors_driver",
        "PAZ_672_doors_codriver",
        "PAZ_672_doors_hood",
        "PAZ_672_wheel"
      ],
      "Variants": [
        "PAZ_672_orange"
      ]
    },
    {
      "ClassName": "PAZ_672_orange",
      "MaxPriceThreshold": 200000,
      "MinPriceThreshold": 200000,
      "SellPricePercent": -1,
      "MaxStockThreshold": 1,
      "MinStockThreshold": 1,
      "QuantityPercent": -1,
      "SpawnAttachments": [
        "HeadlightH7",
        "HeadlightH7",
        "CarRadiator",
        "TruckBattery",
        "SparkPlug",
        "PAZ_672_wheel",
        "PAZ_672_wheel",
        "PAZ_672_WheelDouble",
        "PAZ_672_WheelDouble",
        "PAZ_672_doors_driver_orang",
        "PAZ_672_doors_codriver_orang",
        "PAZ_672_doors_hood",
        "PAZ_672_wheel"
      ],
      "Variants": []
    },
    {
      "ClassName": "KubanG1",
      "MaxPriceThreshold": 170000,
      "MinPriceThreshold": 170000,
      "SellPricePercent": -1,
      "MaxStockThreshold": 1,
      "MinStockThreshold": 1,
      "QuantityPercent": -1,
      "SpawnAttachments": [
        "HeadlightH7",
        "HeadlightH7",
        "CarRadiator",
        "TruckBattery",
        "SparkPlug",
        "KubanG1_wheel",
        "KubanG1_wheel",
        "KubanG1_WheelDouble",
        "KubanG1_WheelDouble",
        "KubanG1_doors_driver",
        "KubanG1_doors_cargo2",
        "KubanG1_doors_hood",
        "KubanG1_doors_trunk",
        "KubanG1_doors_trunk1",
        "KubanG1_wheel"
      ],
      "Variants": [
        "KubanG1_green"
      ]
    },
    {
      "ClassName": "KubanG1_green",
      "MaxPriceThreshold": 170000,
      "MinPriceThreshold": 170000,
      "SellPricePercent": -1,
      "MaxStockThreshold": 1,
      "MinStockThreshold": 1,
      "QuantityPercent": -1,
      "SpawnAttachments": [
        "HeadlightH7",
        "HeadlightH7",
        "CarRadiator",
        "TruckBattery",
        "SparkPlug",
        "KubanG1_wheel",
        "KubanG1_wheel",
        "KubanG1_WheelDouble",
        "KubanG1_WheelDouble",
        "KubanG1_doors_driver_green",
        "KubanG1_doors_cargo2_green",
        "KubanG1_doors_hood_green",
        "KubanG1_doors_trunk_green",
        "KubanG1_doors_trunk1",
        "KubanG1_wheel"
      ],
      "Variants": []
    },
    {
      "ClassName": "UAZ_3962",
      "MaxPriceThreshold": 150000,
      "MinPriceThreshold": 150000,
      "SellPricePercent": -1,
      "MaxStockThreshold": 1,
      "MinStockThreshold": 1,
      "QuantityPercent": -1,
      "SpawnAttachments": [
        "HeadlightH7",
        "HeadlightH7",
        "CarRadiator",
        "CarBattery",
        "SparkPlug",
        "UAZ_3962_wheel",
        "UAZ_3962_wheel",
        "UAZ_3962_wheel",
        "UAZ_3962_wheel",
        "UAZ_3962_doors_driver",
        "UAZ_3962_doors_codriver",
        "UAZ_3962_doors_cargo1",
        "UAZ_3962_doors_cargo2",
        "UAZ_3962_doors_trunk",
        "UAZ_3962_doors_hood",
        "UAZ_3962_wheel"
      ],
      "Variants": [
        "UAZ_3962_green",
        "UAZ_3962_MCHS",
        "UAZ_3962_VAI",
        "UAZ_3962_milicia"
      ]
    },
    {
      "ClassName": "UAZ_3962_green",
      "MaxPriceThreshold": 150000,
      "MinPriceThreshold": 150000,
      "SellPricePercent": -1,
      "MaxStockThreshold": 1,
      "MinStockThreshold": 1,
      "QuantityPercent": -1,
      "SpawnAttachments": [
        "HeadlightH7",
        "HeadlightH7",
        "CarRadiator",
        "CarBattery",
        "SparkPlug",
        "UAZ_3962_wheel",
        "UAZ_3962_wheel",
        "UAZ_3962_wheel",
        "UAZ_3962_wheel",
        "UAZ_3962_doors_driver_green",
        "UAZ_3962_doors_codriver_green",
        "UAZ_3962_doors_cargo1_green",
        "UAZ_3962_doors_cargo2_green",
        "UAZ_3962_doors_trunk_green",
        "UAZ_3962_doors_hood",
        "UAZ_3962_wheel"
      ],
      "Variants": []
    },
    {
      "ClassName": "UAZ_3962_MCHS",
      "MaxPriceThreshold": 150000,
      "MinPriceThreshold": 150000,
      "SellPricePercent": -1,
      "MaxStockThreshold": 1,
      "MinStockThreshold": 1,
      "QuantityPercent": -1,
      "SpawnAttachments": [
        "HeadlightH7",
        "HeadlightH7",
        "CarRadiator",
        "CarBattery",
        "SparkPlug",
        "UAZ_3962_wheel",
        "UAZ_3962_wheel",
        "UAZ_3962_wheel",
        "UAZ_3962_wheel",
        "UAZ_3962_doors_driver_MCHS",
        "UAZ_3962_doors_codriver_MCHS",
        "UAZ_3962_doors_cargo1_MCHS",
        "UAZ_3962_doors_cargo2_MCHS",
        "UAZ_3962_doors_trunk_MCHS",
        "UAZ_3962_doors_hood",
        "UAZ_3962_wheel"
      ],
      "Variants": []
    },
    {
      "ClassName": "UAZ_3962_VAI",
      "MaxPriceThreshold": 150000,
      "MinPriceThreshold": 150000,
      "SellPricePercent": -1,
      "MaxStockThreshold": 1,
      "MinStockThreshold": 1,
      "QuantityPercent": -1,
      "SpawnAttachments": [
        "HeadlightH7",
        "HeadlightH7",
        "CarRadiator",
        "CarBattery",
        "SparkPlug",
        "UAZ_3962_wheel",
        "UAZ_3962_wheel",
        "UAZ_3962_wheel",
        "UAZ_3962_wheel",
        "UAZ_3962_doors_driver_VAI",
        "UAZ_3962_doors_codriver_VAI",
        "UAZ_3962_doors_cargo1_VAI",
        "UAZ_3962_doors_cargo2_VAI",
        "UAZ_3962_doors_trunk_VAI",
        "UAZ_3962_doors_hood",
        "UAZ_3962_wheel"
      ],
      "Variants": []
    },
    {
      "ClassName": "UAZ_3962_milicia",
      "MaxPriceThreshold": 150000,
      "MinPriceThreshold": 150000,
      "SellPricePercent": -1,
      "MaxStockThreshold": 1,
      "MinStockThreshold": 1,
      "QuantityPercent": -1,
      "SpawnAttachments": [
        "HeadlightH7",
        "HeadlightH7",
        "CarRadiator",
        "CarBattery",
        "SparkPlug",
        "UAZ_3962_wheel",
        "UAZ_3962_wheel",
        "UAZ_3962_wheel",
        "UAZ_3962_wheel",
        "UAZ_3962_doors_driver_milicia",
        "UAZ_3962_doors_codriver_milicia",
        "UAZ_3962_doors_cargo1_milicia",
        "UAZ_3962_doors_cargo2_milicia",
        "UAZ_3962_doors_trunk_milicia",
        "UAZ_3962_doors_hood",
        "UAZ_3962_wheel"
      ],
      "Variants": []
    }
  ]
}