{
  "m_Version": 12,
  "DisplayName": "SUV's",
  "Icon": "Deliver",
  "Color": "FBFCFEFF",
  "IsExchange": 0,
  "InitStockPercent": 75,
  "Items": [
    {
      "ClassName": "expansion_landrover",
      "MaxPriceThreshold": 100000,
      "MinPriceThreshold": 100000,
      "SellPricePercent": -1,
      "MaxStockThreshold": 1,
      "MinStockThreshold": 1,
      "QuantityPercent": -1,
      "SpawnAttachments": [
        "expansion_landrover_hood",
        "expansion_landrover_driverdoor",
        "expansion_landrover_codriverdoor",
        "expansion_landrover_left",
        "expansion_landrover_right",
        "expansion_landrover_trunk",
        "carbattery",
        "carradiator",
        "sparkplug",
        "headlighth7",
        "headlighth7",
        "canistergasoline",
        "seachest",
        "woodencrate",
        "woodencrate",
        "woodencrate",
        "expansion_landrover_wheel",
        "expansion_landrover_wheel",
        "expansion_landrover_wheel",
        "expansion_landrover_wheel",
        "expansion_landrover_wheel"
      ],
      "Variants": []
    },
    {
      "ClassName": "F1_Pickup",
      "MaxPriceThreshold": 100000,
      "MinPriceThreshold": 100000,
      "SellPricePercent": -1,
      "MaxStockThreshold": 1,
      "MinStockThreshold": 1,
      "QuantityPercent": -1,
      "SpawnAttachments": [
        "HeadlightH7",
        "HeadlightH7",
        "CarRadiator",
        "CarBattery",
        "SparkPlug",
        "F1_Pickup_wheel",
        "F1_Pickup_wheel",
        "F1_Pickup_wheel",
        "F1_Pickup_wheel",
        "F1_Pickup_doors_driver",
        "F1_Pickup_doors_codriver",
        "F1_Pickup_doors_hood",
        "F1_Pickup_doors_trunk",
        "F1_Pickup_wheel"
      ],
      "Variants": [
        "F1_Pickup_green",
        "F1_Pickup_black"
      ]
    },
    {
      "ClassName": "F1_Pickup_green",
      "MaxPriceThreshold": 100000,
      "MinPriceThreshold": 100000,
      "SellPricePercent": -1,
      "MaxStockThreshold": 1,
      "MinStockThreshold": 1,
      "QuantityPercent": -1,
      "SpawnAttachments": [
        "HeadlightH7",
        "HeadlightH7",
        "CarRadiator",
        "CarBattery",
        "SparkPlug",
        "F1_Pickup_wheel",
        "F1_Pickup_wheel",
        "F1_Pickup_wheel",
        "F1_Pickup_wheel",
        "F1_Pickup_doors_driver_green",
        "F1_Pickup_doors_codriver_green",
        "F1_Pickup_doors_hood_green",
        "F1_Pickup_doors_trunk_green",
        "F1_Pickup_wheel"
      ],
      "Variants": []
    },
    {
      "ClassName": "F1_Pickup_black",
      "MaxPriceThreshold": 100000,
      "MinPriceThreshold": 100000,
      "SellPricePercent": -1,
      "MaxStockThreshold": 1,
      "MinStockThreshold": 1,
      "QuantityPercent": -1,
      "SpawnAttachments": [
        "HeadlightH7",
        "HeadlightH7",
        "CarRadiator",
        "CarBattery",
        "SparkPlug",
        "F1_Pickup_wheel",
        "F1_Pickup_wheel",
        "F1_Pickup_wheel",
        "F1_Pickup_wheel",
        "F1_Pickup_doors_driver_black",
        "F1_Pickup_doors_codriver_black",
        "F1_Pickup_doors_hood_black",
        "F1_Pickup_doors_trunk_black",
        "F1_Pickup_wheel"
      ],
      "Variants": []
    },
    {
      "ClassName": "Niva2329",
      "MaxPriceThreshold": 100000,
      "MinPriceThreshold": 100000,
      "SellPricePercent": -1,
      "MaxStockThreshold": 1,
      "MinStockThreshold": 1,
      "QuantityPercent": -1,
      "SpawnAttachments": [
        "HeadlightH7",
        "HeadlightH7",
        "CarRadiator",
        "CarBattery",
        "SparkPlug",
        "Niva2329_wheel",
        "Niva2329_wheel",
        "Niva2329_wheel",
        "Niva2329_wheel",
        "Niva2329_doors_driver",
        "Niva2329_doors_codriver",
        "Niva2329_doors_hood",
        "Niva2329_doors_trunk",
        "Niva2329_wheel"
      ],
      "Variants": [
        "Niva2329_camo"
      ]
    },
    {
      "ClassName": "Niva2329_camo",
      "MaxPriceThreshold": 100000,
      "MinPriceThreshold": 100000,
      "SellPricePercent": -1,
      "MaxStockThreshold": 1,
      "MinStockThreshold": 1,
      "QuantityPercent": -1,
      "SpawnAttachments": [
        "HeadlightH7",
        "HeadlightH7",
        "CarRadiator",
        "CarBattery",
        "SparkPlug",
        "Niva2329_wheel",
        "Niva2329_wheel",
        "Niva2329_wheel",
        "Niva2329_wheel",
        "Niva2329_doors_driver_camo",
        "Niva2329_doors_codriver_camo",
        "Niva2329_doors_hood_camo",
        "Niva2329_doors_trunk_camo",
        "Niva2329_wheel"
      ],
      "Variants": []
    },
    {
      "ClassName": "UAZ_3163",
      "MaxPriceThreshold": 100000,
      "MinPriceThreshold": 100000,
      "SellPricePercent": -1,
      "MaxStockThreshold": 1,
      "MinStockThreshold": 1,
      "QuantityPercent": -1,
      "SpawnAttachments": [
        "HeadlightH7",
        "HeadlightH7",
        "CarRadiator",
        "CarBattery",
        "SparkPlug",
        "UAZ_3163_wheel",
        "UAZ_3163_wheel",
        "UAZ_3163_wheel",
        "UAZ_3163_wheel",
        "UAZ_3163_doors_driver",
        "UAZ_3163_doors_codriver",
        "UAZ_3163_doors_cargo1",
        "UAZ_3163_doors_cargo2",
        "UAZ_3163_doors_hood",
        "UAZ_3163_doors_trunk",
        "UAZ_3163_wheel"
      ],
      "Variants": [
        "UAZ_3163_black",
        "UAZ_3163_Red",
        "UAZ_3163_blue",
        "UAZ_3163_green",
        "UAZ_3163_white",
        "UAZ_3163_gamekeeper",
        "UAZ_3163_Police",
        "UAZ_3163_MP",
        "UAZ_3163_MHS",
        "UAZ_3163_Fire",
        "UAZ_3163_Desert",
        "UAZ_3163_Ambulance",
        "UAZ_3163_AGS"
      ]
    },
    {
      "ClassName": "UAZ_3163_black",
      "MaxPriceThreshold": 100000,
      "MinPriceThreshold": 100000,
      "SellPricePercent": -1,
      "MaxStockThreshold": 1,
      "MinStockThreshold": 1,
      "QuantityPercent": -1,
      "SpawnAttachments": [
        "HeadlightH7",
        "HeadlightH7",
        "CarRadiator",
        "CarBattery",
        "SparkPlug",
        "UAZ_3163_wheel",
        "UAZ_3163_wheel",
        "UAZ_3163_wheel",
        "UAZ_3163_wheel",
        "UAZ_3163_doors_driver_black",
        "UAZ_3163_doors_codriver_black",
        "UAZ_3163_doors_cargo1_black",
        "UAZ_3163_doors_cargo2_black",
        "UAZ_3163_doors_hood_black",
        "UAZ_3163_doors_trunk_black",
        "UAZ_3163_wheel"
      ],
      "Variants": []
    },
    {
      "ClassName": "UAZ_3163_Red",
      "MaxPriceThreshold": 100000,
      "MinPriceThreshold": 100000,
      "SellPricePercent": -1,
      "MaxStockThreshold": 1,
      "MinStockThreshold": 1,
      "QuantityPercent": -1,
      "SpawnAttachments": [
        "HeadlightH7",
        "HeadlightH7",
        "CarRadiator",
        "CarBattery",
        "SparkPlug",
        "UAZ_3163_wheel",
        "UAZ_3163_wheel",
        "UAZ_3163_wheel",
        "UAZ_3163_wheel",
        "UAZ_3163_doors_driver_Red",
        "UAZ_3163_doors_codriver_Red",
        "UAZ_3163_doors_cargo1_Red",
        "UAZ_3163_doors_cargo2_Red",
        "UAZ_3163_doors_hood_Red",
        "UAZ_3163_doors_trunk_Red",
        "UAZ_3163_wheel"
      ],
      "Variants": []
    },
    {
      "ClassName": "UAZ_3163_blue",
      "MaxPriceThreshold": 100000,
      "MinPriceThreshold": 100000,
      "SellPricePercent": -1,
      "MaxStockThreshold": 1,
      "MinStockThreshold": 1,
      "QuantityPercent": -1,
      "SpawnAttachments": [
        "HeadlightH7",
        "HeadlightH7",
        "CarRadiator",
        "CarBattery",
        "SparkPlug",
        "UAZ_3163_wheel",
        "UAZ_3163_wheel",
        "UAZ_3163_wheel",
        "UAZ_3163_wheel",
        "UAZ_3163_doors_driver_blue",
        "UAZ_3163_doors_codriver_blue",
        "UAZ_3163_doors_cargo1_blue",
        "UAZ_3163_doors_cargo2_blue",
        "UAZ_3163_doors_hood_blue",
        "UAZ_3163_doors_trunk_blue",
        "UAZ_3163_wheel"
      ],
      "Variants": []
    },
    {
      "ClassName": "UAZ_3163_green",
      "MaxPriceThreshold": 100000,
      "MinPriceThreshold": 100000,
      "SellPricePercent": -1,
      "MaxStockThreshold": 1,
      "MinStockThreshold": 1,
      "QuantityPercent": -1,
      "SpawnAttachments": [
        "HeadlightH7",
        "HeadlightH7",
        "CarRadiator",
        "CarBattery",
        "SparkPlug",
        "UAZ_3163_wheel",
        "UAZ_3163_wheel",
        "UAZ_3163_wheel",
        "UAZ_3163_wheel",
        "UAZ_3163_doors_driver_green",
        "UAZ_3163_doors_codriver_green",
        "UAZ_3163_doors_cargo1_green",
        "UAZ_3163_doors_cargo2_green",
        "UAZ_3163_doors_hood_green",
        "UAZ_3163_doors_trunk_green",
        "UAZ_3163_wheel"
      ],
      "Variants": []
    },
    {
      "ClassName": "UAZ_3163_white",
      "MaxPriceThreshold": 100000,
      "MinPriceThreshold": 100000,
      "SellPricePercent": -1,
      "MaxStockThreshold": 1,
      "MinStockThreshold": 1,
      "QuantityPercent": -1,
      "SpawnAttachments": [
        "HeadlightH7",
        "HeadlightH7",
        "CarRadiator",
        "CarBattery",
        "SparkPlug",
        "UAZ_3163_wheel",
        "UAZ_3163_wheel",
        "UAZ_3163_wheel",
        "UAZ_3163_wheel",
        "UAZ_3163_doors_driver_white",
        "UAZ_3163_doors_codriver_white",
        "UAZ_3163_doors_cargo1_white",
        "UAZ_3163_doors_cargo2_white",
        "UAZ_3163_doors_hood_white",
        "UAZ_3163_doors_trunk_white",
        "UAZ_3163_wheel"
      ],
      "Variants": []
    },
    {
      "ClassName": "UAZ_3163_gamekeeper",
      "MaxPriceThreshold": 100000,
      "MinPriceThreshold": 100000,
      "SellPricePercent": -1,
      "MaxStockThreshold": 1,
      "MinStockThreshold": 1,
      "QuantityPercent": -1,
      "SpawnAttachments": [
        "HeadlightH7",
        "HeadlightH7",
        "CarRadiator",
        "CarBattery",
        "SparkPlug",
        "UAZ_3163_wheel",
        "UAZ_3163_wheel",
        "UAZ_3163_wheel",
        "UAZ_3163_wheel",
        "UAZ_3163_doors_driver_gamekeeper",
        "UAZ_3163_doors_codriver_gamekeeper",
        "UAZ_3163_doors_cargo1_gamekeeper",
        "UAZ_3163_doors_cargo2_gamekeeper",
        "UAZ_3163_doors_hood_gamekeeper",
        "UAZ_3163_doors_trunk_gamekeeper",
        "UAZ_3163_migalki",
        "UAZ_3163_wheel"
      ],
      "Variants": []
    },
    {
      "ClassName": "UAZ_3163_Police",
      "MaxPriceThreshold": 100000,
      "MinPriceThreshold": 100000,
      "SellPricePercent": -1,
      "MaxStockThreshold": 1,
      "MinStockThreshold": 1,
      "QuantityPercent": -1,
      "SpawnAttachments": [
        "HeadlightH7",
        "HeadlightH7",
        "CarRadiator",
        "CarBattery",
        "SparkPlug",
        "UAZ_3163_wheel",
        "UAZ_3163_wheel",
        "UAZ_3163_wheel",
        "UAZ_3163_wheel",
        "UAZ_3163_doors_driver_Police",
        "UAZ_3163_doors_codriver_Police",
        "UAZ_3163_doors_cargo1_Police",
        "UAZ_3163_doors_cargo2_Police",
        "UAZ_3163_doors_hood_Police",
        "UAZ_3163_doors_trunk_Police",
        "UAZ_3163_migalki",
        "UAZ_3163_wheel"
      ],
      "Variants": []
    },
    {
      "ClassName": "UAZ_3163_MP",
      "MaxPriceThreshold": 100000,
      "MinPriceThreshold": 100000,
      "SellPricePercent": -1,
      "MaxStockThreshold": 1,
      "MinStockThreshold": 1,
      "QuantityPercent": -1,
      "SpawnAttachments": [
        "HeadlightH7",
        "HeadlightH7",
        "CarRadiator",
        "CarBattery",
        "SparkPlug",
        "UAZ_3163_wheel",
        "UAZ_3163_wheel",
        "UAZ_3163_wheel",
        "UAZ_3163_wheel",
        "UAZ_3163_doors_driver_MP",
        "UAZ_3163_doors_codriver_MP",
        "UAZ_3163_doors_cargo1_MP",
        "UAZ_3163_doors_cargo2_MP",
        "UAZ_3163_doors_hood_MP",
        "UAZ_3163_doors_trunk_MP",
        "UAZ_3163_migalki",
        "UAZ_3163_wheel"
      ],
      "Variants": []
    },
    {
      "ClassName": "UAZ_3163_MHS",
      "MaxPriceThreshold": 100000,
      "MinPriceThreshold": 100000,
      "SellPricePercent": -1,
      "MaxStockThreshold": 1,
      "MinStockThreshold": 1,
      "QuantityPercent": -1,
      "SpawnAttachments": [
        "HeadlightH7",
        "HeadlightH7",
        "CarRadiator",
        "CarBattery",
        "SparkPlug",
        "UAZ_3163_wheel",
        "UAZ_3163_wheel",
        "UAZ_3163_wheel",
        "UAZ_3163_wheel",
        "UAZ_3163_doors_driver_MHS",
        "UAZ_3163_doors_codriver_MHS",
        "UAZ_3163_doors_cargo1_MHS",
        "UAZ_3163_doors_cargo2_MHS",
        "UAZ_3163_doors_hood_MHS",
        "UAZ_3163_doors_trunk_MHS",
        "UAZ_3163_migalki",
        "UAZ_3163_wheel"
      ],
      "Variants": []
    },
    {
      "ClassName": "UAZ_3163_Fire",
      "MaxPriceThreshold": 100000,
      "MinPriceThreshold": 100000,
      "SellPricePercent": -1,
      "MaxStockThreshold": 1,
      "MinStockThreshold": 1,
      "QuantityPercent": -1,
      "SpawnAttachments": [
        "HeadlightH7",
        "HeadlightH7",
        "CarRadiator",
        "CarBattery",
        "SparkPlug",
        "UAZ_3163_wheel",
        "UAZ_3163_wheel",
        "UAZ_3163_wheel",
        "UAZ_3163_wheel",
        "UAZ_3163_doors_driver_Fire",
        "UAZ_3163_doors_codriver_Fire",
        "UAZ_3163_doors_cargo1_Fire",
        "UAZ_3163_doors_cargo2_Fire",
        "UAZ_3163_doors_hood_Fire",
        "UAZ_3163_doors_trunk_Fire",
        "UAZ_3163_migalki",
        "UAZ_3163_wheel"
      ],
      "Variants": []
    },
    {
      "ClassName": "UAZ_3163_Desert",
      "MaxPriceThreshold": 100000,
      "MinPriceThreshold": 100000,
      "SellPricePercent": -1,
      "MaxStockThreshold": 1,
      "MinStockThreshold": 1,
      "QuantityPercent": -1,
      "SpawnAttachments": [
        "HeadlightH7",
        "HeadlightH7",
        "CarRadiator",
        "CarBattery",
        "SparkPlug",
        "UAZ_3163_wheel",
        "UAZ_3163_wheel",
        "UAZ_3163_wheel",
        "UAZ_3163_wheel",
        "UAZ_3163_doors_driver_Desert",
        "UAZ_3163_doors_codriver_Desert",
        "UAZ_3163_doors_cargo1_Desert",
        "UAZ_3163_doors_cargo2_Desert",
        "UAZ_3163_doors_hood_Desert",
        "UAZ_3163_doors_trunk_Desert",
        "UAZ_3163_wheel"
      ],
      "Variants": []
    },
    {
      "ClassName": "UAZ_3163_Ambulance",
      "MaxPriceThreshold": 100000,
      "MinPriceThreshold": 100000,
      "SellPricePercent": -1,
      "MaxStockThreshold": 1,
      "MinStockThreshold": 1,
      "QuantityPercent": -1,
      "SpawnAttachments": [
        "HeadlightH7",
        "HeadlightH7",
        "CarRadiator",
        "CarBattery",
        "SparkPlug",
        "UAZ_3163_wheel",
        "UAZ_3163_wheel",
        "UAZ_3163_wheel",
        "UAZ_3163_wheel",
        "UAZ_3163_doors_driver_Ambulance",
        "UAZ_3163_doors_codriver_Ambulance",
        "UAZ_3163_doors_cargo1_Ambulance",
        "UAZ_3163_doors_cargo2_Ambulance",
        "UAZ_3163_doors_hood_Ambulance",
        "UAZ_3163_doors_trunk_Ambulance",
        "UAZ_3163_migalki",
        "UAZ_3163_wheel"
      ],
      "Variants": []
    },
    {
      "ClassName": "UAZ_3163_AGS",
      "MaxPriceThreshold": 100000,
      "MinPriceThreshold": 100000,
      "SellPricePercent": -1,
      "MaxStockThreshold": 1,
      "MinStockThreshold": 1,
      "QuantityPercent": -1,
      "SpawnAttachments": [
        "HeadlightH7",
        "HeadlightH7",
        "CarRadiator",
        "CarBattery",
        "SparkPlug",
        "UAZ_3163_wheel",
        "UAZ_3163_wheel",
        "UAZ_3163_wheel",
        "UAZ_3163_wheel",
        "UAZ_3163_doors_driver_AGS",
        "UAZ_3163_doors_codriver_AGS",
        "UAZ_3163_doors_cargo1_AGS",
        "UAZ_3163_doors_cargo2_AGS",
        "UAZ_3163_doors_hood_AGS",
        "UAZ_3163_doors_trunk_AGS",
        "UAZ_3163_migalki_Orange",
        "UAZ_3163_wheel"
      ],
      "Variants": []
    },
    {
      "ClassName": "UAZ_3172",
      "MaxPriceThreshold": 100000,
      "MinPriceThreshold": 100000,
      "SellPricePercent": -1,
      "MaxStockThreshold": 1,
      "MinStockThreshold": 1,
      "QuantityPercent": -1,
      "SpawnAttachments": [
        "HeadlightH7",
        "HeadlightH7",
        "CarRadiator",
        "CarBattery",
        "SparkPlug",
        "UAZ_3172_wheel",
        "UAZ_3172_wheel",
        "UAZ_3172_wheel",
        "UAZ_3172_wheel",
        "UAZ_3172_doors_driver",
        "UAZ_3172_doors_codriver",
        "UAZ_3172_doors_cargo1",
        "UAZ_3172_doors_cargo2",
        "UAZ_3172_doors_hood",
        "UAZ_3172_doors_trunk",
        "UAZ_3172_wheel"
      ],
      "Variants": [
        "UAZ_3172_green",
        "UAZ_3172_camo_flora",
        "UAZ_3172_camo_Winter",
        "UAZ_3172_camo_Desert"
      ]
    },
    {
      "ClassName": "UAZ_3172_green",
      "MaxPriceThreshold": 100000,
      "MinPriceThreshold": 100000,
      "SellPricePercent": -1,
      "MaxStockThreshold": 1,
      "MinStockThreshold": 1,
      "QuantityPercent": -1,
      "SpawnAttachments": [
        "HeadlightH7",
        "HeadlightH7",
        "CarRadiator",
        "CarBattery",
        "SparkPlug",
        "UAZ_3172_wheel",
        "UAZ_3172_wheel",
        "UAZ_3172_wheel",
        "UAZ_3172_wheel",
        "UAZ_3172_doors_driver_green",
        "UAZ_3172_doors_codriver_green",
        "UAZ_3172_doors_cargo1_green",
        "UAZ_3172_doors_cargo2_green",
        "UAZ_3172_doors_hood_green",
        "UAZ_3172_doors_trunk_green",
        "UAZ_3172_wheel"
      ],
      "Variants": []
    },
    {
      "ClassName": "UAZ_3172_camo_flora",
      "MaxPriceThreshold": 100000,
      "MinPriceThreshold": 100000,
      "SellPricePercent": -1,
      "MaxStockThreshold": 1,
      "MinStockThreshold": 1,
      "QuantityPercent": -1,
      "SpawnAttachments": [
        "HeadlightH7",
        "HeadlightH7",
        "CarRadiator",
        "CarBattery",
        "SparkPlug",
        "UAZ_3172_wheel",
        "UAZ_3172_wheel",
        "UAZ_3172_wheel",
        "UAZ_3172_wheel",
        "UAZ_3172_doors_driver_camo_flora",
        "UAZ_3172_doors_codriver_camo_flora",
        "UAZ_3172_doors_cargo1_camo_flora",
        "UAZ_3172_doors_cargo2_camo_flora",
        "UAZ_3172_doors_hood_camo_flora",
        "UAZ_3172_doors_trunk_camo_flora",
        "UAZ_3172_wheel"
      ],
      "Variants": []
    },
    {
      "ClassName": "UAZ_3172_camo_Winter",
      "MaxPriceThreshold": 100000,
      "MinPriceThreshold": 100000,
      "SellPricePercent": -1,
      "MaxStockThreshold": 1,
      "MinStockThreshold": 1,
      "QuantityPercent": -1,
      "SpawnAttachments": [
        "HeadlightH7",
        "HeadlightH7",
        "CarRadiator",
        "CarBattery",
        "SparkPlug",
        "UAZ_3172_wheel",
        "UAZ_3172_wheel",
        "UAZ_3172_wheel",
        "UAZ_3172_wheel",
        "UAZ_3172_doors_driver_camo_Winter",
        "UAZ_3172_doors_codriver_camo_Winter",
        "UAZ_3172_doors_cargo1_camo_Winter",
        "UAZ_3172_doors_cargo2_camo_Winter",
        "UAZ_3172_doors_hood_camo_Winter",
        "UAZ_3172_doors_trunk_camo_Winter",
        "UAZ_3172_wheel"
      ],
      "Variants": []
    },
    {
      "ClassName": "UAZ_3172_camo_Desert",
      "MaxPriceThreshold": 100000,
      "MinPriceThreshold": 100000,
      "SellPricePercent": -1,
      "MaxStockThreshold": 1,
      "MinStockThreshold": 1,
      "QuantityPercent": -1,
      "SpawnAttachments": [
        "HeadlightH7",
        "HeadlightH7",
        "CarRadiator",
        "CarBattery",
        "SparkPlug",
        "UAZ_3172_wheel",
        "UAZ_3172_wheel",
        "UAZ_3172_wheel",
        "UAZ_3172_wheel",
        "UAZ_3172_doors_driver_camo_Desert",
        "UAZ_3172_doors_codriver_camo_Desert",
        "UAZ_3172_doors_cargo1_camo_Desert",
        "UAZ_3172_doors_cargo2_camo_Desert",
        "UAZ_3172_doors_hood_camo_Desert",
        "UAZ_3172_doors_trunk_camo_Desert",
        "UAZ_3172_wheel"
      ],
      "Variants": []
    },
    {
      "ClassName": "UAZ_Patrot_Pikap",
      "MaxPriceThreshold": 100000,
      "MinPriceThreshold": 100000,
      "SellPricePercent": -1,
      "MaxStockThreshold": 1,
      "MinStockThreshold": 1,
      "QuantityPercent": -1,
      "SpawnAttachments": [
        "HeadlightH7",
        "HeadlightH7",
        "CarRadiator",
        "CarBattery",
        "SparkPlug",
        "UAZ_Patrot_Pikap_wheel",
        "UAZ_Patrot_Pikap_wheel",
        "UAZ_Patrot_Pikap_wheel",
        "UAZ_Patrot_Pikap_wheel",
        "UAZ_Patrot_Pikap_doors_driver",
        "UAZ_Patrot_Pikap_doors_codriver",
        "UAZ_Patrot_Pikap_doors_cargo1",
        "UAZ_Patrot_Pikap_doors_cargo2",
        "UAZ_Patrot_Pikap_doors_hood",
        "UAZ_Patrot_Pikap_doors_trunk",
        "UAZ_Patrot_Pikap_wheel"
      ],
      "Variants": [
        "UAZ_Patrot_Pikap_Red",
        "UAZ_Patrot_Pikap_blue",
        "UAZ_Patrot_Pikap_green",
        "UAZ_Patrot_Pikap_white",
        "UAZ_Patrot_Pikap_camo_green"
      ]
    },
    {
      "ClassName": "UAZ_Patrot_Pikap_Red",
      "MaxPriceThreshold": 100000,
      "MinPriceThreshold": 100000,
      "SellPricePercent": -1,
      "MaxStockThreshold": 1,
      "MinStockThreshold": 1,
      "QuantityPercent": -1,
      "SpawnAttachments": [
        "HeadlightH7",
        "HeadlightH7",
        "CarRadiator",
        "CarBattery",
        "SparkPlug",
        "UAZ_Patrot_Pikap_wheel",
        "UAZ_Patrot_Pikap_wheel",
        "UAZ_Patrot_Pikap_wheel",
        "UAZ_Patrot_Pikap_wheel",
        "UAZ_Patrot_Pikap_doors_driver_Red",
        "UAZ_Patrot_Pikap_doors_codriver_Red",
        "UAZ_Patrot_Pikap_doors_cargo1_Red",
        "UAZ_Patrot_Pikap_doors_cargo2_Red",
        "UAZ_Patrot_Pikap_doors_hood_Red",
        "UAZ_Patrot_Pikap_doors_trunk_Red",
        "UAZ_Patrot_Pikap_wheel"
      ],
      "Variants": []
    },
    {
      "ClassName": "UAZ_Patrot_Pikap_blue",
      "MaxPriceThreshold": 100000,
      "MinPriceThreshold": 100000,
      "SellPricePercent": -1,
      "MaxStockThreshold": 1,
      "MinStockThreshold": 1,
      "QuantityPercent": -1,
      "SpawnAttachments": [
        "HeadlightH7",
        "HeadlightH7",
        "CarRadiator",
        "CarBattery",
        "SparkPlug",
        "UAZ_Patrot_Pikap_wheel",
        "UAZ_Patrot_Pikap_wheel",
        "UAZ_Patrot_Pikap_wheel",
        "UAZ_Patrot_Pikap_wheel",
        "UAZ_Patrot_Pikap_doors_driver_blue",
        "UAZ_Patrot_Pikap_doors_codriver_blue",
        "UAZ_Patrot_Pikap_doors_cargo1_blue",
        "UAZ_Patrot_Pikap_doors_cargo2_blue",
        "UAZ_Patrot_Pikap_doors_hood_blue",
        "UAZ_Patrot_Pikap_doors_trunk_blue",
        "UAZ_Patrot_Pikap_wheel"
      ],
      "Variants": []
    },
    {
      "ClassName": "UAZ_Patrot_Pikap_green",
      "MaxPriceThreshold": 100000,
      "MinPriceThreshold": 100000,
      "SellPricePercent": -1,
      "MaxStockThreshold": 1,
      "MinStockThreshold": 1,
      "QuantityPercent": -1,
      "SpawnAttachments": [
        "HeadlightH7",
        "HeadlightH7",
        "CarRadiator",
        "CarBattery",
        "SparkPlug",
        "UAZ_Patrot_Pikap_wheel",
        "UAZ_Patrot_Pikap_wheel",
        "UAZ_Patrot_Pikap_wheel",
        "UAZ_Patrot_Pikap_wheel",
        "UAZ_Patrot_Pikap_doors_driver_green",
        "UAZ_Patrot_Pikap_doors_codriver_green",
        "UAZ_Patrot_Pikap_doors_cargo1_green",
        "UAZ_Patrot_Pikap_doors_cargo2_green",
        "UAZ_Patrot_Pikap_doors_hood_green",
        "UAZ_Patrot_Pikap_doors_trunk_green",
        "UAZ_Patrot_Pikap_wheel"
      ],
      "Variants": []
    },
    {
      "ClassName": "UAZ_Patrot_Pikap_white",
      "MaxPriceThreshold": 100000,
      "MinPriceThreshold": 100000,
      "SellPricePercent": -1,
      "MaxStockThreshold": 1,
      "MinStockThreshold": 1,
      "QuantityPercent": -1,
      "SpawnAttachments": [
        "HeadlightH7",
        "HeadlightH7",
        "CarRadiator",
        "CarBattery",
        "SparkPlug",
        "UAZ_Patrot_Pikap_wheel",
        "UAZ_Patrot_Pikap_wheel",
        "UAZ_Patrot_Pikap_wheel",
        "UAZ_Patrot_Pikap_wheel",
        "UAZ_Patrot_Pikap_doors_driver_white",
        "UAZ_Patrot_Pikap_doors_codriver_white",
        "UAZ_Patrot_Pikap_doors_cargo1_white",
        "UAZ_Patrot_Pikap_doors_cargo2_white",
        "UAZ_Patrot_Pikap_doors_hood_white",
        "UAZ_Patrot_Pikap_doors_trunk_white",
        "UAZ_Patrot_Pikap_wheel"
      ],
      "Variants": []
    },
    {
      "ClassName": "UAZ_Patrot_Pikap_camo_green",
      "MaxPriceThreshold": 100000,
      "MinPriceThreshold": 100000,
      "SellPricePercent": -1,
      "MaxStockThreshold": 1,
      "MinStockThreshold": 1,
      "QuantityPercent": -1,
      "SpawnAttachments": [
        "HeadlightH7",
        "HeadlightH7",
        "CarRadiator",
        "CarBattery",
        "SparkPlug",
        "UAZ_Patrot_Pikap_wheel",
        "UAZ_Patrot_Pikap_wheel",
        "UAZ_Patrot_Pikap_wheel",
        "UAZ_Patrot_Pikap_wheel",
        "UAZ_Patrot_Pikap_doors_driver_camo_green",
        "UAZ_Patrot_Pikap_doors_codriver_camo_green",
        "UAZ_Patrot_Pikap_doors_cargo1_camo_green",
        "UAZ_Patrot_Pikap_doors_cargo2_camo_green",
        "UAZ_Patrot_Pikap_doors_hood_camo_green",
        "UAZ_Patrot_Pikap_doors_trunk_camo_green",
        "UAZ_Patrot_Pikap_wheel"
      ],
      "Variants": []
    },
    {
      "ClassName": "Van_Cybertruck",
      "MaxPriceThreshold": 80000,
      "MinPriceThreshold": 80000,
      "SellPricePercent": -1,
      "MaxStockThreshold": 1,
      "MinStockThreshold": 1,
      "QuantityPercent": -1,
      "SpawnAttachments": [
        "truckbattery",
        "headlighth7",
        "headlighth7",
        "Van_Cybertruck_Doors_Driver",
        "Van_Cybertruck_Doors_CoDriver",
        "Van_Cybertruck_Doors_Cargo1",
        "Van_Cybertruck_Doors_Cargo2",
        "Van_Cybertruck_Doors_Trunk",
        "Van_Cybertruck_Wheel",
        "Van_Cybertruck_Wheel",
        "Van_Cybertruck_Wheel",
        "Van_Cybertruck_Wheel"
      ],
      "Variants": []
    }
  ]
}