{
  "m_Version": 12,
  "DisplayName": "Tanks",
  "Icon": "Deliver",
  "Color": "FBFCFEFF",
  "IsExchange": 0,
  "InitStockPercent": 75,
  "Items": [
    {
      "ClassName": "T_34_76",
      "MaxPriceThreshold": 230000,
      "MinPriceThreshold": 230000,
      "SellPricePercent": -1,
      "MaxStockThreshold": 1,
      "MinStockThreshold": 1,
      "QuantityPercent": -1,
      "SpawnAttachments": [
        "T_34_76_wheel",
        "T_34_76_wheel",
        "T_34_76_wheel",
        "T_34_76_wheel",
        "T_34_76_wheel",
        "T_34_76_wheel",
        "T_34_76_wheel",
        "T_34_76_wheel",
        "T_34_76_wheel",
        "T_34_76_wheel",
        "truckbattery",
        "carradiator",
        "sparkplug",
        "T_34_76_doors_driver",
        "T_34_76_doors_cargo1",
        "T_34_76_doors_cargo2",
        "T_34_76_doors_trunk",
        "headlighth7",
        "headlighth7"
      ],
      "Variants": [
        "T_34_76_camo",
        "T_34_76_camo2"
      ]
    },
    {
      "ClassName": "PzKpfw_VI_Tiger",
      "MaxPriceThreshold": 250000,
      "MinPriceThreshold": 250000,
      "SellPricePercent": -1,
      "MaxStockThreshold": 1,
      "MinStockThreshold": 1,
      "QuantityPercent": -1,
      "SpawnAttachments": [
        "PzKpfw_VI_Tiger_wheel",
        "PzKpfw_VI_Tiger_wheel",
        "PzKpfw_VI_Tiger_wheel",
        "PzKpfw_VI_Tiger_wheel",
        "PzKpfw_VI_Tiger_wheel",
        "PzKpfw_VI_Tiger_wheel",
        "PzKpfw_VI_Tiger_wheel",
        "PzKpfw_VI_Tiger_wheel",
        "PzKpfw_VI_Tiger_wheel",
        "PzKpfw_VI_Tiger_wheel",
        "PzKpfw_VI_Tiger_wheel",
        "PzKpfw_VI_Tiger_wheel",
        "truckbattery",
        "carradiator",
        "sparkplug",
        "PzKpfw_VI_Tiger_doors_driver",
        "PzKpfw_VI_Tiger_doors_codriver",
        "PzKpfw_VI_Tiger_doors_cargo1",
        "PzKpfw_VI_Tiger_doors_cargo2",
        "PzKpfw_VI_Tiger_doors_hood",
        "PzKpfw_VI_Tiger_doors_trunk",
        "headlighth7",
        "headlighth7"
      ],
      "Variants": [
        "PzKpfw_VI_Tiger_camo",
        "PzKpfw_VI_Tiger_camo2",
        "PzKpfw_VI_Tiger_camo3"
      ]
    }
  ]
}