{
  "m_Version": 12,
  "DisplayName": "Cartridges",
  "Icon": "Deliver",
  "Color": "FBFCFEFF",
  "IsExchange": 0,
  "InitStockPercent": 75,
  "Items": [
    {
      "ClassName": "MB_MegaDriveCartridge_ComixZone",
      "MaxPriceThreshold": 1000,
      "MinPriceThreshold": 1000,
      "SellPricePercent": 100,
      "MaxStockThreshold": 1,
      "MinStockThreshold": 1,
      "QuantityPercent": -1,
      "SpawnAttachments": [],
      "Variants": [
        "MB_MegaDriveCartridge_ContraHardCorps",
        "MB_MegaDriveCartridge_EarthWormJim",
        "MB_MegaDriveCartridge_Ecco",
        "MB_MegaDriveCartridge_EternalChampions",
        "MB_MegaDriveCartridge_KidChameleon",
        "MB_MegaDriveCartridge_LightningForce",
        "MB_MegaDriveCartridge_MegaMan",
        "MB_MegaDriveCartridge_MoonWalker",
        "MB_MegaDriveCartridge_MortalKombat",
        "MB_MegaDriveCartridge_MortalKombat2",
        "MB_MegaDriveCartridge_MortalKombat3",
        "MB_MegaDriveCartridge_MutantLeagueFootball",
        "MB_MegaDriveCartridge_NBAJam",
        "MB_MegaDriveCartridge_PhantasyStariv",
        "MB_MegaDriveCartridge_RobocopvsTerminator",
        "MB_MegaDriveCartridge_ShadowRun",
        "MB_MegaDriveCartridge_ShiningForce2",
        "MB_MegaDriveCartridge_Shinobi3",
        "MB_MegaDriveCartridge_Sonic3",
        "MB_MegaDriveCartridge_SonicTheHedgehog",
        "MB_MegaDriveCartridge_SpaceHarrer2",
        "MB_MegaDriveCartridge_SplatterHouse3",
        "MB_MegaDriveCartridge_StreetFighter2",
        "MB_MegaDriveCartridge_StreetsOfRage2",
        "MB_MegaDriveCartridge_Strider",
        "MB_MegaDriveCartridge_ToeJamAndEarl",
        "MB_MegaDriveCartridge_TurtlesHyper",
        "MB_MegaDriveCartridge_UltMortalKombat3",
        "MB_MegaDriveCartridge_Vectorman",
        "MB_MegaDriveCartridge_WonderBoyInMonsterWorld",
        "MB_MegaDriveCartridge_ZombiesAteMyNeighbors",
        "MB_MegaDriveCartridge_sonic1",
        "MB_MegaDriveCartridge_GoldenAxe3",
        "MB_MegaDriveCartridge_MetalGearSolid",
        "MB_MegaDriveCartridge_ResidentEvil",
        "MB_MegaDriveCartridge_AlexKidd",
        "MB_MegaDriveCartridge_alisiadragon",
        "MB_MegaDriveCartridge_alteredbeast",
        "MB_MegaDriveCartridge_beyondoasis",
        "MB_MegaDriveCartridge_beyondoasis",
        "MB_MegaDriveCartridge_castlevaniabloodlines",
        "MB_MegaDriveCartridge_columns",
        "MB_MegaDriveCartridge_goldenaxe",
        "MB_MegaDriveCartridge_gunstarheroes",
        "MB_MegaDriveCartridge_mickeymousecstle"
      ]
    },
    {
      "ClassName": "MB_NesCartridge_abadox",
      "MaxPriceThreshold": 1000,
      "MinPriceThreshold": 1000,
      "SellPricePercent": 100,
      "MaxStockThreshold": 1,
      "MinStockThreshold": 1,
      "QuantityPercent": -1,
      "SpawnAttachments": [],
      "Variants": [
        "MB_NesCartridge_contra",
        "MB_NesCartridge_dragonspirit",
        "MB_NesCartridge_dragonspirit",
        "MB_NesCartridge_marblemadness",
        "MB_NesCartridge_mario2",
        "MB_NesCartridge_metalgear",
        "MB_NesCartridge_turtlesarcade",
        "MB_NesCartridge_punchout",
        "MB_NesCartridge_ducktales"
      ]
    }
  ]
}