{
  "m_Version": 12,
  "DisplayName": "Collectibles",
  "Icon": "Deliver",
  "Color": "FBFCFEFF",
  "IsExchange": 0,
  "InitStockPercent": 75,
  "Items": [
    {
      "ClassName": "mb_DarkHelmet",
      "MaxPriceThreshold": 1000,
      "MinPriceThreshold": 1000,
      "SellPricePercent": 100,
      "MaxStockThreshold": 1,
      "MinStockThreshold": 1,
      "QuantityPercent": -1,
      "SpawnAttachments": [],
      "Variants": [
        "mb_WalterWhite",
        "mb_BoyLegoHead",
        "mb_GirlLegoHead",
        "mb_SkeleLegoHead",
        "mb_ZombieLegoHead",
        "mb_BeardLegoHead",
        "mb_BeardLegoHead",
        "mb_SerpzLegoHead"
      ]
    },
    {
      "ClassName": "MB_Rubix",
      "MaxPriceThreshold": 1000,
      "MinPriceThreshold": 1000,
      "SellPricePercent": -1,
      "MaxStockThreshold": 1,
      "MinStockThreshold": 1,
      "QuantityPercent": -1,
      "SpawnAttachments": [],
      "Variants": [
        "MB_NesControl",
        "MB_BopIt",
        "MB_NokiaHammer",
        "MB_Tamagotchi",
        "MB_PoolBall"
      ]
    },
    {
      "ClassName": "mmg_ca_card_stary",
      "MaxPriceThreshold": 1000,
      "MinPriceThreshold": 1000,
      "SellPricePercent": 100,
      "MaxStockThreshold": 1,
      "MinStockThreshold": 1,
      "QuantityPercent": -1,
      "SpawnAttachments": [],
      "Variants": [
        "mmg_ca_card_novo",
        "mmg_ca_card_cherno",
        "mmg_ca_card_severo",
        "mmg_ca_card_elektro",
        "mmg_ca_card_fnx45",
        "mmg_ca_card_mlock19",
        "mmg_ca_card_skg5",
        "mmg_ca_card_usg45",
        "mmg_ca_card_akm",
        "mmg_ca_card_akm",
        "mmg_ca_card_aur",
        "mmg_ca_card_bk43",
        "mmg_ca_card_blaze",
        "mmg_ca_card_m4",
        "mmg_ca_card_mosin",
        "mmg_ca_card_savanna",
        "mmg_ca_card_tundra",
        "mmg_ca_card_deagle",
        "mmg_ca_card_lar",
        "mmg_card_display",
        "mmg_newspaper_one",
        "mmg_floppy_disc_one",
        "mmg_floppy_disc_two",
        "mmg_floppy_disc_three",
        "mmg_tactical_watch_black",
        "mmg_tactical_watch_green",
        "mmg_tactical_watch_tan"
      ]
    }
  ]
}