{
  "m_Version": 12,
  "DisplayName": "DNA Parts",
  "Icon": "Deliver",
  "Color": "FBFCFEFF",
  "IsExchange": 0,
  "InitStockPercent": 75,
  "Items": [
    {
      "ClassName": "DNA_Solder_Kit",
      "MaxPriceThreshold": 10000,
      "MinPriceThreshold": 10000,
      "SellPricePercent": -1,
      "MaxStockThreshold": 0,
      "MinStockThreshold": 0,
      "QuantityPercent": -1,
      "SpawnAttachments": [],
      "Variants": []
    },
    {
      "ClassName": "DNA_HelpingHands_Kit",
      "MaxPriceThreshold": 10000,
      "MinPriceThreshold": 10000,
      "SellPricePercent": -1,
      "MaxStockThreshold": 0,
      "MinStockThreshold": 0,
      "QuantityPercent": -1,
      "SpawnAttachments": [],
      "Variants": []
    },
    {
      "ClassName": "DNA_Battery_40v",
      "MaxPriceThreshold": 10000,
      "MinPriceThreshold": 10000,
      "SellPricePercent": -1,
      "MaxStockThreshold": 0,
      "MinStockThreshold": 0,
      "QuantityPercent": -1,
      "SpawnAttachments": [],
      "Variants": []
    },
	    {
      "ClassName": "DNA_Laptop",
      "MaxPriceThreshold": 15000,
      "MinPriceThreshold": 15000,
      "SellPricePercent": -1,
      "MaxStockThreshold": 0,
      "MinStockThreshold": 0,
      "QuantityPercent": -1,
      "SpawnAttachments": [],
      "Variants": []
    },
	{
      "ClassName": "DNA_Solder",
      "MaxPriceThreshold": 4000,
      "MinPriceThreshold": 4000,
      "SellPricePercent": -1,
      "MaxStockThreshold": 1,
      "MinStockThreshold": 1,
      "QuantityPercent": -1,
      "SpawnAttachments": [],
      "Variants": []
    },
	{
      "ClassName": "DNA_Flux",
      "MaxPriceThreshold": 4000,
      "MinPriceThreshold": 4000,
      "SellPricePercent": -1,
      "MaxStockThreshold": 1,
      "MinStockThreshold": 1,
      "QuantityPercent": -1,
      "SpawnAttachments": [],
      "Variants": []
    },
    {
      "ClassName": "DNA_Bolts",
      "MaxPriceThreshold": 2500,
      "MinPriceThreshold": 2500,
      "SellPricePercent": -1,
      "MaxStockThreshold": 0,
      "MinStockThreshold": 0,
      "QuantityPercent": -1,
      "SpawnAttachments": [],
      "Variants": []
    },
	{
      "ClassName": "DNA_Workbench_Kit",
      "MaxPriceThreshold": 10000,
      "MinPriceThreshold": 10000,
      "SellPricePercent": -1,
      "MaxStockThreshold": 0,
      "MinStockThreshold": 0,
      "QuantityPercent": -1,
      "SpawnAttachments": [],
      "Variants": []
    },
	{
      "ClassName": "DNA_CardReader",
      "MaxPriceThreshold": 10000,
      "MinPriceThreshold": 10000,
      "SellPricePercent": -1,
      "MaxStockThreshold": 0,
      "MinStockThreshold": 0,
      "QuantityPercent": -1,
      "SpawnAttachments": [],
      "Variants": []
    }
  ]
}