{
  "m_Version": 12,
  "DisplayName": "Drinks",
  "Icon": "Deliver",
  "Color": "FBFCFEFF",
  "IsExchange": 0,
  "InitStockPercent": 75,
  "Items": [
    {
      "ClassName": "sodacan_pipsi",
      "MaxPriceThreshold": 1005,
      "MinPriceThreshold": 605,
      "SellPricePercent": -1,
      "MaxStockThreshold": 1,
      "MinStockThreshold": 1,
      "QuantityPercent": -1,
      "SpawnAttachments": [],
      "Variants": []
    },
    {
      "ClassName": "sodacan_cola",
      "MaxPriceThreshold": 1005,
      "MinPriceThreshold": 605,
      "SellPricePercent": -1,
      "MaxStockThreshold": 1,
      "MinStockThreshold": 1,
      "QuantityPercent": -1,
      "SpawnAttachments": [],
      "Variants": []
    },
    {
      "ClassName": "sodacan_spite",
      "MaxPriceThreshold": 1005,
      "MinPriceThreshold": 605,
      "SellPricePercent": -1,
      "MaxStockThreshold": 1,
      "MinStockThreshold": 1,
      "QuantityPercent": -1,
      "SpawnAttachments": [],
      "Variants": []
    },
    {
      "ClassName": "sodacan_kvass",
      "MaxPriceThreshold": 1005,
      "MinPriceThreshold": 605,
      "SellPricePercent": -1,
      "MaxStockThreshold": 1,
      "MinStockThreshold": 1,
      "QuantityPercent": -1,
      "SpawnAttachments": [],
      "Variants": []
    },
    {
      "ClassName": "sodacan_fronta",
      "MaxPriceThreshold": 1005,
      "MinPriceThreshold": 605,
      "SellPricePercent": -1,
      "MaxStockThreshold": 1,
      "MinStockThreshold": 1,
      "QuantityPercent": -1,
      "SpawnAttachments": [],
      "Variants": []
    },
    {
      "ClassName": "waterbottle",
      "MaxPriceThreshold": 1005,
      "MinPriceThreshold": 605,
      "SellPricePercent": -1,
      "MaxStockThreshold": 1,
      "MinStockThreshold": 1,
      "QuantityPercent": -1,
      "SpawnAttachments": [],
      "Variants": []
    },
    {
      "ClassName": "canteen",
      "MaxPriceThreshold": 1210,
      "MinPriceThreshold": 725,
      "SellPricePercent": -1,
      "MaxStockThreshold": 1,
      "MinStockThreshold": 1,
      "QuantityPercent": -1,
      "SpawnAttachments": [],
      "Variants": []
    },
    {
      "ClassName": "glassbottle",
      "MaxPriceThreshold": 220,
      "MinPriceThreshold": 130,
      "SellPricePercent": -1,
      "MaxStockThreshold": 1,
      "MinStockThreshold": 1,
      "QuantityPercent": -1,
      "SpawnAttachments": [],
      "Variants": []
    },
    {
      "ClassName": "filteringbottle",
      "MaxPriceThreshold": 240,
      "MinPriceThreshold": 145,
      "SellPricePercent": -1,
      "MaxStockThreshold": 1,
      "MinStockThreshold": 1,
      "QuantityPercent": -1,
      "SpawnAttachments": [],
      "Variants": []
    },
    {
      "ClassName": "expansionmilkbottle",
      "MaxPriceThreshold": 220,
      "MinPriceThreshold": 130,
      "SellPricePercent": -1,
      "MaxStockThreshold": 1,
      "MinStockThreshold": 1,
      "QuantityPercent": -1,
      "SpawnAttachments": [],
      "Variants": []
    }
  ]
}