{
  "m_Version": 12,
  "DisplayName": "DrugsPlus",
  "Icon": "Deliver",
  "Color": "FBFCFEFF",
  "IsExchange": 0,
  "InitStockPercent": 40,
  "Items": [
    {
      "ClassName": "DP_CocaSeedsPack",
      "MaxPriceThreshold": 5000,
      "MinPriceThreshold": 5000,
      "SellPricePercent": -1,
      "MaxStockThreshold": 1,
      "MinStockThreshold": 1,
      "QuantityPercent": -1,
      "SpawnAttachments": [],
      "Variants": []
    },
    {
      "ClassName": "DP_CocaBag",
      "MaxPriceThreshold": 2285,
      "MinPriceThreshold": 2285,
      "SellPricePercent": -1,
      "MaxStockThreshold": 1,
      "MinStockThreshold": 1,
      "QuantityPercent": -1,
      "SpawnAttachments": [],
      "Variants": []
    },
    {
      "ClassName": "DP_CocaBrick",
      "MaxPriceThreshold": 90000,
      "MinPriceThreshold": 90000,
      "SellPricePercent": 100,
      "MaxStockThreshold": 1,
      "MinStockThreshold": 1,
      "QuantityPercent": -1,
      "SpawnAttachments": [],
      "Variants": []
    }
  ]
}