{
  "m_Version": 12,
  "DisplayName": "Face",
  "Icon": "Deliver",
  "Color": "FBFCFEFF",
  "IsExchange": 0,
  "InitStockPercent": 75,
  "Items": [
    {
      "ClassName": "bandana_redpattern",
      "MaxPriceThreshold": 600,
      "MinPriceThreshold": 400,
      "SellPricePercent": -1,
      "MaxStockThreshold": 1,
      "MinStockThreshold": 1,
      "QuantityPercent": -1,
      "SpawnAttachments": [],
      "Variants": [
        "bandana_pink",
        "bandana_yellow",
        "bandana_redpattern",
        "bandana_blue",
        "bandana_polkapattern"
      ]
    },
    {
      "ClassName": "bandana_greenpattern",
      "MaxPriceThreshold": 1895,
      "MinPriceThreshold": 1135,
      "SellPricePercent": -1,
      "MaxStockThreshold": 1,
      "MinStockThreshold": 1,
      "QuantityPercent": -1,
      "SpawnAttachments": [],
      "Variants": []
    },
    {
      "ClassName": "bandana_camopattern",
      "MaxPriceThreshold": 1895,
      "MinPriceThreshold": 1135,
      "SellPricePercent": -1,
      "MaxStockThreshold": 1,
      "MinStockThreshold": 1,
      "QuantityPercent": -1,
      "SpawnAttachments": [],
      "Variants": []
    },
    {
      "ClassName": "bandana_blackpattern",
      "MaxPriceThreshold": 1895,
      "MinPriceThreshold": 1135,
      "SellPricePercent": -1,
      "MaxStockThreshold": 1,
      "MinStockThreshold": 1,
      "QuantityPercent": -1,
      "SpawnAttachments": [],
      "Variants": []
    },
    {
      "ClassName": "sportglasses_orange",
      "MaxPriceThreshold": 430,
      "MinPriceThreshold": 260,
      "SellPricePercent": -1,
      "MaxStockThreshold": 1,
      "MinStockThreshold": 1,
      "QuantityPercent": -1,
      "SpawnAttachments": [],
      "Variants": [
        "sportglasses_blue",
        "sportglasses_black",
        "sportglasses_green"
      ]
    },
    {
      "ClassName": "sportglasses_blue",
      "MaxPriceThreshold": 430,
      "MinPriceThreshold": 260,
      "SellPricePercent": -1,
      "MaxStockThreshold": 1,
      "MinStockThreshold": 1,
      "QuantityPercent": -1,
      "SpawnAttachments": [],
      "Variants": []
    },
    {
      "ClassName": "sportglasses_black",
      "MaxPriceThreshold": 430,
      "MinPriceThreshold": 260,
      "SellPricePercent": -1,
      "MaxStockThreshold": 1,
      "MinStockThreshold": 1,
      "QuantityPercent": -1,
      "SpawnAttachments": [],
      "Variants": []
    },
    {
      "ClassName": "sportglasses_green",
      "MaxPriceThreshold": 430,
      "MinPriceThreshold": 260,
      "SellPricePercent": -1,
      "MaxStockThreshold": 1,
      "MinStockThreshold": 1,
      "QuantityPercent": -1,
      "SpawnAttachments": [],
      "Variants": []
    },
    {
      "ClassName": "thinframesglasses",
      "MaxPriceThreshold": 350,
      "MinPriceThreshold": 210,
      "SellPricePercent": -1,
      "MaxStockThreshold": 1,
      "MinStockThreshold": 1,
      "QuantityPercent": -1,
      "SpawnAttachments": [],
      "Variants": []
    },
    {
      "ClassName": "thickframesglasses",
      "MaxPriceThreshold": 350,
      "MinPriceThreshold": 210,
      "SellPricePercent": -1,
      "MaxStockThreshold": 1,
      "MinStockThreshold": 1,
      "QuantityPercent": -1,
      "SpawnAttachments": [],
      "Variants": []
    },
    {
      "ClassName": "designerglasses",
      "MaxPriceThreshold": 455,
      "MinPriceThreshold": 275,
      "SellPricePercent": -1,
      "MaxStockThreshold": 1,
      "MinStockThreshold": 1,
      "QuantityPercent": -1,
      "SpawnAttachments": [],
      "Variants": []
    },
    {
      "ClassName": "aviatorglasses",
      "MaxPriceThreshold": 840,
      "MinPriceThreshold": 505,
      "SellPricePercent": -1,
      "MaxStockThreshold": 1,
      "MinStockThreshold": 1,
      "QuantityPercent": -1,
      "SpawnAttachments": [],
      "Variants": []
    },
    {
      "ClassName": "tacticalgoggles",
      "MaxPriceThreshold": 9150,
      "MinPriceThreshold": 5490,
      "SellPricePercent": -1,
      "MaxStockThreshold": 1,
      "MinStockThreshold": 1,
      "QuantityPercent": -1,
      "SpawnAttachments": [],
      "Variants": []
    },
    {
      "ClassName": "skigoggles_blackyellow",
      "MaxPriceThreshold": 240,
      "MinPriceThreshold": 145,
      "SellPricePercent": -1,
      "MaxStockThreshold": 1,
      "MinStockThreshold": 1,
      "QuantityPercent": -1,
      "SpawnAttachments": [],
      "Variants": [
        "skigoggles_whiteclear",
        "skigoggles_whitedark"
      ]
    },
    {
      "ClassName": "eyemask_black",
      "MaxPriceThreshold": 590,
      "MinPriceThreshold": 355,
      "SellPricePercent": -1,
      "MaxStockThreshold": 1,
      "MinStockThreshold": 1,
      "QuantityPercent": -1,
      "SpawnAttachments": [],
      "Variants": [
        "eyemask_blue",
        "eyemask_christmas",
        "eyemask_dead",
        "eyemask_newyears",
        "eyemask_red",
        "eyemask_valentines",
        "eyemask_yellow"
      ]
    },
    {
      "ClassName": "Ragged_Eyepatch",
      "MaxPriceThreshold": 1280,
      "MinPriceThreshold": 765,
      "SellPricePercent": -1,
      "MaxStockThreshold": 1,
      "MinStockThreshold": 1,
      "QuantityPercent": -1,
      "SpawnAttachments": [],
      "Variants": []
    },
    {
      "ClassName": "surgicalmask",
      "MaxPriceThreshold": 1045,
      "MinPriceThreshold": 625,
      "SellPricePercent": -1,
      "MaxStockThreshold": 1,
      "MinStockThreshold": 1,
      "QuantityPercent": -1,
      "SpawnAttachments": [],
      "Variants": []
    },
    {
      "ClassName": "nioshfacemask",
      "MaxPriceThreshold": 935,
      "MinPriceThreshold": 560,
      "SellPricePercent": -1,
      "MaxStockThreshold": 1,
      "MinStockThreshold": 1,
      "QuantityPercent": -1,
      "SpawnAttachments": [],
      "Variants": []
    },
    {
      "ClassName": "hockeymask",
      "MaxPriceThreshold": 340,
      "MinPriceThreshold": 205,
      "SellPricePercent": -1,
      "MaxStockThreshold": 1,
      "MinStockThreshold": 1,
      "QuantityPercent": -1,
      "SpawnAttachments": [],
      "Variants": []
    },
    {
      "ClassName": "shemag_brown",
      "MaxPriceThreshold": 115,
      "MinPriceThreshold": 70,
      "SellPricePercent": -1,
      "MaxStockThreshold": 1,
      "MinStockThreshold": 1,
      "QuantityPercent": -1,
      "SpawnAttachments": [],
      "Variants": [
        "shemag_green",
        "shemag_red",
        "shemag_white"
      ]
    },
    {
      "ClassName": "balaclavamask_beige",
      "MaxPriceThreshold": 2070,
      "MinPriceThreshold": 1245,
      "SellPricePercent": -1,
      "MaxStockThreshold": 1,
      "MinStockThreshold": 1,
      "QuantityPercent": -1,
      "SpawnAttachments": [],
      "Variants": [
        "balaclavamask_blue",
        "balaclavamask_pink",
        "balaclavamask_white",
        "balaclavamask_blackskull",
        "balaclavamask_black",
        "balaclavamask_green",
        "balaclavamask_bdu",
        "balaclavamask_chain",
        "balaclavamask_pig"
      ]
    },
    {
      "ClassName": "balaclavamask_blackskull",
      "MaxPriceThreshold": 11845,
      "MinPriceThreshold": 7105,
      "SellPricePercent": -1,
      "MaxStockThreshold": 1,
      "MinStockThreshold": 1,
      "QuantityPercent": -1,
      "SpawnAttachments": [],
      "Variants": []
    },
    {
      "ClassName": "balaclavamask_black",
      "MaxPriceThreshold": 3525,
      "MinPriceThreshold": 2115,
      "SellPricePercent": -1,
      "MaxStockThreshold": 1,
      "MinStockThreshold": 1,
      "QuantityPercent": -1,
      "SpawnAttachments": [],
      "Variants": []
    },
    {
      "ClassName": "balaclavamask_green",
      "MaxPriceThreshold": 2905,
      "MinPriceThreshold": 1745,
      "SellPricePercent": -1,
      "MaxStockThreshold": 1,
      "MinStockThreshold": 1,
      "QuantityPercent": -1,
      "SpawnAttachments": [],
      "Variants": []
    },
    {
      "ClassName": "balaclavamask_bdu",
      "MaxPriceThreshold": 11745,
      "MinPriceThreshold": 7045,
      "SellPricePercent": -1,
      "MaxStockThreshold": 1,
      "MinStockThreshold": 1,
      "QuantityPercent": -1,
      "SpawnAttachments": [],
      "Variants": []
    },
    {
      "ClassName": "balaclava3holes_beige",
      "MaxPriceThreshold": 1675,
      "MinPriceThreshold": 1005,
      "SellPricePercent": -1,
      "MaxStockThreshold": 1,
      "MinStockThreshold": 1,
      "QuantityPercent": -1,
      "SpawnAttachments": [],
      "Variants": [
        "balaclava3holes_blue",
        "balaclava3holes_black",
        "balaclava3holes_green",
        "balaclava3holes_white"
      ]
    },
    {
      "ClassName": "balaclava3holes_black",
      "MaxPriceThreshold": 3065,
      "MinPriceThreshold": 1840,
      "SellPricePercent": -1,
      "MaxStockThreshold": 1,
      "MinStockThreshold": 1,
      "QuantityPercent": -1,
      "SpawnAttachments": [],
      "Variants": []
    },
    {
      "ClassName": "balaclava3holes_green",
      "MaxPriceThreshold": 2410,
      "MinPriceThreshold": 1445,
      "SellPricePercent": -1,
      "MaxStockThreshold": 1,
      "MinStockThreshold": 1,
      "QuantityPercent": -1,
      "SpawnAttachments": [],
      "Variants": []
    },
    {
      "ClassName": "balaclava3holes_white",
      "MaxPriceThreshold": 1090,
      "MinPriceThreshold": 655,
      "SellPricePercent": -1,
      "MaxStockThreshold": 1,
      "MinStockThreshold": 1,
      "QuantityPercent": -1,
      "SpawnAttachments": [],
      "Variants": []
    },
    {
      "ClassName": "weldingmask",
      "MaxPriceThreshold": 835,
      "MinPriceThreshold": 500,
      "SellPricePercent": -1,
      "MaxStockThreshold": 1,
      "MinStockThreshold": 1,
      "QuantityPercent": -1,
      "SpawnAttachments": [],
      "Variants": []
    },
    {
      "ClassName": "gasmask",
      "MaxPriceThreshold": 5120,
      "MinPriceThreshold": 3070,
      "SellPricePercent": -1,
      "MaxStockThreshold": 1,
      "MinStockThreshold": 1,
      "QuantityPercent": -1,
      "SpawnAttachments": [],
      "Variants": []
    },
    {
      "ClassName": "gp5gasmask",
      "MaxPriceThreshold": 11845,
      "MinPriceThreshold": 7105,
      "SellPricePercent": -1,
      "MaxStockThreshold": 1,
      "MinStockThreshold": 1,
      "QuantityPercent": -1,
      "SpawnAttachments": [
        "gasmask_filter"
      ],
      "Variants": []
    },
    {
      "ClassName": "airbornemask",
      "MaxPriceThreshold": 765,
      "MinPriceThreshold": 460,
      "SellPricePercent": -1,
      "MaxStockThreshold": 1,
      "MinStockThreshold": 1,
      "QuantityPercent": -1,
      "SpawnAttachments": [
        "gasmask_filter"
      ],
      "Variants": []
    },
    {
      "ClassName": "mimemask_female",
      "MaxPriceThreshold": 590,
      "MinPriceThreshold": 355,
      "SellPricePercent": -1,
      "MaxStockThreshold": 1,
      "MinStockThreshold": 1,
      "QuantityPercent": -1,
      "SpawnAttachments": [],
      "Variants": [
        "mimemask_male"
      ]
    },
    {
      "ClassName": "Plague_Mask",
      "MaxPriceThreshold": 1280,
      "MinPriceThreshold": 765,
      "SellPricePercent": -1,
      "MaxStockThreshold": 1,
      "MinStockThreshold": 1,
      "QuantityPercent": -1,
      "SpawnAttachments": [],
      "Variants": []
    },
    {
      "ClassName": "PMK_5A_Gas_Mask",
      "MaxPriceThreshold": 1280,
      "MinPriceThreshold": 765,
      "SellPricePercent": -1,
      "MaxStockThreshold": 1,
      "MinStockThreshold": 1,
      "QuantityPercent": -1,
      "SpawnAttachments": [],
      "Variants": []
    },
    {
      "ClassName": "mm_shemagh1_green",
      "MaxPriceThreshold": 500,
      "MinPriceThreshold": 500,
      "SellPricePercent": 30,
      "MaxStockThreshold": 1,
      "MinStockThreshold": 1,
      "QuantityPercent": 0,
      "SpawnAttachments": [],
      "Variants": [
        "mm_shemagh1_red",
        "mm_shemagh1_blackgold",
        "mm_shemagh1_black",
        "mm_shemagh1_khaki"
      ]
    },
    {
      "ClassName": "mm_shemagh2_green",
      "MaxPriceThreshold": 500,
      "MinPriceThreshold": 500,
      "SellPricePercent": 10,
      "MaxStockThreshold": 1,
      "MinStockThreshold": 1,
      "QuantityPercent": -1,
      "SpawnAttachments": [],
      "Variants": [
        "mm_shemagh2_red",
        "mm_shemagh2_grey",
        "mm_shemagh2_khaki"
      ]
    },
    {
      "ClassName": "mm_neck_gaiter_green",
      "MaxPriceThreshold": 500,
      "MinPriceThreshold": 500,
      "SellPricePercent": 10,
      "MaxStockThreshold": 1,
      "MinStockThreshold": 1,
      "QuantityPercent": -1,
      "SpawnAttachments": [],
      "Variants": [
        "mm_neck_gaiter_red",
        "mm_neck_gaiter_grey",
        "mm_neck_gaiter_khaki"
      ]
    },
    {
      "ClassName": "FOG_HalfMask_Grey",
      "MaxPriceThreshold": 500,
      "MinPriceThreshold": 500,
      "SellPricePercent": 10,
      "MaxStockThreshold": 1,
      "MinStockThreshold": 1,
      "QuantityPercent": -1,
      "SpawnAttachments": [],
      "Variants": [
        "FOG_HalfMask_Black",
        "FOG_HalfMask_White",
        "FOG_HalfMask_RG",
        "FOG_HalfMask_CB"
      ]
    },
    {
      "ClassName": "FOG_Arcteryx_Balaclava_CB",
      "MaxPriceThreshold": 500,
      "MinPriceThreshold": 500,
      "SellPricePercent": 10,
      "MaxStockThreshold": 1,
      "MinStockThreshold": 1,
      "QuantityPercent": -1,
      "SpawnAttachments": [],
      "Variants": [
        "FOG_Arcteryx_Balaclava_RG",
        "FOG_Arcteryx_Balaclava_Grey",
        "FOG_Arcteryx_Balaclava_Black",
        "FOG_Arcteryx_Balaclava_White"
      ]
    },
    {
      "ClassName": "FOG_AVONM53_Black",
      "MaxPriceThreshold": 500,
      "MinPriceThreshold": 500,
      "SellPricePercent": 10,
      "MaxStockThreshold": 1,
      "MinStockThreshold": 1,
      "QuantityPercent": -1,
      "SpawnAttachments": [],
      "Variants": [
        "FOG_AVONM53_Red",
        "FOG_AVONM53_Clear"
      ]
    },
    {
      "ClassName": "FOG_OpsCore_SOTR",
      "MaxPriceThreshold": 500,
      "MinPriceThreshold": 500,
      "SellPricePercent": 10,
      "MaxStockThreshold": 1,
      "MinStockThreshold": 1,
      "QuantityPercent": -1,
      "SpawnAttachments": [],
      "Variants": [
      ]
    },
    {
      "ClassName": "FOG_Ghost_Headset_Tan",
      "MaxPriceThreshold": 500,
      "MinPriceThreshold": 500,
      "SellPricePercent": 10,
      "MaxStockThreshold": 1,
      "MinStockThreshold": 1,
      "QuantityPercent": -1,
      "SpawnAttachments": [],
      "Variants": [
      ]
    },
    {
      "ClassName": "FOG_Ghost_Mask_New",
      "MaxPriceThreshold": 500,
      "MinPriceThreshold": 500,
      "SellPricePercent": 10,
      "MaxStockThreshold": 1,
      "MinStockThreshold": 1,
      "QuantityPercent": -1,
      "SpawnAttachments": [],
      "Variants": [
        "FOG_Ghost_Mask_Black",
        "FOG_Ghost_Mask_Black_White",
        "FOG_Ghost_Mask_Black_Gold",
        "FOG_Ghost_Mask_RG",
        "FOG_Ghost_Mask_Tan",
        "FOG_Ghost_Mask_Red",
        "FOG_Ghost_Mask_Red_Gold"
      ]
    },
    {
      "ClassName": "FOG_Knight_Mask",
      "MaxPriceThreshold": 500,
      "MinPriceThreshold": 500,
      "SellPricePercent": 10,
      "MaxStockThreshold": 1,
      "MinStockThreshold": 1,
      "QuantityPercent": -1,
      "SpawnAttachments": [],
      "Variants": [
        "FOG_Knight_Mask_Black"
      ]
    },
    {
      "ClassName": "FOG_M50_Gasmask_Black",
      "MaxPriceThreshold": 500,
      "MinPriceThreshold": 500,
      "SellPricePercent": 10,
      "MaxStockThreshold": 1,
      "MinStockThreshold": 1,
      "QuantityPercent": -1,
      "SpawnAttachments": [],
      "Variants": [
      ]
    },
    {
      "ClassName": "FOG_Mustache_Brown",
      "MaxPriceThreshold": 500,
      "MinPriceThreshold": 500,
      "SellPricePercent": 10,
      "MaxStockThreshold": 1,
      "MinStockThreshold": 1,
      "QuantityPercent": -1,
      "SpawnAttachments": [],
      "Variants": [
      ]
    },
    {
      "ClassName": "FOG_Beard_Handlebar_LightBrown",
      "MaxPriceThreshold": 500,
      "MinPriceThreshold": 500,
      "SellPricePercent": 10,
      "MaxStockThreshold": 1,
      "MinStockThreshold": 1,
      "QuantityPercent": -1,
      "SpawnAttachments": [],
      "Variants": [
        "FOG_Beard_Handlebar_Brown",
        "FOG_Beard_Handlebar_Black",
        "FOG_Beard_Handlebar_Grey"
      ]
    },
    {
      "ClassName": "FOG_Glasses_ESS_Black",
      "MaxPriceThreshold": 500,
      "MinPriceThreshold": 500,
      "SellPricePercent": 10,
      "MaxStockThreshold": 1,
      "MinStockThreshold": 1,
      "QuantityPercent": -1,
      "SpawnAttachments": [],
      "Variants": [
        "FOG_Glasses_ESS_FDE"
      ]
    },
    {
      "ClassName": "FOG_Glasses_PitViper_SunKist",
      "MaxPriceThreshold": 500,
      "MinPriceThreshold": 500,
      "SellPricePercent": 10,
      "MaxStockThreshold": 1,
      "MinStockThreshold": 1,
      "QuantityPercent": -1,
      "SpawnAttachments": [],
      "Variants": [
        "FOG_Glasses_PitViper_Gold",
        "FOG_Glasses_PitViper_Murica",
        "FOG_Glasses_PitViper_Brights",
        "FOG_Glasses_PitViper_Tropics",
        "FOG_Glasses_PitViper_Yellow",
        "FOG_Glasses_PitViper_Red"
      ]
    }
  ]
}