{
  "m_Version": 12,
  "DisplayName": "FoXyRadio MP3 Player",
  "Icon": "Deliver",
  "Color": "FBFCFEFF",
  "IsExchange": 0,
  "InitStockPercent": 75,
  "Items": [
    {
      "ClassName": "FoXyRadio_MP3Player",
      "MaxPriceThreshold": 300,
      "MinPriceThreshold": 300,
      "SellPricePercent": -1,
      "MaxStockThreshold": 1,
      "MinStockThreshold": 1,
      "QuantityPercent": -1,
      "SpawnAttachments": [],
      "Variants": [
        "FoXyRadio_MP3Player_Simple"
      ]
    }
  ],
  "SortByDisplayName": true
}