{
  "m_Version": 12,
  "DisplayName": "FoXyRadio Storage",
  "Icon": "Deliver",
  "Color": "FBFCFEFF",
  "IsExchange": 0,
  "InitStockPercent": 75,
  "Items": [
    {
      "ClassName": "FoXyRadio_Case_Black",
      "MaxPriceThreshold": 250,
      "MinPriceThreshold": 250,
      "SellPricePercent": -1,
      "MaxStockThreshold": 1,
      "MinStockThreshold": 1,
      "QuantityPercent": -1,
      "SpawnAttachments": [],
      "Variants": [
        "FoXyRadio_Case_Christmas_01"
      ]
    },
    {
      "ClassName": "FoXyRadio_CD_Case",
      "MaxPriceThreshold": 250,
      "MinPriceThreshold": 250,
      "SellPricePercent": -1,
      "MaxStockThreshold": 1,
      "MinStockThreshold": 1,
      "QuantityPercent": -1,
      "SpawnAttachments": [],
      "Variants": [
        "FoXyRadio_CD_Case_Celebrate",
        "FoXyRadio_CD_Case_Christmas",
        "FoXyRadio_CD_Case_DJ",
        "FoXyRadio_CD_Case_FoXy"
      ]
    },
    {
      "ClassName": "FoXyRadio_CD_Rack_Wooden_Kit",
      "MaxPriceThreshold": 250,
      "MinPriceThreshold": 250,
      "SellPricePercent": -1,
      "MaxStockThreshold": 1,
      "MinStockThreshold": 1,
      "QuantityPercent": -1,
      "SpawnAttachments": [],
      "Variants": [
        "FoXyRadio_CD_Rack_CherryWood_Kit"
      ]
    },
    {
      "ClassName": "FoXyRadio_CD_Rack_Plastic_Black_Kit",
      "MaxPriceThreshold": 250,
      "MinPriceThreshold": 250,
      "SellPricePercent": -1,
      "MaxStockThreshold": 1,
      "MinStockThreshold": 1,
      "QuantityPercent": -1,
      "SpawnAttachments": [],
      "Variants": [
        "FoXyRadio_CD_Rack_Plastic_Blue_Kit",
        "FoXyRadio_CD_Rack_Plastic_Green_Kit",
        "FoXyRadio_CD_Rack_Plastic_Purple_Kit",
        "FoXyRadio_CD_Rack_Plastic_Rainbow_Kit",
        "FoXyRadio_CD_Rack_Plastic_Red_Kit",
        "FoXyRadio_CD_Rack_Plastic_Reggae_Kit"
      ]
    },
    {
      "ClassName": "FoXyRadio_Desk_Kit",
      "MaxPriceThreshold": 500,
      "MinPriceThreshold": 500,
      "SellPricePercent": -1,
      "MaxStockThreshold": 1,
      "MinStockThreshold": 1,
      "QuantityPercent": -1,
      "SpawnAttachments": [],
      "Variants": [
        "FoXyRadio_Desk"
      ]
    }
  ],
  "SortByDisplayName": true
}