{
  "m_Version": 12,
  "DisplayName": "FoXyRadio Grenades",
  "Icon": "Deliver",
  "Color": "FBFCFEFF",
  "IsExchange": 0,
  "InitStockPercent": 75,
  "Items": [
    {
      "ClassName": "FoXyRadio_SoundGrenade_Crows",
      "MaxPriceThreshold": 200,
      "MinPriceThreshold": 200,
      "SellPricePercent": -1,
      "MaxStockThreshold": 1,
      "MinStockThreshold": 1,
      "QuantityPercent": -1,
      "SpawnAttachments": [],
      "Variants": [
        "FoXyRadio_SoundGrenade_GoatScream",
        "FoXyRadio_SoundGrenade_SorryNotSorry"
      ]
    }
  ],
  "SortByDisplayName": true
}