{
  "m_Version": 12,
  "DisplayName": "FoXyRadio Diskman",
  "Icon": "Deliver",
  "Color": "FBFCFEFF",
  "IsExchange": 0,
  "InitStockPercent": 75,
  "Items": [
    {
      "ClassName": "FoXyRadio_Discman",
      "MaxPriceThreshold": 200,
      "MinPriceThreshold": 200,
      "SellPricePercent": -1,
      "MaxStockThreshold": 1,
      "MinStockThreshold": 1,
      "QuantityPercent": -1,
      "SpawnAttachments": [],
      "Variants": [
        "FoXyRadio_Discman_Black",
        "FoXyRadio_Discman_Blue",
        "FoXyRadio_Discman_Green",
        "FoXyRadio_Discman_Orange",
        "FoXyRadio_Discman_Purple",
        "FoXyRadio_Discman_Red",
        "FoXyRadio_Discman_Yellow"
      ]
    },
    {
      "ClassName": "FoXyRadio_Discman_AAx4",
      "MaxPriceThreshold": 200,
      "MinPriceThreshold": 200,
      "SellPricePercent": -1,
      "MaxStockThreshold": 1,
      "MinStockThreshold": 1,
      "QuantityPercent": -1,
      "SpawnAttachments": [],
      "Variants": [
        "FoXyRadio_Discman_Black_AAx4",
        "FoXyRadio_Discman_Blue_AAx4",
        "FoXyRadio_Discman_Green_AAx4",
        "FoXyRadio_Discman_Orange_AAx4",
        "FoXyRadio_Discman_Purple_AAx4",
        "FoXyRadio_Discman_Red_AAx4",
        "FoXyRadio_Discman_Yellow_AAx4"
      ]
    },
    {
      "ClassName": "FoXyRadio_Discman_9V",
      "MaxPriceThreshold": 200,
      "MinPriceThreshold": 200,
      "SellPricePercent": -1,
      "MaxStockThreshold": 1,
      "MinStockThreshold": 1,
      "QuantityPercent": -1,
      "SpawnAttachments": [],
      "Variants": [
        "FoXyRadio_Discman_9V_Black",
        "FoXyRadio_Discman_9V_Blue",
        "FoXyRadio_Discman_9V_Green",
        "FoXyRadio_Discman_9V_Orange",
        "FoXyRadio_Discman_9V_Purple",
        "FoXyRadio_Discman_9V_Red",
        "FoXyRadio_Discman_9V_Yellow"
      ]
    }
  ],
  "SortByDisplayName": true
}