{
  "m_Version": 12,
  "DisplayName": "Grim's New Life Plasters",
  "Icon": "Hammer",
  "Color": "FBFCFEFF",
  "IsExchange": 0,
  "InitStockPercent": 75,
  "Items": [
    {
      "ClassName": "GrimsNewLifePlaster_1",
      "MaxPriceThreshold": 500,
      "MinPriceThreshold": 500,
      "SellPricePercent": -1,
      "MaxStockThreshold": 1,
      "MinStockThreshold": 1,
      "QuantityPercent": -1,
      "SpawnAttachments": [],
      "Variants": []
    },
    {
      "ClassName": "GrimsNewLifePlaster_2",
      "MaxPriceThreshold": 500,
      "MinPriceThreshold": 500,
      "SellPricePercent": -1,
      "MaxStockThreshold": 1,
      "MinStockThreshold": 1,
      "QuantityPercent": -1,
      "SpawnAttachments": [],
      "Variants": []
    },
    {
      "ClassName": "GrimsNewLifePlaster_3",
      "MaxPriceThreshold": 500,
      "MinPriceThreshold": 500,
      "SellPricePercent": -1,
      "MaxStockThreshold": 1,
      "MinStockThreshold": 1,
      "QuantityPercent": -1,
      "SpawnAttachments": [],
      "Variants": []
    },
    {
      "ClassName": "GrimsNewLifePlaster_4",
      "MaxPriceThreshold": 500,
      "MinPriceThreshold": 500,
      "SellPricePercent": -1,
      "MaxStockThreshold": 1,
      "MinStockThreshold": 1,
      "QuantityPercent": -1,
      "SpawnAttachments": [],
      "Variants": []
    },
    {
      "ClassName": "GrimsNewLifePlaster_5",
      "MaxPriceThreshold": 500,
      "MinPriceThreshold": 500,
      "SellPricePercent": -1,
      "MaxStockThreshold": 1,
      "MinStockThreshold": 1,
      "QuantityPercent": -1,
      "SpawnAttachments": [],
      "Variants": []
    },
    {
      "ClassName": "GrimsNewLifePlaster_6",
      "MaxPriceThreshold": 500,
      "MinPriceThreshold": 500,
      "SellPricePercent": -1,
      "MaxStockThreshold": 1,
      "MinStockThreshold": 1,
      "QuantityPercent": -1,
      "SpawnAttachments": [],
      "Variants": []
    },
    {
      "ClassName": "GrimsNewLifePlaster_7",
      "MaxPriceThreshold": 500,
      "MinPriceThreshold": 500,
      "SellPricePercent": -1,
      "MaxStockThreshold": 1,
      "MinStockThreshold": 1,
      "QuantityPercent": -1,
      "SpawnAttachments": [],
      "Variants": []
    },
    {
      "ClassName": "GrimsNewLifePlaster_8",
      "MaxPriceThreshold": 500,
      "MinPriceThreshold": 500,
      "SellPricePercent": -1,
      "MaxStockThreshold": 1,
      "MinStockThreshold": 1,
      "QuantityPercent": -1,
      "SpawnAttachments": [],
      "Variants": []
    },
    {
      "ClassName": "GrimsNewLifePlaster_9",
      "MaxPriceThreshold": 500,
      "MinPriceThreshold": 500,
      "SellPricePercent": -1,
      "MaxStockThreshold": 1,
      "MinStockThreshold": 1,
      "QuantityPercent": -1,
      "SpawnAttachments": [],
      "Variants": []
    },
    {
      "ClassName": "GrimsNewLifePlaster_10",
      "MaxPriceThreshold": 500,
      "MinPriceThreshold": 500,
      "SellPricePercent": -1,
      "MaxStockThreshold": 1,
      "MinStockThreshold": 1,
      "QuantityPercent": -1,
      "SpawnAttachments": [],
      "Variants": []
    },
    {
      "ClassName": "GrimsNewLifePlaster_11",
      "MaxPriceThreshold": 500,
      "MinPriceThreshold": 500,
      "SellPricePercent": -1,
      "MaxStockThreshold": 1,
      "MinStockThreshold": 1,
      "QuantityPercent": -1,
      "SpawnAttachments": [],
      "Variants": []
    },
    {
      "ClassName": "GrimsNewLifePlaster_12",
      "MaxPriceThreshold": 500,
      "MinPriceThreshold": 500,
      "SellPricePercent": -1,
      "MaxStockThreshold": 1,
      "MinStockThreshold": 1,
      "QuantityPercent": -1,
      "SpawnAttachments": [],
      "Variants": []
    },
    {
      "ClassName": "GrimsNewLifePlaster_13",
      "MaxPriceThreshold": 500,
      "MinPriceThreshold": 500,
      "SellPricePercent": -1,
      "MaxStockThreshold": 1,
      "MinStockThreshold": 1,
      "QuantityPercent": -1,
      "SpawnAttachments": [],
      "Variants": []
    },
    {
      "ClassName": "GrimsNewLifePlaster_14",
      "MaxPriceThreshold": 500,
      "MinPriceThreshold": 500,
      "SellPricePercent": -1,
      "MaxStockThreshold": 1,
      "MinStockThreshold": 1,
      "QuantityPercent": -1,
      "SpawnAttachments": [],
      "Variants": []
    },
    {
      "ClassName": "GrimsNewLifePlaster_15",
      "MaxPriceThreshold": 500,
      "MinPriceThreshold": 500,
      "SellPricePercent": -1,
      "MaxStockThreshold": 1,
      "MinStockThreshold": 1,
      "QuantityPercent": -1,
      "SpawnAttachments": [],
      "Variants": []
    }
  ]
}