{
  "m_Version": 12,
  "DisplayName": "RED FALCON HELIS",
  "Icon": "Deliver",
  "Color": "FBFCFEFF",
  "IsExchange": 0,
  "InitStockPercent": 75,
  "Items": [
    {
      "ClassName": "RFFSHeli_Apache",
      "MaxPriceThreshold": 5000000,
      "MinPriceThreshold": 5000000,
      "SellPricePercent": -1,
      "MaxStockThreshold": 1,
      "MinStockThreshold": 1,
      "QuantityPercent": -1,
      "SpawnAttachments": [
        "RFFSHeli_hydraulic_hoses",
        "RFFSHeli_wiring_harness",
        "RFFSHeli_igniter_plug",
        "RFFSHeli_aviation_battery",
        "HeadlightH7"
      ],
      "Variants": [
        "RFFSHeli_Apache_Desert",
        "RFFSHeli_Apache_Winter"
      ]
    },
    {
      "ClassName": "RFFSHeli_Mi2",
      "MaxPriceThreshold": 3000000,
      "MinPriceThreshold": 3000000,
      "SellPricePercent": -1,
      "MaxStockThreshold": 1,
      "MinStockThreshold": 1,
      "QuantityPercent": -1,
      "SpawnAttachments": [
        "RFFSHeli_hydraulic_hoses",
        "RFFSHeli_wiring_harness",
        "RFFSHeli_igniter_plug",
        "RFFSHeli_aviation_battery",
        "HeadlightH7"
      ],
      "Variants": [
        "RFFSHeli_Mi2_Hornet",
        "RFFSHeli_Mi2_Military"
      ]
    },
    {
      "ClassName": "RFFSHeli_Bell429_Police",
      "MaxPriceThreshold": 4000000,
      "MinPriceThreshold": 4000000,
      "SellPricePercent": -1,
      "MaxStockThreshold": 1,
      "MinStockThreshold": 1,
      "QuantityPercent": -1,
      "SpawnAttachments": [
        "RFFSHeli_hydraulic_hoses",
        "RFFSHeli_wiring_harness",
        "RFFSHeli_igniter_plug",
        "RFFSHeli_aviation_battery",
        "HeadlightH7"
      ],
      "Variants": [
        "RFFSHeli_Bell429_Medic",
        "RFFSHeli_Bell429_ZS",
        "RFFSHeli_Bell429_Uganda"
      ]
    },
    {
      "ClassName": "RFFSHeli_LittleBird",
      "MaxPriceThreshold": 3000000,
      "MinPriceThreshold": 3000000,
      "SellPricePercent": -1,
      "MaxStockThreshold": 1,
      "MinStockThreshold": 1,
      "QuantityPercent": -1,
      "SpawnAttachments": [
        "RFFSHeli_hydraulic_hoses",
        "RFFSHeli_wiring_harness",
        "RFFSHeli_igniter_plug",
        "RFFSHeli_aviation_battery",
        "HeadlightH7"
      ],
      "Variants": [
        "RFFSHeli_LittleBird_Desert",
        "RFFSHeli_LittleBird_Camo",
        "RFFSHeli_Bo105m_blackcamo"
      ]
    },
    {
      "ClassName": "RFFSHeli_Bo105m",
      "MaxPriceThreshold": 3000000,
      "MinPriceThreshold": 3000000,
      "SellPricePercent": -1,
      "MaxStockThreshold": 1,
      "MinStockThreshold": 1,
      "QuantityPercent": -1,
      "SpawnAttachments": [
        "RFFSHeli_hydraulic_hoses",
        "RFFSHeli_wiring_harness",
        "RFFSHeli_igniter_plug",
        "RFFSHeli_aviation_battery",
        "HeadlightH7",
        "HeadlightH7"
      ],
      "Variants": []
    },
    {
      "ClassName": "RFFSHeli_R22",
      "MaxPriceThreshold": 2500000,
      "MinPriceThreshold": 2500000,
      "SellPricePercent": -1,
      "MaxStockThreshold": 1,
      "MinStockThreshold": 1,
      "QuantityPercent": -1,
      "SpawnAttachments": [
        "RFFSHeli_hydraulic_hoses",
        "RFFSHeli_wiring_harness",
        "RFFSHeli_igniter_plug",
        "RFFSHeli_aviation_battery",
        "HeadlightH7"
      ],
      "Variants": [
        "RFFSHeli_R22_Red",
        "RFFSHeli_R22_Black"
      ]
    },
    {
      "ClassName": "RFFSHeli_Blackhawk",
      "MaxPriceThreshold": 5000000,
      "MinPriceThreshold": 5000000,
      "SellPricePercent": -1,
      "MaxStockThreshold": 1,
      "MinStockThreshold": 1,
      "QuantityPercent": -1,
      "SpawnAttachments": [
        "RFFSHeli_hydraulic_hoses",
        "RFFSHeli_wiring_harness",
        "RFFSHeli_igniter_plug",
        "RFFSHeli_aviation_battery",
        "HeadlightH7",
        "HeadlightH7"
      ],
      "Variants": [
        "RFFSHeli_Blackhawk_Cargo",
        "RFFSHeli_Blackhawk_Woodland",
        "RFFSHeli_Blackhawk_blackblackhawk",
        "RFFSHeli_Blackhawk_Budhawk"
      ]
    },
    {
      "ClassName": "RFFSHeli_EC135",
      "MaxPriceThreshold": 4000000,
      "MinPriceThreshold": 4000000,
      "SellPricePercent": -1,
      "MaxStockThreshold": 1,
      "MinStockThreshold": 1,
      "QuantityPercent": -1,
      "SpawnAttachments": [
        "RFFSHeli_hydraulic_hoses",
        "RFFSHeli_wiring_harness",
        "RFFSHeli_igniter_plug",
        "RFFSHeli_aviation_battery",
        "HeadlightH7",
        "HeadlightH7"
      ],
      "Variants": [
        "RFFSHeli_EC135_BlackCamo"
      ]
    },
    {
      "ClassName": "RFFSHeli_UH1H",
      "MaxPriceThreshold": 4000000,
      "MinPriceThreshold": 4000000,
      "SellPricePercent": -1,
      "MaxStockThreshold": 1,
      "MinStockThreshold": 1,
      "QuantityPercent": -1,
      "SpawnAttachments": [
        "RFFSHeli_hydraulic_hoses",
        "RFFSHeli_wiring_harness",
        "RFFSHeli_igniter_plug",
        "RFFSHeli_aviation_battery",
        "HeadlightH7"
      ],
      "Variants": [
        "RFFSHeli_UH1H_Combat"
      ]
    },
    {
      "ClassName": "RFFSHeli_CH47",
      "MaxPriceThreshold": 8000000,
      "MinPriceThreshold": 8000000,
      "SellPricePercent": -1,
      "MaxStockThreshold": 1,
      "MinStockThreshold": 1,
      "QuantityPercent": -1,
      "SpawnAttachments": [
        "RFFSHeli_hydraulic_hoses",
        "RFFSHeli_wiring_harness",
        "RFFSHeli_igniter_plug",
        "RFFSHeli_aviation_battery",
        "HeadlightH7",
        "HeadlightH7"
      ],
      "Variants": []
    },
    {
      "ClassName": "RFFSHeli_CH53e",
      "MaxPriceThreshold": 8000000,
      "MinPriceThreshold": 8000000,
      "SellPricePercent": -1,
      "MaxStockThreshold": 1,
      "MinStockThreshold": 1,
      "QuantityPercent": -1,
      "SpawnAttachments": [
        "RFFSHeli_hydraulic_hoses",
        "RFFSHeli_wiring_harness",
        "RFFSHeli_igniter_plug",
        "RFFSHeli_aviation_battery",
        "HeadlightH7",
        "HeadlightH7"
      ],
      "Variants": []
    },
    {
      "ClassName": "RFFSHeli_AS350",
      "MaxPriceThreshold": 4000000,
      "MinPriceThreshold": 4000000,
      "SellPricePercent": -1,
      "MaxStockThreshold": 1,
      "MinStockThreshold": 1,
      "QuantityPercent": -1,
      "SpawnAttachments": [
        "RFFSHeli_hydraulic_hoses",
        "RFFSHeli_wiring_harness",
        "RFFSHeli_igniter_plug",
        "RFFSHeli_aviation_battery",
        "HeadlightH7",
        "HeadlightH7"
      ],
      "Variants": []
    },
    {
      "ClassName": "RFFSHeli_S76",
      "MaxPriceThreshold": 5000000,
      "MinPriceThreshold": 5000000,
      "SellPricePercent": -1,
      "MaxStockThreshold": 1,
      "MinStockThreshold": 1,
      "QuantityPercent": -1,
      "SpawnAttachments": [
        "RFFSHeli_hydraulic_hoses",
        "RFFSHeli_wiring_harness",
        "RFFSHeli_igniter_plug",
        "RFFSHeli_aviation_battery",
        "HeadlightH7",
        "HeadlightH7"
      ],
      "Variants": [
        "RFFSHeli_S76_WoodlandCamo"
      ]
    }
  ]
}