{
  "m_Version": 12,
  "DisplayName": "Marlika Car Parts",
  "Icon": "Deliver",
  "Color": "FBFCFEFF",
  "IsExchange": 0,
  "InitStockPercent": 75,
  "Items": [
    {
      "ClassName": "Van_DodgePhoenix_Wheel",
      "MaxPriceThreshold": 1015,
      "MinPriceThreshold": 610,
      "SellPricePercent": -1,
      "MaxStockThreshold": 100,
      "MinStockThreshold": 1,
      "QuantityPercent": -1,
      "SpawnAttachments": [],
      "Variants": []
    },
    {
      "ClassName": "Van_DodgePhoenix_Doors_Driver",
      "MaxPriceThreshold": 985,
      "MinPriceThreshold": 600,
      "SellPricePercent": -1,
      "MaxStockThreshold": 100,
      "MinStockThreshold": 1,
      "QuantityPercent": -1,
      "SpawnAttachments": [],
      "Variants": [
        "Van_DodgePhoenix_Doors_Driver_blue",
        "Van_DodgePhoenix_Doors_Driver_grey",
        "Van_DodgePhoenix_Doors_Driver_green",
        "Van_DodgePhoenix_Doors_Driver_orange",
        "Van_DodgePhoenix_Doors_Driver_red"
      ]
    },
    {
      "ClassName": "Van_DodgePhoenix_Doors_CoDriver",
      "MaxPriceThreshold": 1015,
      "MinPriceThreshold": 610,
      "SellPricePercent": -1,
      "MaxStockThreshold": 100,
      "MinStockThreshold": 1,
      "QuantityPercent": -1,
      "SpawnAttachments": [],
      "Variants": [
        "Van_DodgePhoenix_Doors_CoDriver_blue",
        "Van_DodgePhoenix_Doors_CoDriver_grey",
        "Van_DodgePhoenix_Doors_CoDriver_green",
        "Van_DodgePhoenix_Doors_CoDriver_orange",
        "Van_DodgePhoenix_Doors_CoDriver_red"
      ]
    },
    {
      "ClassName": "Van_DodgePhoenix_Doors_Trunk",
      "MaxPriceThreshold": 1015,
      "MinPriceThreshold": 610,
      "SellPricePercent": -1,
      "MaxStockThreshold": 100,
      "MinStockThreshold": 1,
      "QuantityPercent": -1,
      "SpawnAttachments": [],
      "Variants": [
        "Van_DodgePhoenix_Doors_Trunk_blue",
        "Van_DodgePhoenix_Doors_Trunk_grey",
        "Van_DodgePhoenix_Doors_Trunk_green",
        "Van_DodgePhoenix_Doors_Trunk_orange",
        "Van_DodgePhoenix_Doors_Trunk_red"
      ]
    },
    {
      "ClassName": "Van_DodgePhoenix_Doors_Hood",
      "MaxPriceThreshold": 1015,
      "MinPriceThreshold": 610,
      "SellPricePercent": -1,
      "MaxStockThreshold": 100,
      "MinStockThreshold": 1,
      "QuantityPercent": -1,
      "SpawnAttachments": [],
      "Variants": [
        "Van_DodgePhoenix_Doors_Hood_blue",
        "Van_DodgePhoenix_Doors_Hood_grey",
        "Van_DodgePhoenix_Doors_Hood_green",
        "Van_DodgePhoenix_Doors_Hood_orange",
        "Van_DodgePhoenix_Doors_Hood_red"
      ]
    },
    {
      "ClassName": "Van_Motorhome_Wheel",
      "MaxPriceThreshold": 1135,
      "MinPriceThreshold": 680,
      "SellPricePercent": -1,
      "MaxStockThreshold": 100,
      "MinStockThreshold": 1,
      "QuantityPercent": -1,
      "SpawnAttachments": [],
      "Variants": []
    },
    {
      "ClassName": "Van_Motorhome_Doors_Driver",
      "MaxPriceThreshold": 1135,
      "MinPriceThreshold": 680,
      "SellPricePercent": -1,
      "MaxStockThreshold": 100,
      "MinStockThreshold": 1,
      "QuantityPercent": -1,
      "SpawnAttachments": [],
      "Variants": [
        "Van_Motorhome_Doors_Driver_Tan",
        "Van_Motorhome_Doors_Driver_Teal",
        "Van_Motorhome_Doors_Driver_Purple",
        "Van_Motorhome_Doors_Driver_Black",
        "Van_Motorhome_Doors_Driver_Camo"
      ]
    },
    {
      "ClassName": "Van_Motorhome_Doors_Hood_1",
      "MaxPriceThreshold": 1015,
      "MinPriceThreshold": 610,
      "SellPricePercent": -1,
      "MaxStockThreshold": 100,
      "MinStockThreshold": 1,
      "QuantityPercent": -1,
      "SpawnAttachments": [],
      "Variants": [
        "Van_Motorhome_Doors_Hood_1_Tan",
        "Van_Motorhome_Doors_Hood_1_Teal",
        "Van_Motorhome_Doors_Hood_1_Purple",
        "Van_Motorhome_Doors_Hood_1_Black",
        "Van_Motorhome_Doors_Hood_1_Camo"
      ]
    },
    {
      "ClassName": "Van_Motorhome_Doors_Hood_2",
      "MaxPriceThreshold": 870,
      "MinPriceThreshold": 520,
      "SellPricePercent": -1,
      "MaxStockThreshold": 100,
      "MinStockThreshold": 1,
      "QuantityPercent": -1,
      "SpawnAttachments": [],
      "Variants": [
        "Van_Motorhome_Doors_Hood_2_Tan",
        "Van_Motorhome_Doors_Hood_2_Teal",
        "Van_Motorhome_Doors_Hood_2_Purple",
        "Van_Motorhome_Doors_Hood_2_Black",
        "Van_Motorhome_Doors_Hood_2_Camo"
      ]
    },
    {
      "ClassName": "Van_ModernMotorhome_Wheel",
      "MaxPriceThreshold": 870,
      "MinPriceThreshold": 520,
      "SellPricePercent": -1,
      "MaxStockThreshold": 100,
      "MinStockThreshold": 1,
      "QuantityPercent": -1,
      "SpawnAttachments": [],
      "Variants": []
    },
    {
      "ClassName": "Van_ModernMotorhome_Doors_Driver",
      "MaxPriceThreshold": 870,
      "MinPriceThreshold": 520,
      "SellPricePercent": -1,
      "MaxStockThreshold": 100,
      "MinStockThreshold": 1,
      "QuantityPercent": -1,
      "SpawnAttachments": [],
      "Variants": []
    },
    {
      "ClassName": "Van_ModernMotorhome_Doors_coDriver",
      "MaxPriceThreshold": 870,
      "MinPriceThreshold": 520,
      "SellPricePercent": -1,
      "MaxStockThreshold": 100,
      "MinStockThreshold": 1,
      "QuantityPercent": -1,
      "SpawnAttachments": [],
      "Variants": []
    },
    {
      "ClassName": "Van_ModernMotorhome_Doors_Trunk",
      "MaxPriceThreshold": 800,
      "MinPriceThreshold": 480,
      "SellPricePercent": -1,
      "MaxStockThreshold": 100,
      "MinStockThreshold": 1,
      "QuantityPercent": -1,
      "SpawnAttachments": [],
      "Variants": []
    },
    {
      "ClassName": "Van_ModernMotorhome_Doors_Cargo1",
      "MaxPriceThreshold": 870,
      "MinPriceThreshold": 520,
      "SellPricePercent": -1,
      "MaxStockThreshold": 100,
      "MinStockThreshold": 1,
      "QuantityPercent": -1,
      "SpawnAttachments": [],
      "Variants": []
    },
    {
      "ClassName": "Van_ModernMotorhome_Fridge",
      "MaxPriceThreshold": 870,
      "MinPriceThreshold": 520,
      "SellPricePercent": -1,
      "MaxStockThreshold": 100,
      "MinStockThreshold": 1,
      "QuantityPercent": -1,
      "SpawnAttachments": [],
      "Variants": []
    },
    {
      "ClassName": "Van_Cybertruck_Wheel",
      "MaxPriceThreshold": 870,
      "MinPriceThreshold": 520,
      "SellPricePercent": -1,
      "MaxStockThreshold": 100,
      "MinStockThreshold": 1,
      "QuantityPercent": -1,
      "SpawnAttachments": [],
      "Variants": []
    },
    {
      "ClassName": "Van_Cybertruck_Doors_Driver",
      "MaxPriceThreshold": 870,
      "MinPriceThreshold": 520,
      "SellPricePercent": -1,
      "MaxStockThreshold": 100,
      "MinStockThreshold": 1,
      "QuantityPercent": -1,
      "SpawnAttachments": [],
      "Variants": []
    },
    {
      "ClassName": "Van_Cybertruck_Doors_CoDriver",
      "MaxPriceThreshold": 870,
      "MinPriceThreshold": 520,
      "SellPricePercent": -1,
      "MaxStockThreshold": 100,
      "MinStockThreshold": 1,
      "QuantityPercent": -1,
      "SpawnAttachments": [],
      "Variants": []
    },
    {
      "ClassName": "Van_Cybertruck_Doors_Cargo1",
      "MaxPriceThreshold": 870,
      "MinPriceThreshold": 520,
      "SellPricePercent": -1,
      "MaxStockThreshold": 100,
      "MinStockThreshold": 1,
      "QuantityPercent": -1,
      "SpawnAttachments": [],
      "Variants": []
    },
    {
      "ClassName": "Van_Cybertruck_Doors_Cargo2",
      "MaxPriceThreshold": 800,
      "MinPriceThreshold": 480,
      "SellPricePercent": -1,
      "MaxStockThreshold": 100,
      "MinStockThreshold": 1,
      "QuantityPercent": -1,
      "SpawnAttachments": [],
      "Variants": []
    },
    {
      "ClassName": "Van_Cybertruck_Doors_Trunk",
      "MaxPriceThreshold": 870,
      "MinPriceThreshold": 520,
      "SellPricePercent": -1,
      "MaxStockThreshold": 100,
      "MinStockThreshold": 1,
      "QuantityPercent": -1,
      "SpawnAttachments": [],
      "Variants": []
    },
    {
      "ClassName": "Van_CamperRV_Fridge",
      "MaxPriceThreshold": 870,
      "MinPriceThreshold": 520,
      "SellPricePercent": -1,
      "MaxStockThreshold": 100,
      "MinStockThreshold": 1,
      "QuantityPercent": -1,
      "SpawnAttachments": [],
      "Variants": []
    },
    {
      "ClassName": "Van_CamperRV_Wheel",
      "MaxPriceThreshold": 870,
      "MinPriceThreshold": 520,
      "SellPricePercent": -1,
      "MaxStockThreshold": 100,
      "MinStockThreshold": 1,
      "QuantityPercent": -1,
      "SpawnAttachments": [],
      "Variants": []
    },
    {
      "ClassName": "Van_CamperRV_Doors_Driver",
      "MaxPriceThreshold": 870,
      "MinPriceThreshold": 520,
      "SellPricePercent": -1,
      "MaxStockThreshold": 100,
      "MinStockThreshold": 1,
      "QuantityPercent": -1,
      "SpawnAttachments": [],
      "Variants": []
    },
    {
      "ClassName": "Van_CamperRV_Doors_CoDriver",
      "MaxPriceThreshold": 870,
      "MinPriceThreshold": 520,
      "SellPricePercent": -1,
      "MaxStockThreshold": 100,
      "MinStockThreshold": 1,
      "QuantityPercent": -1,
      "SpawnAttachments": [],
      "Variants": []
    },
    {
      "ClassName": "Van_CamperRV_Doors_Cabin",
      "MaxPriceThreshold": 870,
      "MinPriceThreshold": 520,
      "SellPricePercent": -1,
      "MaxStockThreshold": 100,
      "MinStockThreshold": 1,
      "QuantityPercent": -1,
      "SpawnAttachments": [],
      "Variants": []
    },
    {
      "ClassName": "Van_CamperRV_Doors_Bathroom",
      "MaxPriceThreshold": 800,
      "MinPriceThreshold": 480,
      "SellPricePercent": -1,
      "MaxStockThreshold": 100,
      "MinStockThreshold": 1,
      "QuantityPercent": -1,
      "SpawnAttachments": [],
      "Variants": []
    },
    {
      "ClassName": "Van_CamperRV_Doors_Fridge",
      "MaxPriceThreshold": 870,
      "MinPriceThreshold": 520,
      "SellPricePercent": -1,
      "MaxStockThreshold": 100,
      "MinStockThreshold": 1,
      "QuantityPercent": -1,
      "SpawnAttachments": [],
      "Variants": []
    }
  ]
}