{
  "m_Version": 12,
  "DisplayName": "Muzzles",
  "Icon": "Deliver",
  "Color": "FBFCFEFF",
  "IsExchange": 0,
  "InitStockPercent": 75,
  "Items": [
    {
      "ClassName": "mosin_compensator",
      "MaxPriceThreshold": 1775,
      "MinPriceThreshold": 1065,
      "SellPricePercent": -1,
      "MaxStockThreshold": 1,
      "MinStockThreshold": 1,
      "QuantityPercent": -1,
      "SpawnAttachments": [],
      "Variants": []
    },
    {
      "ClassName": "mp5_compensator",
      "MaxPriceThreshold": 2985,
      "MinPriceThreshold": 1790,
      "SellPricePercent": -1,
      "MaxStockThreshold": 1,
      "MinStockThreshold": 1,
      "QuantityPercent": -1,
      "SpawnAttachments": [],
      "Variants": []
    },
    {
      "ClassName": "m4_suppressor",
      "MaxPriceThreshold": 8090,
      "MinPriceThreshold": 4855,
      "SellPricePercent": -1,
      "MaxStockThreshold": 1,
      "MinStockThreshold": 1,
      "QuantityPercent": -1,
      "SpawnAttachments": [],
      "Variants": []
    },
    {
      "ClassName": "ak_suppressor",
      "MaxPriceThreshold": 8090,
      "MinPriceThreshold": 4855,
      "SellPricePercent": -1,
      "MaxStockThreshold": 1,
      "MinStockThreshold": 1,
      "QuantityPercent": -1,
      "SpawnAttachments": [],
      "Variants": []
    },
    {
      "ClassName": "pistolsuppressor",
      "MaxPriceThreshold": 1690,
      "MinPriceThreshold": 1215,
      "SellPricePercent": -1,
      "MaxStockThreshold": 1,
      "MinStockThreshold": 1,
      "QuantityPercent": -1,
      "SpawnAttachments": [],
      "Variants": []
    },
    {
      "ClassName": "Paragon_PopeChey_Sup",
      "MaxPriceThreshold": 1500,
      "MinPriceThreshold": 1450,
      "SellPricePercent": -1,
      "MaxStockThreshold": 1,
      "MinStockThreshold": 1,
      "QuantityPercent": -1,
      "SpawnAttachments": [],
      "Variants": [
        "Paragon_PopeChey_Sup_Grey"
      ]
    },
    {
      "ClassName": "Paragon_Universal_Sup_Black",
      "MaxPriceThreshold": 500,
      "MinPriceThreshold": 450,
      "SellPricePercent": -1,
      "MaxStockThreshold": 1,
      "MinStockThreshold": 1,
      "QuantityPercent": -1,
      "SpawnAttachments": [],
      "Variants": [
        "Paragon_Universal_Sup_Green",
        "Paragon_Universal_Sup_Tan",
        "Paragon_Universal_Sup_Camo"
      ]
    },
    {
      "ClassName": "Paragon_50BMG_Sup_Black",
      "MaxPriceThreshold": 2000,
      "MinPriceThreshold": 1000,
      "SellPricePercent": -1,
      "MaxStockThreshold": 1,
      "MinStockThreshold": 1,
      "QuantityPercent": -1,
      "SpawnAttachments": [],
      "Variants": [
        "Paragon_50BMG_Sup_Grey",
        "Paragon_50BMG_Sup_Green",
        "Paragon_50BMG_Sup_Tan",
        "Paragon_50BMG_Sup_Camo"
      ]
    },
    {
      "ClassName": "Paragon_408_Sup",
      "MaxPriceThreshold": 1500,
      "MinPriceThreshold": 1000,
      "SellPricePercent": -1,
      "MaxStockThreshold": 1,
      "MinStockThreshold": 1,
      "QuantityPercent": -1,
      "SpawnAttachments": [],
      "Variants": []
    },
    {
      "ClassName": "Paragon_338_Sup_Grey",
      "MaxPriceThreshold": 1000,
      "MinPriceThreshold": 800,
      "SellPricePercent": -1,
      "MaxStockThreshold": 1,
      "MinStockThreshold": 1,
      "QuantityPercent": -1,
      "SpawnAttachments": [],
      "Variants": [
        "Paragon_338_Sup_Black"
      ]
    },
    {
      "ClassName": "Paragon_Combat_Sup_Black",
      "MaxPriceThreshold": 800,
      "MinPriceThreshold": 500,
      "SellPricePercent": -1,
      "MaxStockThreshold": 1,
      "MinStockThreshold": 1,
      "QuantityPercent": -1,
      "SpawnAttachments": [],
      "Variants": [
        "Paragon_Combat_Sup_Green",
        "Paragon_Combat_Sup_Tan"
      ]
    },
    {
      "ClassName": "Paragon_SMG_Sup_Black",
      "MaxPriceThreshold": 800,
      "MinPriceThreshold": 500,
      "SellPricePercent": -1,
      "MaxStockThreshold": 1,
      "MinStockThreshold": 1,
      "QuantityPercent": -1,
      "SpawnAttachments": [],
      "Variants": []
    },
    {
      "ClassName": "GCGN_M1Garand_Supp",
      "MaxPriceThreshold": 500,
      "MinPriceThreshold": 400,
      "SellPricePercent": -1,
      "MaxStockThreshold": 1,
      "MinStockThreshold": 1,
      "QuantityPercent": -1,
      "SpawnAttachments": [],
      "Variants": []
    },
    {
      "ClassName": "SR3_Vikhr_Supp",
      "MaxPriceThreshold": 500,
      "MinPriceThreshold": 400,
      "SellPricePercent": -1,
      "MaxStockThreshold": 1,
      "MinStockThreshold": 1,
      "QuantityPercent": -1,
      "SpawnAttachments": [],
      "Variants": []
    },
    {
      "ClassName": "SNAFU_Normalized_Suppressor_Green",
      "MaxPriceThreshold": 500,
      "MinPriceThreshold": 400,
      "SellPricePercent": -1,
      "MaxStockThreshold": 1,
      "MinStockThreshold": 1,
      "QuantityPercent": -1,
      "SpawnAttachments": [],
      "Variants": []
    },
    {
      "ClassName": "SNAFU_Normalized_Suppressor_Black",
      "MaxPriceThreshold": 500,
      "MinPriceThreshold": 400,
      "SellPricePercent": -1,
      "MaxStockThreshold": 1,
      "MinStockThreshold": 1,
      "QuantityPercent": -1,
      "SpawnAttachments": [],
      "Variants": []
    },
    {
      "ClassName": "SNAFU_Standardized_Suppressor_Black",
      "MaxPriceThreshold": 500,
      "MinPriceThreshold": 400,
      "SellPricePercent": -1,
      "MaxStockThreshold": 1,
      "MinStockThreshold": 1,
      "QuantityPercent": -1,
      "SpawnAttachments": [],
      "Variants": []
    },
    {
      "ClassName": "SNAFU_Standardized_Suppressor_Green",
      "MaxPriceThreshold": 500,
      "MinPriceThreshold": 400,
      "SellPricePercent": -1,
      "MaxStockThreshold": 1,
      "MinStockThreshold": 1,
      "QuantityPercent": -1,
      "SpawnAttachments": [],
      "Variants": []
    },
    {
      "ClassName": "SNAFU_LNormalized_Suppressor_Black",
      "MaxPriceThreshold": 500,
      "MinPriceThreshold": 400,
      "SellPricePercent": -1,
      "MaxStockThreshold": 1,
      "MinStockThreshold": 1,
      "QuantityPercent": -1,
      "SpawnAttachments": [],
      "Variants": []
    },
    {
      "ClassName": "SNAFU_LNormalized_Suppressor_Green",
      "MaxPriceThreshold": 500,
      "MinPriceThreshold": 400,
      "SellPricePercent": -1,
      "MaxStockThreshold": 1,
      "MinStockThreshold": 1,
      "QuantityPercent": -1,
      "SpawnAttachments": [],
      "Variants": []
    },
    {
      "ClassName": "SNAFU_LStandardized_Suppressor_Black",
      "MaxPriceThreshold": 500,
      "MinPriceThreshold": 400,
      "SellPricePercent": -1,
      "MaxStockThreshold": 1,
      "MinStockThreshold": 1,
      "QuantityPercent": -1,
      "SpawnAttachments": [],
      "Variants": []
    },
    {
      "ClassName": "SNAFU_LStandardized_Suppressor_Green",
      "MaxPriceThreshold": 500,
      "MinPriceThreshold": 400,
      "SellPricePercent": -1,
      "MaxStockThreshold": 1,
      "MinStockThreshold": 1,
      "QuantityPercent": -1,
      "SpawnAttachments": [],
      "Variants": []
    },
    {
      "ClassName": "SNAFUAR15_SPR_SIL",
      "MaxPriceThreshold": 500,
      "MinPriceThreshold": 400,
      "SellPricePercent": -1,
      "MaxStockThreshold": 1,
      "MinStockThreshold": 1,
      "QuantityPercent": -1,
      "SpawnAttachments": [],
      "Variants": []
    },
    {
      "ClassName": "SNAFUAR15_SPR_SQSIL",
      "MaxPriceThreshold": 500,
      "MinPriceThreshold": 400,
      "SellPricePercent": -1,
      "MaxStockThreshold": 1,
      "MinStockThreshold": 1,
      "QuantityPercent": -1,
      "SpawnAttachments": [],
      "Variants": []
    },
    {
      "ClassName": "SNAFUKivaari_338_Supp",
      "MaxPriceThreshold": 500,
      "MinPriceThreshold": 400,
      "SellPricePercent": -1,
      "MaxStockThreshold": 1,
      "MinStockThreshold": 1,
      "QuantityPercent": -1,
      "SpawnAttachments": [],
      "Variants": []
    },
    {
      "ClassName": "SNAFU_408_Suppressor_T",
      "MaxPriceThreshold": 500,
      "MinPriceThreshold": 400,
      "SellPricePercent": -1,
      "MaxStockThreshold": 1,
      "MinStockThreshold": 1,
      "QuantityPercent": -1,
      "SpawnAttachments": [],
      "Variants": []
    },
    {
      "ClassName": "Snafu_ScarH_SIL_Tan",
      "MaxPriceThreshold": 500,
      "MinPriceThreshold": 400,
      "SellPricePercent": -1,
      "MaxStockThreshold": 1,
      "MinStockThreshold": 1,
      "QuantityPercent": -1,
      "SpawnAttachments": [],
      "Variants": []
    },
    {
      "ClassName": "Snafu_ScarH_SIL_Black",
      "MaxPriceThreshold": 500,
      "MinPriceThreshold": 400,
      "SellPricePercent": -1,
      "MaxStockThreshold": 1,
      "MinStockThreshold": 1,
      "QuantityPercent": -1,
      "SpawnAttachments": [],
      "Variants": []
    },
    {
      "ClassName": "SNAFUGevar_Suppressor_Tan",
      "MaxPriceThreshold": 500,
      "MinPriceThreshold": 400,
      "SellPricePercent": -1,
      "MaxStockThreshold": 1,
      "MinStockThreshold": 1,
      "QuantityPercent": -1,
      "SpawnAttachments": [],
      "Variants": []
    },
    {
      "ClassName": "SNAFUGevar_Suppressor_Green",
      "MaxPriceThreshold": 500,
      "MinPriceThreshold": 400,
      "SellPricePercent": -1,
      "MaxStockThreshold": 1,
      "MinStockThreshold": 1,
      "QuantityPercent": -1,
      "SpawnAttachments": [],
      "Variants": []
    },
    {
      "ClassName": "SNAFU_Agram_Suppressor_Black",
      "MaxPriceThreshold": 500,
      "MinPriceThreshold": 400,
      "SellPricePercent": -1,
      "MaxStockThreshold": 1,
      "MinStockThreshold": 1,
      "QuantityPercent": -1,
      "SpawnAttachments": [],
      "Variants": []
    },
    {
      "ClassName": "SNAFU_MPX_Suppressor_Black",
      "MaxPriceThreshold": 500,
      "MinPriceThreshold": 400,
      "SellPricePercent": -1,
      "MaxStockThreshold": 1,
      "MinStockThreshold": 1,
      "QuantityPercent": -1,
      "SpawnAttachments": [],
      "Variants": []
    },
    {
      "ClassName": "SNAFU_SPMOD",
      "MaxPriceThreshold": 500,
      "MinPriceThreshold": 400,
      "SellPricePercent": -1,
      "MaxStockThreshold": 1,
      "MinStockThreshold": 1,
      "QuantityPercent": -1,
      "SpawnAttachments": [],
      "Variants": []
    },
    {
      "ClassName": "SNAFU_HeramuzzelF",
      "MaxPriceThreshold": 500,
      "MinPriceThreshold": 400,
      "SellPricePercent": -1,
      "MaxStockThreshold": 1,
      "MinStockThreshold": 1,
      "QuantityPercent": -1,
      "SpawnAttachments": [],
      "Variants": []
    },
    {
      "ClassName": "SNAFU_MuzzelFF",
      "MaxPriceThreshold": 500,
      "MinPriceThreshold": 400,
      "SellPricePercent": -1,
      "MaxStockThreshold": 1,
      "MinStockThreshold": 1,
      "QuantityPercent": -1,
      "SpawnAttachments": [],
      "Variants": []
    },
    {
      "ClassName": "SNAFU_50bmg_Suppressor_B",
      "MaxPriceThreshold": 500,
      "MinPriceThreshold": 400,
      "SellPricePercent": -1,
      "MaxStockThreshold": 1,
      "MinStockThreshold": 1,
      "QuantityPercent": -1,
      "SpawnAttachments": [],
      "Variants": [
        "SNAFU_50bmg_Suppressor_M",
        "SNAFU_50bmg_Suppressor_S",
        "SNAFU_50bmg_Suppressor_U",
        "SNAFU_50bmg_Suppressor_W"
      ]
    },
    {
      "ClassName": "SNAFU_SR25_Supp",
      "MaxPriceThreshold": 500,
      "MinPriceThreshold": 400,
      "SellPricePercent": -1,
      "MaxStockThreshold": 1,
      "MinStockThreshold": 1,
      "QuantityPercent": -1,
      "SpawnAttachments": [],
      "Variants": []
    },
    {
      "ClassName": "SNAFU_SR3Vikhr_Supp",
      "MaxPriceThreshold": 500,
      "MinPriceThreshold": 400,
      "SellPricePercent": -1,
      "MaxStockThreshold": 1,
      "MinStockThreshold": 1,
      "QuantityPercent": -1,
      "SpawnAttachments": [],
      "Variants": []
    },
    {
      "ClassName": "SNAFU_PEQ1_Laser",
      "MaxPriceThreshold": 500,
      "MinPriceThreshold": 400,
      "SellPricePercent": -1,
      "MaxStockThreshold": 1,
      "MinStockThreshold": 1,
      "QuantityPercent": -1,
      "SpawnAttachments": [],
      "Variants": []
    },
    {
      "ClassName": "SNAFU_Shotgunchoke_Black",
      "MaxPriceThreshold": 500,
      "MinPriceThreshold": 400,
      "SellPricePercent": -1,
      "MaxStockThreshold": 1,
      "MinStockThreshold": 1,
      "QuantityPercent": -1,
      "SpawnAttachments": [],
      "Variants": [
        "SNAFU_Shotgunchoke_Blue",
        "SNAFU_Shotgunchoke_Brown",
        "SNAFU_Shotgunchoke_Green",
        "SNAFU_Shotgunchoke_Purple",
        "SNAFU_Shotgunchoke_Red",
        "SNAFU_Shotgunchoke_Tur",
        "SNAFU_Shotgunchoke_Yellow"
      ]
    },
    {
      "ClassName": "SNAFU_MK47Muzzel",
      "MaxPriceThreshold": 500,
      "MinPriceThreshold": 400,
      "SellPricePercent": -1,
      "MaxStockThreshold": 1,
      "MinStockThreshold": 1,
      "QuantityPercent": -1,
      "SpawnAttachments": [],
      "Variants": []
    },
    {
      "ClassName": "SNAFU_AK308Muzzel",
      "MaxPriceThreshold": 500,
      "MinPriceThreshold": 400,
      "SellPricePercent": -1,
      "MaxStockThreshold": 1,
      "MinStockThreshold": 1,
      "QuantityPercent": -1,
      "SpawnAttachments": [],
      "Variants": []
    },
    {
      "ClassName": "SNAFU_AK19Muzzel",
      "MaxPriceThreshold": 500,
      "MinPriceThreshold": 400,
      "SellPricePercent": -1,
      "MaxStockThreshold": 1,
      "MinStockThreshold": 1,
      "QuantityPercent": -1,
      "SpawnAttachments": [],
      "Variants": []
    },
    {
      "ClassName": "SNAFU_Kabar",
      "MaxPriceThreshold": 500,
      "MinPriceThreshold": 400,
      "SellPricePercent": -1,
      "MaxStockThreshold": 1,
      "MinStockThreshold": 1,
      "QuantityPercent": -1,
      "SpawnAttachments": [],
      "Variants": []
    }
  ]
}