{
  "m_Version": 12,
  "DisplayName": "PC Parts",
  "Icon": "Deliver",
  "Color": "FBFCFEFF",
  "IsExchange": 0,
  "InitStockPercent": 75,
  "Items": [
    {
      "ClassName": "GPU",
      "MaxPriceThreshold": 500,
      "MinPriceThreshold": 500,
      "SellPricePercent": -1,
      "MaxStockThreshold": 1,
      "MinStockThreshold": 1,
      "QuantityPercent": -1,
      "SpawnAttachments": [],
      "Variants": []
    },
    {
      "ClassName": "CPU",
      "MaxPriceThreshold": 700,
      "MinPriceThreshold": 700,
      "SellPricePercent": -1,
      "MaxStockThreshold": 0,
      "MinStockThreshold": 0,
      "QuantityPercent": -1,
      "SpawnAttachments": [],
      "Variants": []
    },
    {
      "ClassName": "Radeon_GPU",
      "MaxPriceThreshold": 600,
      "MinPriceThreshold": 600,
      "SellPricePercent": -1,
      "MaxStockThreshold": 1,
      "MinStockThreshold": 1,
      "QuantityPercent": -1,
      "SpawnAttachments": [],
      "Variants": []
    },
    {
      "ClassName": "Ram",
      "MaxPriceThreshold": 450,
      "MinPriceThreshold": 450,
      "SellPricePercent": -1,
      "MaxStockThreshold": 0,
      "MinStockThreshold": 0,
      "QuantityPercent": -1,
      "SpawnAttachments": [],
      "Variants": []
    },
    {
      "ClassName": "SSD",
      "MaxPriceThreshold": 250,
      "MinPriceThreshold": 250,
      "SellPricePercent": -1,
      "MaxStockThreshold": 0,
      "MinStockThreshold": 0,
      "QuantityPercent": -1,
      "SpawnAttachments": [],
      "Variants": []
    },
    {
      "ClassName": "SSD_Box",
      "MaxPriceThreshold": 450,
      "MinPriceThreshold": 450,
      "SellPricePercent": -1,
      "MaxStockThreshold": 0,
      "MinStockThreshold": 0,
      "QuantityPercent": -1,
      "SpawnAttachments": [],
      "Variants": []
    },
    {
      "ClassName": "Soldering_Iron",
      "MaxPriceThreshold": 500,
      "MinPriceThreshold": 500,
      "SellPricePercent": -1,
      "MaxStockThreshold": 0,
      "MinStockThreshold": 0,
      "QuantityPercent": -1,
      "SpawnAttachments": [],
      "Variants": []
    },
    {
      "ClassName": "PC_Kit",
      "MaxPriceThreshold": 2000,
      "MinPriceThreshold": 2000,
      "SellPricePercent": -1,
      "MaxStockThreshold": 0,
      "MinStockThreshold": 0,
      "QuantityPercent": -1,
      "SpawnAttachments": [],
      "Variants": []
    },
    {
      "ClassName": "PSU",
      "MaxPriceThreshold": 600,
      "MinPriceThreshold": 600,
      "SellPricePercent": -1,
      "MaxStockThreshold": 0,
      "MinStockThreshold": 0,
      "QuantityPercent": -1,
      "SpawnAttachments": [],
      "Variants": []
    },
    {
      "ClassName": "GPU_RTX_ThirtyNinty",
      "MaxPriceThreshold": 550,
      "MinPriceThreshold": 550,
      "SellPricePercent": -1,
      "MaxStockThreshold": 1,
      "MinStockThreshold": 1,
      "QuantityPercent": -1,
      "SpawnAttachments": [],
      "Variants": []
    }
  ]
}