{
  "m_Version": 12,
  "DisplayName": "Pouches - Military",
  "Icon": "Deliver",
  "Color": "FBFCFEFF",
  "IsExchange": 0,
  "InitStockPercent": 75,
  "Items": [
    {
      "ClassName": "chestholster",
      "MaxPriceThreshold": 1795,
      "MinPriceThreshold": 1075,
      "SellPricePercent": -1,
      "MaxStockThreshold": 1,
      "MinStockThreshold": 1,
      "QuantityPercent": -1,
      "SpawnAttachments": [],
      "Variants": []
    },
    {
      "ClassName": "platecarrierholster",
      "MaxPriceThreshold": 1725,
      "MinPriceThreshold": 1035,
      "SellPricePercent": -1,
      "MaxStockThreshold": 1,
      "MinStockThreshold": 1,
      "QuantityPercent": -1,
      "SpawnAttachments": [],
      "Variants": [
        "platecarrierholster_green",
        "platecarrierholster_black",
        "platecarrierholster_camo",
        "platecarrierholster_winter"
      ]
    },
    {
      "ClassName": "platecarrierholster_camo",
      "MaxPriceThreshold": 11845,
      "MinPriceThreshold": 7105,
      "SellPricePercent": -1,
      "MaxStockThreshold": 1,
      "MinStockThreshold": 1,
      "QuantityPercent": -1,
      "SpawnAttachments": [],
      "Variants": []
    },
    {
      "ClassName": "platecarrierholster_winter",
      "MaxPriceThreshold": 1800,
      "MinPriceThreshold": 1080,
      "SellPricePercent": -1,
      "MaxStockThreshold": 1,
      "MinStockThreshold": 1,
      "QuantityPercent": -1,
      "SpawnAttachments": [],
      "Variants": []
    },
    {
      "ClassName": "platecarrierpouches",
      "MaxPriceThreshold": 1725,
      "MinPriceThreshold": 1035,
      "SellPricePercent": -1,
      "MaxStockThreshold": 1,
      "MinStockThreshold": 1,
      "QuantityPercent": -1,
      "SpawnAttachments": [],
      "Variants": [
        "platecarrierpouches_green",
        "platecarrierpouches_black",
        "platecarrierpouches_camo",
        "platecarrierpouches_winter"
      ]
    },
    {
      "ClassName": "platecarrierpouches_camo",
      "MaxPriceThreshold": 11845,
      "MinPriceThreshold": 7105,
      "SellPricePercent": -1,
      "MaxStockThreshold": 1,
      "MinStockThreshold": 1,
      "QuantityPercent": -1,
      "SpawnAttachments": [],
      "Variants": []
    },
    {
      "ClassName": "platecarrierpouches_winter",
      "MaxPriceThreshold": 1980,
      "MinPriceThreshold": 1190,
      "SellPricePercent": -1,
      "MaxStockThreshold": 1,
      "MinStockThreshold": 1,
      "QuantityPercent": -1,
      "SpawnAttachments": [],
      "Variants": []
    },
    {
      "ClassName": "nylonknifesheath",
      "MaxPriceThreshold": 855,
      "MinPriceThreshold": 515,
      "SellPricePercent": -1,
      "MaxStockThreshold": 1,
      "MinStockThreshold": 1,
      "QuantityPercent": -1,
      "SpawnAttachments": [],
      "Variants": []
    },
    {
      "ClassName": "Tactical_Leg_Holster_Black",
      "MaxPriceThreshold": 1280,
      "MinPriceThreshold": 765,
      "SellPricePercent": -1,
      "MaxStockThreshold": 1,
      "MinStockThreshold": 1,
      "QuantityPercent": -1,
      "SpawnAttachments": [],
      "Variants": []
    },
    {
      "ClassName": "DS_Holster_Noir",
      "MaxPriceThreshold": 1000,
      "MinPriceThreshold": 1000,
      "SellPricePercent": -1,
      "MaxStockThreshold": 1,
      "MinStockThreshold": 1,
      "QuantityPercent": -1,
      "SpawnAttachments": [],
      "Variants": [
        "DS_Holster_CCE",
        "DS_Holster_Police"
      ]
    },
    {
      "ClassName": "DS_Poches_Molles_Noires",
      "MaxPriceThreshold": 1000,
      "MinPriceThreshold": 1000,
      "SellPricePercent": -1,
      "MaxStockThreshold": 1,
      "MinStockThreshold": 1,
      "QuantityPercent": -1,
      "SpawnAttachments": [],
      "Variants": [
        "DS_Poches_Molles_Bountyhunter",
        "DS_Poches_Molles_Police",
        "DS_Poches_Molles_CCE"
      ]
    },
    {
      "ClassName": "rag_viking_pouch_1",
      "MaxPriceThreshold": 10000,
      "MinPriceThreshold": 7000,
      "SellPricePercent": -1,
      "MaxStockThreshold": 1,
      "MinStockThreshold": 1,
      "QuantityPercent": -1,
      "SpawnAttachments": [],
      "Variants": []
    },
    {
      "ClassName": "rag_viking_pouch_2",
      "MaxPriceThreshold": 10000,
      "MinPriceThreshold": 7000,
      "SellPricePercent": -1,
      "MaxStockThreshold": 1,
      "MinStockThreshold": 1,
      "QuantityPercent": -1,
      "SpawnAttachments": [],
      "Variants": []
    },
    {
      "ClassName": "rag_viking_pouch_3",
      "MaxPriceThreshold": 10000,
      "MinPriceThreshold": 7000,
      "SellPricePercent": -1,
      "MaxStockThreshold": 1,
      "MinStockThreshold": 1,
      "QuantityPercent": -1,
      "SpawnAttachments": [],
      "Variants": []
    },
    {
      "ClassName": "rag_viking_holster",
      "MaxPriceThreshold": 10000,
      "MinPriceThreshold": 7000,
      "SellPricePercent": -1,
      "MaxStockThreshold": 1,
      "MinStockThreshold": 1,
      "QuantityPercent": -1,
      "SpawnAttachments": [],
      "Variants": []
    },
    {
      "ClassName": "rag_viking_shield",
      "MaxPriceThreshold": 10000,
      "MinPriceThreshold": 7000,
      "SellPricePercent": -1,
      "MaxStockThreshold": 1,
      "MinStockThreshold": 1,
      "QuantityPercent": -1,
      "SpawnAttachments": [],
      "Variants": []
    },
    {
      "ClassName": "rag_viking_bracer",
      "MaxPriceThreshold": 5000,
      "MinPriceThreshold": 4000,
      "SellPricePercent": -1,
      "MaxStockThreshold": 1,
      "MinStockThreshold": 1,
      "QuantityPercent": -1,
      "SpawnAttachments": [],
      "Variants": []
    },
    {
      "ClassName": "rag_coinbag",
      "MaxPriceThreshold": 5000,
      "MinPriceThreshold": 4000,
      "SellPricePercent": -1,
      "MaxStockThreshold": 1,
      "MinStockThreshold": 1,
      "QuantityPercent": -1,
      "SpawnAttachments": [],
      "Variants": []
    },
    {
      "ClassName": "MMG_Mag_Pouch_Black",
      "MaxPriceThreshold": 1000,
      "MinPriceThreshold": 1000,
      "SellPricePercent": -1,
      "MaxStockThreshold": 1,
      "MinStockThreshold": 1,
      "QuantityPercent": -1,
      "SpawnAttachments": [],
      "Variants": [
        "MMG_Mag_Pouch_olive",
        "MMG_Mag_Pouch_tan",
        "MMG_Mag_Pouch_multicam",
        "MMG_Mag_Pouch_alpine",
        "MMG_Mag_Pouch_erdl",
        "MMG_Mag_Pouch_dark_woodland",
        "MMG_Mag_Pouch_ucp",
        "MMG_Mag_Pouch_multicam_tropic",
        "MMG_Mag_Pouch_multicamblack",
        "MMG_Mag_Pouch_atacs"
      ]
    },
    {
      "ClassName": "MMG_double_magpouch_black",
      "MaxPriceThreshold": 1000,
      "MinPriceThreshold": 1000,
      "SellPricePercent": -1,
      "MaxStockThreshold": 1,
      "MinStockThreshold": 1,
      "QuantityPercent": -1,
      "SpawnAttachments": [],
      "Variants": [
        "MMG_double_magpouch_green",
        "MMG_double_magpouch_tan",
        "MMG_double_magpouch_multicam",
        "MMG_double_magpouch_atacs",
        "MMG_double_magpouch_alpine",
        "MMG_double_magpouch_erdl",
        "MMG_double_magpouch_multicamblack",
        "MMG_double_magpouch_dark_woodland",
        "MMG_double_magpouch_ucp",
        "MMG_double_magpouch_multicam_tropic",
        "MMG_double_magpouch_atacs"
      ]
    },
    {
      "ClassName": "MMG_triple_magpouch_multicam_tropic",
      "MaxPriceThreshold": 1000,
      "MinPriceThreshold": 1000,
      "SellPricePercent": -1,
      "MaxStockThreshold": 1,
      "MinStockThreshold": 1,
      "QuantityPercent": -1,
      "SpawnAttachments": [],
      "Variants": [
        "MMG_triple_magpouch_dark_woodland",
        "MMG_triple_magpouch_alpine",
        "MMG_triple_magpouch_green",
        "MMG_triple_magpouch_erdl",
        "MMG_triple_magpouch_ucp",
        "MMG_triple_magpouch_multicamblack",
        "MMG_triple_magpouch_tan",
        "MMG_triple_magpouch_multicam",
        "MMG_triple_magpouch_black",
        "MMG_triple_atacs"
      ]
    },
    {
      "ClassName": "MMG_multiple_magpouch_black",
      "MaxPriceThreshold": 1000,
      "MinPriceThreshold": 1000,
      "SellPricePercent": -1,
      "MaxStockThreshold": 1,
      "MinStockThreshold": 1,
      "QuantityPercent": -1,
      "SpawnAttachments": [],
      "Variants": [
        "MMG_multiple_magpouch_green",
        "MMG_multiple_magpouch_tan"
      ]
    },
    {
      "ClassName": "MMG_Med_Pouch_black",
      "MaxPriceThreshold": 1000,
      "MinPriceThreshold": 1000,
      "SellPricePercent": -1,
      "MaxStockThreshold": 1,
      "MinStockThreshold": 1,
      "QuantityPercent": -1,
      "SpawnAttachments": [],
      "Variants": [
        "MMG_Med_Pouch_multicam",
        "MMG_Med_Pouch_Olive",
        "MMG_Med_Pouch_alpine",
        "MMG_Med_Pouch_erdl",
        "MMG_Med_Pouch_multicamblack",
        "MMG_Med_Pouch_dark_woodland",
        "MMG_Med_Pouch_ucp",
        "MMG_Med_Pouch_multicam_tropic",
        "MMG_Med_Pouch_atacs"
      ]
    },
    {
      "ClassName": "mmg_dump_pouch_black",
      "MaxPriceThreshold": 1000,
      "MinPriceThreshold": 1000,
      "SellPricePercent": -1,
      "MaxStockThreshold": 1,
      "MinStockThreshold": 1,
      "QuantityPercent": -1,
      "SpawnAttachments": [],
      "Variants": [
        "mmg_dump_pouch_green",
        "mmg_dump_pouch_tan"
      ]
    },
    {
      "ClassName": "MMG_ammo_pouch_black",
      "MaxPriceThreshold": 1000,
      "MinPriceThreshold": 1000,
      "SellPricePercent": -1,
      "MaxStockThreshold": 1,
      "MinStockThreshold": 1,
      "QuantityPercent": -1,
      "SpawnAttachments": [],
      "Variants": [
        "MMG_ammo_pouch_olive",
        "MMG_ammo_pouch_multicam",
        "MMG_ammo_pouch_tan",
        "MMG_ammo_pouch_alpine",
        "MMG_ammo_pouch_erdl",
        "MMG_ammo_pouch_multicamblack",
        "MMG_ammo_pouch_dark_woodland",
        "MMG_ammo_pouch_ucp",
        "MMG_ammo_pouch_multicam_tropic",
        "MMG_ammo_pouch_atacs"
      ]
    },
    {
      "ClassName": "MMG_tactical_pouch_tan",
      "MaxPriceThreshold": 1000,
      "MinPriceThreshold": 1000,
      "SellPricePercent": -1,
      "MaxStockThreshold": 1,
      "MinStockThreshold": 1,
      "QuantityPercent": -1,
      "SpawnAttachments": [],
      "Variants": [
        "MMG_tactical_pouch_black",
        "MMG_tactical_pouch_green",
        "MMG_tactical_pouch_alpine",
        "MMG_tactical_pouch_erdl",
        "MMG_tactical_pouch_multicamblack",
        "MMG_tactical_pouch_dark_woodland",
        "MMG_tactical_pouch_ucp",
        "MMG_tactical_pouch_multicam_tropic",
        "MMG_tactical_pouch_atacs"
      ]
    },
    {
      "ClassName": "MMG_Holster_black",
      "MaxPriceThreshold": 1000,
      "MinPriceThreshold": 1000,
      "SellPricePercent": -1,
      "MaxStockThreshold": 1,
      "MinStockThreshold": 1,
      "QuantityPercent": -1,
      "SpawnAttachments": [],
      "Variants": [
        "MMG_Holster_green",
        "MMG_Holster_tan",
        "MMG_Holster_alpine",
        "MMG_Holster_erdl",
        "MMG_Holster_multicamblack",
        "MMG_Holster_multicam",
        "MMG_Holster_dark_woodland",
        "MMG_Holster_ucp",
        "MMG_Holster_multicam_tropic",
        "MMG_Holster_atacs"
      ]
    },
    {
      "ClassName": "MMG_sheath_black",
      "MaxPriceThreshold": 1000,
      "MinPriceThreshold": 1000,
      "SellPricePercent": -1,
      "MaxStockThreshold": 1,
      "MinStockThreshold": 1,
      "QuantityPercent": -1,
      "SpawnAttachments": [],
      "Variants": [
        "MMG_sheath_olive",
        "MMG_sheath_tan",
        "MMG_sheath_mcb_digital",
        "MMG_sheath_alpine",
        "MMG_sheath_erdl",
        "MMG_sheath_multicamblack",
        "MMG_sheath_multicam",
        "MMG_sheath_dark_woodland",
        "MMG_sheath_ucp",
        "MMG_sheath_atacs"
      ]
    },
    {
      "ClassName": "MMG_mk5_utility_pouch_black",
      "MaxPriceThreshold": 1000,
      "MinPriceThreshold": 1000,
      "SellPricePercent": -1,
      "MaxStockThreshold": 1,
      "MinStockThreshold": 1,
      "QuantityPercent": -1,
      "SpawnAttachments": [],
      "Variants": [
        "MMG_mk5_utility_pouch_green",
        "MMG_mk5_utility_pouch_tan",
        "MMG_mk5_utility_pouch_multicamblack",
        "MMG_mk5_utility_pouch_multicam",
        "MMG_mk5_utility_pouch_erdl",
        "MMG_mk5_utility_pouch_alpine",
        "MMG_mk5_utility_pouch_dark_woodland",
        "MMG_mk5_utility_pouch_ucp",
        "MMG_mk5_utility_pouch_multicam_tropic",
        "MMG_mk5_utility_pouch_atacs"
      ]
    },
    {
      "ClassName": "MMG_mk5_grenade_pouch_black",
      "MaxPriceThreshold": 1000,
      "MinPriceThreshold": 1000,
      "SellPricePercent": -1,
      "MaxStockThreshold": 1,
      "MinStockThreshold": 1,
      "QuantityPercent": -1,
      "SpawnAttachments": [],
      "Variants": [
        "MMG_mk5_grenade_pouch_green",
        "MMG_mk5_grenade_pouch_tan",
        "MMG_mk5_grenade_pouch_multicamblack",
        "MMG_mk5_grenade_pouch_multicam",
        "MMG_mk5_grenade_pouch_alpine",
        "MMG_mk5_grenade_pouch_erdl",
        "MMG_mk5_grenade_pouch_dark_woodland",
        "MMG_mk5_grenade_pouch_ucp",
        "MMG_mk5_grenade_pouch_multicam_tropic",
        "MMG_mk5_grenade_pouch_atacs"
      ]
    },
    {
      "ClassName": "FOG_TV110T_MagPouches_Tan",
      "MaxPriceThreshold": 1000,
      "MinPriceThreshold": 1000,
      "SellPricePercent": -1,
      "MaxStockThreshold": 1,
      "MinStockThreshold": 1,
      "QuantityPercent": -1,
      "SpawnAttachments": [],
      "Variants": [
        "FOG_TV110T_MagPouches_CB",
        "FOG_TV110T_MagPouches_Black",
        "FOG_TV110T_MagPouches_RG",
        "FOG_TV110T_MagPouches_AU",
        "FOG_TV110T_MagPouches_FG",
        "FOG_TV110T_MagPouches_MC"
      ]
    },
    {
      "ClassName": "FOG_TV110T_AdminPouch_Tan",
      "MaxPriceThreshold": 1000,
      "MinPriceThreshold": 1000,
      "SellPricePercent": -1,
      "MaxStockThreshold": 1,
      "MinStockThreshold": 1,
      "QuantityPercent": -1,
      "SpawnAttachments": [],
      "Variants": [
        "FOG_TV110T_AdminPouch_CB",
        "FOG_TV110T_AdminPouch_Black",
        "FOG_TV110T_AdminPouch_RG",
        "FOG_TV110T_AdminPouch_AU",
        "FOG_TV110T_AdminPouch_FG",
        "FOG_TV110T_AdminPouch_MC"
      ]
    },
    {
      "ClassName": "FOG_TV110T_FastMag_Tan",
      "MaxPriceThreshold": 1000,
      "MinPriceThreshold": 1000,
      "SellPricePercent": -1,
      "MaxStockThreshold": 1,
      "MinStockThreshold": 1,
      "QuantityPercent": -1,
      "SpawnAttachments": [],
      "Variants": [
        "FOG_TV110T_FastMag_CB",
        "FOG_TV110T_FastMag_Black",
        "FOG_TV110T_FastMag_RG",
        "FOG_TV110T_FastMag_AU",
        "FOG_TV110T_FastMag_FG",
        "FOG_TV110T_FastMag_MC"
      ]
    },
    {
      "ClassName": "FOG_TV110T_GrenadePouch_Tan",
      "MaxPriceThreshold": 1000,
      "MinPriceThreshold": 1000,
      "SellPricePercent": -1,
      "MaxStockThreshold": 1,
      "MinStockThreshold": 1,
      "QuantityPercent": -1,
      "SpawnAttachments": [],
      "Variants": [
        "FOG_TV110T_GrenadePouch_CB",
        "FOG_TV110T_GrenadePouch_Black",
        "FOG_TV110T_GrenadePouch_RG",
        "FOG_TV110T_GrenadePouch_AU",
        "FOG_TV110T_GrenadePouch_FG",
        "FOG_TV110T_GrenadePouch_MC"
      ]
    },
    {
      "ClassName": "FOG_TV110T_Medkit_Tan",
      "MaxPriceThreshold": 1000,
      "MinPriceThreshold": 1000,
      "SellPricePercent": -1,
      "MaxStockThreshold": 1,
      "MinStockThreshold": 1,
      "QuantityPercent": -1,
      "SpawnAttachments": [],
      "Variants": [
        "FOG_TV110T_Medkit_CB",
        "FOG_TV110T_Medkit_Black",
        "FOG_TV110T_Medkit_RG",
        "FOG_TV110T_Medkit_AU",
        "FOG_TV110T_Medkit_FG",
        "FOG_TV110T_Medkit_MC"
      ]
    },
    {
      "ClassName": "FOG_TV110T_UtilityPouch_Tan",
      "MaxPriceThreshold": 1000,
      "MinPriceThreshold": 1000,
      "SellPricePercent": -1,
      "MaxStockThreshold": 1,
      "MinStockThreshold": 1,
      "QuantityPercent": -1,
      "SpawnAttachments": [],
      "Variants": [
        "FOG_TV110T_UtilityPouch_CB",
        "FOG_TV110T_UtilityPouch_Black",
        "FOG_TV110T_UtilityPouch_RG",
        "FOG_TV110T_UtilityPouch_AU",
        "FOG_TV110T_UtilityPouch_FG",
        "FOG_TV110T_UtilityPouch_MC"
      ]
    },
    {
      "ClassName": "FOG_Pouch_Admin_Small_CB",
      "MaxPriceThreshold": 1000,
      "MinPriceThreshold": 1000,
      "SellPricePercent": -1,
      "MaxStockThreshold": 1,
      "MinStockThreshold": 1,
      "QuantityPercent": -1,
      "SpawnAttachments": [],
      "Variants": [
        "FOG_Pouch_Admin_Small_RG",
        "FOG_Pouch_Admin_Small_MC",
        "FOG_Pouch_Admin_Small_Black",
        "FOG_Pouch_Admin_Small_AOR1",
        "FOG_Pouch_Admin_Small_AOR2",
        "FOG_Pouch_Admin_Small_ALP"
      ]
    },
    {
      "ClassName": "FOG_Pouch_Admin_Spiritus_MC",
      "MaxPriceThreshold": 1000,
      "MinPriceThreshold": 1000,
      "SellPricePercent": -1,
      "MaxStockThreshold": 1,
      "MinStockThreshold": 1,
      "QuantityPercent": -1,
      "SpawnAttachments": [],
      "Variants": [
        "FOG_Pouch_Admin_Spiritus_MCB",
        "FOG_Pouch_Admin_Spiritus_M81",
        "FOG_Pouch_Admin_Spiritus_Black",
        "FOG_Pouch_Admin_Spiritus_CB",
        "FOG_Pouch_Admin_Spiritus_RG"
      ]
    },
    {
      "ClassName": "FOG_Pouch_Tall_Spiritus_MC",
      "MaxPriceThreshold": 1000,
      "MinPriceThreshold": 1000,
      "SellPricePercent": -1,
      "MaxStockThreshold": 1,
      "MinStockThreshold": 1,
      "QuantityPercent": -1,
      "SpawnAttachments": [],
      "Variants": [
        "FOG_Pouch_Tall_Spiritus_MCB",
        "FOG_Pouch_Tall_Spiritus_M81",
        "FOG_Pouch_Tall_Spiritus_Black",
        "FOG_Pouch_Tall_Spiritus_CB",
        "FOG_Pouch_Tall_Spiritus_RG"
      ]
    },
    {
      "ClassName": "FOG_Pouch_Belly_MC",
      "MaxPriceThreshold": 1000,
      "MinPriceThreshold": 1000,
      "SellPricePercent": -1,
      "MaxStockThreshold": 1,
      "MinStockThreshold": 1,
      "QuantityPercent": -1,
      "SpawnAttachments": [],
      "Variants": [
        "FOG_Pouch_Belly_AOR2",
        "FOG_Pouch_Belly_Black",
        "FOG_Pouch_Belly_CB",
        "FOG_Pouch_Belly_RG"
      ]
    },
    {
      "ClassName": "FOG_Pouch_FannyPack_Black",
      "MaxPriceThreshold": 1000,
      "MinPriceThreshold": 1000,
      "SellPricePercent": -1,
      "MaxStockThreshold": 1,
      "MinStockThreshold": 1,
      "QuantityPercent": -1,
      "SpawnAttachments": [],
      "Variants": [
        "FOG_Pouch_FannyPack_RG",
        "FOG_Pouch_FannyPack_CB",
        "FOG_Pouch_FannyPack_KHK",
        "FOG_Pouch_FannyPack_MC",
        "FOG_Pouch_FannyPack_MCB",
        "FOG_Pouch_FannyPack_AOR2",
        "FOG_Pouch_FannyPack_M81"
      ]
    },
    {
      "ClassName": "FOG_Pouch_Belly_Spiritus_MC",
      "MaxPriceThreshold": 1000,
      "MinPriceThreshold": 1000,
      "SellPricePercent": -1,
      "MaxStockThreshold": 1,
      "MinStockThreshold": 1,
      "QuantityPercent": -1,
      "SpawnAttachments": [],
      "Variants": [
        "FOG_Pouch_Belly_Spiritus_MCB",
        "FOG_Pouch_Belly_Spiritus_M81",
        "FOG_Pouch_Belly_Spiritus_Black",
        "FOG_Pouch_Belly_Spiritus_CB",
        "FOG_Pouch_Belly_Spiritus_RG"
      ]
    },
    {
      "ClassName": "FOG_Pouch_TraumaRoll_Black",
      "MaxPriceThreshold": 1000,
      "MinPriceThreshold": 1000,
      "SellPricePercent": -1,
      "MaxStockThreshold": 1,
      "MinStockThreshold": 1,
      "QuantityPercent": -1,
      "SpawnAttachments": [],
      "Variants": [
        "FOG_Pouch_TraumaRoll_CB",
        "FOG_Pouch_TraumaRoll_RG",
        "FOG_Pouch_TraumaRoll_Tan",
        "FOG_Pouch_TraumaRoll_MC",
        "FOG_Pouch_TraumaRoll_MCB",
        "FOG_Pouch_TraumaRoll_AOR1",
        "FOG_Pouch_TraumaRoll_AOR2"
      ]
    },
    {
      "ClassName": "FOG_Pouch_Grenade_MC",
      "MaxPriceThreshold": 1000,
      "MinPriceThreshold": 1000,
      "SellPricePercent": -1,
      "MaxStockThreshold": 1,
      "MinStockThreshold": 1,
      "QuantityPercent": -1,
      "SpawnAttachments": [],
      "Variants": [
        "FOG_Pouch_Grenade_CB",
        "FOG_Pouch_Grenade_Grey",
        "FOG_Pouch_Grenade_RG",
        "FOG_Pouch_Grenade_Black"
      ]
    },
    {
      "ClassName": "FOG_Pouch_IFAK_Brown",
      "MaxPriceThreshold": 1000,
      "MinPriceThreshold": 1000,
      "SellPricePercent": -1,
      "MaxStockThreshold": 1,
      "MinStockThreshold": 1,
      "QuantityPercent": -1,
      "SpawnAttachments": [],
      "Variants": [
        "FOG_Pouch_IFAK_CB",
        "FOG_Pouch_IFAK_RG",
        "FOG_Pouch_IFAK_Grey",
        "FOG_Pouch_IFAK_Black"
      ]
    },
    {
      "ClassName": "FOG_Pouch_Mag_AVS_CB",
      "MaxPriceThreshold": 1000,
      "MinPriceThreshold": 1000,
      "SellPricePercent": -1,
      "MaxStockThreshold": 1,
      "MinStockThreshold": 1,
      "QuantityPercent": -1,
      "SpawnAttachments": [],
      "Variants": [
        "FOG_Pouch_Mag_AVS_RG",
        "FOG_Pouch_Mag_AVS_MC",
        "FOG_Pouch_Mag_AVS_Black",
        "FOG_Pouch_Mag_AVS_AOR1",
        "FOG_Pouch_Mag_AVS_AOR2",
        "FOG_Pouch_Mag_AVS_ALP"
      ]
    },
    {
      "ClassName": "FOG_Pouch_Mag_Dope_RG",
      "MaxPriceThreshold": 1000,
      "MinPriceThreshold": 1000,
      "SellPricePercent": -1,
      "MaxStockThreshold": 1,
      "MinStockThreshold": 1,
      "QuantityPercent": -1,
      "SpawnAttachments": [],
      "Variants": [
        "FOG_Pouch_Mag_Dope_CB",
        "FOG_Pouch_Mag_Dope_Black",
        "FOG_Pouch_Mag_Dope_Grey",
        "FOG_Pouch_Mag_Dope_MC",
        "FOG_Pouch_Mag_Dope_MCB",
        "FOG_Pouch_Mag_Dope_MCA",
        "FOG_Pouch_Mag_Dope_MCT",
        "FOG_Pouch_Mag_Dope_MCAL",
        "FOG_Pouch_Mag_Dope_M81",
        "FOG_Pouch_Mag_Dope_AOR1",
        "FOG_Pouch_Mag_Dope_AOR2"
      ]
    },
    {
      "ClassName": "FOG_Pouch_Mag_DW_Black",
      "MaxPriceThreshold": 1000,
      "MinPriceThreshold": 1000,
      "SellPricePercent": -1,
      "MaxStockThreshold": 1,
      "MinStockThreshold": 1,
      "QuantityPercent": -1,
      "SpawnAttachments": [],
      "Variants": [
        "FOG_Pouch_Mag_DW_RG",
        "FOG_Pouch_Mag_DW_CB",
        "FOG_Pouch_Mag_DW_Grey",
        "FOG_Pouch_Mag_DW_MC",
        "FOG_Pouch_Mag_DW_MCB",
        "FOG_Pouch_Mag_DW_MCT",
        "FOG_Pouch_Mag_DW_MCA",
        "FOG_Pouch_Mag_DW_MCAL",
        "FOG_Pouch_Mag_DW_M81",
        "FOG_Pouch_Mag_DW_AOR1",
        "FOG_Pouch_Mag_DW_AOR2"
      ]
    },
    {
      "ClassName": "FOG_Pouch_Mag_Kangaroo_MC",
      "MaxPriceThreshold": 1000,
      "MinPriceThreshold": 1000,
      "SellPricePercent": -1,
      "MaxStockThreshold": 1,
      "MinStockThreshold": 1,
      "QuantityPercent": -1,
      "SpawnAttachments": [],
      "Variants": [
        "FOG_Pouch_Mag_Kangaroo_AOR1",
        "FOG_Pouch_Mag_Kangaroo_AOR2",
        "FOG_Pouch_Mag_Kangaroo_Black",
        "FOG_Pouch_Mag_Kangaroo_RG",
        "FOG_Pouch_Mag_Kangaroo_CB",
        "FOG_Pouch_Mag_Kangaroo_ALP"
      ]
    },
    {
      "ClassName": "FOG_Pouch_Mag_BlueFor_MC",
      "MaxPriceThreshold": 1000,
      "MinPriceThreshold": 1000,
      "SellPricePercent": -1,
      "MaxStockThreshold": 1,
      "MinStockThreshold": 1,
      "QuantityPercent": -1,
      "SpawnAttachments": [],
      "Variants": [
        "FOG_Pouch_Mag_BlueFor_RG",
        "FOG_Pouch_Mag_BlueFor_CB",
        "FOG_Pouch_Mag_BlueFor_Black",
        "FOG_Pouch_Mag_BlueFor_AOR1",
        "FOG_Pouch_Mag_BlueFor_AOR2",
        "FOG_Pouch_Mag_BlueFor_ALP"
      ]
    },
    {
      "ClassName": "FOG_Pouch_Mag_KTAR_RG",
      "MaxPriceThreshold": 1000,
      "MinPriceThreshold": 1000,
      "SellPricePercent": -1,
      "MaxStockThreshold": 1,
      "MinStockThreshold": 1,
      "QuantityPercent": -1,
      "SpawnAttachments": [],
      "Variants": [
        "FOG_Pouch_Mag_KTAR_CB",
        "FOG_Pouch_Mag_KTAR_Black",
        "FOG_Pouch_Mag_KTAR_Grey",
        "FOG_Pouch_Mag_KTAR_MC",
        "FOG_Pouch_Mag_KTAR_MCB",
        "FOG_Pouch_Mag_KTAR_MCA",
        "FOG_Pouch_Mag_KTAR_MCAL",
        "FOG_Pouch_Mag_KTAR_MCT",
        "FOG_Pouch_Mag_KTAR_M81",
        "FOG_Pouch_Mag_KTAR_AOR1",
        "FOG_Pouch_Mag_KTAR_AOR2"
      ]
    },
    {
      "ClassName": "FOG_Pouch_Mag_TEAR_RG",
      "MaxPriceThreshold": 1000,
      "MinPriceThreshold": 1000,
      "SellPricePercent": -1,
      "MaxStockThreshold": 1,
      "MinStockThreshold": 1,
      "QuantityPercent": -1,
      "SpawnAttachments": [],
      "Variants": [
        "FOG_Pouch_Mag_TEAR_CB",
        "FOG_Pouch_Mag_TEAR_Black",
        "FOG_Pouch_Mag_TEAR_Grey",
        "FOG_Pouch_Mag_TEAR_MC",
        "FOG_Pouch_Mag_TEAR_MCB",
        "FOG_Pouch_Mag_TEAR_MCT",
        "FOG_Pouch_Mag_TEAR_MCA",
        "FOG_Pouch_Mag_TEAR_MCAL",
        "FOG_Pouch_Mag_TEAR_M81",
        "FOG_Pouch_Mag_TEAR_AOR1",
        "FOG_Pouch_Mag_TEAR_AOR2"
      ]
    },
    {
      "ClassName": "FOG_Pouch_Mag_LV119_CB",
      "MaxPriceThreshold": 1000,
      "MinPriceThreshold": 1000,
      "SellPricePercent": -1,
      "MaxStockThreshold": 1,
      "MinStockThreshold": 1,
      "QuantityPercent": -1,
      "SpawnAttachments": [],
      "Variants": [
        "FOG_Pouch_Mag_LV119_RG",
        "FOG_Pouch_Mag_LV119_OD",
        "FOG_Pouch_Mag_LV119_Black",
        "FOG_Pouch_Mag_LV119_MC",
        "FOG_Pouch_Mag_LV119_MCB"
      ]
    },
    {
      "ClassName": "FOG_Pouch_Mag_SSMK4_CB",
      "MaxPriceThreshold": 1000,
      "MinPriceThreshold": 1000,
      "SellPricePercent": -1,
      "MaxStockThreshold": 1,
      "MinStockThreshold": 1,
      "QuantityPercent": -1,
      "SpawnAttachments": [],
      "Variants": [
        "FOG_Pouch_Mag_SSMK4_RG",
        "FOG_Pouch_Mag_SSMK4_Black",
        "FOG_Pouch_Mag_SSMK4_Grey",
        "FOG_Pouch_Mag_SSMK4_MC",
        "FOG_Pouch_Mag_SSMK4_MCA",
        "FOG_Pouch_Mag_SSMK4_MCT",
        "FOG_Pouch_Mag_SSMK4_M81"
      ]
    },
    {
      "ClassName": "FOG_JPC_Panel_CB_Flag_US",
      "MaxPriceThreshold": 1000,
      "MinPriceThreshold": 1000,
      "SellPricePercent": -1,
      "MaxStockThreshold": 1,
      "MinStockThreshold": 1,
      "QuantityPercent": -1,
      "SpawnAttachments": [],
      "Variants": [
        "FOG_JPC_Panel_RG_Flag_US",
        "FOG_JPC_Panel_Black_Flag_US",
        "FOG_JPC_Panel_MC_Flag_US",
        "FOG_JPC_Panel_AOR1_Flag_US",
        "FOG_JPC_Panel_AOR2_Flag_US"
      ]
    },
    {
      "ClassName": "FOG_FC_Panel_Black_Flag_US",
      "MaxPriceThreshold": 1000,
      "MinPriceThreshold": 1000,
      "SellPricePercent": -1,
      "MaxStockThreshold": 1,
      "MinStockThreshold": 1,
      "QuantityPercent": -1,
      "SpawnAttachments": [],
      "Variants": [
        "FOG_FC_Panel_CB_Flag_US",
        "FOG_FC_Panel_RG_Flag_US",
        "FOG_FC_Panel_Grey_Flag_US",
        "FOG_FC_Panel_MC_Flag_US",
        "FOG_FC_Panel_MCT_Flag_US",
        "FOG_FC_Panel_MCA_Flag_US",
        "FOG_FC_Panel_ALP_Flag_US",
        "FOG_FC_Panel_M81_Flag_US",
        "FOG_FC_Panel_ALP_Flag_US",
        "FOG_FC_Panel_AOR1_Flag_US",
        "FOG_FC_Panel_AOR2_Flag_US"
      ]
    },
    {
      "ClassName": "FOG_Panel_MapPackMed_Black",
      "MaxPriceThreshold": 1000,
      "MinPriceThreshold": 1000,
      "SellPricePercent": -1,
      "MaxStockThreshold": 1,
      "MinStockThreshold": 1,
      "QuantityPercent": -1,
      "SpawnAttachments": [],
      "Variants": [
        "FOG_Panel_MapPackMed_CB",
        "FOG_Panel_MapPackMed_RG",
        "FOG_Panel_MapPackMed_Khk"
      ]
    },
    {
      "ClassName": "FOG_Pouch_Dump_MC",
      "MaxPriceThreshold": 1000,
      "MinPriceThreshold": 1000,
      "SellPricePercent": -1,
      "MaxStockThreshold": 1,
      "MinStockThreshold": 1,
      "QuantityPercent": -1,
      "SpawnAttachments": [],
      "Variants": [
        "FOG_Pouch_Dump_MCB",
        "FOG_Pouch_Dump_AOR2",
        "FOG_Pouch_Dump_Black",
        "FOG_Pouch_Dump_CB",
        "FOG_Pouch_Dump_RG"
      ]
    },
    {
      "ClassName": "FOG_Pouch_SingleMag_MC",
      "MaxPriceThreshold": 1000,
      "MinPriceThreshold": 1000,
      "SellPricePercent": -1,
      "MaxStockThreshold": 1,
      "MinStockThreshold": 1,
      "QuantityPercent": -1,
      "SpawnAttachments": [],
      "Variants": [
        "FOG_Pouch_SingleMag_MCB",
        "FOG_Pouch_SingleMag_RG",
        "FOG_Pouch_SingleMag_Black",
        "FOG_Pouch_SingleMag_CB"
      ]
    },
    {
      "ClassName": "FOG_Pouch_Esstac_MC",
      "MaxPriceThreshold": 1000,
      "MinPriceThreshold": 1000,
      "SellPricePercent": -1,
      "MaxStockThreshold": 1,
      "MinStockThreshold": 1,
      "QuantityPercent": -1,
      "SpawnAttachments": [],
      "Variants": [
        "FOG_Pouch_Esstac_Black",
        "FOG_Pouch_Esstac_ALP",
        "FOG_Pouch_Esstac_AOR1",
        "FOG_Pouch_Esstac_AOR2",
        "FOG_Pouch_Esstac_RG",
        "FOG_Pouch_Esstac_CB"
      ]
    },
    {
      "ClassName": "FOG_RTGFB_Holster_Tan",
      "MaxPriceThreshold": 1000,
      "MinPriceThreshold": 1000,
      "SellPricePercent": -1,
      "MaxStockThreshold": 1,
      "MinStockThreshold": 1,
      "QuantityPercent": -1,
      "SpawnAttachments": [],
      "Variants": [
        "FOG_RTGFB_Holster_MC",
        "FOG_RTGFB_Holster_RG",
        "FOG_RTGFB_Holster_Black",
        "FOG_RTGFB_Holster_ALP"
      ]
    },
    {
      "ClassName": "FOG_SAS_Holster_Tan",
      "MaxPriceThreshold": 1000,
      "MinPriceThreshold": 1000,
      "SellPricePercent": -1,
      "MaxStockThreshold": 1,
      "MinStockThreshold": 1,
      "QuantityPercent": -1,
      "SpawnAttachments": [],
      "Variants": [
        "FOG_SAS_Holster_Black",
        "FOG_SAS_Holster_RG",
        "FOG_SAS_Holster_CB",
        "FOG_SAS_Holster_MC",
        "FOG_SAS_Holster_MCB",
        "FOG_SAS_Holster_M81"
      ]
    },
    {
      "ClassName": "FOG_Pouch_LBT_MC",
      "MaxPriceThreshold": 1000,
      "MinPriceThreshold": 1000,
      "SellPricePercent": -1,
      "MaxStockThreshold": 1,
      "MinStockThreshold": 1,
      "QuantityPercent": -1,
      "SpawnAttachments": [],
      "Variants": [
        "FOG_Pouch_LBT_MCB"
      ]
    }
  ]
}