{
  "m_Version": 12,
  "DisplayName": "Tier 4 Weapons Damage Score: 100 - 200",
  "Icon": "Deliver",
  "Color": "FBFCFEFF",
  "IsExchange": 0,
  "InitStockPercent": 75,
  "Items": [
    {
      "ClassName": "SNAFUDVL10M2",
      "MaxPriceThreshold": 35000,
      "MinPriceThreshold": 28000,
      "SellPricePercent": -1,
      "MaxStockThreshold": 1,
      "MinStockThreshold": 1,
      "QuantityPercent": -1,
      "SpawnAttachments": [],
      "Variants": []
    },
    {
      "ClassName": "SNAFUSRSA2",
      "MaxPriceThreshold": 35000,
      "MinPriceThreshold": 28000,
      "SellPricePercent": -1,
      "MaxStockThreshold": 1,
      "MinStockThreshold": 1,
      "QuantityPercent": -1,
      "SpawnAttachments": [],
      "Variants": []
    },
    {
      "ClassName": "SNAFU_AWM_GUN",
      "MaxPriceThreshold": 35000,
      "MinPriceThreshold": 28000,
      "SellPricePercent": -1,
      "MaxStockThreshold": 1,
      "MinStockThreshold": 1,
      "QuantityPercent": -1,
      "SpawnAttachments": [],
      "Variants": []
    },
    {
      "ClassName": "SNAFUM24_GUN",
      "MaxPriceThreshold": 35000,
      "MinPriceThreshold": 28000,
      "SellPricePercent": -1,
      "MaxStockThreshold": 1,
      "MinStockThreshold": 1,
      "QuantityPercent": -1,
      "SpawnAttachments": [],
      "Variants": []
    },
    {
      "ClassName": "SNAFUM98B_Atac_GUN",
      "MaxPriceThreshold": 35000,
      "MinPriceThreshold": 28000,
      "SellPricePercent": -1,
      "MaxStockThreshold": 1,
      "MinStockThreshold": 1,
      "QuantityPercent": -1,
      "SpawnAttachments": [],
      "Variants": [
        "SNAFUM98B_Digi_GUN",
        "SNAFUM98B_Ger_GUN",
        "SNAFUM98B_Mc_GUN",
        "SNAFUM98B_Snow_GUN",
        "SNAFUM98B_Wood_GUN"
      ]
    },
    {
      "ClassName": "SNAFUT5000_Dkmcc_GUN",
      "MaxPriceThreshold": 35000,
      "MinPriceThreshold": 28000,
      "SellPricePercent": -1,
      "MaxStockThreshold": 1,
      "MinStockThreshold": 1,
      "QuantityPercent": -1,
      "SpawnAttachments": [],
      "Variants": [
        "SNAFUT5000_Snow_GUN",
        "SNAFUT5000_Wood_GUN"
      ]
    },
    {
      "ClassName": "SNAFUKivaari_Black_GUN",
      "MaxPriceThreshold": 35000,
      "MinPriceThreshold": 28000,
      "SellPricePercent": -1,
      "MaxStockThreshold": 1,
      "MinStockThreshold": 1,
      "QuantityPercent": -1,
      "SpawnAttachments": [],
      "Variants": [
        "SNAFUKivaari_Tan_GUN",
        "SNAFUKivaari_Grey_GUN",
        "SNAFUKivaari_Snow_GUN"
      ]
    },
    {
      "ClassName": "SNAFU_MAR10_Black_GUN",
      "MaxPriceThreshold": 35000,
      "MinPriceThreshold": 28000,
      "SellPricePercent": -1,
      "MaxStockThreshold": 1,
      "MinStockThreshold": 1,
      "QuantityPercent": -1,
      "SpawnAttachments": [],
      "Variants": []
    },
    {
      "ClassName": "SNAFUGevar_Grey",
      "MaxPriceThreshold": 35000,
      "MinPriceThreshold": 28000,
      "SellPricePercent": -1,
      "MaxStockThreshold": 1,
      "MinStockThreshold": 1,
      "QuantityPercent": -1,
      "SpawnAttachments": [],
      "Variants": [
        "SNAFUGevar_Black",
        "SNAFUGevar_Green",
        "SNAFUGevar_Tan"
      ]
    },
    {
      "ClassName": "SNAFUTac21",
      "MaxPriceThreshold": 35000,
      "MinPriceThreshold": 28000,
      "SellPricePercent": -1,
      "MaxStockThreshold": 1,
      "MinStockThreshold": 1,
      "QuantityPercent": -1,
      "SpawnAttachments": [],
      "Variants": []
    }
  ]
}