{
  "m_Version": 12,
  "DisplayName": "Tops - Military",
  "Icon": "Deliver",
  "Color": "FBFCFEFF",
  "IsExchange": 0,
  "InitStockPercent": 75,
  "Items": [
    {
      "ClassName": "Military_Sweater",
      "MaxPriceThreshold": 1280,
      "MinPriceThreshold": 765,
      "SellPricePercent": -1,
      "MaxStockThreshold": 1,
      "MinStockThreshold": 1,
      "QuantityPercent": -1,
      "SpawnAttachments": [],
      "Variants": [
        "Military_Sweater_Red",
        "Military_Sweater_Blue",
        "Military_Sweater_Green",
        "Military_Sweater_White",
        "Military_Sweater_Black"
      ]
    },
    {
      "ClassName": "ttskojacket_camo",
      "MaxPriceThreshold": 1725,
      "MinPriceThreshold": 1035,
      "SellPricePercent": -1,
      "MaxStockThreshold": 1,
      "MinStockThreshold": 1,
      "QuantityPercent": -1,
      "SpawnAttachments": [],
      "Variants": []
    },
    {
      "ClassName": "bdujacket",
      "MaxPriceThreshold": 1755,
      "MinPriceThreshold": 1055,
      "SellPricePercent": -1,
      "MaxStockThreshold": 1,
      "MinStockThreshold": 1,
      "QuantityPercent": -1,
      "SpawnAttachments": [],
      "Variants": []
    },
    {
      "ClassName": "m65jacket_black",
      "MaxPriceThreshold": 11845,
      "MinPriceThreshold": 7105,
      "SellPricePercent": -1,
      "MaxStockThreshold": 1,
      "MinStockThreshold": 1,
      "QuantityPercent": -1,
      "SpawnAttachments": [],
      "Variants": [
        "m65jacket_khaki",
        "m65jacket_tan",
        "m65jacket_olive"
      ]
    },
    {
      "ClassName": "m65jacket_olive",
      "MaxPriceThreshold": 13055,
      "MinPriceThreshold": 7830,
      "SellPricePercent": -1,
      "MaxStockThreshold": 1,
      "MinStockThreshold": 1,
      "QuantityPercent": -1,
      "SpawnAttachments": [],
      "Variants": []
    },
    {
      "ClassName": "gorkaejacket_summer",
      "MaxPriceThreshold": 1755,
      "MinPriceThreshold": 1055,
      "SellPricePercent": -1,
      "MaxStockThreshold": 1,
      "MinStockThreshold": 1,
      "QuantityPercent": -1,
      "SpawnAttachments": [],
      "Variants": [
        "gorkaejacket_flat",
        "gorkaejacket_autumn",
        "gorkaejacket_pautrev",
        "gorkaejacket_winter"
      ]
    },
    {
      "ClassName": "usmcjacket_desert",
      "MaxPriceThreshold": 1755,
      "MinPriceThreshold": 1055,
      "SellPricePercent": -1,
      "MaxStockThreshold": 1,
      "MinStockThreshold": 1,
      "QuantityPercent": -1,
      "SpawnAttachments": [],
      "Variants": [
        "usmcjacket_woodland"
      ]
    },
    {
      "ClassName": "usmcjacket_woodland",
      "MaxPriceThreshold": 1755,
      "MinPriceThreshold": 1055,
      "SellPricePercent": -1,
      "MaxStockThreshold": 1,
      "MinStockThreshold": 1,
      "QuantityPercent": -1,
      "SpawnAttachments": [],
      "Variants": []
    },
    {
      "ClassName": "tacticalshirt_grey",
      "MaxPriceThreshold": 1725,
      "MinPriceThreshold": 1035,
      "SellPricePercent": -1,
      "MaxStockThreshold": 1,
      "MinStockThreshold": 1,
      "QuantityPercent": -1,
      "SpawnAttachments": [],
      "Variants": [
        "tacticalshirt_tan",
        "tacticalshirt_black",
        "tacticalshirt_olive"
      ]
    },
    {
      "ClassName": "tacticalshirt_tan",
      "MaxPriceThreshold": 1725,
      "MinPriceThreshold": 1035,
      "SellPricePercent": -1,
      "MaxStockThreshold": 1,
      "MinStockThreshold": 1,
      "QuantityPercent": -1,
      "SpawnAttachments": [],
      "Variants": []
    },
    {
      "ClassName": "tacticalshirt_black",
      "MaxPriceThreshold": 11545,
      "MinPriceThreshold": 6925,
      "SellPricePercent": -1,
      "MaxStockThreshold": 1,
      "MinStockThreshold": 1,
      "QuantityPercent": -1,
      "SpawnAttachments": [],
      "Variants": []
    },
    {
      "ClassName": "tacticalshirt_olive",
      "MaxPriceThreshold": 1725,
      "MinPriceThreshold": 1035,
      "SellPricePercent": -1,
      "MaxStockThreshold": 1,
      "MinStockThreshold": 1,
      "QuantityPercent": -1,
      "SpawnAttachments": [],
      "Variants": []
    },
    {
      "ClassName": "nbcjacketgray",
      "MaxPriceThreshold": 13165,
      "MinPriceThreshold": 7900,
      "SellPricePercent": -1,
      "MaxStockThreshold": 1,
      "MinStockThreshold": 1,
      "QuantityPercent": -1,
      "SpawnAttachments": [],
      "Variants": [
        "nbcjacketyellow",
        "nbcjacketwhite"
      ]
    },
    {
      "ClassName": "MMG_combatshirt_green",
      "MaxPriceThreshold": 1280,
      "MinPriceThreshold": 765,
      "SellPricePercent": -1,
      "MaxStockThreshold": 1,
      "MinStockThreshold": 1,
      "QuantityPercent": -1,
      "SpawnAttachments": [],
      "Variants": [
        "MMG_combatshirt_black",
        "MMG_combatshirt_tan",
        "MMG_combatshirt_alpine",
        "MMG_combatshirt_erdl",
        "MMG_combatshirt_multicamblack",
        "MMG_combatshirt_multicam",
        "MMG_combatshirt_dark_woodland",
        "MMG_combatshirt_ucp",
        "MMG_combatshirt_multicam_tropic",
        "MMG_combatshirt_police",
        "MMG_combatshirt_atacs"
      ]
    },
    {
      "ClassName": "DS_PCU5Jacket_Noire",
      "MaxPriceThreshold": 1280,
      "MinPriceThreshold": 765,
      "SellPricePercent": -1,
      "MaxStockThreshold": 1,
      "MinStockThreshold": 1,
      "QuantityPercent": -1,
      "SpawnAttachments": [],
      "Variants": [
        "DS_PCU5Jacket_Police",
        "DS_PCU5Jacket_GIGN",
        "DS_PCU5Jacket_GN",
        "DS_PCU5Jacket_CCE"
      ]
    },
    {
      "ClassName": "FOG_Shirt_ArcticJacket_Blue",
      "MaxPriceThreshold": 1280,
      "MinPriceThreshold": 765,
      "SellPricePercent": -1,
      "MaxStockThreshold": 1,
      "MinStockThreshold": 1,
      "QuantityPercent": -1,
      "SpawnAttachments": [],
      "Variants": [
        "FOG_Shirt_ArcticJacket_Red",
        "FOG_Shirt_ArcticJacket_Black",
        "FOG_Shirt_ArcticJacket_Grey",
        "FOG_Shirt_ArcticJacket_White",
        "FOG_Shirt_ArcticJacket_CB",
        "FOG_Shirt_ArcticJacket_RG",
        "FOG_Shirt_ArcticJacket_MC",
        "FOG_Shirt_ArcticJacket_MCB",
        "FOG_Shirt_ArcticJacket_MCAL"
      ]
    },
    {
      "ClassName": "FOG_ButtonUp_Black",
      "MaxPriceThreshold": 1280,
      "MinPriceThreshold": 765,
      "SellPricePercent": -1,
      "MaxStockThreshold": 1,
      "MinStockThreshold": 1,
      "QuantityPercent": -1,
      "SpawnAttachments": [],
      "Variants": [
        "FOG_ButtonUp_Grey",
        "FOG_ButtonUp_Red",
        "FOG_ButtonUp_RG",
        "FOG_ButtonUp_CB",
        "FOG_ButtonUp_Floral_YR",
        "FOG_ButtonUp_Floral_BW",
        "FOG_ButtonUp_Floral_BB",
        "FOG_ButtonUp_Floral_MD",
        "FOG_ButtonUp_Floral_Dark",
        "FOG_ButtonUp_Floral_Bright",
        "FOG_ButtonUp_Flamingo1",
        "FOG_ButtonUp_Flamingo2",
        "FOG_ButtonUp_SkinnyPalms",
        "FOG_ButtonUp_Waves",
        "FOG_ButtonUp_SunsetPalms",
        "FOG_ButtonUp_Clouds",
        "FOG_ButtonUp_MC",
        "FOG_ButtonUp_MCB"
      ]
    },
    {
      "ClassName": "FOG_G2_Hoodie_MC",
      "MaxPriceThreshold": 1280,
      "MinPriceThreshold": 765,
      "SellPricePercent": -1,
      "MaxStockThreshold": 1,
      "MinStockThreshold": 1,
      "QuantityPercent": -1,
      "SpawnAttachments": [],
      "Variants": [
        "FOG_G3_Hoodie_MC",
        "FOG_G3_Hoodie_Black",
        "FOG_G3_Hoodie_Blue",
        "FOG_G3_Hoodie_DPM",
        "FOG_G3_Hoodie_MC_Pata",
        "FOG_G3_Hoodie_AOR1",
        "FOG_G3_Hoodie_AOR2",
        "FOG_G3_Hoodie_M81"
      ]
    },
    {
      "ClassName": "FOG_Cronen_Shirt_Black",
      "MaxPriceThreshold": 1280,
      "MinPriceThreshold": 765,
      "SellPricePercent": -1,
      "MaxStockThreshold": 1,
      "MinStockThreshold": 1,
      "QuantityPercent": -1,
      "SpawnAttachments": [],
      "Variants": [
        "FOG_Cronen_Shirt_RG",
        "FOG_Cronen_Shirt_CB",
        "FOG_Cronen_Shirt_MC"
      ]
    },
    {
      "ClassName": "FOG_511_Shirt_Flanel",
      "MaxPriceThreshold": 1280,
      "MinPriceThreshold": 765,
      "SellPricePercent": -1,
      "MaxStockThreshold": 1,
      "MinStockThreshold": 1,
      "QuantityPercent": -1,
      "SpawnAttachments": [],
      "Variants": [
        "FOG_511_Shirt_Flanel_Black",
        "FOG_511_Shirt_Flanel_Red",
        "FOG_511_Shirt_Flanel_Blue",
        "FOG_511_Shirt_Flanel_Green",
        "FOG_511_Shirt_Flanel_Grey",
        "FOG_511_Shirt_Flanel_CB",
        "FOG_511_Shirt_Flanel_Purple",
        "FOG_511_Shirt_Flanel_BlackStriped",
        "FOG_511_Shirt_Flanel_RedStriped",
        "FOG_511_Shirt_Flanel_BlueStriped",
        "FOG_511_Shirt_Flanel_GreenStriped"
      ]
    },
    {
      "ClassName": "FOG_Crye_G2_Shirt_MC",
      "MaxPriceThreshold": 1280,
      "MinPriceThreshold": 765,
      "SellPricePercent": -1,
      "MaxStockThreshold": 1,
      "MinStockThreshold": 1,
      "QuantityPercent": -1,
      "SpawnAttachments": [],
      "Variants": [
      ]
    },
    {
      "ClassName": "FOG_Crye_G3_Shirt_MC",
      "MaxPriceThreshold": 1280,
      "MinPriceThreshold": 765,
      "SellPricePercent": -1,
      "MaxStockThreshold": 1,
      "MinStockThreshold": 1,
      "QuantityPercent": -1,
      "SpawnAttachments": [],
      "Variants": [
        "FOG_Crye_G3_Shirt_MCB",
        "FOG_Crye_G3_Shirt_MCT",
        "FOG_Crye_G3_Shirt_MCA",
        "FOG_Crye_G3_Shirt_MCAL",
        "FOG_Crye_G3_Shirt_6CD",
        "FOG_Crye_G3_Shirt_AOR1",
        "FOG_Crye_G3_Shirt_AOR2",
        "FOG_Crye_G3_Shirt_Black",
        "FOG_Crye_G3_Shirt_CB",
        "FOG_Crye_G3_Shirt_RG",
        "FOG_Crye_G3_Shirt_DCU",
        "FOG_Crye_G3_Shirt_DTGR",
        "FOG_Crye_G3_Shirt_Grey",
        "FOG_Crye_G3_Shirt_M81",
        "FOG_Crye_G3_Shirt_MARPAT",
        "FOG_Crye_G3_Shirt_RDBS",
        "FOG_Crye_G3_Shirt_TGR",
        "FOG_Crye_G3_Shirt_RG_BlackTrim",
        "FOG_Crye_G3_Shirt_MC_FRACU",
        "FOG_Crye_G3_Shirt_MC_BlackTrim",
        "FOG_Crye_G3_Shirt_MC_Patagonia",
        "FOG_Crye_G3_Shirt_Blue",
        "FOG_Crye_G3_Shirt_AMCU",
        "FOG_Crye_G3_Shirt_ALPF",
        "FOG_Crye_G3_Shirt_DNC",
        "FOG_Crye_G3_Shirt_DPM",
        "FOG_Crye_G3_Shirt_ERDL_Red",
        "FOG_Crye_G3_Shirt_KHK",
        "FOG_Crye_G3_Shirt_Pantera",
        "FOG_Crye_G3_Shirt_BTGR",
        "FOG_Crye_G3_Shirt_KBTGR",
        "FOG_Crye_G3_Shirt_RTGR",
        "FOG_Crye_G3_Shirt_UCP",
        "FOG_Crye_G3_Shirt_White"
      ]
    },
    {
      "ClassName": "FOG_Enhanced_PCU_MC",
      "MaxPriceThreshold": 1280,
      "MinPriceThreshold": 765,
      "SellPricePercent": -1,
      "MaxStockThreshold": 1,
      "MinStockThreshold": 1,
      "QuantityPercent": -1,
      "SpawnAttachments": [],
      "Variants": [
        "FOG_Enhanced_PCU_MC2",
        "FOG_Enhanced_PCU_Black",
        "FOG_Enhanced_PCU_Grey",
        "FOG_Enhanced_PCU_Tan",
        "FOG_Enhanced_PCU_RG",
        "FOG_Enhanced_PCU_USMC",
        "FOG_Enhanced_PCU_DNC",
        "FOG_Enhanced_PCU_White"
      ]
    },
    {
      "ClassName": "FOG_HeavyRiders_Jacket_Black",
      "MaxPriceThreshold": 1280,
      "MinPriceThreshold": 765,
      "SellPricePercent": -1,
      "MaxStockThreshold": 1,
      "MinStockThreshold": 1,
      "QuantityPercent": -1,
      "SpawnAttachments": [],
      "Variants": [
        "FOG_HeavyRiders_Jacket_Teal",
        "FOG_HeavyRiders_Jacket_Red",
        "FOG_HeavyRiders_Jacket_Green",
        "FOG_HeavyRiders_Jacket_RB"
      ]
    },
    {
      "ClassName": "FOG_Hoodie_Jacket_Black",
      "MaxPriceThreshold": 1280,
      "MinPriceThreshold": 765,
      "SellPricePercent": -1,
      "MaxStockThreshold": 1,
      "MinStockThreshold": 1,
      "QuantityPercent": -1,
      "SpawnAttachments": [],
      "Variants": [
        "FOG_Hoodie_Jacket_Nike_G",
        "FOG_Hoodie_Jacket_Patagonia",
        "FOG_Hoodie_Jacket_FOG",
        "FOG_Hoodie_Jacket_CDAJ",
        "FOG_Hoodie_Jacket_MC",
        "FOG_Hoodie_Jacket_ERDL",
        "FOG_Hoodie_Jacket_PERDL",
        "FOG_Hoodie_Jacket_Thrasher",
        "FOG_Hoodie_Jacket_Supreme",
        "FOG_Hoodie_Jacket_MLG"
      ]
    },
    {
      "ClassName": "FOG_Shirt_ISOF_Jacket_Black",
      "MaxPriceThreshold": 1280,
      "MinPriceThreshold": 765,
      "SellPricePercent": -1,
      "MaxStockThreshold": 1,
      "MinStockThreshold": 1,
      "QuantityPercent": -1,
      "SpawnAttachments": [],
      "Variants": [
        "FOG_Shirt_ISOF_Jacket_MC",
        "FOG_Shirt_ISOF_Jacket_MC2",
        "FOG_Shirt_ISOF_Jacket_M81",
        "FOG_Shirt_ISOF_Jacket_MCAL",
        "FOG_Shirt_ISOF_Jacket_RG",
        "FOG_Shirt_ISOF_Jacket_CB",
        "FOG_Shirt_ISOF_Jacket_White"
      ]
    },
    {
      "ClassName": "FOG_Shirt_Tactical_Coat_Black",
      "MaxPriceThreshold": 1280,
      "MinPriceThreshold": 765,
      "SellPricePercent": -1,
      "MaxStockThreshold": 1,
      "MinStockThreshold": 1,
      "QuantityPercent": -1,
      "SpawnAttachments": [],
      "Variants": [
      ]
    },
    {
      "ClassName": "FOG_Shirt_Polo_Blue",
      "MaxPriceThreshold": 1280,
      "MinPriceThreshold": 765,
      "SellPricePercent": -1,
      "MaxStockThreshold": 1,
      "MinStockThreshold": 1,
      "QuantityPercent": -1,
      "SpawnAttachments": [],
      "Variants": [
        "FOG_Shirt_Polo_NavyBlue",
        "FOG_Shirt_Polo_Black",
        "FOG_Shirt_Polo_OD",
        "FOG_Shirt_Polo_Trident"
      ]
    },
    {
      "ClassName": "FOG_Jacket_SoftShell_Tan",
      "MaxPriceThreshold": 1280,
      "MinPriceThreshold": 765,
      "SellPricePercent": -1,
      "MaxStockThreshold": 1,
      "MinStockThreshold": 1,
      "QuantityPercent": -1,
      "SpawnAttachments": [],
      "Variants": [
        "FOG_Jacket_SoftShell_Black",
        "FOG_Jacket_SoftShell_Grey",
        "FOG_Jacket_SoftShell_ERDL",
        "FOG_Jacket_SoftShell_MC",
        "FOG_Jacket_SoftShell_MCB",
        "FOG_Jacket_SoftShell_RG",
        "FOG_Jacket_SoftShell_CB",
        "FOG_Jacket_SoftShell_White"
      ]
    },
    {
      "ClassName": "FOG_Tactical_Hoodie_Black",
      "MaxPriceThreshold": 1280,
      "MinPriceThreshold": 765,
      "SellPricePercent": -1,
      "MaxStockThreshold": 1,
      "MinStockThreshold": 1,
      "QuantityPercent": -1,
      "SpawnAttachments": [],
      "Variants": [
        "FOG_Tactical_Hoodie_CB",
        "FOG_Tactical_Hoodie_RG",
        "FOG_Tactical_Hoodie_MC",
        "FOG_Tactical_Hoodie_MCB",
        "FOG_Tactical_Hoodie_ERDL",
        "FOG_Tactical_Hoodie_ERDL_Blk",
        "FOG_Tactical_Hoodie_UWU",
        "FOG_Tactical_Hoodie_White"
      ]
    },
    {
      "ClassName": "FOG_Tshirt_Black",
      "MaxPriceThreshold": 1280,
      "MinPriceThreshold": 765,
      "SellPricePercent": -1,
      "MaxStockThreshold": 1,
      "MinStockThreshold": 1,
      "QuantityPercent": -1,
      "SpawnAttachments": [],
      "Variants": [
        "FOG_Tshirt_Grey",
        "FOG_Tshirt_White",
        "FOG_Tshirt_CB",
        "FOG_Tshirt_RG",
        "FOG_Tshirt_Red",
        "FOG_Tshirt_Tan499",
        "FOG_Tshirt_Black_Canoe",
        "FOG_Tshirt_Tan_Canoe",
        "FOG_Tshirt_Black_CrimeCo",
        "FOG_Tshirt_Tan_CrimeCo",
        "FOG_Tshirt_Black_FOG_Reaper",
        "FOG_Tshirt_Tan_FOG_Reaper",
        "FOG_Tshirt_Black_FOG1",
        "FOG_Tshirt_Black_FOG2",
        "FOG_Tshirt_Black_MLG",
        "FOG_Tshirt_Black_Raider",
        "FOG_Tshirt_Black_Sfartaetc",
        "FOG_Tshirt_Black_Thrasher",
        "FOG_Tshirt_Grey_CHLaw_Pinup",
        "FOG_Tshirt_White_Pinup",
        "FOG_Tshirt_White_Star"
      ]
    },
    {
      "ClassName": "FOG_UFJ_Shirt_MC",
      "MaxPriceThreshold": 1280,
      "MinPriceThreshold": 765,
      "SellPricePercent": -1,
      "MaxStockThreshold": 1,
      "MinStockThreshold": 1,
      "QuantityPercent": -1,
      "SpawnAttachments": [],
      "Variants": [
        "FOG_UFJ_Shirt_MCB",
        "FOG_UFJ_Shirt_RG",
        "FOG_UFJ_Shirt_CB",
        "FOG_UFJ_Shirt_Black",
        "FOG_UFJ_Shirt_Grey",
        "FOG_UFJ_Shirt_ERDL",
        "FOG_UFJ_Shirt_ERDL_RG",
        "FOG_UFJ_Shirt_White"
      ]
    },
    {
      "ClassName": "FOG_Gorka_Jacket_Khaki",
      "MaxPriceThreshold": 1280,
      "MinPriceThreshold": 765,
      "SellPricePercent": -1,
      "MaxStockThreshold": 1,
      "MinStockThreshold": 1,
      "QuantityPercent": -1,
      "SpawnAttachments": [],
      "Variants": [
        "FOG_Gorka_Jacket_Black",
        "FOG_Gorka_Jacket_Green",
        "FOG_Gorka_Jacket_Partizan",
        "FOG_Gorka_Jacket_Autumn",
        "FOG_Gorka_Jacket_Summer",
        "FOG_Gorka_Jacket_White"
      ]
    },
    {
      "ClassName": "FOG_MTF_Shirt_Black",
      "MaxPriceThreshold": 1280,
      "MinPriceThreshold": 765,
      "SellPricePercent": -1,
      "MaxStockThreshold": 1,
      "MinStockThreshold": 1,
      "QuantityPercent": -1,
      "SpawnAttachments": [],
      "Variants": [
        "FOG_MTF_Shirt_Grey",
        "FOG_MTF_Shirt_Blue",
        "FOG_MTF_Shirt_KHK",
        "FOG_MTF_Shirt_RG",
        "FOG_MTF_Shirt_CB",
        "FOG_MTF_Shirt_ERDL",
        "FOG_MTF_Shirt_MC",
        "FOG_MTF_Shirt_MCB",
        "FOG_MTF_Shirt_FK",
        "FOG_MTF_Shirt_TS",
        "FOG_MTF_Shirt_White"
      ]
    },
    {
      "ClassName": "FOG_L9Patagonia_Black",
      "MaxPriceThreshold": 1280,
      "MinPriceThreshold": 765,
      "SellPricePercent": -1,
      "MaxStockThreshold": 1,
      "MinStockThreshold": 1,
      "QuantityPercent": -1,
      "SpawnAttachments": [],
      "Variants": [
        "FOG_L9Patagonia_CB",
        "FOG_L9Patagonia_RG",
        "FOG_L9Patagonia_MC",
        "FOG_L9Patagonia_MCB",
        "FOG_L9Patagonia_MCT",
        "FOG_L9Patagonia_MCA",
        "FOG_L9Patagonia_MCAL",
        "FOG_L9Patagonia_M81",
        "FOG_L9Patagonia_WDTGR",
        "FOG_L9Patagonia_Grey",
        "FOG_L9Patagonia_White",
        "FOG_L9Patagonia_Blue",
        "FOG_L9Patagonia_Red",
        "FOG_L9Patagonia_KHK",
        "FOG_L9Patagonia_AMCU",
        "FOG_L9Patagonia_M81Y",
        "FOG_L9Patagonia_BTGR",
        "FOG_L9Patagonia_RTGR",
        "FOG_L9Patagonia_KBTGR",
        "FOG_L9Patagonia_UCP",
        "FOG_L9Patagonia_TBLOCK",
        "FOG_L9Patagonia_RDB",
        "FOG_L9Patagonia_MARPAT",
        "FOG_L9Patagonia_DNC",
        "FOG_L9Patagonia_DCU",
        "FOG_L9Patagonia_ATACSAU",
        "FOG_L9Patagonia_ATACSFG",
        "FOG_L9Patagonia_AOR1",
        "FOG_L9Patagonia_AOR2",
        "FOG_L9Patagonia_ALPF"
      ]
    },
    {
      "ClassName": "FOG_Tactical_Fleece_Grey",
      "MaxPriceThreshold": 1280,
      "MinPriceThreshold": 765,
      "SellPricePercent": -1,
      "MaxStockThreshold": 1,
      "MinStockThreshold": 1,
      "QuantityPercent": -1,
      "SpawnAttachments": [],
      "Variants": [
        "FOG_Tactical_Fleece_Black",
        "FOG_Tactical_Fleece_RG",
        "FOG_Tactical_Fleece_CB",
        "FOG_Tactical_Fleece_MC",
        "FOG_Tactical_Fleece_Arctic",
        "FOG_Tactical_Fleece_White"
      ]
    },
    {
      "ClassName": "FOG_Hooded_Parka_OG",
      "MaxPriceThreshold": 1280,
      "MinPriceThreshold": 765,
      "SellPricePercent": -1,
      "MaxStockThreshold": 1,
      "MinStockThreshold": 1,
      "QuantityPercent": -1,
      "SpawnAttachments": [],
      "Variants": [
        "FOG_Hooded_Parka_Black",
        "FOG_Hooded_Parka_RG",
        "FOG_Hooded_Parka_CB",
        "FOG_Hooded_Parka_MC",
        "FOG_Hooded_Parka_ALP"
      ]
    },
    {
      "ClassName": "FOG_RugbyShirt_BLK",
      "MaxPriceThreshold": 1280,
      "MinPriceThreshold": 765,
      "SellPricePercent": -1,
      "MaxStockThreshold": 1,
      "MinStockThreshold": 1,
      "QuantityPercent": -1,
      "SpawnAttachments": [],
      "Variants": [
        "FOG_RugbyShirt_CB",
        "FOG_RugbyShirt_KHK",
        "FOG_RugbyShirt_MC",
        "FOG_RugbyShirt_MCB",
        "FOG_RugbyShirt_MCT",
        "FOG_RugbyShirt_RG"
      ]
    }
  ]
}