{
  "m_Version": 12,
  "DisplayName": "Tops",
  "Icon": "Deliver",
  "Color": "FBFCFEFF",
  "IsExchange": 0,
  "InitStockPercent": 75,
  "Items": [
    {
      "ClassName": "DS_Doudoune_Akatsuki",
      "MaxPriceThreshold": 1000,
      "MinPriceThreshold": 1000,
      "SellPricePercent": -1,
      "MaxStockThreshold": 1,
      "MinStockThreshold": 1,
      "QuantityPercent": -1,
      "SpawnAttachments": [],
      "Variants": []
    },
    {
      "ClassName": "sweater_gray",
      "MaxPriceThreshold": 1060,
      "MinPriceThreshold": 635,
      "SellPricePercent": -1,
      "MaxStockThreshold": 1,
      "MinStockThreshold": 1,
      "QuantityPercent": -1,
      "SpawnAttachments": [],
      "Variants": []
    },
    {
      "ClassName": "sweater_blue",
      "MaxPriceThreshold": 1875,
      "MinPriceThreshold": 1125,
      "SellPricePercent": -1,
      "MaxStockThreshold": 1,
      "MinStockThreshold": 1,
      "QuantityPercent": -1,
      "SpawnAttachments": [],
      "Variants": []
    },
    {
      "ClassName": "sweater_red",
      "MaxPriceThreshold": 1060,
      "MinPriceThreshold": 635,
      "SellPricePercent": -1,
      "MaxStockThreshold": 1,
      "MinStockThreshold": 1,
      "QuantityPercent": -1,
      "SpawnAttachments": [],
      "Variants": []
    },
    {
      "ClassName": "sweater_green",
      "MaxPriceThreshold": 6980,
      "MinPriceThreshold": 4190,
      "SellPricePercent": -1,
      "MaxStockThreshold": 1,
      "MinStockThreshold": 1,
      "QuantityPercent": -1,
      "SpawnAttachments": [],
      "Variants": []
    },
    {
      "ClassName": "hoodie_blue",
      "MaxPriceThreshold": 1035,
      "MinPriceThreshold": 620,
      "SellPricePercent": -1,
      "MaxStockThreshold": 1,
      "MinStockThreshold": 1,
      "QuantityPercent": -1,
      "SpawnAttachments": [],
      "Variants": []
    },
    {
      "ClassName": "hoodie_black",
      "MaxPriceThreshold": 1015,
      "MinPriceThreshold": 610,
      "SellPricePercent": -1,
      "MaxStockThreshold": 1,
      "MinStockThreshold": 1,
      "QuantityPercent": -1,
      "SpawnAttachments": [],
      "Variants": []
    },
    {
      "ClassName": "hoodie_brown",
      "MaxPriceThreshold": 1035,
      "MinPriceThreshold": 620,
      "SellPricePercent": -1,
      "MaxStockThreshold": 1,
      "MinStockThreshold": 1,
      "QuantityPercent": -1,
      "SpawnAttachments": [],
      "Variants": []
    },
    {
      "ClassName": "hoodie_grey",
      "MaxPriceThreshold": 1035,
      "MinPriceThreshold": 620,
      "SellPricePercent": -1,
      "MaxStockThreshold": 1,
      "MinStockThreshold": 1,
      "QuantityPercent": -1,
      "SpawnAttachments": [],
      "Variants": []
    },
    {
      "ClassName": "hoodie_red",
      "MaxPriceThreshold": 1035,
      "MinPriceThreshold": 620,
      "SellPricePercent": -1,
      "MaxStockThreshold": 1,
      "MinStockThreshold": 1,
      "QuantityPercent": -1,
      "SpawnAttachments": [],
      "Variants": []
    },
    {
      "ClassName": "hoodie_green",
      "MaxPriceThreshold": 1015,
      "MinPriceThreshold": 610,
      "SellPricePercent": -1,
      "MaxStockThreshold": 1,
      "MinStockThreshold": 1,
      "QuantityPercent": -1,
      "SpawnAttachments": [],
      "Variants": []
    },
    {
      "ClassName": "mansuit_beige",
      "MaxPriceThreshold": 1380,
      "MinPriceThreshold": 830,
      "SellPricePercent": -1,
      "MaxStockThreshold": 1,
      "MinStockThreshold": 1,
      "QuantityPercent": -1,
      "SpawnAttachments": [],
      "Variants": [
        "mansuit_black",
        "mansuit_blue",
        "mansuit_brown",
        "mansuit_darkgrey",
        "mansuit_khaki",
        "mansuit_lightgrey",
        "mansuit_white"
      ]
    },
    {
      "ClassName": "mansuit_white",
      "MaxPriceThreshold": 1150,
      "MinPriceThreshold": 690,
      "SellPricePercent": -1,
      "MaxStockThreshold": 1,
      "MinStockThreshold": 1,
      "QuantityPercent": -1,
      "SpawnAttachments": [],
      "Variants": []
    },
    {
      "ClassName": "womansuit_beige",
      "MaxPriceThreshold": 1380,
      "MinPriceThreshold": 830,
      "SellPricePercent": -1,
      "MaxStockThreshold": 1,
      "MinStockThreshold": 1,
      "QuantityPercent": -1,
      "SpawnAttachments": [],
      "Variants": [
        "womansuit_black",
        "womansuit_blue",
        "womansuit_brown",
        "womansuit_darkgrey",
        "womansuit_khaki",
        "womansuit_lightgrey",
        "womansuit_white"
      ]
    },
    {
      "ClassName": "womansuit_black",
      "MaxPriceThreshold": 2140,
      "MinPriceThreshold": 1285,
      "SellPricePercent": -1,
      "MaxStockThreshold": 1,
      "MinStockThreshold": 1,
      "QuantityPercent": -1,
      "SpawnAttachments": [],
      "Variants": []
    },
    {
      "ClassName": "womansuit_blue",
      "MaxPriceThreshold": 2140,
      "MinPriceThreshold": 1285,
      "SellPricePercent": -1,
      "MaxStockThreshold": 1,
      "MinStockThreshold": 1,
      "QuantityPercent": -1,
      "SpawnAttachments": [],
      "Variants": []
    },
    {
      "ClassName": "womansuit_brown",
      "MaxPriceThreshold": 2140,
      "MinPriceThreshold": 1285,
      "SellPricePercent": -1,
      "MaxStockThreshold": 1,
      "MinStockThreshold": 1,
      "QuantityPercent": -1,
      "SpawnAttachments": [],
      "Variants": []
    },
    {
      "ClassName": "womansuit_darkgrey",
      "MaxPriceThreshold": 1380,
      "MinPriceThreshold": 830,
      "SellPricePercent": -1,
      "MaxStockThreshold": 1,
      "MinStockThreshold": 1,
      "QuantityPercent": -1,
      "SpawnAttachments": [],
      "Variants": []
    },
    {
      "ClassName": "womansuit_khaki",
      "MaxPriceThreshold": 1380,
      "MinPriceThreshold": 830,
      "SellPricePercent": -1,
      "MaxStockThreshold": 1,
      "MinStockThreshold": 1,
      "QuantityPercent": -1,
      "SpawnAttachments": [],
      "Variants": []
    },
    {
      "ClassName": "womansuit_lightgrey",
      "MaxPriceThreshold": 1380,
      "MinPriceThreshold": 830,
      "SellPricePercent": -1,
      "MaxStockThreshold": 1,
      "MinStockThreshold": 1,
      "QuantityPercent": -1,
      "SpawnAttachments": [],
      "Variants": []
    },
    {
      "ClassName": "womansuit_white",
      "MaxPriceThreshold": 1150,
      "MinPriceThreshold": 690,
      "SellPricePercent": -1,
      "MaxStockThreshold": 1,
      "MinStockThreshold": 1,
      "QuantityPercent": -1,
      "SpawnAttachments": [],
      "Variants": []
    },
    {
      "ClassName": "labcoat",
      "MaxPriceThreshold": 1065,
      "MinPriceThreshold": 640,
      "SellPricePercent": -1,
      "MaxStockThreshold": 1,
      "MinStockThreshold": 1,
      "QuantityPercent": -1,
      "SpawnAttachments": [],
      "Variants": []
    },
    {
      "ClassName": "tracksuitjacket_black",
      "MaxPriceThreshold": 1645,
      "MinPriceThreshold": 990,
      "SellPricePercent": -1,
      "MaxStockThreshold": 1,
      "MinStockThreshold": 1,
      "QuantityPercent": -1,
      "SpawnAttachments": [],
      "Variants": [
        "tracksuitjacket_blue",
        "tracksuitjacket_green",
        "tracksuitjacket_lightblue",
        "tracksuitjacket_red"
      ]
    },
    {
      "ClassName": "tracksuitjacket_blue",
      "MaxPriceThreshold": 1060,
      "MinPriceThreshold": 635,
      "SellPricePercent": -1,
      "MaxStockThreshold": 1,
      "MinStockThreshold": 1,
      "QuantityPercent": -1,
      "SpawnAttachments": [],
      "Variants": []
    },
    {
      "ClassName": "tracksuitjacket_green",
      "MaxPriceThreshold": 885,
      "MinPriceThreshold": 530,
      "SellPricePercent": -1,
      "MaxStockThreshold": 1,
      "MinStockThreshold": 1,
      "QuantityPercent": -1,
      "SpawnAttachments": [],
      "Variants": []
    },
    {
      "ClassName": "tracksuitjacket_lightblue",
      "MaxPriceThreshold": 885,
      "MinPriceThreshold": 530,
      "SellPricePercent": -1,
      "MaxStockThreshold": 1,
      "MinStockThreshold": 1,
      "QuantityPercent": -1,
      "SpawnAttachments": [],
      "Variants": []
    },
    {
      "ClassName": "tracksuitjacket_red",
      "MaxPriceThreshold": 1060,
      "MinPriceThreshold": 635,
      "SellPricePercent": -1,
      "MaxStockThreshold": 1,
      "MinStockThreshold": 1,
      "QuantityPercent": -1,
      "SpawnAttachments": [],
      "Variants": []
    },
    {
      "ClassName": "downjacket_blue",
      "MaxPriceThreshold": 240,
      "MinPriceThreshold": 145,
      "SellPricePercent": -1,
      "MaxStockThreshold": 1,
      "MinStockThreshold": 1,
      "QuantityPercent": -1,
      "SpawnAttachments": [],
      "Variants": [
        "downjacket_green",
        "downjacket_orange",
        "downjacket_red"
      ]
    },
    {
      "ClassName": "denimjacket",
      "MaxPriceThreshold": 350,
      "MinPriceThreshold": 210,
      "SellPricePercent": -1,
      "MaxStockThreshold": 1,
      "MinStockThreshold": 1,
      "QuantityPercent": -1,
      "SpawnAttachments": [],
      "Variants": []
    },
    {
      "ClassName": "woolcoat_red",
      "MaxPriceThreshold": 1350,
      "MinPriceThreshold": 810,
      "SellPricePercent": -1,
      "MaxStockThreshold": 1,
      "MinStockThreshold": 1,
      "QuantityPercent": -1,
      "SpawnAttachments": [],
      "Variants": [
        "woolcoat_blue",
        "woolcoat_beige",
        "woolcoat_redcheck",
        "woolcoat_bluecheck",
        "woolcoat_greycheck",
        "woolcoat_browncheck",
        "woolcoat_black",
        "woolcoat_blackcheck",
        "woolcoat_green"
      ]
    },
    {
      "ClassName": "woolcoat_blue",
      "MaxPriceThreshold": 1675,
      "MinPriceThreshold": 1005,
      "SellPricePercent": -1,
      "MaxStockThreshold": 1,
      "MinStockThreshold": 1,
      "QuantityPercent": -1,
      "SpawnAttachments": [],
      "Variants": []
    },
    {
      "ClassName": "woolcoat_beige",
      "MaxPriceThreshold": 1910,
      "MinPriceThreshold": 1145,
      "SellPricePercent": -1,
      "MaxStockThreshold": 1,
      "MinStockThreshold": 1,
      "QuantityPercent": -1,
      "SpawnAttachments": [],
      "Variants": []
    },
    {
      "ClassName": "woolcoat_redcheck",
      "MaxPriceThreshold": 1350,
      "MinPriceThreshold": 810,
      "SellPricePercent": -1,
      "MaxStockThreshold": 1,
      "MinStockThreshold": 1,
      "QuantityPercent": -1,
      "SpawnAttachments": [],
      "Variants": []
    },
    {
      "ClassName": "woolcoat_bluecheck",
      "MaxPriceThreshold": 1675,
      "MinPriceThreshold": 1005,
      "SellPricePercent": -1,
      "MaxStockThreshold": 1,
      "MinStockThreshold": 1,
      "QuantityPercent": -1,
      "SpawnAttachments": [],
      "Variants": []
    },
    {
      "ClassName": "woolcoat_greycheck",
      "MaxPriceThreshold": 1080,
      "MinPriceThreshold": 650,
      "SellPricePercent": -1,
      "MaxStockThreshold": 1,
      "MinStockThreshold": 1,
      "QuantityPercent": -1,
      "SpawnAttachments": [],
      "Variants": []
    },
    {
      "ClassName": "woolcoat_browncheck",
      "MaxPriceThreshold": 2410,
      "MinPriceThreshold": 1445,
      "SellPricePercent": -1,
      "MaxStockThreshold": 1,
      "MinStockThreshold": 1,
      "QuantityPercent": -1,
      "SpawnAttachments": [],
      "Variants": []
    },
    {
      "ClassName": "woolcoat_black",
      "MaxPriceThreshold": 2430,
      "MinPriceThreshold": 1460,
      "SellPricePercent": -1,
      "MaxStockThreshold": 1,
      "MinStockThreshold": 1,
      "QuantityPercent": -1,
      "SpawnAttachments": [],
      "Variants": []
    },
    {
      "ClassName": "woolcoat_blackcheck",
      "MaxPriceThreshold": 2410,
      "MinPriceThreshold": 1445,
      "SellPricePercent": -1,
      "MaxStockThreshold": 1,
      "MinStockThreshold": 1,
      "QuantityPercent": -1,
      "SpawnAttachments": [],
      "Variants": []
    },
    {
      "ClassName": "woolcoat_green",
      "MaxPriceThreshold": 1690,
      "MinPriceThreshold": 1015,
      "SellPricePercent": -1,
      "MaxStockThreshold": 1,
      "MinStockThreshold": 1,
      "QuantityPercent": -1,
      "SpawnAttachments": [],
      "Variants": []
    },
    {
      "ClassName": "ridersjacket_black",
      "MaxPriceThreshold": 1390,
      "MinPriceThreshold": 835,
      "SellPricePercent": -1,
      "MaxStockThreshold": 1,
      "MinStockThreshold": 1,
      "QuantityPercent": -1,
      "SpawnAttachments": [],
      "Variants": [
        "expansionridersjacketbrown",
        "expansionridersjacketdarkblue"
      ]
    },
    {
      "ClassName": "firefighterjacket_beige",
      "MaxPriceThreshold": 590,
      "MinPriceThreshold": 355,
      "SellPricePercent": -1,
      "MaxStockThreshold": 1,
      "MinStockThreshold": 1,
      "QuantityPercent": -1,
      "SpawnAttachments": [],
      "Variants": [
        "firefighterjacket_black"
      ]
    },
    {
      "ClassName": "firefighterjacket_black",
      "MaxPriceThreshold": 590,
      "MinPriceThreshold": 355,
      "SellPricePercent": -1,
      "MaxStockThreshold": 1,
      "MinStockThreshold": 1,
      "QuantityPercent": -1,
      "SpawnAttachments": [],
      "Variants": []
    },
    {
      "ClassName": "jumpsuitjacket_blue",
      "MaxPriceThreshold": 3030,
      "MinPriceThreshold": 1815,
      "SellPricePercent": -1,
      "MaxStockThreshold": 1,
      "MinStockThreshold": 1,
      "QuantityPercent": -1,
      "SpawnAttachments": [],
      "Variants": [
        "jumpsuitjacket_gray",
        "jumpsuitjacket_green",
        "jumpsuitjacket_red"
      ]
    },
    {
      "ClassName": "jumpsuitjacket_gray",
      "MaxPriceThreshold": 1955,
      "MinPriceThreshold": 1170,
      "SellPricePercent": -1,
      "MaxStockThreshold": 1,
      "MinStockThreshold": 1,
      "QuantityPercent": -1,
      "SpawnAttachments": [],
      "Variants": []
    },
    {
      "ClassName": "jumpsuitjacket_red",
      "MaxPriceThreshold": 1955,
      "MinPriceThreshold": 1170,
      "SellPricePercent": -1,
      "MaxStockThreshold": 1,
      "MinStockThreshold": 1,
      "QuantityPercent": -1,
      "SpawnAttachments": [],
      "Variants": []
    },
    {
      "ClassName": "bomberjacket_brown",
      "MaxPriceThreshold": 1675,
      "MinPriceThreshold": 1005,
      "SellPricePercent": -1,
      "MaxStockThreshold": 1,
      "MinStockThreshold": 1,
      "QuantityPercent": -1,
      "SpawnAttachments": [],
      "Variants": [
        "bomberjacket_blue",
        "bomberjacket_grey",
        "bomberjacket_maroon",
        "bomberjacket_skyblue",
        "bomberjacket_black",
        "bomberjacket_olive"
      ]
    },
    {
      "ClassName": "bomberjacket_olive",
      "MaxPriceThreshold": 11745,
      "MinPriceThreshold": 7045,
      "SellPricePercent": -1,
      "MaxStockThreshold": 1,
      "MinStockThreshold": 1,
      "QuantityPercent": -1,
      "SpawnAttachments": [],
      "Variants": []
    },
    {
      "ClassName": "quiltedjacket_blue",
      "MaxPriceThreshold": 1875,
      "MinPriceThreshold": 1125,
      "SellPricePercent": -1,
      "MaxStockThreshold": 1,
      "MinStockThreshold": 1,
      "QuantityPercent": -1,
      "SpawnAttachments": [],
      "Variants": [
        "quiltedjacket_red",
        "quiltedjacket_grey",
        "quiltedjacket_orange",
        "quiltedjacket_yellow",
        "quiltedjacket_violet",
        "quiltedjacket_black",
        "quiltedjacket_green"
      ]
    },
    {
      "ClassName": "quiltedjacket_red",
      "MaxPriceThreshold": 1645,
      "MinPriceThreshold": 990,
      "SellPricePercent": -1,
      "MaxStockThreshold": 1,
      "MinStockThreshold": 1,
      "QuantityPercent": -1,
      "SpawnAttachments": [],
      "Variants": []
    },
    {
      "ClassName": "quiltedjacket_orange",
      "MaxPriceThreshold": 1645,
      "MinPriceThreshold": 990,
      "SellPricePercent": -1,
      "MaxStockThreshold": 1,
      "MinStockThreshold": 1,
      "QuantityPercent": -1,
      "SpawnAttachments": [],
      "Variants": []
    },
    {
      "ClassName": "quiltedjacket_yellow",
      "MaxPriceThreshold": 1645,
      "MinPriceThreshold": 990,
      "SellPricePercent": -1,
      "MaxStockThreshold": 1,
      "MinStockThreshold": 1,
      "QuantityPercent": -1,
      "SpawnAttachments": [],
      "Variants": []
    },
    {
      "ClassName": "quiltedjacket_violet",
      "MaxPriceThreshold": 1645,
      "MinPriceThreshold": 990,
      "SellPricePercent": -1,
      "MaxStockThreshold": 1,
      "MinStockThreshold": 1,
      "QuantityPercent": -1,
      "SpawnAttachments": [],
      "Variants": []
    },
    {
      "ClassName": "quiltedjacket_black",
      "MaxPriceThreshold": 2370,
      "MinPriceThreshold": 1420,
      "SellPricePercent": -1,
      "MaxStockThreshold": 1,
      "MinStockThreshold": 1,
      "QuantityPercent": -1,
      "SpawnAttachments": [],
      "Variants": []
    },
    {
      "ClassName": "quiltedjacket_green",
      "MaxPriceThreshold": 2370,
      "MinPriceThreshold": 1420,
      "SellPricePercent": -1,
      "MaxStockThreshold": 1,
      "MinStockThreshold": 1,
      "QuantityPercent": -1,
      "SpawnAttachments": [],
      "Variants": []
    },
    {
      "ClassName": "prisonuniformjacket",
      "MaxPriceThreshold": 590,
      "MinPriceThreshold": 355,
      "SellPricePercent": -1,
      "MaxStockThreshold": 1,
      "MinStockThreshold": 1,
      "QuantityPercent": -1,
      "SpawnAttachments": [],
      "Variants": []
    },
    {
      "ClassName": "policejacketorel",
      "MaxPriceThreshold": 1100,
      "MinPriceThreshold": 660,
      "SellPricePercent": -1,
      "MaxStockThreshold": 1,
      "MinStockThreshold": 1,
      "QuantityPercent": -1,
      "SpawnAttachments": [],
      "Variants": []
    },
    {
      "ClassName": "policejacket",
      "MaxPriceThreshold": 1100,
      "MinPriceThreshold": 660,
      "SellPricePercent": -1,
      "MaxStockThreshold": 1,
      "MinStockThreshold": 1,
      "QuantityPercent": -1,
      "SpawnAttachments": [],
      "Variants": []
    },
    {
      "ClassName": "bushlatpolicejacket_blue",
      "MaxPriceThreshold": 7895,
      "MinPriceThreshold": 4740,
      "SellPricePercent": -1,
      "MaxStockThreshold": 1,
      "MinStockThreshold": 1,
      "QuantityPercent": -1,
      "SpawnAttachments": [],
      "Variants": []
    },
    {
      "ClassName": "paramedicjacket_blue",
      "MaxPriceThreshold": 1075,
      "MinPriceThreshold": 645,
      "SellPricePercent": -1,
      "MaxStockThreshold": 1,
      "MinStockThreshold": 1,
      "QuantityPercent": -1,
      "SpawnAttachments": [],
      "Variants": [
        "paramedicjacket_crimson",
        "paramedicjacket_green"
      ]
    },
    {
      "ClassName": "hikingjacket_black",
      "MaxPriceThreshold": 1875,
      "MinPriceThreshold": 1125,
      "SellPricePercent": -1,
      "MaxStockThreshold": 1,
      "MinStockThreshold": 1,
      "QuantityPercent": -1,
      "SpawnAttachments": [],
      "Variants": [
        "hikingjacket_red",
        "hikingjacket_blue",
        "hikingjacket_green"
      ]
    },
    {
      "ClassName": "hikingjacket_green",
      "MaxPriceThreshold": 2370,
      "MinPriceThreshold": 1420,
      "SellPricePercent": -1,
      "MaxStockThreshold": 1,
      "MinStockThreshold": 1,
      "QuantityPercent": -1,
      "SpawnAttachments": [],
      "Variants": []
    },
    {
      "ClassName": "raincoat_pink",
      "MaxPriceThreshold": 405,
      "MinPriceThreshold": 245,
      "SellPricePercent": -1,
      "MaxStockThreshold": 1,
      "MinStockThreshold": 1,
      "QuantityPercent": -1,
      "SpawnAttachments": [],
      "Variants": [
        "raincoat_orange",
        "raincoat_yellow",
        "raincoat_red",
        "raincoat_blue",
        "raincoat_black",
        "raincoat_green"
      ]
    },
    {
      "ClassName": "huntingjacket_autumn",
      "MaxPriceThreshold": 7180,
      "MinPriceThreshold": 4310,
      "SellPricePercent": -1,
      "MaxStockThreshold": 1,
      "MinStockThreshold": 1,
      "QuantityPercent": -1,
      "SpawnAttachments": [],
      "Variants": [
        "huntingjacket_brown",
        "huntingjacket_spring",
        "huntingjacket_summer",
        "huntingjacket_winter"
      ]
    },
    {
      "ClassName": "huntingjacket_brown",
      "MaxPriceThreshold": 7055,
      "MinPriceThreshold": 4235,
      "SellPricePercent": -1,
      "MaxStockThreshold": 1,
      "MinStockThreshold": 1,
      "QuantityPercent": -1,
      "SpawnAttachments": [],
      "Variants": []
    },
    {
      "ClassName": "huntingjacket_spring",
      "MaxPriceThreshold": 7430,
      "MinPriceThreshold": 4455,
      "SellPricePercent": -1,
      "MaxStockThreshold": 1,
      "MinStockThreshold": 1,
      "QuantityPercent": -1,
      "SpawnAttachments": [],
      "Variants": []
    },
    {
      "ClassName": "huntingjacket_summer",
      "MaxPriceThreshold": 5595,
      "MinPriceThreshold": 3355,
      "SellPricePercent": -1,
      "MaxStockThreshold": 1,
      "MinStockThreshold": 1,
      "QuantityPercent": -1,
      "SpawnAttachments": [],
      "Variants": []
    },
    {
      "ClassName": "huntingjacket_winter",
      "MaxPriceThreshold": 7305,
      "MinPriceThreshold": 4385,
      "SellPricePercent": -1,
      "MaxStockThreshold": 1,
      "MinStockThreshold": 1,
      "QuantityPercent": -1,
      "SpawnAttachments": [],
      "Variants": []
    },
    {
      "ClassName": "chainmail",
      "MaxPriceThreshold": 595,
      "MinPriceThreshold": 355,
      "SellPricePercent": -1,
      "MaxStockThreshold": 1,
      "MinStockThreshold": 1,
      "QuantityPercent": -1,
      "SpawnAttachments": [],
      "Variants": []
    },
    {
      "ClassName": "omkjacket_navy",
      "MaxPriceThreshold": 240,
      "MinPriceThreshold": 145,
      "SellPricePercent": -1,
      "MaxStockThreshold": 1,
      "MinStockThreshold": 1,
      "QuantityPercent": -1,
      "SpawnAttachments": [],
      "Variants": []
    },
    {
      "ClassName": "navyuniformjacket",
      "MaxPriceThreshold": 240,
      "MinPriceThreshold": 145,
      "SellPricePercent": -1,
      "MaxStockThreshold": 1,
      "MinStockThreshold": 1,
      "QuantityPercent": -1,
      "SpawnAttachments": [],
      "Variants": []
    },
    {
      "ClassName": "Winter_Parka_Base",
      "MaxPriceThreshold": 1280,
      "MinPriceThreshold": 765,
      "SellPricePercent": -1,
      "MaxStockThreshold": 1,
      "MinStockThreshold": 1,
      "QuantityPercent": -1,
      "SpawnAttachments": [],
      "Variants": [
        "Winter_Parka_White",
        "Winter_Parka_Green"
      ]
    },
    {
      "ClassName": "Wool_GreatCoat_Navy",
      "MaxPriceThreshold": 1280,
      "MinPriceThreshold": 765,
      "SellPricePercent": -1,
      "MaxStockThreshold": 1,
      "MinStockThreshold": 1,
      "QuantityPercent": -1,
      "SpawnAttachments": [],
      "Variants": [
        "Wool_GreatCoat_Olive",
        "Wool_GreatCoat_Grey"
      ]
    },
    {
      "ClassName": "BJJ_GI_Upper_White",
      "MaxPriceThreshold": 1280,
      "MinPriceThreshold": 765,
      "SellPricePercent": -1,
      "MaxStockThreshold": 1,
      "MinStockThreshold": 1,
      "QuantityPercent": -1,
      "SpawnAttachments": [],
      "Variants": [
        "BJJ_GI_Upper_Blue",
        "BJJ_GI_Upper_Black"
      ]
    },
    {
      "ClassName": "Shabby_Hoodie_Grey",
      "MaxPriceThreshold": 1280,
      "MinPriceThreshold": 765,
      "SellPricePercent": -1,
      "MaxStockThreshold": 1,
      "MinStockThreshold": 1,
      "QuantityPercent": -1,
      "SpawnAttachments": [],
      "Variants": [
        "Shabby_Hoodie_Black",
        "Shabby_Hoodie_Blue",
        "Shabby_Hoodie_Brown",
        "Shabby_Hoodie_Green",
        "Shabby_Hoodie_Red",
        "Shabby_Hoodie_Calligraphy"
      ]
    },
    {
      "ClassName": "DS_Labcoat_Akatsuki",
      "MaxPriceThreshold": 1000,
      "MinPriceThreshold": 1000,
      "SellPricePercent": -1,
      "MaxStockThreshold": 1,
      "MinStockThreshold": 1,
      "QuantityPercent": -1,
      "SpawnAttachments": [],
      "Variants": []
    },
    {
      "ClassName": "DS_HuntingJacket_Noire",
      "MaxPriceThreshold": 1000,
      "MinPriceThreshold": 1000,
      "SellPricePercent": -1,
      "MaxStockThreshold": 1,
      "MinStockThreshold": 1,
      "QuantityPercent": -1,
      "SpawnAttachments": [],
      "Variants": []
    },
    {
      "ClassName": "DS_ParamedicJacket_Medecin_FR",
      "MaxPriceThreshold": 1000,
      "MinPriceThreshold": 1000,
      "SellPricePercent": -1,
      "MaxStockThreshold": 1,
      "MinStockThreshold": 1,
      "QuantityPercent": -1,
      "SpawnAttachments": [],
      "Variants": []
    },
    {
      "ClassName": "telnyashkashirt",
      "MaxPriceThreshold": 355,
      "MinPriceThreshold": 210,
      "SellPricePercent": -1,
      "MaxStockThreshold": 1,
      "MinStockThreshold": 1,
      "QuantityPercent": -1,
      "SpawnAttachments": [],
      "Variants": []
    },
    {
      "ClassName": "shirt_bluecheck",
      "MaxPriceThreshold": 1015,
      "MinPriceThreshold": 610,
      "SellPricePercent": -1,
      "MaxStockThreshold": 1,
      "MinStockThreshold": 1,
      "QuantityPercent": -1,
      "SpawnAttachments": [],
      "Variants": [
        "shirt_bluecheckbright",
        "shirt_redcheck",
        "shirt_whitecheck",
        "shirt_planeblack",
        "shirt_greencheck"
      ]
    },
    {
      "ClassName": "shirt_bluecheckbright",
      "MaxPriceThreshold": 1015,
      "MinPriceThreshold": 610,
      "SellPricePercent": -1,
      "MaxStockThreshold": 1,
      "MinStockThreshold": 1,
      "QuantityPercent": -1,
      "SpawnAttachments": [],
      "Variants": []
    },
    {
      "ClassName": "shirt_redcheck",
      "MaxPriceThreshold": 1015,
      "MinPriceThreshold": 610,
      "SellPricePercent": -1,
      "MaxStockThreshold": 1,
      "MinStockThreshold": 1,
      "QuantityPercent": -1,
      "SpawnAttachments": [],
      "Variants": []
    },
    {
      "ClassName": "shirt_whitecheck",
      "MaxPriceThreshold": 1015,
      "MinPriceThreshold": 610,
      "SellPricePercent": -1,
      "MaxStockThreshold": 1,
      "MinStockThreshold": 1,
      "QuantityPercent": -1,
      "SpawnAttachments": [],
      "Variants": []
    },
    {
      "ClassName": "shirt_planeblack",
      "MaxPriceThreshold": 1575,
      "MinPriceThreshold": 945,
      "SellPricePercent": -1,
      "MaxStockThreshold": 1,
      "MinStockThreshold": 1,
      "QuantityPercent": -1,
      "SpawnAttachments": [],
      "Variants": []
    },
    {
      "ClassName": "shirt_greencheck",
      "MaxPriceThreshold": 1015,
      "MinPriceThreshold": 610,
      "SellPricePercent": -1,
      "MaxStockThreshold": 1,
      "MinStockThreshold": 1,
      "QuantityPercent": -1,
      "SpawnAttachments": [],
      "Variants": []
    },
    {
      "ClassName": "medicalscrubsshirt_blue",
      "MaxPriceThreshold": 1080,
      "MinPriceThreshold": 650,
      "SellPricePercent": -1,
      "MaxStockThreshold": 1,
      "MinStockThreshold": 1,
      "QuantityPercent": -1,
      "SpawnAttachments": [],
      "Variants": [
        "medicalscrubsshirt_green",
        "medicalscrubsshirt_white"
      ]
    },
    {
      "ClassName": "blouse_blue",
      "MaxPriceThreshold": 470,
      "MinPriceThreshold": 280,
      "SellPricePercent": -1,
      "MaxStockThreshold": 1,
      "MinStockThreshold": 1,
      "QuantityPercent": -1,
      "SpawnAttachments": [],
      "Variants": [
        "blouse_violet",
        "blouse_white",
        "blouse_green"
      ]
    },
    {
      "ClassName": "tshirt_blue",
      "MaxPriceThreshold": 740,
      "MinPriceThreshold": 440,
      "SellPricePercent": -1,
      "MaxStockThreshold": 1,
      "MinStockThreshold": 1,
      "QuantityPercent": -1,
      "SpawnAttachments": [],
      "Variants": [
        "tshirt_orangewhitestripes",
        "tshirt_red",
        "tshirt_redblackstripes",
        "tshirt_beige",
        "tshirt_grey",
        "tshirt_black",
        "tshirt_green",
        "tshirt_white"
      ]
    },
    {
      "ClassName": "tshirt_orangewhitestripes",
      "MaxPriceThreshold": 740,
      "MinPriceThreshold": 440,
      "SellPricePercent": -1,
      "MaxStockThreshold": 1,
      "MinStockThreshold": 1,
      "QuantityPercent": -1,
      "SpawnAttachments": [],
      "Variants": []
    },
    {
      "ClassName": "tshirt_red",
      "MaxPriceThreshold": 740,
      "MinPriceThreshold": 440,
      "SellPricePercent": -1,
      "MaxStockThreshold": 1,
      "MinStockThreshold": 1,
      "QuantityPercent": -1,
      "SpawnAttachments": [],
      "Variants": []
    },
    {
      "ClassName": "tshirt_redblackstripes",
      "MaxPriceThreshold": 740,
      "MinPriceThreshold": 440,
      "SellPricePercent": -1,
      "MaxStockThreshold": 1,
      "MinStockThreshold": 1,
      "QuantityPercent": -1,
      "SpawnAttachments": [],
      "Variants": []
    },
    {
      "ClassName": "tshirt_beige",
      "MaxPriceThreshold": 740,
      "MinPriceThreshold": 440,
      "SellPricePercent": -1,
      "MaxStockThreshold": 1,
      "MinStockThreshold": 1,
      "QuantityPercent": -1,
      "SpawnAttachments": [],
      "Variants": []
    },
    {
      "ClassName": "tshirt_grey",
      "MaxPriceThreshold": 740,
      "MinPriceThreshold": 440,
      "SellPricePercent": -1,
      "MaxStockThreshold": 1,
      "MinStockThreshold": 1,
      "QuantityPercent": -1,
      "SpawnAttachments": [],
      "Variants": []
    },
    {
      "ClassName": "tshirt_black",
      "MaxPriceThreshold": 740,
      "MinPriceThreshold": 440,
      "SellPricePercent": -1,
      "MaxStockThreshold": 1,
      "MinStockThreshold": 1,
      "QuantityPercent": -1,
      "SpawnAttachments": [],
      "Variants": [
        "tshirt_10thanniversary"
      ]
    },
    {
      "ClassName": "tshirt_green",
      "MaxPriceThreshold": 740,
      "MinPriceThreshold": 440,
      "SellPricePercent": -1,
      "MaxStockThreshold": 1,
      "MinStockThreshold": 1,
      "QuantityPercent": -1,
      "SpawnAttachments": [],
      "Variants": []
    },
    {
      "ClassName": "expansiontee",
      "MaxPriceThreshold": 950,
      "MinPriceThreshold": 550,
      "SellPricePercent": -1,
      "MaxStockThreshold": 1,
      "MinStockThreshold": 1,
      "QuantityPercent": -1,
      "SpawnAttachments": [],
      "Variants": []
    },
    {
      "ClassName": "medicalscrubsshirt_green",
      "MaxPriceThreshold": 1080,
      "MinPriceThreshold": 650,
      "SellPricePercent": -1,
      "MaxStockThreshold": 1,
      "MinStockThreshold": 1,
      "QuantityPercent": -1,
      "SpawnAttachments": [],
      "Variants": []
    },
    {
      "ClassName": "medicalscrubsshirt_white",
      "MaxPriceThreshold": 1080,
      "MinPriceThreshold": 650,
      "SellPricePercent": -1,
      "MaxStockThreshold": 1,
      "MinStockThreshold": 1,
      "QuantityPercent": -1,
      "SpawnAttachments": [],
      "Variants": []
    },
    {
      "ClassName": "chernarussportshirt",
      "MaxPriceThreshold": 390,
      "MinPriceThreshold": 235,
      "SellPricePercent": -1,
      "MaxStockThreshold": 1,
      "MinStockThreshold": 1,
      "QuantityPercent": -1,
      "SpawnAttachments": [],
      "Variants": []
    },
    {
      "ClassName": "Layered_Shirt_Base",
      "MaxPriceThreshold": 1280,
      "MinPriceThreshold": 765,
      "SellPricePercent": -1,
      "MaxStockThreshold": 1,
      "MinStockThreshold": 1,
      "QuantityPercent": -1,
      "SpawnAttachments": [],
      "Variants": [
        "Layered_Shirt_Cheburashka",
        "Layered_Shirt_White",
        "Layered_Shirt_Courage",
        "Layered_Shirt_Lily"
      ]
    },
    {
      "ClassName": "Medium_Sleeves_Shirt",
      "MaxPriceThreshold": 1280,
      "MinPriceThreshold": 765,
      "SellPricePercent": -1,
      "MaxStockThreshold": 1,
      "MinStockThreshold": 1,
      "QuantityPercent": -1,
      "SpawnAttachments": [],
      "Variants": [
        "Medium_Sleeves_Shirt_Red",
        "Medium_Sleeves_Shirt_Blue"
      ]
    },
    {
      "ClassName": "DS_Hoodie_GIGN",
      "MaxPriceThreshold": 1280,
      "MinPriceThreshold": 765,
      "SellPricePercent": -1,
      "MaxStockThreshold": 1,
      "MinStockThreshold": 1,
      "QuantityPercent": -1,
      "SpawnAttachments": [],
      "Variants": [
        "DS_Hoodie_Unicorn",
        "DS_Hoodie_Powerwolf",
        "DS_Hoodie_Sabaton",
        "DS_Hoodie_Metallica",
        "DS_Hoodie_Bastille",
        "DS_Hoodie_HelluvaBoss",
        "DS_Hoodie_Devox"
      ]
    },
    {
      "ClassName": "minidress_pink",
      "MaxPriceThreshold": 335,
      "MinPriceThreshold": 200,
      "SellPricePercent": -1,
      "MaxStockThreshold": 1,
      "MinStockThreshold": 1,
      "QuantityPercent": -1,
      "SpawnAttachments": [],
      "Variants": [
        "minidress_pinkchecker",
        "minidress_redchecker",
        "minidress_bluechecker",
        "minidress_bluewithdots",
        "minidress_whitechecker",
        "minidress_brownchecker",
        "minidress_greenchecker"
      ]
    },
    {
      "ClassName": "minidress_pinkchecker",
      "MaxPriceThreshold": 335,
      "MinPriceThreshold": 200,
      "SellPricePercent": -1,
      "MaxStockThreshold": 1,
      "MinStockThreshold": 1,
      "QuantityPercent": -1,
      "SpawnAttachments": [],
      "Variants": []
    },
    {
      "ClassName": "minidress_redchecker",
      "MaxPriceThreshold": 335,
      "MinPriceThreshold": 200,
      "SellPricePercent": -1,
      "MaxStockThreshold": 1,
      "MinStockThreshold": 1,
      "QuantityPercent": -1,
      "SpawnAttachments": [],
      "Variants": []
    },
    {
      "ClassName": "minidress_bluechecker",
      "MaxPriceThreshold": 335,
      "MinPriceThreshold": 200,
      "SellPricePercent": -1,
      "MaxStockThreshold": 1,
      "MinStockThreshold": 1,
      "QuantityPercent": -1,
      "SpawnAttachments": [],
      "Variants": []
    },
    {
      "ClassName": "minidress_bluewithdots",
      "MaxPriceThreshold": 335,
      "MinPriceThreshold": 200,
      "SellPricePercent": -1,
      "MaxStockThreshold": 1,
      "MinStockThreshold": 1,
      "QuantityPercent": -1,
      "SpawnAttachments": [],
      "Variants": []
    },
    {
      "ClassName": "minidress_whitechecker",
      "MaxPriceThreshold": 335,
      "MinPriceThreshold": 200,
      "SellPricePercent": -1,
      "MaxStockThreshold": 1,
      "MinStockThreshold": 1,
      "QuantityPercent": -1,
      "SpawnAttachments": [],
      "Variants": []
    },
    {
      "ClassName": "minidress_brownchecker",
      "MaxPriceThreshold": 335,
      "MinPriceThreshold": 200,
      "SellPricePercent": -1,
      "MaxStockThreshold": 1,
      "MinStockThreshold": 1,
      "QuantityPercent": -1,
      "SpawnAttachments": [],
      "Variants": []
    },
    {
      "ClassName": "minidress_greenchecker",
      "MaxPriceThreshold": 335,
      "MinPriceThreshold": 200,
      "SellPricePercent": -1,
      "MaxStockThreshold": 1,
      "MinStockThreshold": 1,
      "QuantityPercent": -1,
      "SpawnAttachments": [],
      "Variants": []
    },
    {
      "ClassName": "nursedress_blue",
      "MaxPriceThreshold": 1075,
      "MinPriceThreshold": 645,
      "SellPricePercent": -1,
      "MaxStockThreshold": 1,
      "MinStockThreshold": 1,
      "QuantityPercent": -1,
      "SpawnAttachments": [],
      "Variants": [
        "nursedress_white"
      ]
    },
    {
      "ClassName": "nursedress_white",
      "MaxPriceThreshold": 1075,
      "MinPriceThreshold": 645,
      "SellPricePercent": -1,
      "MaxStockThreshold": 1,
      "MinStockThreshold": 1,
      "QuantityPercent": -1,
      "SpawnAttachments": [],
      "Variants": []
    },
    {
      "ClassName": "mm_longsleeve_green",
      "MaxPriceThreshold": 750,
      "MinPriceThreshold": 750,
      "SellPricePercent": 10,
      "MaxStockThreshold": 1,
      "MinStockThreshold": 1,
      "QuantityPercent": -1,
      "SpawnAttachments": [],
      "Variants": [
        "mm_longsleeve_black",
        "mm_longsleeve_blue",
        "mm_longsleeve_red",
        "mm_longsleeve_white",
        "mm_longsleeve_blue_yellow",
        "mm_longsleeve_red_white",
        "mm_longsleeve_white_blue"
      ]
    },
    {
      "ClassName": "mm_hoodie_green",
      "MaxPriceThreshold": 750,
      "MinPriceThreshold": 750,
      "SellPricePercent": 10,
      "MaxStockThreshold": 1,
      "MinStockThreshold": 1,
      "QuantityPercent": -1,
      "SpawnAttachments": [],
      "Variants": [
        "mm_hoodie_yellow",
        "mm_hoodie_blue",
        "mm_hoodie_black"
      ]
    },
    {
      "ClassName": "mm_hoodie_hooded_green",
      "MaxPriceThreshold": 750,
      "MinPriceThreshold": 750,
      "SellPricePercent": 10,
      "MaxStockThreshold": 1,
      "MinStockThreshold": 1,
      "QuantityPercent": -1,
      "SpawnAttachments": [],
      "Variants": [
        "mm_hoodie_hooded_yellow",
        "mm_hoodie_hooded_blue",
        "mm_hoodie_hooded_black"
      ]
    },
    {
      "ClassName": "mm_winter_jacket_green",
      "MaxPriceThreshold": 15000,
      "MinPriceThreshold": 15000,
      "SellPricePercent": 30,
      "MaxStockThreshold": 1,
      "MinStockThreshold": 1,
      "QuantityPercent": 0,
      "SpawnAttachments": [],
      "Variants": [
        "mm_winter_jacket_black",
        "mm_winter_jacket_yellow",
        "mm_winter_jacket_red",
        "mm_winter_jacket_blue"
      ]
    }
  ]
}