{
  "m_Version": 12,
  "DisplayName": "Vests",
  "Icon": "Deliver",
  "Color": "FBFCFEFF",
  "IsExchange": 0,
  "InitStockPercent": 75,
  "Items": [
    {
      "ClassName": "reflexvest",
      "MaxPriceThreshold": 870,
      "MinPriceThreshold": 520,
      "SellPricePercent": -1,
      "MaxStockThreshold": 1,
      "MinStockThreshold": 1,
      "QuantityPercent": -1,
      "SpawnAttachments": [],
      "Variants": []
    },
    {
      "ClassName": "smershvest",
      "MaxPriceThreshold": 9150,
      "MinPriceThreshold": 5490,
      "SellPricePercent": -1,
      "MaxStockThreshold": 1,
      "MinStockThreshold": 1,
      "QuantityPercent": -1,
      "SpawnAttachments": [],
      "Variants": []
    },
    {
      "ClassName": "highcapacityvest_black",
      "MaxPriceThreshold": 11845,
      "MinPriceThreshold": 7105,
      "SellPricePercent": -1,
      "MaxStockThreshold": 1,
      "MinStockThreshold": 1,
      "QuantityPercent": -1,
      "SpawnAttachments": [],
      "Variants": [
        "highcapacityvest_olive"
      ]
    },
    {
      "ClassName": "highcapacityvest_olive",
      "MaxPriceThreshold": 13055,
      "MinPriceThreshold": 7830,
      "SellPricePercent": -1,
      "MaxStockThreshold": 1,
      "MinStockThreshold": 1,
      "QuantityPercent": -1,
      "SpawnAttachments": [],
      "Variants": []
    },
    {
      "ClassName": "huntingvest",
      "MaxPriceThreshold": 1075,
      "MinPriceThreshold": 645,
      "SellPricePercent": -1,
      "MaxStockThreshold": 1,
      "MinStockThreshold": 1,
      "QuantityPercent": -1,
      "SpawnAttachments": [],
      "Variants": [
        "huntingvest_winter"
      ]
    },
    {
      "ClassName": "ukassvest_black",
      "MaxPriceThreshold": 1710,
      "MinPriceThreshold": 1025,
      "SellPricePercent": -1,
      "MaxStockThreshold": 1,
      "MinStockThreshold": 1,
      "QuantityPercent": -1,
      "SpawnAttachments": [],
      "Variants": [
        "ukassvest_khaki",
        "ukassvest_olive",
        "ukassvest_camo",
        "ukassvest_winter"
      ]
    },
    {
      "ClassName": "DS_UKAssVest_Secours",
      "MaxPriceThreshold": 1000,
      "MinPriceThreshold": 1000,
      "SellPricePercent": -1,
      "MaxStockThreshold": 1,
      "MinStockThreshold": 1,
      "QuantityPercent": -1,
      "SpawnAttachments": [],
      "Variants": [
        "DS_UKAssVest_Noire"
      ]
    }
  ]
}