{
  "m_Version": 12,
  "DisplayName": "Vests - Military",
  "Icon": "Deliver",
  "Color": "FBFCFEFF",
  "IsExchange": 0,
  "InitStockPercent": 75,
  "Items": [
    {
      "ClassName": "policevest",
      "MaxPriceThreshold": 1100,
      "MinPriceThreshold": 660,
      "SellPricePercent": -1,
      "MaxStockThreshold": 1,
      "MinStockThreshold": 1,
      "QuantityPercent": -1,
      "SpawnAttachments": [],
      "Variants": []
    },
    {
      "ClassName": "pressvest_blue",
      "MaxPriceThreshold": 4205,
      "MinPriceThreshold": 2525,
      "SellPricePercent": -1,
      "MaxStockThreshold": 1,
      "MinStockThreshold": 1,
      "QuantityPercent": -1,
      "SpawnAttachments": [],
      "Variants": [
        "pressvest_lightblue"
      ]
    },
    {
      "ClassName": "platecarriervest",
      "MaxPriceThreshold": 12045,
      "MinPriceThreshold": 7230,
      "SellPricePercent": -1,
      "MaxStockThreshold": 1,
      "MinStockThreshold": 1,
      "QuantityPercent": -1,
      "SpawnAttachments": [],
      "Variants": [
        "platecarriervest_green",
        "platecarriervest_black",
        "platecarriervest_camo",
        "platecarriervest_winter"
      ]
    },
    {
      "ClassName": "chestplate",
      "MaxPriceThreshold": 590,
      "MinPriceThreshold": 355,
      "SellPricePercent": -1,
      "MaxStockThreshold": 1,
      "MinStockThreshold": 1,
      "QuantityPercent": -1,
      "SpawnAttachments": [],
      "Variants": []
    },
    {
      "ClassName": "Defender_Vest_Classic",
      "MaxPriceThreshold": 1280,
      "MinPriceThreshold": 765,
      "SellPricePercent": -1,
      "MaxStockThreshold": 1,
      "MinStockThreshold": 1,
      "QuantityPercent": -1,
      "SpawnAttachments": [],
      "Variants": [
        "Defender_Vest_Black"
      ]
    },
    {
      "ClassName": "DS_Porteplaques_Noir",
      "MaxPriceThreshold": 25000,
      "MinPriceThreshold": 25000,
      "SellPricePercent": -1,
      "MaxStockThreshold": 1,
      "MinStockThreshold": 1,
      "QuantityPercent": -1,
      "SpawnAttachments": [],
      "Variants": [
        "DS_Porteplaques_BountyHunter",
        "DS_Porteplaques_Gendarmerie",
        "DS_Porteplaques_GIGN",
        "DS_Porteplaques_Police",
        "DS_Porteplaques_CCE"
      ]
    },
    {
      "ClassName": "DS_PressVest_Medic",
      "MaxPriceThreshold": 5000,
      "MinPriceThreshold": 5000,
      "SellPricePercent": -1,
      "MaxStockThreshold": 1,
      "MinStockThreshold": 1,
      "QuantityPercent": -1,
      "SpawnAttachments": [],
      "Variants": []
    },
    {
      "ClassName": "mm_combat_vest_green",
      "MaxPriceThreshold": 15000,
      "MinPriceThreshold": 15000,
      "SellPricePercent": 30,
      "MaxStockThreshold": 1,
      "MinStockThreshold": 1,
      "QuantityPercent": 0,
      "SpawnAttachments": [],
      "Variants": [
        "mm_combat_vest_grey",
        "mm_combat_vest_black",
        "mm_combat_vest_tan"
      ]
    },
    {
      "ClassName": "mmg_chestrig_green",
      "MaxPriceThreshold": 15000,
      "MinPriceThreshold": 15000,
      "SellPricePercent": 30,
      "MaxStockThreshold": 1,
      "MinStockThreshold": 1,
      "QuantityPercent": 0,
      "SpawnAttachments": [],
      "Variants": [
        "mmg_chestrig_black",
        "mmg_chestrig_tan",
        "mmg_chestrig_erdl",
        "mmg_chestrig_multicam",
        "mmg_chestrig_multicamblack",
        "mmg_chestrig_alpine",
        "mmg_chestrig_dark_woodland",
        "mmg_chestrig_ucp",
        "mmg_chestrig_multicam_tropic",
        "mmg_chestrig_atacs"
      ]
    },
    {
      "ClassName": "MMG_JPC_Vest_Black",
      "MaxPriceThreshold": 15000,
      "MinPriceThreshold": 15000,
      "SellPricePercent": 30,
      "MaxStockThreshold": 1,
      "MinStockThreshold": 1,
      "QuantityPercent": 0,
      "SpawnAttachments": [],
      "Variants": [
        "MMG_JPC_Vest_olive",
        "MMG_JPC_Vest_tan",
        "MMG_JPC_Vest_multicam",
        "MMG_JPC_Vest_alpine",
        "MMG_JPC_Vest_erdl",
        "MMG_JPC_Vest_multicamblack",
        "MMG_JPC_Vest_multicam_tropic",
        "MMG_JPC_Vest_ucp",
        "MMG_JPC_Vest_dark_woodland",
        "MMG_JPC_Vest_atacs"
      ]
    },
    {
      "ClassName": "MMG_tt_vest_black",
      "MaxPriceThreshold": 15000,
      "MinPriceThreshold": 15000,
      "SellPricePercent": 30,
      "MaxStockThreshold": 1,
      "MinStockThreshold": 1,
      "QuantityPercent": 0,
      "SpawnAttachments": [],
      "Variants": [
        "MMG_tt_vest_green",
        "MMG_tt_vest_tan",
        "MMG_tt_vest_multicam",
        "MMG_tt_vest_alpine",
        "MMG_tt_vest_erdl",
        "MMG_tt_vest_multicamblack",
        "MMG_tt_vest_dark_woodland",
        "MMG_tt_vest_ucp",
        "MMG_tt_vest_police",
        "MMG_tt_vest_multicam_tropic",
        "MMG_tt_vest_atacs"
      ]
    },
    {
      "ClassName": "FOG_Vest_AVS_MC",
      "MaxPriceThreshold": 15000,
      "MinPriceThreshold": 15000,
      "SellPricePercent": 30,
      "MaxStockThreshold": 1,
      "MinStockThreshold": 1,
      "QuantityPercent": 0,
      "SpawnAttachments": [],
      "Variants": [
        "FOG_Vest_AVS_CB",
        "FOG_Vest_AVS_Black",
        "FOG_Vest_AVS_RG",
        "FOG_Vest_AVS_AOR1",
        "FOG_Vest_AVS_AOR2",
        "FOG_Vest_AVS_ALP"
      ]
    },
    {
      "ClassName": "FOG_Vest_JPC_CB",
      "MaxPriceThreshold": 15000,
      "MinPriceThreshold": 15000,
      "SellPricePercent": 30,
      "MaxStockThreshold": 1,
      "MinStockThreshold": 1,
      "QuantityPercent": 0,
      "SpawnAttachments": [],
      "Variants": [
        "FOG_Vest_JPC_MC",
        "FOG_Vest_JPC_Black",
        "FOG_Vest_JPC_RG",
        "FOG_Vest_JPC_AOR1",
        "FOG_Vest_JPC_AOR2",
        "FOG_Vest_JPC_ALP"
      ]
    },
    {
      "ClassName": "FOG_Vest_CPC_CB",
      "MaxPriceThreshold": 15000,
      "MinPriceThreshold": 15000,
      "SellPricePercent": 30,
      "MaxStockThreshold": 1,
      "MinStockThreshold": 1,
      "QuantityPercent": 0,
      "SpawnAttachments": [],
      "Variants": [
        "FOG_Vest_CPC_RG",
        "FOG_Vest_CPC_Black",
        "FOG_Vest_CPC_MC",
        "FOG_Vest_CPC_MCB",
        "FOG_Vest_CPC_MCA",
        "FOG_Vest_CPC_MCAL",
        "FOG_Vest_CPC_AOR1",
        "FOG_Vest_CPC_AOR2",
        "FOG_Vest_CPC_ATACS"
      ]
    },
    {
      "ClassName": "FOG_Vest_LBT6094_CB",
      "MaxPriceThreshold": 15000,
      "MinPriceThreshold": 15000,
      "SellPricePercent": 30,
      "MaxStockThreshold": 1,
      "MinStockThreshold": 1,
      "QuantityPercent": 0,
      "SpawnAttachments": [],
      "Variants": [
        "FOG_Vest_LBT6094_MC",
        "FOG_Vest_LBT6094_Black",
        "FOG_Vest_LBT6094_RG",
        "FOG_Vest_LBT6094_Blue",
        "FOG_Vest_LBT6094_AOR1",
        "FOG_Vest_LBT6094_AOR2"
      ]
    },
    {
      "ClassName": "FOG_Vest_TacTec_CB",
      "MaxPriceThreshold": 15000,
      "MinPriceThreshold": 15000,
      "SellPricePercent": 30,
      "MaxStockThreshold": 1,
      "MinStockThreshold": 1,
      "QuantityPercent": 0,
      "SpawnAttachments": [],
      "Variants": [
        "FOG_Vest_TacTec_OD",
        "FOG_Vest_TacTec_RG",
        "FOG_Vest_TacTec_Black",
        "FOG_Vest_TacTec_Grey",
        "FOG_Vest_TacTec_MC",
        "FOG_Vest_TacTec_MCB"
      ]
    }
  ]
}