{
  "version": "1",
  "isInitialized": 1,
  "dealerPoints": [
    {
      "id": "KlenTrader",
      "position": [
        11516.599609,
        341.553986,
        11314.200195
      ],
      "orientation": [
        -63.049194,
        -0.007665,
        0.018494
      ],
      "useExactPosition": 1,
      "type": "TBSHMGlobalStall_04",
      "uniqueName": "Tams's Shack"
    },
    {
      "id": "FishingTrader",
      "position": [
        14384.643555,
        3.305094,
        13242.885742
      ],
      "orientation": [
        -148.333878,
        0,
        0
      ],
      "useExactPosition": 1,
      "type": "TBSHMGlobalStall_02",
      "uniqueName": "Fish Market"
    },
    {
      "id": "HuntingTrader",
      "position": [
        9068.816406,
        244.777756,
        8041.332031
      ],
      "orientation": [
        150.663208,
        2.73279,
        -2.146962
      ],
      "useExactPosition": 1,
      "type": "TBSHMGlobalStall_01",
      "uniqueName": "Big Jim's Shite"
    }
  ]
}