{
    "version": "2",
    "isInitialized": 1,
    "pricePerSlot": 100,
    "pricePerSlotIsInPercentage": 0,
    "pricePerSlotPremiumPlayer": 50,
    "pricePerSlotPremiumPlayerIsInPercentage": 0,
    "freeSlotsForPlayer": 20,
    "maxSlotsForPlayer": 300,
    "freeSlotsForPremiumPlayer": 50,
    "maxSlotsForPremiumPlayer": 600,
    "maxOrderLifetimeInMinutes": 10080,
    "maxOrderLifetimeInMinutesPremiumPlayers": 10080,
    "maxOfferLifetimeInMinutes": 10080,
    "maxOfferLifetimeInMinutesPremiumPlayers": 10080,
    "sellTaxInPercentageOrder": 10,
    "sellTaxInPercentageOffer": 10
}