{
    "version": "1",
    "logBuyStallCSV": 0,
    "logBuyStallDiscord": 0,
    "discordBuyStallWebhookURL": "",
    "logPlaceStallCSV": 0,
    "logPlaceStallDiscord": 0,
    "discordPlaceStallWebhookURL": "",
    "logRemoveStallCSV": 0,
    "logRemoveStallDiscord": 0,
    "discordRemoveStallWebhookURL": "",
    "logAddOfferCSV": 0,
    "logAddOfferDiscord": 0,
    "discordAddOfferWebhookURL": "",
    "logRemoveOfferCSV": 0,
    "logRemoveOfferDiscord": 0,
    "discordRemoveOfferWebhookURL": "",
    "logAcceptOfferCSV": 0,
    "logAcceptOfferDiscord": 0,
    "discordAcceptOfferWebhookURL": "",
    "logAddOrderCSV": 0,
    "logAddOrderDiscord": 0,
    "discordAddOrderWebhookURL": "",
    "logRemoveOrderCSV": 0,
    "logRemoveOrderDiscord": 0,
    "discordRemoveOrderWebhookURL": "",
    "logAcceptOrderCSV": 0,
    "logAcceptOrderDiscord": 0,
    "discordAcceptOrderWebhookURL": "",
    "logGetItemFromOrderCSV": 0,
    "logGetItemFromOrderDiscord": 0,
    "discordGetItemFromOrderWebhookURL": "",
    "logDeleteItemCSV": 0,
    "logDeleteItemDiscord": 0,
    "discordDeleteItemWebhookURL": "",
    "logAddMoneyCSV": 0,
    "logAddMoneyDiscord": 0,
    "discordAddMoneyWebhookURL": "",
    "logRemoveMoneyCSV": 0,
    "logRemoveMoneyDiscord": 0,
    "discordRemoveMoneyWebhookURL": ""
}