{
  "version": "3",
  "isInitialized": 1,
  "maxMarketStallPerUser": 2,
  "maxPremiumMarketStallPerUser": 3,
  "maxMarketStallPerServer": -1,
  "timeInMinutesThatOwnerHasAfterLifetimeIsExpired": 60,
  "playerCanOnlyPlaceMarketStallInWhitelistAreas": 0,
  "whitelistAreas": [],
  "playerCanOnlyPlaceMarketStallInNonBlacklistAreas": 0,
  "blacklistAreas": [],
  "stalls": [
    {
      "id": "r3kdzz8fbl",
      "type": "TBSHMStand_01_Kit",
      "slotCount": 100,
      "premiumExtraSlotCount": 50,
      "lifetimeInMinutes": 3600,
      "premiumExtraLifetimeInMinutes": 120,
      "price": 20000,
      "premiumPriceReduce": 500,
      "priceForTimeExtension": -1,
      "durationInMinutesForTimeExtension": -1
    },
    {
      "id": "x5prpcgjx4",
      "type": "TBSHMStand_02_Kit",
      "slotCount": 100,
      "premiumExtraSlotCount": 50,
      "lifetimeInMinutes": 360,
      "premiumExtraLifetimeInMinutes": 120,
      "price": 2000,
      "premiumPriceReduce": 500,
      "priceForTimeExtension": -1,
      "durationInMinutesForTimeExtension": -1
    },
    {
      "id": "edeotsaerj",
      "type": "TBSHMStand_03_Kit",
      "slotCount": 100,
      "premiumExtraSlotCount": 100,
      "lifetimeInMinutes": 7200,
      "premiumExtraLifetimeInMinutes": 120,
      "price": 50000,
      "premiumPriceReduce": 500,
      "priceForTimeExtension": -1,
      "durationInMinutesForTimeExtension": -1
    },
    {
      "id": "12mjqqjsdz",
      "type": "TBSHMStand_04_Kit",
      "slotCount": 200,
      "premiumExtraSlotCount": 50,
      "lifetimeInMinutes": 3888000,
      "premiumExtraLifetimeInMinutes": 120,
      "price": 100000,
      "premiumPriceReduce": 500,
      "priceForTimeExtension": -1,
      "durationInMinutesForTimeExtension": -1
    }
  ]
}