{
    "version": 2,
    "active": 0,
    "entries": [
        {
            "clanTags": [
                "LBm"
            ],
            "steamids": [],
            "itemNames": [
                "M65Jacket_Black",
                "M65Jacket_Black",
                "M65Jacket_Black",
                "Armband_Red",
                "Armband_Red",
                "Armband_Red",
                "Armband_Red",
                "Armband_Red"
            ],
            "fileNames": [
                "LBmaster_Groups\\textures\\m65_jacket_Grass_2.paa",
                "LBmaster_Groups\\textures\\m65_jacket_Grass_2.paa",
                "LBmaster_Groups\\textures\\m65_jacket_Grass_2.paa",
                "LBmaster_Groups\\textures\\BB__BB_Armband.paa",
                "LBmaster_Groups\\textures\\BB__BB_Armband.paa",
                "LBmaster_Groups\\textures\\BB__BB_Armband.paa",
                "LBmaster_Groups\\textures\\BB__BB_Armband.paa",
                "LBmaster_Groups\\textures\\BB__BB_Armband.paa"
            ]
        }
    ]
}