{
  "version": 1,
  "inactiveGroupLifetimeDays": 30,
  "inviteCooldownSeconds": 120,
  "inviteActionEnabled": 0,
  "inviteActionShowName": 0,
  "preventFriendlyFire": 1,
  "preventFriendlyFireOnlyInSameSubgroup": 0,
  "groupManagePageObfuscatePlayernames": 0,
  "enablePlayerList": 1,
  "enablePlayerListDistance": 1,
  "allowJoinSecondGroupTemporarily": 1,
  "removeTemporaryMemberOnServerStart": 1,
  "removeTemporaryMemberOnPlayerLeave": 0,
  "enableSubGroups": 0,
  "enableSubGroupSharedPlayerMapMarker": 0,
  "enableSubGroupSharedPingMapMarker": 0,
  "showLevelUpgradeBenefits": 1,
  "subGroupNames": [
    "Alpha",
    "Bravo",
    "Charlie",
    "Delta",
    "Echo",
    "Foxtrot",
    "Golf",
    "Hotel",
    "India",
    "Juliett"
  ],
  "blacklistedGroupNames": []
}