{
    "version": 1,
    "canSeeOwnPlayerOnMap": 1,
    "markerConfig": [
        {
            "type": 0,
            "typeString": "SERVER_STATIC",
            "maxDistance": -1,
            "display3d": 1,
            "displayDistance": 1,
            "displayMap": 1,
            "displayCompass": 0,
            "displayGPS": 1
        },
        {
            "type": 1,
            "typeString": "SERVER_DYNAMIC",
            "maxDistance": -1,
            "display3d": 1,
            "displayDistance": 1,
            "displayMap": 1,
            "displayCompass": 0,
            "displayGPS": 1
        },
        {
            "type": 2,
            "typeString": "GROUP_PING",
            "maxDistance": -1,
            "display3d": 1,
            "displayDistance": 1,
            "displayMap": 0,
            "displayCompass": 1,
            "displayGPS": 0
        },
        {
            "type": 3,
            "typeString": "GROUP_MARKER",
            "maxDistance": -1,
            "display3d": 1,
            "displayDistance": 1,
            "displayMap": 1,
            "displayCompass": 1,
            "displayGPS": 1
        },
        {
            "type": 5,
            "typeString": "PRIVATE_MARKER",
            "maxDistance": -1,
            "display3d": 1,
            "displayDistance": 1,
            "displayMap": 1,
            "displayCompass": 0,
            "displayGPS": 1
        },
        {
            "type": 4,
            "typeString": "GROUP_PLAYER_MARKER",
            "maxDistance": 2000,
            "display3d": 1,
            "displayDistance": 1,
            "displayMap": 1,
            "displayCompass": 1,
            "displayGPS": 1
        }
    ],
    "addPlayerDeathMarker": 1,
    "deathMarkerPrivate": 0,
    "deathMarkerGroup": 1,
    "deleteOldDeathMarker": 0,
    "deathMarkerIcon": "LBmaster_Groups\\gui\\icons\\skull.paa",
    "availableIcons": [
        "LBmaster_Groups\\gui\\icons\\marker.paa",
        "LBmaster_Groups\\gui\\icons\\marker-stroked.paa",
        "LBmaster_Groups\\gui\\icons\\cross.paa",
        "LBmaster_Groups\\gui\\icons\\home.paa",
        "LBmaster_Groups\\gui\\icons\\camp.paa",
        "LBmaster_Groups\\gui\\icons\\safezone.paa",
        "LBmaster_Groups\\gui\\icons\\blackmarket.paa",
        "LBmaster_Groups\\gui\\icons\\hospital.paa",
        "LBmaster_Groups\\gui\\icons\\sniper.paa",
        "LBmaster_Groups\\gui\\icons\\player.paa",
        "LBmaster_Groups\\gui\\icons\\flag.paa",
        "LBmaster_Groups\\gui\\icons\\star.paa",
        "LBmaster_Groups\\gui\\icons\\car.paa",
        "LBmaster_Groups\\gui\\icons\\parking.paa",
        "LBmaster_Groups\\gui\\icons\\heli.paa",
        "LBmaster_Groups\\gui\\icons\\rail.paa",
        "LBmaster_Groups\\gui\\icons\\ship.paa",
        "LBmaster_Groups\\gui\\icons\\scooter.paa",
        "LBmaster_Groups\\gui\\icons\\bank.paa",
        "LBmaster_Groups\\gui\\icons\\restaurant.paa",
        "LBmaster_Groups\\gui\\icons\\post.paa",
        "LBmaster_Groups\\gui\\icons\\castle.paa",
        "LBmaster_Groups\\gui\\icons\\ranger-station.paa",
        "LBmaster_Groups\\gui\\icons\\water.paa",
        "LBmaster_Groups\\gui\\icons\\triangle.paa",
        "LBmaster_Groups\\gui\\icons\\cow.paa",
        "LBmaster_Groups\\gui\\icons\\bear.paa",
        "LBmaster_Groups\\gui\\icons\\car-repair.paa",
        "LBmaster_Groups\\gui\\icons\\communications.paa",
        "LBmaster_Groups\\gui\\icons\\roadblock.paa",
        "LBmaster_Groups\\gui\\icons\\stadium.paa",
        "LBmaster_Groups\\gui\\icons\\skull.paa",
        "LBmaster_Groups\\gui\\icons\\rocket.paa",
        "LBmaster_Groups\\gui\\icons\\bbq.paa",
        "LBmaster_Groups\\gui\\icons\\ping.paa",
        "LBmaster_Groups\\gui\\icons\\circle.paa"
    ],
    "requireItemToSeeGroupMembers": 0,
    "requireItemToBeSeenByGroupMembers": 0,
    "playerMarkerItems": [
        "PersonalRadio"
    ],
    "disableMarkerPlacement": 0,
    "groupMarkerLimit": 20,
    "tacticalPingLifetimeSeconds": 8,
    "tacticalPingMaxConcurrentMarkersPerPlayer": 1,
    "offlinePlayer3dMarkerDistance": 20.0
}