{
    "version": 2,
    "enabled": 1,
    "displayOnMap": 1,
    "notificationTitle": "#lb_ag_no_build_title",
    "notificationMessage": "#lb_ag_no_build_here",
    "ignoreItems": [
        "LandMineTrap",
        "BearTrap",
        "Fireplace",
        "ClaymoreMine"
    ],
    "circleColorR": 255,
    "circleColorG": 100,
    "circleColorB": 50,
    "zones": [
        {
            "name": "",
            "x": 1666.2998046875,
            "y": 13806.0986328125,
            "r": 434.0
        },
        {
            "name": "",
            "x": 1385.304931640625,
            "y": 14234.615234375,
            "r": 434.0
        },
        {
            "name": "",
            "x": 1125.384765625,
            "y": 14578.8349609375,
            "r": 434.0
        },
        {
            "name": "",
            "x": 844.3898315429688,
            "y": 14747.431640625,
            "r": 434.0
        },
        {
            "name": "",
            "x": 703.892333984375,
            "y": 13785.0234375,
            "r": 459.0
        },
        {
            "name": "",
            "x": 3921.283203125,
            "y": 11501.9404296875,
            "r": 656.0
        },
        {
            "name": "",
            "x": 4202.27783203125,
            "y": 10771.3544921875,
            "r": 656.0
        },
        {
            "name": "",
            "x": 4609.720703125,
            "y": 10244.4892578125,
            "r": 656.0
        },
        {
            "name": "",
            "x": 5010.13916015625,
            "y": 9647.375,
            "r": 656.0
        },
        {
            "name": "",
            "x": 7932.48486328125,
            "y": 14740.4072265625,
            "r": 385.0
        },
        {
            "name": "",
            "x": 12140.802734375,
            "y": 12520.5322265625,
            "r": 422.0
        },
        {
            "name": "",
            "x": 1156.30224609375,
            "y": 7228.71728515625,
            "r": 89.0
        },
        {
            "name": "",
            "x": 5071.802734375,
            "y": 2375.745849609375,
            "r": 311.0
        },
        {
            "name": "",
            "x": 2160.992431640625,
            "y": 3429.9306640625,
            "r": 311.0
        },
        {
            "name": "",
            "x": 3687.77099609375,
            "y": 14853.53125,
            "r": 101.0
        },
        {
            "name": "",
            "x": 4519.6650390625,
            "y": 8304.203125,
            "r": 508.0
        },
        {
            "name": "",
            "x": 1222.9111328125,
            "y": 12405.73046875,
            "r": 151.0
        },
        {
            "name": "",
            "x": 1224.710693359375,
            "y": 6269.8837890625,
            "r": 151.0
        },
        {
            "name": "",
            "x": 10452.4306640625,
            "y": 5952.068359375,
            "r": 101.0
        },
        {
            "name": "",
            "x": 10946.134765625,
            "y": 13381.583984375,
            "r": 101.0
        },
        {
            "name": "",
            "x": 4924.85009765625,
            "y": 12988.3330078125,
            "r": 101.0
        },
        {
            "name": "",
            "x": 325.8857421875,
            "y": 9385.7392578125,
            "r": 77.0
        },
        {
            "name": "",
            "x": 1417.506103515625,
            "y": 9237.1884765625,
            "r": 138.0
        },
        {
            "name": "",
            "x": 6912.56298828125,
            "y": 11417.623046875,
            "r": 138.0
        },
        {
            "name": "",
            "x": 2492.7646484375,
            "y": 5105.0400390625,
            "r": 163.0
        },
        {
            "name": "",
            "x": 3700.08984375,
            "y": 5987.8232421875,
            "r": 134.0
        },
        {
            "name": "",
            "x": 10910.2978515625,
            "y": 11600.87109375,
            "r": 122.0
        },
        {
            "name": "",
            "x": 10893.6669921875,
            "y": 11519.1591796875,
            "r": 122.0
        },
        {
            "name": "",
            "x": 10892.146484375,
            "y": 11414.7119140625,
            "r": 122.0
        },
        {
            "name": "",
            "x": 7241.06640625,
            "y": 3042.76806640625,
            "r": 66.0
        }
    ]
}