{
    "version": 15,
    "enablePlotpoleExtension": 0,
    "enabledDebugLifetimePrints": 0,
    "syncPlotpolesToCFCloud": 1,
    "doObjectLifetimeReset": 1,
    "flagLifetimeRefreshTime": 432000,
    "flagUptimeDuration": 3456000,
    "preventUnauthorizedDeploying": 1,
    "deployInOthersTerritoryExceptions": [
        "HDSN_BreachingCharge",
        "HDSN_BreachingChargeHeavy",
        "HDSN_C4Stick",
        "HDSN_C4StickWithDuctTape"
    ],
    "forceDeployingInTerritory": 1,
    "forceExceptions": [
        "Barrel_ColorBase",
        "TentBase"
    ],
    "preventUnauthorizedBuilding": 1,
    "preventUnauthorizedDismantling": 1,
    "preventUnauthorizedDestroying": 1,
    "lowerFlagWhenGroupDeleted": 1,
    "instantBuildPlotpole": 1,
    "instantDestroyPlotpole": 1,
    "returnFlagpoleKitOnInstantDestroy": 1,
    "allowDestroyWithFlagAttached": 0,
    "maxDistanceToDismantleFlag": 10.0,
    "autoAttachFlag": 0,
    "autoRaiseFlag": 0,
    "autoFlagAttachedItemnames": [
        "Flag_Chernarus",
        "Flag_Chedaki",
        "Flag_NAPA",
        "Flag_CDF",
        "Flag_Livonia",
        "Flag_Altis",
        "Flag_SSahrani",
        "Flag_NSahrani",
        "Flag_DayZ",
        "Flag_LivoniaArmy",
        "Flag_White",
        "Flag_Bohemia",
        "Flag_APA",
        "Flag_UEC",
        "Flag_Pirates",
        "Flag_Cannibals",
        "Flag_Bear",
        "Flag_Wolf",
        "Flag_BabyDeer",
        "Flag_Rooster",
        "Flag_LivoniaPolice",
        "Flag_CMC",
        "Flag_TEC",
        "Flag_CHEL",
        "Flag_Zenit",
        "Flag_HunterZ",
        "Flag_BrainZ"
    ],
    "displayPlotpolesOnMap": 1,
    "allowOthersPlotpoleDestroy": 0,
    "maxDistanceToLowerFlag": 10.0,
    "allowOthersPlotpoleLowerFlag": 0,
    "allowOthersPlotpoleRaiseFlag": 0,
    "allowBuildInUnclaimedTeritorry": 0,
    "allowDismantleInUnclaimedTeritorry": 0,
    "allowDestroyInUnclaimedTeritorry": 0,
    "treatFullyLoweredPlotpolesLikeUnclaimedPlotpoles": 0,
    "plotpoleRadius": 100.0,
    "plotpoleHeightUp": 50.0,
    "plotpoleHeightDown": 30.0,
    "plotpoleRadius_InsidePvEZone": 10.0,
    "plotpoleHeightUp_InsidePvEZone": 10.0,
    "plotpoleHeightDown_InsidePvEZone": 10.0,
    "plotpoleDistanceMinHostile": 200.0,
    "plotpoleDistanceMinFriendly": 100.0,
    "defaultPlotpoleCountPerGroup": 1
}