{
    "version": 3,
    "enablePlayerMarkers": 1,
    "showMarkersEverywhere": 0,
    "checkLineOfSight": 0,
    "obfuscatePlayerNames": 0,
    "showOwnPlayerTag": 1,
    "maxPlayerDistance": 50.0,
    "safezoneMarkers": [
        {
            "prefix": "Player: ",
            "color": {
                "a": 255,
                "r": 51,
                "g": 153,
                "b": 255
            },
            "permission": "",
            "ignoreNameObfuscationSetting": 0
        },
        {
            "prefix": "Admin: ",
            "color": {
                "a": 255,
                "r": 255,
                "g": 0,
                "b": 0
            },
            "permission": "groups.nametags.admin",
            "ignoreNameObfuscationSetting": 0
        }
    ]
}