[
    {
        "type": 0,
        "uid": 879585616,
        "name": "Boat Parking",
        "icon": "LBmaster_Groups\\gui\\icons\\ship.paa",
        "position": [
            13614.3955078125,
            1.0,
            10007.529296875
        ],
        "currentSubgroup": 0,
        "colorA": 255,
        "colorR": 0,
        "colorG": 0,
        "colorB": 255,
        "creatorSteamID": "",
        "circleRadius": 0.0,
        "circleColorA": 255,
        "circleColorR": 255,
        "circleColorG": 255,
        "circleColorB": 255,
        "circleStriked": 0,
        "circleLayer": -1,
        "showAllPlayerNametags": 0,
        "toSurface": 1,
        "display3d": 1,
        "displayMap": 1,
        "displayGPS": 1
    },
    {
        "type": 0,
        "uid": 1451011384,
        "name": "Hunting Trader",
        "icon": "LBmaster_Groups\\gui\\icons\\safezone.paa",
        "position": [
            9073.30859375,
            244.38348388671876,
            8060.701171875
        ],
        "currentSubgroup": 0,
        "colorA": 255,
        "colorR": 0,
        "colorG": 255,
        "colorB": 0,
        "creatorSteamID": "",
        "circleRadius": 186.0,
        "circleColorA": 255,
        "circleColorR": 0,
        "circleColorG": 255,
        "circleColorB": 0,
        "circleStriked": 1,
        "circleLayer": -1,
        "showAllPlayerNametags": 1,
        "toSurface": 1,
        "display3d": 1,
        "displayMap": 1,
        "displayGPS": 1
    },
    {
        "type": 0,
        "uid": 1462283919,
        "name": "Black Market",
        "icon": "LBmaster_Groups\\gui\\icons\\blackmarket.paa",
        "position": [
            2131.885986328125,
            91.64431762695313,
            3361.32470703125
        ],
        "currentSubgroup": 0,
        "colorA": 255,
        "colorR": 0,
        "colorG": 255,
        "colorB": 0,
        "creatorSteamID": "",
        "circleRadius": 106.0,
        "circleColorA": 255,
        "circleColorR": 0,
        "circleColorG": 255,
        "circleColorB": 0,
        "circleStriked": 1,
        "circleLayer": -1,
        "showAllPlayerNametags": 1,
        "toSurface": 1,
        "display3d": 1,
        "displayMap": 1,
        "displayGPS": 1
    },
    {
        "type": 0,
        "uid": 1197707038,
        "name": "Boat Trader",
        "icon": "LBmaster_Groups\\gui\\icons\\ship.paa",
        "position": [
            1733.4678955078126,
            5.4849724769592289,
            2054.9990234375
        ],
        "currentSubgroup": 0,
        "colorA": 255,
        "colorR": 0,
        "colorG": 255,
        "colorB": 0,
        "creatorSteamID": "",
        "circleRadius": 106.0,
        "circleColorA": 255,
        "circleColorR": 0,
        "circleColorG": 255,
        "circleColorB": 0,
        "circleStriked": 1,
        "circleLayer": -1,
        "showAllPlayerNametags": 1,
        "toSurface": 1,
        "display3d": 1,
        "displayMap": 1,
        "displayGPS": 1
    },
    {
        "type": 0,
        "uid": 962294564,
        "name": "Boat Trader",
        "icon": "LBmaster_Groups\\gui\\icons\\ship.paa",
        "position": [
            14367.44921875,
            1.0,
            13242.0927734375
        ],
        "currentSubgroup": 0,
        "colorA": 255,
        "colorR": 0,
        "colorG": 255,
        "colorB": 0,
        "creatorSteamID": "",
        "circleRadius": 106.0,
        "circleColorA": 255,
        "circleColorR": 0,
        "circleColorG": 255,
        "circleColorB": 0,
        "circleStriked": 1,
        "circleLayer": -1,
        "showAllPlayerNametags": 1,
        "toSurface": 1,
        "display3d": 1,
        "displayMap": 1,
        "displayGPS": 1
    },
    {
        "type": 0,
        "uid": 1981738059,
        "name": "Heli Trader",
        "icon": "LBmaster_Groups\\gui\\icons\\heli.paa",
        "position": [
            4966.73828125,
            9.480229377746582,
            2435.318359375
        ],
        "currentSubgroup": 0,
        "colorA": 255,
        "colorR": 0,
        "colorG": 255,
        "colorB": 0,
        "creatorSteamID": "",
        "circleRadius": 126.0,
        "circleColorA": 255,
        "circleColorR": 0,
        "circleColorG": 255,
        "circleColorB": 0,
        "circleStriked": 1,
        "circleLayer": -1,
        "showAllPlayerNametags": 1,
        "toSurface": 1,
        "display3d": 1,
        "displayMap": 1,
        "displayGPS": 1
    },
    {
        "type": 0,
        "uid": 978285834,
        "name": "Oil Rig",
        "icon": "LBmaster_Groups\\gui\\icons\\flag.paa",
        "position": [
            7331.59716796875,
            1.0,
            1843.647705078125
        ],
        "currentSubgroup": 0,
        "colorA": 255,
        "colorR": 0,
        "colorG": 255,
        "colorB": 255,
        "creatorSteamID": "",
        "circleRadius": 206.0,
        "circleColorA": 255,
        "circleColorR": 0,
        "circleColorG": 255,
        "circleColorB": 255,
        "circleStriked": 0,
        "circleLayer": -1,
        "showAllPlayerNametags": 0,
        "toSurface": 1,
        "display3d": 1,
        "displayMap": 1,
        "displayGPS": 1
    },
    {
        "type": 0,
        "uid": 1627505202,
        "name": "Drug Trader",
        "icon": "LBmaster_Groups\\gui\\icons\\blackmarket.paa",
        "position": [
            1229.94580078125,
            125.26993560791016,
            6245.69921875
        ],
        "currentSubgroup": 0,
        "colorA": 255,
        "colorR": 0,
        "colorG": 255,
        "colorB": 0,
        "creatorSteamID": "",
        "circleRadius": 106.0,
        "circleColorA": 255,
        "circleColorR": 0,
        "circleColorG": 255,
        "circleColorB": 0,
        "circleStriked": 1,
        "circleLayer": -1,
        "showAllPlayerNametags": 0,
        "toSurface": 1,
        "display3d": 1,
        "displayMap": 1,
        "displayGPS": 1
    },
    {
        "type": 0,
        "uid": 1998712399,
        "name": "Big Military",
        "icon": "LBmaster_Groups\\gui\\icons\\flag.paa",
        "position": [
            13955.828125,
            45.84367370605469,
            14073.005859375
        ],
        "currentSubgroup": 0,
        "colorA": 255,
        "colorR": 0,
        "colorG": 255,
        "colorB": 255,
        "creatorSteamID": "",
        "circleRadius": 206.0,
        "circleColorA": 255,
        "circleColorR": 0,
        "circleColorG": 255,
        "circleColorB": 255,
        "circleStriked": 0,
        "circleLayer": -1,
        "showAllPlayerNametags": 0,
        "toSurface": 1,
        "display3d": 1,
        "displayMap": 1,
        "displayGPS": 1
    },
    {
        "type": 0,
        "uid": 1220055494,
        "name": "Bunker Island",
        "icon": "LBmaster_Groups\\gui\\icons\\flag.paa",
        "position": [
            13728.0009765625,
            1.0,
            10005.3330078125
        ],
        "currentSubgroup": 0,
        "colorA": 255,
        "colorR": 0,
        "colorG": 255,
        "colorB": 255,
        "creatorSteamID": "",
        "circleRadius": 196.0,
        "circleColorA": 255,
        "circleColorR": 0,
        "circleColorG": 255,
        "circleColorB": 255,
        "circleStriked": 0,
        "circleLayer": -1,
        "showAllPlayerNametags": 0,
        "toSurface": 1,
        "display3d": 1,
        "displayMap": 1,
        "displayGPS": 1
    },
    {
        "type": 0,
        "uid": 1207996503,
        "name": "Klen Trader",
        "icon": "LBmaster_Groups\\gui\\icons\\safezone.paa",
        "position": [
            11504.1875,
            340.5951843261719,
            11334.8583984375
        ],
        "currentSubgroup": 0,
        "colorA": 255,
        "colorR": 0,
        "colorG": 255,
        "colorB": 0,
        "creatorSteamID": "",
        "circleRadius": 196.0,
        "circleColorA": 255,
        "circleColorR": 0,
        "circleColorG": 255,
        "circleColorB": 0,
        "circleStriked": 1,
        "circleLayer": -1,
        "showAllPlayerNametags": 1,
        "toSurface": 1,
        "display3d": 1,
        "displayMap": 1,
        "displayGPS": 1
    },
    {
        "type": 0,
        "uid": 1947658302,
        "name": "Boat Parking",
        "icon": "LBmaster_Groups\\gui\\icons\\ship.paa",
        "position": [
            13501.2099609375,
            1.0,
            2646.5029296875
        ],
        "currentSubgroup": 0,
        "colorA": 255,
        "colorR": 0,
        "colorG": 0,
        "colorB": 255,
        "creatorSteamID": "",
        "circleRadius": 0.0,
        "circleColorA": 255,
        "circleColorR": 255,
        "circleColorG": 255,
        "circleColorB": 255,
        "circleStriked": 0,
        "circleLayer": -1,
        "showAllPlayerNametags": 0,
        "toSurface": 1,
        "display3d": 1,
        "displayMap": 1,
        "displayGPS": 1
    },
    {
        "type": 0,
        "uid": 980186436,
        "name": "Boat Parking",
        "icon": "LBmaster_Groups\\gui\\icons\\ship.paa",
        "position": [
            7261.533203125,
            1.0,
            1817.67333984375
        ],
        "currentSubgroup": 0,
        "colorA": 255,
        "colorR": 0,
        "colorG": 0,
        "colorB": 255,
        "creatorSteamID": "",
        "circleRadius": 0.0,
        "circleColorA": 255,
        "circleColorR": 255,
        "circleColorG": 255,
        "circleColorB": 255,
        "circleStriked": 0,
        "circleLayer": -1,
        "showAllPlayerNametags": 0,
        "toSurface": 1,
        "display3d": 1,
        "displayMap": 1,
        "displayGPS": 1
    },
    {
        "type": 0,
        "uid": 83167914,
        "name": "Boat Parking",
        "icon": "LBmaster_Groups\\gui\\icons\\ship.paa",
        "position": [
            10892.6806640625,
            1.0,
            2333.022705078125
        ],
        "currentSubgroup": 0,
        "colorA": 255,
        "colorR": 0,
        "colorG": 0,
        "colorB": 255,
        "creatorSteamID": "",
        "circleRadius": 0.0,
        "circleColorA": 255,
        "circleColorR": 255,
        "circleColorG": 255,
        "circleColorB": 255,
        "circleStriked": 0,
        "circleLayer": -1,
        "showAllPlayerNametags": 0,
        "toSurface": 1,
        "display3d": 1,
        "displayMap": 1,
        "displayGPS": 1
    },
    {
        "type": 0,
        "uid": 1716243646,
        "name": "Boat Parking",
        "icon": "LBmaster_Groups\\gui\\icons\\ship.paa",
        "position": [
            13150.5087890625,
            1.0,
            8209.44140625
        ],
        "currentSubgroup": 0,
        "colorA": 255,
        "colorR": 0,
        "colorG": 0,
        "colorB": 255,
        "creatorSteamID": "",
        "circleRadius": 0.0,
        "circleColorA": 255,
        "circleColorR": 255,
        "circleColorG": 255,
        "circleColorB": 255,
        "circleStriked": 0,
        "circleLayer": -1,
        "showAllPlayerNametags": 0,
        "toSurface": 1,
        "display3d": 1,
        "displayMap": 1,
        "displayGPS": 1
    },
    {
        "type": 0,
        "uid": 465778722,
        "name": "Shed Rentals",
        "icon": "LBmaster_Groups\\gui\\icons\\ranger-station.paa",
        "position": [
            10891.25390625,
            233.83718872070313,
            11601.380859375
        ],
        "currentSubgroup": 0,
        "colorA": 255,
        "colorR": 0,
        "colorG": 53,
        "colorB": 160,
        "creatorSteamID": "",
        "circleRadius": 73.0,
        "circleColorA": 255,
        "circleColorR": 0,
        "circleColorG": 51,
        "circleColorB": 158,
        "circleStriked": 0,
        "circleLayer": -1,
        "showAllPlayerNametags": 0,
        "toSurface": 1,
        "display3d": 1,
        "displayMap": 1,
        "displayGPS": 1
    },
    {
        "type": 0,
        "uid": 1078427889,
        "name": "Boat Parking",
        "icon": "LBmaster_Groups\\gui\\icons\\ship.paa",
        "position": [
            12085.986328125,
            1.0,
            3377.142333984375
        ],
        "currentSubgroup": 0,
        "colorA": 255,
        "colorR": 0,
        "colorG": 0,
        "colorB": 255,
        "creatorSteamID": "",
        "circleRadius": 0.0,
        "circleColorA": 255,
        "circleColorR": 255,
        "circleColorG": 255,
        "circleColorB": 255,
        "circleStriked": 0,
        "circleLayer": -1,
        "showAllPlayerNametags": 0,
        "toSurface": 1,
        "display3d": 1,
        "displayMap": 1,
        "displayGPS": 1
    }
]