{
    "zones": [
        {
            "label": "Берлога медведя/Bear Den/熊窝",
            "cards": [
                "DAG_Card_Animal_Bear",
                "DAG_Card_Animal_Wolf"
            ],
            "positions": [
                {
                    "x": 4814.4501953125,
                    "z": 9619.3701171875,
                    "radius": 20.0
                },
                {
                    "x": 5000.0,
                    "z": 9500.0,
                    "radius": 15.0
                }
            ]
        },
        {
            "label": "Пункт снабжения/Supply Point/补给站",
            "cards": [
                "DAG_Card_AKM"
            ],
            "positions": [
                {
                    "x": 4124.0,
                    "z": 10807.0,
                    "radius": 75.0
                }
            ]
        },
        {
            "label": "Зона ритуалов/Ritual Zone/仪式之地",
            "cards": [
                "DAG_Card_Zombie_Mummy"
            ],
            "positions": [
                {
                    "x": 8322.0,
                    "z": 2472.0,
                    "radius": 7.0
                }
            ]
        }
    ]
}