{
    "ConfigVersion": 28,
    "ID": 1,
    "ObjectiveType": 6,
    "ObjectiveText": "Find the location of the treasure",
    "TimeLimit": -1,
    "Active": 1,
    "ShowDistance": 1,
    "ContainerName": "ExpansionQuestSeaChest",
    "DigInStash": 1,
    "MarkerName": "???",
    "MarkerVisibility": 4,
    "Positions": [
        [
            2936.47998046875,
            350.40399169921877,
            6369.39013671875
        ],
        [
            3143.35009765625,
            365.7760009765625,
            6942.0400390625
        ],
        [
            5233.509765625,
            290.8810119628906,
            6246.3701171875
        ]
    ],
    "LootItemsAmount": 0,
    "MaxDistance": 10.0,
    "Loot": [
        {
            "Name": "Binoculars",
            "Chance": 0.30000001192092898,
            "Attachments": [],
            "QuantityPercent": -1,
            "Max": -1,
            "Min": 0,
            "Variants": []
        },
        {
            "Name": "Rangefinder",
            "Chance": 0.05000000074505806,
            "Attachments": [
                {
                    "Name": "Battery9V",
                    "Chance": 1.0,
                    "Attachments": []
                }
            ],
            "QuantityPercent": -1,
            "Max": -1,
            "Min": 0,
            "Variants": []
        },
        {
            "Name": "GhillieAtt_Mossy",
            "Chance": 0.05000000074505806,
            "Attachments": [],
            "QuantityPercent": -1,
            "Max": -1,
            "Min": 0,
            "Variants": []
        },
        {
            "Name": "WeaponCleaningKit",
            "Chance": 0.05000000074505806,
            "Attachments": [],
            "QuantityPercent": -1,
            "Max": -1,
            "Min": 0,
            "Variants": []
        },
        {
            "Name": "ChernarusMap",
            "Chance": 0.30000001192092898,
            "Attachments": [],
            "QuantityPercent": -1,
            "Max": -1,
            "Min": 0,
            "Variants": []
        }
    ]
}