{
  "m_Version": 12,
  "DisplayName": "Accessories - Military",
  "Icon": "Deliver",
  "Color": "FBFCFEFF",
  "IsExchange": 0,
  "InitStockPercent": 75,
  "Items": [
    {
      "ClassName": "MMG_bottle_black",
      "MaxPriceThreshold": 1000,
      "MinPriceThreshold": 1000,
      "SellPricePercent": 30,
      "MaxStockThreshold": 1,
      "MinStockThreshold": 1,
      "QuantityPercent": 0,
      "SpawnAttachments": [],
      "Variants": [
        "MMG_bottle_olive",
        "MMG_bottle_tan",
        "MMG_bottle_alpine",
        "MMG_bottle_erdl",
        "MMG_bottle_multicamblack",
        "MMG_sheath_multicam_tropic",
        "MMG_bottle_multicam",
        "MMG_bottle_dark_woodland",
        "MMG_bottle_ucp",
        "MMG_bottle_multicam_tropic",
        "MMG_bottle_atacs"
      ]
    },
    {
      "ClassName": "MMG_carbine_red",
      "MaxPriceThreshold": 1000,
      "MinPriceThreshold": 1000,
      "SellPricePercent": 30,
      "MaxStockThreshold": 1,
      "MinStockThreshold": 1,
      "QuantityPercent": 0,
      "SpawnAttachments": [],
      "Variants": [
        "MMG_carbine_green",
        "MMG_carbine_orange",
        "MMG_carbine_blue",
        "MMG_carbine_black",
        "MMG_carbine_grey"
      ]
    },
    {
      "ClassName": "mmg_tactical_gloves_black",
      "MaxPriceThreshold": 1000,
      "MinPriceThreshold": 1000,
      "SellPricePercent": 30,
      "MaxStockThreshold": 1,
      "MinStockThreshold": 1,
      "QuantityPercent": 0,
      "SpawnAttachments": [],
      "Variants": [
        "mmg_tactical_gloves_green",
        "mmg_tactical_gloves_tan",
        "mmg_tactical_gloves_multicam",
        "mmg_tactical_gloves_multicamblack",
        "mmg_tactical_gloves_erdl",
        "mmg_tactical_gloves_alpine",
        "mmg_tactical_gloves_dark_woodland",
        "mmg_tactical_gloves_ucp",
        "mmg_tactical_gloves_multicam_tropic",
        "mmg_tactical_gloves_atacs"
      ]
    },
    {
      "ClassName": "MMG_patch_rubber_dayz",
      "MaxPriceThreshold": 1000,
      "MinPriceThreshold": 1000,
      "SellPricePercent": 30,
      "MaxStockThreshold": 1,
      "MinStockThreshold": 1,
      "QuantityPercent": 0,
      "SpawnAttachments": [],
      "Variants": [
        "MMG_patch_rubber_511",
        "MMG_patch_rubber_driver",
        "MMG_patch_rubber_medic",
        "MMG_patch_rubber_pilot",
        "MMG_patch_rubber_toxic",
        "MMG_patch_rubber_cherno_special",
        "MMG_patch_rubber_livonia_special",
        "MMG_patch_rubber_namalsk_special",
        "MMG_patch_rubber_bushcraft",
        "MMG_patch_rubber_bushcraft1",
        "MMG_patch_rubber_police",
        "MMG_patch_rubber_punisher",
        "MMG_patch_rubber_rangers",
        "MMG_patch_rubber_eod",
        "MMG_patch_rubber_mmg",
        "MMG_patch_rubber_sniper1",
        "MMG_patch_rubber_australia",
        "MMG_patch_rubber_austria",
        "MMG_patch_rubber_austria1",
        "MMG_patch_rubber_germany",
        "MMG_patch_rubber_sweden",
        "MMG_patch_rubber_norway",
        "MMG_patch_rubber_ukraine",
        "MMG_patch_rubber_bulgaria",
        "MMG_patch_rubber_switzerland",
        "MMG_patch_rubber_czech_republic",
        "MMG_patch_rubber_denmark",
        "MMG_patch_rubber_england",
        "MMG_patch_rubber_finland",
        "MMG_patch_rubber_france",
        "MMG_patch_rubber_greece",
        "MMG_patch_rubber_netherlands",
        "MMG_patch_rubber_poland",
        "MMG_patch_rubber_south_africa",
        "MMG_patch_rubber_slovakia",
        "MMG_patch_rubber_uk",
        "MMG_patch_rubber_usa",
        "MMG_patch_rubber_bra",
        "MMG_patch_rubber_can",
        "MMG_patch_rubber_chl",
        "MMG_patch_rubber_cro",
        "MMG_patch_rubber_irl",
        "MMG_patch_rubber_nzl",
        "MMG_patch_rubber_rou",
        "MMG_patch_rubber_tur",
        "MMG_patch_rubber_mex",
        "MMG_patch_rubber_por",
        "MMG_patch_rubber_wales",
        "MMG_patch_rubber_apos",
        "MMG_patch_rubber_bpos",
        "MMG_patch_rubber_abpos",
        "MMG_patch_rubber_0pos",
        "MMG_patch_rubber_aneg",
        "MMG_patch_rubber_bneg",
        "MMG_patch_rubber_abneg",
        "MMG_patch_rubber_0neg"
      ]
    },
    {
      "ClassName": "MMG_patch_fabric_dayz",
      "MaxPriceThreshold": 1000,
      "MinPriceThreshold": 1000,
      "SellPricePercent": 30,
      "MaxStockThreshold": 1,
      "MinStockThreshold": 1,
      "QuantityPercent": 0,
      "SpawnAttachments": [],
      "Variants": [
        "MMG_patch_fabric_511",
        "MMG_patch_fabric_driver",
        "MMG_patch_fabric_medic",
        "MMG_patch_fabric_pilot",
        "MMG_patch_fabric_toxic",
        "mmg_tactical_gloves_alpine",
        "mmg_tactical_gloves_dark_woodland",
        "mmg_tactical_gloves_ucp",
        "mmg_tactical_gloves_multicam_tropic",
        "mmg_tactical_gloves_atacs"
      ]
    },
    {
      "ClassName": "MMG_headphones_black",
      "MaxPriceThreshold": 1000,
      "MinPriceThreshold": 1000,
      "SellPricePercent": 30,
      "MaxStockThreshold": 1,
      "MinStockThreshold": 1,
      "QuantityPercent": 0,
      "SpawnAttachments": [],
      "Variants": [
        "MMG_headphones_green",
        "MMG_headphones_tan",
        "MMG_headphones_ucp"
      ]
    },
    {
      "ClassName": "MMG_ballistic_earcover_black",
      "MaxPriceThreshold": 1000,
      "MinPriceThreshold": 1000,
      "SellPricePercent": 30,
      "MaxStockThreshold": 1,
      "MinStockThreshold": 1,
      "QuantityPercent": 0,
      "SpawnAttachments": [],
      "Variants": [
        "MMG_ballistic_earcover_green",
        "MMG_ballistic_earcover_tan"
      ]
    },
    {
      "ClassName": "MMG_tactical_visor_black",
      "MaxPriceThreshold": 1000,
      "MinPriceThreshold": 1000,
      "SellPricePercent": 30,
      "MaxStockThreshold": 1,
      "MinStockThreshold": 1,
      "QuantityPercent": 0,
      "SpawnAttachments": [],
      "Variants": [
        "MMG_tactical_visor_green",
        "MMG_tactical_visor_tan"
      ]
    },
    {
      "ClassName": "mmg_tac_goggles_red_green",
      "MaxPriceThreshold": 1000,
      "MinPriceThreshold": 1000,
      "SellPricePercent": 30,
      "MaxStockThreshold": 1,
      "MinStockThreshold": 1,
      "QuantityPercent": 0,
      "SpawnAttachments": [],
      "Variants": [
        "mmg_tac_goggles_red_black",
        "mmg_tac_goggles_red_tan"
      ]
    },
    {
      "ClassName": "mmg_boonie_green",
      "MaxPriceThreshold": 1000,
      "MinPriceThreshold": 1000,
      "SellPricePercent": 30,
      "MaxStockThreshold": 1,
      "MinStockThreshold": 1,
      "QuantityPercent": 0,
      "SpawnAttachments": [],
      "Variants": [
        "mmg_boonie_black",
        "mmg_boonie_tan",
        "mmg_boonie_erdl",
        "mmg_boonie_multicam",
        "mmg_boonie_multicamblack",
        "mmg_boonie_alpine",
        "mmg_boonie_dark_woodland",
        "mmg_boonie_ucp",
        "mmg_boonie_multicam_tropic"
      ]
    },
    {
      "ClassName": "ReDos_ShoulderHolster_Black",
      "MaxPriceThreshold": 1000,
      "MinPriceThreshold": 1000,
      "SellPricePercent": 30,
      "MaxStockThreshold": 1,
      "MinStockThreshold": 1,
      "QuantityPercent": 0,
      "SpawnAttachments": [],
      "Variants": [
        "ReDos_ShoulderHolster_Red",
        "ReDos_ShoulderHolster_Green",
        "ReDos_ShoulderHolster"
      ]
    },
    {
      "ClassName": "MMG_nbc_pouch",
      "MaxPriceThreshold": 1000,
      "MinPriceThreshold": 1000,
      "SellPricePercent": 30,
      "MaxStockThreshold": 1,
      "MinStockThreshold": 1,
      "QuantityPercent": 0,
      "SpawnAttachments": [],
      "Variants": []
    },
    {
      "ClassName": "nvgheadstrap",
      "MaxPriceThreshold": 16160,
      "MinPriceThreshold": 9695,
      "SellPricePercent": -1,
      "MaxStockThreshold": 1,
      "MinStockThreshold": 1,
      "QuantityPercent": -1,
      "SpawnAttachments": [],
      "Variants": []
    },
    {
      "ClassName": "nvgoggles",
      "MaxPriceThreshold": 1000,
      "MinPriceThreshold": 1000,
      "SellPricePercent": 30,
      "MaxStockThreshold": 1,
      "MinStockThreshold": 1,
      "QuantityPercent": 0,
      "SpawnAttachments": [],
      "Variants": []
    },
    {
      "ClassName": "FOG_BISON_Belt_CB",
      "MaxPriceThreshold": 1000,
      "MinPriceThreshold": 1000,
      "SellPricePercent": 30,
      "MaxStockThreshold": 1,
      "MinStockThreshold": 1,
      "QuantityPercent": 0,
      "SpawnAttachments": [],
      "Variants": [
        "FOG_BISON_Belt_RG",
        "FOG_BISON_Belt_Black",
        "FOG_BISON_Belt_MC",
        "FOG_BISON_Belt_MCB"
      ]
    },
    {
      "ClassName": "FOG_Belt_RTGFB_CB",
      "MaxPriceThreshold": 1000,
      "MinPriceThreshold": 1000,
      "SellPricePercent": 30,
      "MaxStockThreshold": 1,
      "MinStockThreshold": 1,
      "QuantityPercent": 0,
      "SpawnAttachments": [],
      "Variants": [
        "FOG_Belt_RTGFB_MC",
        "FOG_Belt_RTGFB_RG",
        "FOG_Belt_RTGFB_Black",
        "FOG_Belt_RTGFB_AOR1",
        "FOG_Belt_RTGFB_AOR2",
        "FOG_Belt_RTGFB_ALP"
      ]
    },
    {
      "ClassName": "FOG_MRB_Belt_CB",
      "MaxPriceThreshold": 1000,
      "MinPriceThreshold": 1000,
      "SellPricePercent": 30,
      "MaxStockThreshold": 1,
      "MinStockThreshold": 1,
      "QuantityPercent": 0,
      "SpawnAttachments": [],
      "Variants": [
        "FOG_MRB_Belt_MC",
        "FOG_MRB_Belt_MCB",
        "FOG_MRB_Belt_RG",
        "FOG_MRB_Belt_AOR1",
        "FOG_MRB_Belt_AOR2",
        "FOG_MRB_Belt_ATACSAU",
        "FOG_MRB_Belt_Black",
        "FOG_MRB_Belt_6CD",
        "FOG_MRB_Belt_MCT"
      ]
    },
    {
      "ClassName": "FOG_WinterGloves_Tan",
      "MaxPriceThreshold": 1000,
      "MinPriceThreshold": 1000,
      "SellPricePercent": 30,
      "MaxStockThreshold": 1,
      "MinStockThreshold": 1,
      "QuantityPercent": 0,
      "SpawnAttachments": [],
      "Variants": [
        "FOG_WinterGloves_White",
        "FOG_WinterGloves_Black",
        "FOG_WinterGloves_CB",
        "FOG_WinterGloves_RG",
        "FOG_WinterGloves_MC",
        "FOG_WinterGloves_MCB",
        "FOG_WinterGloves_MCAL",
        "FOG_WinterGloves_Red"
      ]
    },
    {
      "ClassName": "FOG_FerroGloves_Tan",
      "MaxPriceThreshold": 1000,
      "MinPriceThreshold": 1000,
      "SellPricePercent": 30,
      "MaxStockThreshold": 1,
      "MinStockThreshold": 1,
      "QuantityPercent": 0,
      "SpawnAttachments": [],
      "Variants": [
        "FOG_FerroGloves_Grey",
        "FOG_FerroGloves_Red",
        "FOG_FerroGloves_Blue",
        "FOG_FerroGloves_White",
        "FOG_FerroGloves_White_TanTrim",
        "FOG_FerroGloves_CB",
        "FOG_FerroGloves_RG",
        "FOG_FerroGloves_Black",
        "FOG_FerroGloves_Black_WhiteTrim",
        "FOG_FerroGloves_Black_BlueTrim",
        "FOG_FerroGloves_Black_RedTrim",
        "FOG_FerroGloves_Black_TanTrim",
        "FOG_FerroGloves_MC",
        "FOG_FerroGloves_MCB",
        "FOG_FerroGloves_M81",
        "FOG_FerroGloves_AJ"
      ]
    },
    {
      "ClassName": "FOG_Tactical_Fingerless_Gloves_Green",
      "MaxPriceThreshold": 1000,
      "MinPriceThreshold": 1000,
      "SellPricePercent": 30,
      "MaxStockThreshold": 1,
      "MinStockThreshold": 1,
      "QuantityPercent": 0,
      "SpawnAttachments": [],
      "Variants": [
        "FOG_Tactical_Fingerless_Gloves_Black",
        "FOG_Tactical_Fingerless_Gloves_Tan",
        "FOG_Tactical_Fingerless_Gloves_MC",
        "FOG_Tactical_Fingerless_Gloves_Red"
      ]
    },
    {
      "ClassName": "FOG_GunGloves_Tan",
      "MaxPriceThreshold": 1000,
      "MinPriceThreshold": 1000,
      "SellPricePercent": 30,
      "MaxStockThreshold": 1,
      "MinStockThreshold": 1,
      "QuantityPercent": 0,
      "SpawnAttachments": [],
      "Variants": [
        "FOG_GunGloves_Grey",
        "FOG_GunGloves_Black",
        "FOG_GunGloves_CB",
        "FOG_GunGloves_RG",
        "FOG_GunGloves_MC",
        "FOG_GunGloves_MCB",
        "FOG_GunGloves_M81",
        "FOG_GunGloves_AOR2"
      ]
    },
    {
      "ClassName": "FOG_HMTL_Light_Tan",
      "MaxPriceThreshold": 1000,
      "MinPriceThreshold": 1000,
      "SellPricePercent": 30,
      "MaxStockThreshold": 1,
      "MinStockThreshold": 1,
      "QuantityPercent": 0,
      "SpawnAttachments": [],
      "Variants": []
    },
    {
      "ClassName": "FOG_IR_Marker",
      "MaxPriceThreshold": 1000,
      "MinPriceThreshold": 1000,
      "SellPricePercent": 30,
      "MaxStockThreshold": 1,
      "MinStockThreshold": 1,
      "QuantityPercent": 0,
      "SpawnAttachments": [],
      "Variants": []
    },
    {
      "ClassName": "FOG_Manta_Strobe_Tan",
      "MaxPriceThreshold": 1000,
      "MinPriceThreshold": 1000,
      "SellPricePercent": 30,
      "MaxStockThreshold": 1,
      "MinStockThreshold": 1,
      "QuantityPercent": 0,
      "SpawnAttachments": [],
      "Variants": []
    },
    {
      "ClassName": "FOG_MOHOC",
      "MaxPriceThreshold": 1000,
      "MinPriceThreshold": 1000,
      "SellPricePercent": 30,
      "MaxStockThreshold": 1,
      "MinStockThreshold": 1,
      "QuantityPercent": 0,
      "SpawnAttachments": [],
      "Variants": []
    },
    {
      "ClassName": "FOG_Comtac3_Headphones_AJ",
      "MaxPriceThreshold": 1000,
      "MinPriceThreshold": 1000,
      "SellPricePercent": 30,
      "MaxStockThreshold": 1,
      "MinStockThreshold": 1,
      "QuantityPercent": 0,
      "SpawnAttachments": [],
      "Variants": [
        "FOG_Comtac3_Headphones_CB",
        "FOG_Comtac3_Headphones_FG",
        "FOG_Comtac3_Headphones_RG",
        "FOG_Comtac3_Headphones_RG_01",
        "FOG_Comtac3_Headphones_RG_XPI",
        "FOG_Comtac3_Headphones_RG_Spray",
        "FOG_Comtac3_Headphones_Black",
        "FOG_Comtac3_Headphones_CB_Velcro",
        "FOG_Comtac3_Headphones_RG_Velcro",
        "FOG_Comtac3_Headphones_FG_Velcro",
        "FOG_Comtac3_Headphones_Tan_Velcro",
        "FOG_Comtac3_Headphones_Black_Velcro"
      ]
    },
    {
      "ClassName": "FOG_Comtac_IV_CB",
      "MaxPriceThreshold": 1000,
      "MinPriceThreshold": 1000,
      "SellPricePercent": 30,
      "MaxStockThreshold": 1,
      "MinStockThreshold": 1,
      "QuantityPercent": 0,
      "SpawnAttachments": [],
      "Variants": [
        "FOG_Comtac_IV_RG",
        "FOG_Comtac_IV_Black"
      ]
    },
    {
      "ClassName": "FOG_M32_Helmet_RG",
      "MaxPriceThreshold": 1000,
      "MinPriceThreshold": 1000,
      "SellPricePercent": 30,
      "MaxStockThreshold": 1,
      "MinStockThreshold": 1,
      "QuantityPercent": 0,
      "SpawnAttachments": [],
      "Variants": [
        "FOG_M32_Helmet_Black"
      ]
    },
    {
      "ClassName": "FOG_AMP_Tan",
      "MaxPriceThreshold": 1000,
      "MinPriceThreshold": 1000,
      "SellPricePercent": 30,
      "MaxStockThreshold": 1,
      "MinStockThreshold": 1,
      "QuantityPercent": 0,
      "SpawnAttachments": [],
      "Variants": [
        "FOG_AMP_MC",
        "FOG_AMP_Black",
        "FOG_AMP_MCB",
        "FOG_AMP_MCBT"
      ]
    },
    {
      "ClassName": "FOG_SF_Cover_MC",
      "MaxPriceThreshold": 1000,
      "MinPriceThreshold": 1000,
      "SellPricePercent": 30,
      "MaxStockThreshold": 1,
      "MinStockThreshold": 1,
      "QuantityPercent": 0,
      "SpawnAttachments": [],
      "Variants": [
        "FOG_SF_Cover_MCB",
        "FOG_SF_Cover_MCA",
        "FOG_SF_Cover_MCAL",
        "FOG_SF_Cover_MCT",
        "FOG_SF_Cover_AOR1",
        "FOG_SF_Cover_AOR2",
        "FOG_SF_Cover_M81",
        "FOG_SF_Cover_CB",
        "FOG_SF_Cover_RG",
        "FOG_SF_Cover_Black"
      ]
    },
    {
      "ClassName": "FOG_SF_BatteryPack_Tan",
      "MaxPriceThreshold": 1000,
      "MinPriceThreshold": 1000,
      "SellPricePercent": 30,
      "MaxStockThreshold": 1,
      "MinStockThreshold": 1,
      "QuantityPercent": 0,
      "SpawnAttachments": [],
      "Variants": [
        "FOG_SF_BatteryPack_RG",
        "FOG_SF_BatteryPack_MC",
        "FOG_SF_BatteryPack_MCB",
        "FOG_SF_BatteryPack_Black"
      ]
    },
    {
      "ClassName": "FOG_FC_Torus_BattPack_MC",
      "MaxPriceThreshold": 1000,
      "MinPriceThreshold": 1000,
      "SellPricePercent": 30,
      "MaxStockThreshold": 1,
      "MinStockThreshold": 1,
      "QuantityPercent": 0,
      "SpawnAttachments": [],
      "Variants": [
        "FOG_FC_Torus_BattPack_MCB",
        "FOG_FC_Torus_BattPack_Black",
        "FOG_FC_Torus_BattPack_CB",
        "FOG_FC_Torus_BattPack_RG"
      ]
    },
    {
      "ClassName": "FOG_FastMT_Mandable_Tan",
      "MaxPriceThreshold": 1000,
      "MinPriceThreshold": 1000,
      "SellPricePercent": 30,
      "MaxStockThreshold": 1,
      "MinStockThreshold": 1,
      "QuantityPercent": 0,
      "SpawnAttachments": [],
      "Variants": [
        "FOG_FastMT_Mandable_MC",
        "FOG_FastMT_Mandable_Black",
        "FOG_FastMT_Mandable_RG"
      ]
    },
    {
      "ClassName": "FOG_FastMT_RAC_Tan",
      "MaxPriceThreshold": 1000,
      "MinPriceThreshold": 1000,
      "SellPricePercent": 30,
      "MaxStockThreshold": 1,
      "MinStockThreshold": 1,
      "QuantityPercent": 0,
      "SpawnAttachments": [],
      "Variants": [
        "FOG_FastMT_RAC_Black",
        "FOG_FastMT_RAC_RG"
      ]
    },
    {
      "ClassName": "FOG_FASTMT_Cover_MC",
      "MaxPriceThreshold": 1000,
      "MinPriceThreshold": 1000,
      "SellPricePercent": 30,
      "MaxStockThreshold": 1,
      "MinStockThreshold": 1,
      "QuantityPercent": 0,
      "SpawnAttachments": [],
      "Variants": [
        "FOG_FASTMT_Cover_MCB",
        "FOG_FASTMT_Cover_AOR1",
        "FOG_FASTMT_Cover_AOR2",
        "FOG_FASTMT_Cover_ALP",
        "FOG_FASTMT_Cover_RG",
        "FOG_FASTMT_Cover_Black"
      ]
    },
    {
      "ClassName": "FOG_Airframe_Cover_CB",
      "MaxPriceThreshold": 1000,
      "MinPriceThreshold": 1000,
      "SellPricePercent": 30,
      "MaxStockThreshold": 1,
      "MinStockThreshold": 1,
      "QuantityPercent": 0,
      "SpawnAttachments": [],
      "Variants": [
        "FOG_Airframe_Cover_MC",
        "FOG_Airframe_Cover_Black",
        "FOG_Airframe_Cover_MCB",
        "FOG_Airframe_Cover_RG",
        "FOG_Airframe_Cover_ALP",
        "FOG_Airframe_Cover_AOR1",
        "FOG_Airframe_Cover_AOR2"
      ]
    },
    {
      "ClassName": "FOG_GPNVG_Tan",
      "MaxPriceThreshold": 10000,
      "MinPriceThreshold": 10000,
      "SellPricePercent": 30,
      "MaxStockThreshold": 1,
      "MinStockThreshold": 1,
      "QuantityPercent": 0,
      "SpawnAttachments": [],
      "Variants": [
        "FOG_GPNVG_Black",
        "FOG_GPNVG_RG",
        "FOG_GPNVG_Elite",
        "FOG_PVS31",
        "FOG_PVS31_Wrapped",
        "FOG_PVS31_FDE",
        "FOG_PVS31_FDE_Wrapped",
        "FOG_PVS31A_Black",
        "FOG_UAPNVG_Black",
        "FOG_UAPNVG_Tan",
        "FOG_UAPNVG_RG"
      ]
    },
    {
      "ClassName": "FOG_Tarsier",
      "MaxPriceThreshold": 10000,
      "MinPriceThreshold": 10000,
      "SellPricePercent": 30,
      "MaxStockThreshold": 1,
      "MinStockThreshold": 1,
      "QuantityPercent": 0,
      "SpawnAttachments": [],
      "Variants": []
    },
    {
      "ClassName": "FOG_Vest_PhoneCase1_Tan",
      "MaxPriceThreshold": 10000,
      "MinPriceThreshold": 10000,
      "SellPricePercent": 30,
      "MaxStockThreshold": 1,
      "MinStockThreshold": 1,
      "QuantityPercent": 0,
      "SpawnAttachments": [],
      "Variants": [
        "FOG_Vest_PhoneCase1_Grey",
        "FOG_Vest_PhoneCase1_Black",
        "FOG_Vest_PhoneCase1_RG"
      ]
    },
    {
      "ClassName": "FOG_Big_Patch_US_Colored",
      "MaxPriceThreshold": 1000,
      "MinPriceThreshold": 1000,
      "SellPricePercent": 30,
      "MaxStockThreshold": 1,
      "MinStockThreshold": 1,
      "QuantityPercent": 0,
      "SpawnAttachments": [],
      "Variants": [
        "FOG_Big_Patch_US_MC_IR",
        "FOG_Big_Patch_UK_Colored",
        "FOG_Big_Patch_RedMan",
        "FOG_Big_Patch_FOG_cc",
        "FOG_Big_Patch_CrimeCo",
        "FOG_Big_Patch_FOG_BB",
        "FOG_Big_Patch_FOG_BB_EMB",
        "FOG_Big_Patch_JTAC",
        "FOG_Big_Patch_FBI",
        "FOG_Big_Patch_Medic",
        "FOG_Big_Patch_Shaka",
        "FOG_Big_Patch_SOG",
        "FOG_Big_Patch_TACP"
      ]
    },
    {
      "ClassName": "FOG_Small_Patch_US_IR",
      "MaxPriceThreshold": 1000,
      "MinPriceThreshold": 1000,
      "SellPricePercent": 30,
      "MaxStockThreshold": 1,
      "MinStockThreshold": 1,
      "QuantityPercent": 0,
      "SpawnAttachments": [],
      "Variants": [
        "FOG_Small_Patch_US_IR_Damaged",
        "FOG_Small_Patch_US_Subdued",
        "FOG_Small_Patch_UK_Subdued"
      ]
    },
    {
      "ClassName": "FOG_FlagRoll_US",
      "MaxPriceThreshold": 1000,
      "MinPriceThreshold": 1000,
      "SellPricePercent": 30,
      "MaxStockThreshold": 1,
      "MinStockThreshold": 1,
      "QuantityPercent": 0,
      "SpawnAttachments": [],
      "Variants": [
        "FOG_FlagRoll_US_Black",
        "FOG_FlagRoll_Pirate"
      ]
    }
  ]
}