{
  "m_Version": 12,
  "DisplayName": "Accessories - Black Market",
  "Icon": "Deliver",
  "Color": "FBFCFEFF",
  "IsExchange": 0,
  "InitStockPercent": 75,
  "Items": [
    {
      "ClassName": "Paragon_HP_Black",
      "MaxPriceThreshold": 1000,
      "MinPriceThreshold": 1000,
      "SellPricePercent": 30,
      "MaxStockThreshold": 1,
      "MinStockThreshold": 1,
      "QuantityPercent": 0,
      "SpawnAttachments": [],
      "Variants": [
        "Paragon_HP_Blue",
        "Paragon_HP_Desert",
        "Paragon_HP_Green"
      ]
    },
    {
      "ClassName": "Paragon_EarCovers_Black",
      "MaxPriceThreshold": 1000,
      "MinPriceThreshold": 1000,
      "SellPricePercent": 30,
      "MaxStockThreshold": 1,
      "MinStockThreshold": 1,
      "QuantityPercent": 0,
      "SpawnAttachments": [],
      "Variants": [
        "Paragon_EarCovers_Blue",
        "Paragon_EarCovers_Desert",
        "Paragon_EarCovers_Green"
      ]
    },
    {
      "ClassName": "Paragon_Visor_Black",
      "MaxPriceThreshold": 1000,
      "MinPriceThreshold": 1000,
      "SellPricePercent": 30,
      "MaxStockThreshold": 1,
      "MinStockThreshold": 1,
      "QuantityPercent": 0,
      "SpawnAttachments": [],
      "Variants": [
        "Paragon_Visor_Blue",
        "Paragon_Visor_Desert",
        "Paragon_Visor_Green"
      ]
    },
    {
      "ClassName": "Paragon_Mandible_Black",
      "MaxPriceThreshold": 1000,
      "MinPriceThreshold": 1000,
      "SellPricePercent": 30,
      "MaxStockThreshold": 1,
      "MinStockThreshold": 1,
      "QuantityPercent": 0,
      "SpawnAttachments": [],
      "Variants": [
        "Paragon_Mandible_Blue",
        "Paragon_Mandible_Desert",
        "Paragon_Mandible_Desert_Camo",
        "Paragon_Mandible_Green"
      ]
    },
    {
      "ClassName": "Paragon_NVG_Black_B",
      "MaxPriceThreshold": 1000,
      "MinPriceThreshold": 1000,
      "SellPricePercent": 30,
      "MaxStockThreshold": 1,
      "MinStockThreshold": 1,
      "QuantityPercent": 0,
      "SpawnAttachments": [],
      "Variants": [
        "Paragon_NVG_Black_P",
        "Paragon_NVG_Black_G",
        "Paragon_NVG_Green_B",
        "Paragon_NVG_Green_P",
        "Paragon_NVG_Green_G",
        "Paragon_NVG_Blue_B",
        "Paragon_NVG_Blue_P",
        "Paragon_NVG_Blue_G",
        "Paragon_NVG_Desert_B",
        "Paragon_NVG_Desert_P",
        "Paragon_NVG_Desert_G"
      ]
    },
    {
      "ClassName": "Paragon_Bottle_Black",
      "MaxPriceThreshold": 1000,
      "MinPriceThreshold": 1000,
      "SellPricePercent": 30,
      "MaxStockThreshold": 1,
      "MinStockThreshold": 1,
      "QuantityPercent": 0,
      "SpawnAttachments": [],
      "Variants": [
        "Paragon_Bottle_Blue",
        "Paragon_Bottle_Desert",
        "Paragon_Bottle_Green",
        "Paragon_NVG_Green_P"]
    },
    {
      "ClassName": "Paragon_TacticalGloves_Digital_Flora",
      "MaxPriceThreshold": 1000,
      "MinPriceThreshold": 1000,
      "SellPricePercent": 30,
      "MaxStockThreshold": 1,
      "MinStockThreshold": 1,
      "QuantityPercent": 0,
      "SpawnAttachments": [],
      "Variants": [
        "Paragon_TacticalGloves_Digital_Desert",
        "Paragon_TacticalGloves_Black",
        "Paragon_TacticalGloves_Black_WL",
        "Paragon_TacticalGloves_Blue",
        "Paragon_TacticalGloves_Desert",
        "Paragon_TacticalGloves_Green",
        "Paragon_TacticalGloves_Navy",
        "Paragon_TacticalGloves_Fatigue",
        "Paragon_TacticalGloves_WL",
        "Paragon_TacticalGloves_White"
      ]
    },
    {
      "ClassName": "Paragon_BGoggles_Pink",
      "MaxPriceThreshold": 1000,
      "MinPriceThreshold": 1000,
      "SellPricePercent": 30,
      "MaxStockThreshold": 1,
      "MinStockThreshold": 1,
      "QuantityPercent": 0,
      "SpawnAttachments": [],
      "Variants": [
        "Paragon_BGoggles_Black",
        "Paragon_BGoggles_Blue",
        "Paragon_BGoggles_Red",
        "Paragon_DGoggles_Pink",
        "Paragon_DGoggles_Black",
        "Paragon_DGoggles_Blue",
        "Paragon_DGoggles_Red",
        "Paragon_GGoggles_Pink",
        "Paragon_GGoggles_Black",
        "Paragon_GGoggles_Blue",
        "Paragon_GGoggles_Red"
      ]
    },
    {
      "ClassName": "Paragon_Patch_USA",
      "MaxPriceThreshold": 1000,
      "MinPriceThreshold": 1000,
      "SellPricePercent": 30,
      "MaxStockThreshold": 1,
      "MinStockThreshold": 1,
      "QuantityPercent": 0,
      "SpawnAttachments": [],
      "Variants": [
        "Paragon_Patch_Austria",
        "Paragon_Patch_France",
        "Paragon_Patch_Germany",
        "Paragon_Patch_Israel",
        "Paragon_Patch_Russian",
        "Paragon_Patch_Ukraine",
        "Paragon_Patch_Canada",
        "Paragon_Patch_Poland",
        "Paragon_Patch_Britain"
      ]
    },
    {
      "ClassName": "Paragon_KATT_Black",
      "MaxPriceThreshold": 1000,
      "MinPriceThreshold": 1000,
      "SellPricePercent": 30,
      "MaxStockThreshold": 1,
      "MinStockThreshold": 1,
      "QuantityPercent": 0,
      "SpawnAttachments": [],
      "Variants": [
        "Paragon_KATT_Desert",
        "Paragon_KATT_Green"
      ]
    },
    {
      "ClassName": "Paragon_Karambit_Black",
      "MaxPriceThreshold": 1000,
      "MinPriceThreshold": 1000,
      "SellPricePercent": 30,
      "MaxStockThreshold": 1,
      "MinStockThreshold": 1,
      "QuantityPercent": 0,
      "SpawnAttachments": [],
      "Variants": [
        "Paragon_Karambit_BRY",
        "Paragon_Karambit_BY",
        "Paragon_Karambit_Rainbow",
        "Paragon_Karambit_Purple",
        "Paragon_Karambit_White"
      ]
    }
  ]
}