{
  "m_Version": 12,
  "DisplayName": "Accessories",
  "Icon": "Deliver",
  "Color": "FBFCFEFF",
  "IsExchange": 0,
  "InitStockPercent": 75,
  "Items": [
    {
      "ClassName": "mm_uni_sling_green",
      "MaxPriceThreshold": 1000,
      "MinPriceThreshold": 1000,
      "SellPricePercent": 30,
      "MaxStockThreshold": 1,
      "MinStockThreshold": 1,
      "QuantityPercent": 0,
      "SpawnAttachments": [],
      "Variants": [
        "mm_uni_sling_black",
        "mm_uni_sling_tan",
        "mm_uni_sling_tropic"
      ]
    },
    {
      "ClassName": "armband_white",
      "MaxPriceThreshold": 30,
      "MinPriceThreshold": 15,
      "SellPricePercent": -1,
      "MaxStockThreshold": 250,
      "MinStockThreshold": 1,
      "QuantityPercent": -1,
      "SpawnAttachments": [],
      "Variants": [
        "armband_yellow",
        "armband_orange",
        "armband_red",
        "armband_green",
        "armband_pink",
        "armband_blue",
        "armband_black"
      ]
    },
    {
      "ClassName": "armband_apa",
      "MaxPriceThreshold": 30,
      "MinPriceThreshold": 15,
      "SellPricePercent": -1,
      "MaxStockThreshold": 250,
      "MinStockThreshold": 1,
      "QuantityPercent": -1,
      "SpawnAttachments": [],
      "Variants": [
        "armband_altis",
        "armband_babydeer",
        "armband_bear",
        "armband_bohemia",
        "armband_brainz",
        "armband_cdf",
        "armband_chel",
        "armband_cmc",
        "armband_cannibals",
        "armband_chedaki",
        "armband_chernarus",
        "armband_dayz",
        "armband_hunterz",
        "armband_livonia",
        "armband_livoniaarmy",
        "armband_livoniapolice",
        "armband_napa",
        "armband_nsahrani",
        "armband_pirates",
        "armband_rsta",
        "armband_refuge",
        "armband_rooster",
        "armband_ssahrani",
        "armband_snake",
        "armband_tec",
        "armband_uec",
        "armband_wolf",
        "armband_zenit"
      ]
    },
    {
      "ClassName": "armband_expansion_expansion",
      "MaxPriceThreshold": 30,
      "MinPriceThreshold": 15,
      "SellPricePercent": -1,
      "MaxStockThreshold": 250,
      "MinStockThreshold": 1,
      "QuantityPercent": -1,
      "SpawnAttachments": [],
      "Variants": [
        "armband_expansion_australia",
        "armband_expansion_canada",
        "armband_expansion_chernarus",
        "armband_expansion_france",
        "armband_expansion_germany",
        "armband_expansion_latvia",
        "armband_expansion_luxembourg",
        "armband_expansion_mexico",
        "armband_expansion_netherlands",
        "armband_expansion_newzealand",
        "armband_expansion_norway",
        "armband_expansion_poland",
        "armband_expansion_russia",
        "armband_expansion_uk",
        "armband_expansion_usa",
        "armband_expansion_scotland",
        "armband_expansion_sweden",
        "armband_expansion_spain",
        "armband_expansion_denmark",
        "armband_expansion_brazil",
        "armband_expansion_portugal",
        "armband_expansion_belgium",
        "armband_expansion_livonia",
        "armband_expansion_japan",
        "armband_expansion_china",
        "armband_expansion_southkorea",
        "armband_expansion_un",
        "armband_expansion_nato",
        "armband_expansion_pirate",
        "armband_expansion_chedaki",
        "armband_expansion_napa",
        "armband_expansion_cdf",
        "armband_expansion_nuevorico",
        "armband_expansion_borduria",
        "armband_expansion_biohazard",
        "armband_expansion_anyoneincherno",
        "armband_expansion_ireland",
        "armband_expansion_italy",
        "armband_expansion_wales",
        "armband_expansion_switzerland",
        "armband_expansion_srilanka",
        "armband_expansion_southafrica",
        "armband_expansion_sicily",
        "armband_expansion_offwithhead",
        "armband_expansion_gibraltar",
        "armband_expansion_czechia",
        "armband_expansion_fari",
        "armband_expansion_finland",
        "armband_expansion_argentina",
        "armband_expansion_turkey",
        "armband_expansion_ukraine",
        "armband_expansion_dayzwhite",
        "armband_expansion_dayzblack",
        "armband_expansion_doubleaxe",
        "armband_expansion_grenade"
      ]
    },
    {
      "ClassName": "armband_expansion_white",
      "MaxPriceThreshold": 30,
      "MinPriceThreshold": 15,
      "SellPricePercent": -1,
      "MaxStockThreshold": 250,
      "MinStockThreshold": 1,
      "QuantityPercent": -1,
      "SpawnAttachments": [],
      "Variants": [
        "armband_expansion_red",
        "armband_expansion_blue",
        "armband_expansion_green",
        "armband_expansion_yellow",
        "armband_expansion_orange",
        "armband_expansion_pink",
        "armband_expansion_purple",
        "armband_expansion_rainbow"
      ]
    },
    {
      "ClassName": "civilianbelt",
      "MaxPriceThreshold": 340,
      "MinPriceThreshold": 205,
      "SellPricePercent": -1,
      "MaxStockThreshold": 100,
      "MinStockThreshold": 1,
      "QuantityPercent": -1,
      "SpawnAttachments": [],
      "Variants": []
    },
    {
      "ClassName": "militarybelt",
      "MaxPriceThreshold": 1650,
      "MinPriceThreshold": 990,
      "SellPricePercent": -1,
      "MaxStockThreshold": 100,
      "MinStockThreshold": 1,
      "QuantityPercent": -1,
      "SpawnAttachments": [],
      "Variants": []
    },
    {
      "ClassName": "hippack_black",
      "MaxPriceThreshold": 500,
      "MinPriceThreshold": 300,
      "SellPricePercent": -1,
      "MaxStockThreshold": 100,
      "MinStockThreshold": 1,
      "QuantityPercent": -1,
      "SpawnAttachments": [],
      "Variants": [
        "hippack_green",
        "hippack_medical",
        "hippack_party"
      ]
    },
    {
      "ClassName": "Golden_Winged_Pin",
      "MaxPriceThreshold": 1280,
      "MinPriceThreshold": 765,
      "SellPricePercent": -1,
      "MaxStockThreshold": 100,
      "MinStockThreshold": 1,
      "QuantityPercent": -1,
      "SpawnAttachments": [],
      "Variants": [
        "Button_Pin_Radioactive",
        "Button_Pin_Daisy",
        "Sheriff_Badge"
      ]
    },
    {
      "ClassName": "rag_viking_belt",
      "MaxPriceThreshold": 10000,
      "MinPriceThreshold": 7000,
      "SellPricePercent": -1,
      "MaxStockThreshold": 100,
      "MinStockThreshold": 1,
      "QuantityPercent": -1,
      "SpawnAttachments": [],
      "Variants": []
    },
    {
      "ClassName": "surgicalgloves_blue",
      "MaxPriceThreshold": 1065,
      "MinPriceThreshold": 640,
      "SellPricePercent": -1,
      "MaxStockThreshold": 100,
      "MinStockThreshold": 1,
      "QuantityPercent": -1,
      "SpawnAttachments": [],
      "Variants": [
        "surgicalgloves_lightblue",
        "surgicalgloves_green",
        "surgicalgloves_white"
      ]
    },
    {
      "ClassName": "workinggloves_yellow",
      "MaxPriceThreshold": 615,
      "MinPriceThreshold": 370,
      "SellPricePercent": -1,
      "MaxStockThreshold": 100,
      "MinStockThreshold": 1,
      "QuantityPercent": -1,
      "SpawnAttachments": [],
      "Variants": [
        "workinggloves_black",
        "workinggloves_beige",
        "workinggloves_brown"
      ]
    },
    {
      "ClassName": "workinggloves_black",
      "MaxPriceThreshold": 625,
      "MinPriceThreshold": 375,
      "SellPricePercent": -1,
      "MaxStockThreshold": 100,
      "MinStockThreshold": 1,
      "QuantityPercent": -1,
      "SpawnAttachments": [],
      "Variants": []
    },
    {
      "ClassName": "workinggloves_beige",
      "MaxPriceThreshold": 615,
      "MinPriceThreshold": 370,
      "SellPricePercent": -1,
      "MaxStockThreshold": 100,
      "MinStockThreshold": 1,
      "QuantityPercent": -1,
      "SpawnAttachments": [],
      "Variants": []
    },
    {
      "ClassName": "workinggloves_brown",
      "MaxPriceThreshold": 615,
      "MinPriceThreshold": 370,
      "SellPricePercent": -1,
      "MaxStockThreshold": 100,
      "MinStockThreshold": 1,
      "QuantityPercent": -1,
      "SpawnAttachments": [],
      "Variants": []
    },
    {
      "ClassName": "tacticalgloves_black",
      "MaxPriceThreshold": 1755,
      "MinPriceThreshold": 1055,
      "SellPricePercent": -1,
      "MaxStockThreshold": 100,
      "MinStockThreshold": 1,
      "QuantityPercent": -1,
      "SpawnAttachments": [],
      "Variants": [
        "tacticalgloves_beige",
        "tacticalgloves_green",
        "expansiontacticalglovesdesert"
      ]
    },
    {
      "ClassName": "tacticalgloves_beige",
      "MaxPriceThreshold": 1755,
      "MinPriceThreshold": 1055,
      "SellPricePercent": -1,
      "MaxStockThreshold": 100,
      "MinStockThreshold": 1,
      "QuantityPercent": -1,
      "SpawnAttachments": [],
      "Variants": []
    },
    {
      "ClassName": "tacticalgloves_green",
      "MaxPriceThreshold": 1755,
      "MinPriceThreshold": 1055,
      "SellPricePercent": -1,
      "MaxStockThreshold": 100,
      "MinStockThreshold": 1,
      "QuantityPercent": -1,
      "SpawnAttachments": [],
      "Variants": []
    },
    {
      "ClassName": "omnogloves_gray",
      "MaxPriceThreshold": 7385,
      "MinPriceThreshold": 4430,
      "SellPricePercent": -1,
      "MaxStockThreshold": 100,
      "MinStockThreshold": 1,
      "QuantityPercent": -1,
      "SpawnAttachments": [],
      "Variants": [
        "omnogloves_brown"
      ]
    },
    {
      "ClassName": "nbcglovesgray",
      "MaxPriceThreshold": 13165,
      "MinPriceThreshold": 7900,
      "SellPricePercent": -1,
      "MaxStockThreshold": 100,
      "MinStockThreshold": 1,
      "QuantityPercent": -1,
      "SpawnAttachments": [],
      "Variants": [
        "nbcglovesyellow"
      ]
    },
    {
      "ClassName": "woolgloves_green",
      "MaxPriceThreshold": 6505,
      "MinPriceThreshold": 3905,
      "SellPricePercent": -1,
      "MaxStockThreshold": 100,
      "MinStockThreshold": 1,
      "QuantityPercent": -1,
      "SpawnAttachments": [],
      "Variants": [
        "woolgloves_black",
        "woolgloves_tan",
        "woolgloves_white",
        "woolgloves_christmasblue",
        "woolgloves_christmasred"
      ]
    },
    {
      "ClassName": "woolglovesfingerless_green",
      "MaxPriceThreshold": 6620,
      "MinPriceThreshold": 3970,
      "SellPricePercent": -1,
      "MaxStockThreshold": 100,
      "MinStockThreshold": 1,
      "QuantityPercent": -1,
      "SpawnAttachments": [],
      "Variants": [
        "woolglovesfingerless_black",
        "woolglovesfingerless_tan",
        "woolglovesfingerless_white",
        "woolglovesfingerless_christmasblue",
        "woolglovesfingerless_christmasred"
      ]
    },
    {
      "ClassName": "skigloves_90s",
      "MaxPriceThreshold": 240,
      "MinPriceThreshold": 145,
      "SellPricePercent": -1,
      "MaxStockThreshold": 100,
      "MinStockThreshold": 1,
      "QuantityPercent": -1,
      "SpawnAttachments": [],
      "Variants": [
        "skigloves_blue",
        "skigloves_red"
      ]
    },
    {
      "ClassName": "skigloves_blue",
      "MaxPriceThreshold": 240,
      "MinPriceThreshold": 145,
      "SellPricePercent": -1,
      "MaxStockThreshold": 100,
      "MinStockThreshold": 1,
      "QuantityPercent": -1,
      "SpawnAttachments": [],
      "Variants": []
    },
    {
      "ClassName": "skigloves_red",
      "MaxPriceThreshold": 240,
      "MinPriceThreshold": 145,
      "SellPricePercent": -1,
      "MaxStockThreshold": 100,
      "MinStockThreshold": 1,
      "QuantityPercent": -1,
      "SpawnAttachments": [],
      "Variants": []
    },
    {
      "ClassName": "paddedgloves_beige",
      "MaxPriceThreshold": 295,
      "MinPriceThreshold": 175,
      "SellPricePercent": -1,
      "MaxStockThreshold": 100,
      "MinStockThreshold": 1,
      "QuantityPercent": -1,
      "SpawnAttachments": [],
      "Variants": [
        "paddedgloves_brown",
        "paddedgloves_threat"
      ]
    },
    {
      "ClassName": "paddedgloves_brown",
      "MaxPriceThreshold": 470,
      "MinPriceThreshold": 280,
      "SellPricePercent": -1,
      "MaxStockThreshold": 100,
      "MinStockThreshold": 1,
      "QuantityPercent": -1,
      "SpawnAttachments": [],
      "Variants": []
    },
    {
      "ClassName": "paddedgloves_threat",
      "MaxPriceThreshold": 1080,
      "MinPriceThreshold": 650,
      "SellPricePercent": -1,
      "MaxStockThreshold": 100,
      "MinStockThreshold": 1,
      "QuantityPercent": -1,
      "SpawnAttachments": [],
      "Variants": []
    },
    {
      "ClassName": "Fingerless_Gloves",
      "MaxPriceThreshold": 1280,
      "MinPriceThreshold": 765,
      "SellPricePercent": -1,
      "MaxStockThreshold": 100,
      "MinStockThreshold": 1,
      "QuantityPercent": -1,
      "SpawnAttachments": [],
      "Variants": [
        "Fingerless_Gloves_Brown",
        "Fingerless_Gloves_Wool",
        "Fingerless_Gloves_Wool_Grey",
        "Fingerless_Gloves_Wool_Black"
      ]
    },
    {
      "ClassName": "DS_TacticalGloves_Bountyhunter",
      "MaxPriceThreshold": 1280,
      "MinPriceThreshold": 765,
      "SellPricePercent": -1,
      "MaxStockThreshold": 100,
      "MinStockThreshold": 1,
      "QuantityPercent": -1,
      "SpawnAttachments": [],
      "Variants": [
        "DS_TacticalGloves_Noir"
      ]
    },
    {
      "ClassName": "mm_fingerless_gloves_green",
      "MaxPriceThreshold": 500,
      "MinPriceThreshold": 500,
      "SellPricePercent": 30,
      "MaxStockThreshold": 1,
      "MinStockThreshold": 1,
      "QuantityPercent": 0,
      "SpawnAttachments": [],
      "Variants": [
        "mm_fingerless_gloves_black",
        "mm_fingerless_gloves_grey"
      ]
    }
  ]
}