{
  "m_Version": 12,
  "DisplayName": "Ammo",
  "Icon": "Deliver",
  "Color": "FBFCFEFF",
  "IsExchange": 0,
  "InitStockPercent": 75,
  "Items": [
    {
      "ClassName": "ammo_12gapellets",
      "MaxPriceThreshold": 50,
      "MinPriceThreshold": 30,
      "SellPricePercent": -1,
      "MaxStockThreshold": 1,
      "MinStockThreshold": 1,
      "QuantityPercent": -1,
      "SpawnAttachments": [],
      "Variants": []
    },
    {
      "ClassName": "ammo_12garubberslug",
      "MaxPriceThreshold": 80,
      "MinPriceThreshold": 45,
      "SellPricePercent": -1,
      "MaxStockThreshold": 1,
      "MinStockThreshold": 1,
      "QuantityPercent": -1,
      "SpawnAttachments": [],
      "Variants": []
    },
    {
      "ClassName": "ammo_12gaslug",
      "MaxPriceThreshold": 45,
      "MinPriceThreshold": 25,
      "SellPricePercent": -1,
      "MaxStockThreshold": 1,
      "MinStockThreshold": 1,
      "QuantityPercent": -1,
      "SpawnAttachments": [],
      "Variants": []
    },
    {
      "ClassName": "ammo_22",
      "MaxPriceThreshold": 50,
      "MinPriceThreshold": 30,
      "SellPricePercent": -1,
      "MaxStockThreshold": 1,
      "MinStockThreshold": 1,
      "QuantityPercent": -1,
      "SpawnAttachments": [],
      "Variants": []
    },
    {
      "ClassName": "ammo_308win",
      "MaxPriceThreshold": 65,
      "MinPriceThreshold": 40,
      "SellPricePercent": -1,
      "MaxStockThreshold": 1,
      "MinStockThreshold": 1,
      "QuantityPercent": -1,
      "SpawnAttachments": [],
      "Variants": [
        "ammo_308wintracer"
      ]
    },
    {
      "ClassName": "ammo_308wintracer",
      "MaxPriceThreshold": 65,
      "MinPriceThreshold": 40,
      "SellPricePercent": -1,
      "MaxStockThreshold": 1,
      "MinStockThreshold": 1,
      "QuantityPercent": -1,
      "SpawnAttachments": [],
      "Variants": []
    },
    {
      "ClassName": "ammo_357",
      "MaxPriceThreshold": 25,
      "MinPriceThreshold": 15,
      "SellPricePercent": -1,
      "MaxStockThreshold": 1,
      "MinStockThreshold": 1,
      "QuantityPercent": -1,
      "SpawnAttachments": [],
      "Variants": []
    },
    {
      "ClassName": "ammo_380",
      "MaxPriceThreshold": 55,
      "MinPriceThreshold": 35,
      "SellPricePercent": -1,
      "MaxStockThreshold": 1,
      "MinStockThreshold": 1,
      "QuantityPercent": -1,
      "SpawnAttachments": [],
      "Variants": []
    },
    {
      "ClassName": "ammo_45acp",
      "MaxPriceThreshold": 120,
      "MinPriceThreshold": 75,
      "SellPricePercent": -1,
      "MaxStockThreshold": 1,
      "MinStockThreshold": 1,
      "QuantityPercent": -1,
      "SpawnAttachments": [],
      "Variants": []
    },
    {
      "ClassName": "ammo_545x39",
      "MaxPriceThreshold": 140,
      "MinPriceThreshold": 85,
      "SellPricePercent": -1,
      "MaxStockThreshold": 1,
      "MinStockThreshold": 1,
      "QuantityPercent": -1,
      "SpawnAttachments": [],
      "Variants": [
        "ammo_545x39tracer"
      ]
    },
    {
      "ClassName": "ammo_545x39tracer",
      "MaxPriceThreshold": 140,
      "MinPriceThreshold": 85,
      "SellPricePercent": -1,
      "MaxStockThreshold": 1,
      "MinStockThreshold": 1,
      "QuantityPercent": -1,
      "SpawnAttachments": [],
      "Variants": []
    },
    {
      "ClassName": "ammo_556x45",
      "MaxPriceThreshold": 140,
      "MinPriceThreshold": 85,
      "SellPricePercent": -1,
      "MaxStockThreshold": 1,
      "MinStockThreshold": 1,
      "QuantityPercent": -1,
      "SpawnAttachments": [],
      "Variants": [
        "ammo_556x45tracer"
      ]
    },
    {
      "ClassName": "ammo_556x45tracer",
      "MaxPriceThreshold": 140,
      "MinPriceThreshold": 85,
      "SellPricePercent": -1,
      "MaxStockThreshold": 1,
      "MinStockThreshold": 1,
      "QuantityPercent": -1,
      "SpawnAttachments": [],
      "Variants": []
    },
    {
      "ClassName": "ammo_762x39",
      "MaxPriceThreshold": 140,
      "MinPriceThreshold": 85,
      "SellPricePercent": -1,
      "MaxStockThreshold": 1,
      "MinStockThreshold": 1,
      "QuantityPercent": -1,
      "SpawnAttachments": [],
      "Variants": [
        "ammo_762x39tracer"
      ]
    },
    {
      "ClassName": "ammo_762x39tracer",
      "MaxPriceThreshold": 140,
      "MinPriceThreshold": 85,
      "SellPricePercent": -1,
      "MaxStockThreshold": 1,
      "MinStockThreshold": 1,
      "QuantityPercent": -1,
      "SpawnAttachments": [],
      "Variants": []
    },
    {
      "ClassName": "ammo_762x54",
      "MaxPriceThreshold": 160,
      "MinPriceThreshold": 100,
      "SellPricePercent": -1,
      "MaxStockThreshold": 1,
      "MinStockThreshold": 1,
      "QuantityPercent": -1,
      "SpawnAttachments": [],
      "Variants": [
        "ammo_762x54tracer"
      ]
    },
    {
      "ClassName": "ammo_762x54tracer",
      "MaxPriceThreshold": 160,
      "MinPriceThreshold": 100,
      "SellPricePercent": -1,
      "MaxStockThreshold": 1,
      "MinStockThreshold": 1,
      "QuantityPercent": -1,
      "SpawnAttachments": [],
      "Variants": []
    },
    {
      "ClassName": "ammo_9x19",
      "MaxPriceThreshold": 25,
      "MinPriceThreshold": 15,
      "SellPricePercent": -1,
      "MaxStockThreshold": 1,
      "MinStockThreshold": 1,
      "QuantityPercent": -1,
      "SpawnAttachments": [],
      "Variants": []
    },
    {
      "ClassName": "ammo_9x39",
      "MaxPriceThreshold": 190,
      "MinPriceThreshold": 115,
      "SellPricePercent": -1,
      "MaxStockThreshold": 1,
      "MinStockThreshold": 1,
      "QuantityPercent": -1,
      "SpawnAttachments": [],
      "Variants": [
        "ammo_9x39ap"
      ]
    },
    {
      "ClassName": "ammo_9x39ap",
      "MaxPriceThreshold": 655,
      "MinPriceThreshold": 390,
      "SellPricePercent": -1,
      "MaxStockThreshold": 1,
      "MinStockThreshold": 1,
      "QuantityPercent": -1,
      "SpawnAttachments": [],
      "Variants": []
    },
    {
      "ClassName": "ammo_flare",
      "MaxPriceThreshold": 100,
      "MinPriceThreshold": 60,
      "SellPricePercent": -1,
      "MaxStockThreshold": 1,
      "MinStockThreshold": 1,
      "QuantityPercent": -1,
      "SpawnAttachments": [],
      "Variants": [
        "ammo_flareblue",
        "ammo_flaregreen",
        "ammo_flarered"
      ]
    },
    {
      "ClassName": "ammo_40mm_explosive",
      "MaxPriceThreshold": 7480,
      "MinPriceThreshold": 4490,
      "SellPricePercent": -1,
      "MaxStockThreshold": 1,
      "MinStockThreshold": 1,
      "QuantityPercent": -1,
      "SpawnAttachments": [],
      "Variants": [
        "ammo_40mm_chemgas",
        "ammo_40mm_smoke_black",
        "ammo_40mm_smoke_green",
        "ammo_40mm_smoke_white",
        "ammo_40mm_smoke_red"
      ]
    },
    {
      "ClassName": "ammo_huntingbolt",
      "MaxPriceThreshold": 355,
      "MinPriceThreshold": 215,
      "SellPricePercent": -1,
      "MaxStockThreshold": 1,
      "MinStockThreshold": 1,
      "QuantityPercent": -1,
      "SpawnAttachments": [],
      "Variants": []
    },
    {
      "ClassName": "expansionammolaw",
      "MaxPriceThreshold": 800,
      "MinPriceThreshold": 400,
      "SellPricePercent": -1,
      "MaxStockThreshold": 1,
      "MinStockThreshold": 1,
      "QuantityPercent": -1,
      "SpawnAttachments": [],
      "Variants": []
    },
    {
      "ClassName": "expansionammorpg",
      "MaxPriceThreshold": 800,
      "MinPriceThreshold": 400,
      "SellPricePercent": -1,
      "MaxStockThreshold": 1,
      "MinStockThreshold": 1,
      "QuantityPercent": -1,
      "SpawnAttachments": [],
      "Variants": []
    },
    {
      "ClassName": "ammo_expansion_m203_smoke_teargas",
      "MaxPriceThreshold": 900,
      "MinPriceThreshold": 450,
      "SellPricePercent": -1,
      "MaxStockThreshold": 1,
      "MinStockThreshold": 1,
      "QuantityPercent": -1,
      "SpawnAttachments": [],
      "Variants": []
    },
    {
      "ClassName": "ammo_expansion_m203_sticky_smoke_white",
      "MaxPriceThreshold": 600,
      "MinPriceThreshold": 300,
      "SellPricePercent": -1,
      "MaxStockThreshold": 1,
      "MinStockThreshold": 1,
      "QuantityPercent": -1,
      "SpawnAttachments": [],
      "Variants": [
        "ammo_expansion_m203_sticky_smoke_red",
        "ammo_expansion_m203_sticky_smoke_green",
        "ammo_expansion_m203_sticky_smoke_yellow",
        "ammo_expansion_m203_sticky_smoke_purple"
      ]
    },
    {
      "ClassName": "ammo_expansion_m203_sticky_smoke_teargas",
      "MaxPriceThreshold": 900,
      "MinPriceThreshold": 450,
      "SellPricePercent": -1,
      "MaxStockThreshold": 1,
      "MinStockThreshold": 1,
      "QuantityPercent": -1,
      "SpawnAttachments": [],
      "Variants": []
    },
    {
      "ClassName": "ammo_expansion_46x30",
      "MaxPriceThreshold": 120,
      "MinPriceThreshold": 80,
      "SellPricePercent": -1,
      "MaxStockThreshold": 1,
      "MinStockThreshold": 1,
      "QuantityPercent": -1,
      "SpawnAttachments": [],
      "Variants": []
    },
    {
      "ClassName": "ammo_expansion_338",
      "MaxPriceThreshold": 150,
      "MinPriceThreshold": 120,
      "SellPricePercent": -1,
      "MaxStockThreshold": 1,
      "MinStockThreshold": 1,
      "QuantityPercent": -1,
      "SpawnAttachments": [],
      "Variants": []
    },
    {
      "ClassName": "expansion_ammo_8mm",
      "MaxPriceThreshold": 160,
      "MinPriceThreshold": 120,
      "SellPricePercent": -1,
      "MaxStockThreshold": 1,
      "MinStockThreshold": 1,
      "QuantityPercent": -1,
      "SpawnAttachments": [],
      "Variants": []
    },
    {
      "ClassName": "expansion_ammo_taser",
      "MaxPriceThreshold": 1000,
      "MinPriceThreshold": 800,
      "SellPricePercent": -1,
      "MaxStockThreshold": 1,
      "MinStockThreshold": 1,
      "QuantityPercent": -1,
      "SpawnAttachments": [],
      "Variants": []
    },
    {
      "ClassName": "GCGN_Ammo_3006",
      "MaxPriceThreshold": 120,
      "MinPriceThreshold": 80,
      "SellPricePercent": -1,
      "MaxStockThreshold": 1,
      "MinStockThreshold": 1,
      "QuantityPercent": -1,
      "SpawnAttachments": [],
      "Variants": []
    },
    {
      "ClassName": "SNAFU_Ammo_300ACC",
      "MaxPriceThreshold": 120,
      "MinPriceThreshold": 80,
      "SellPricePercent": -1,
      "MaxStockThreshold": 1,
      "MinStockThreshold": 1,
      "QuantityPercent": -1,
      "SpawnAttachments": [],
      "Variants": []
    },
    {
      "ClassName": "Paragon_Ammo_300BLK",
      "MaxPriceThreshold": 120,
      "MinPriceThreshold": 80,
      "SellPricePercent": -1,
      "MaxStockThreshold": 1,
      "MinStockThreshold": 1,
      "QuantityPercent": -1,
      "SpawnAttachments": [],
      "Variants": []
    },
    {
      "ClassName": "GCGN_Ammo_762x51",
      "MaxPriceThreshold": 120,
      "MinPriceThreshold": 80,
      "SellPricePercent": -1,
      "MaxStockThreshold": 1,
      "MinStockThreshold": 1,
      "QuantityPercent": -1,
      "SpawnAttachments": [],
      "Variants": []
    },
    {
      "ClassName": "SNAFU_Ammo_46x30",
      "MaxPriceThreshold": 120,
      "MinPriceThreshold": 80,
      "SellPricePercent": -1,
      "MaxStockThreshold": 1,
      "MinStockThreshold": 1,
      "QuantityPercent": -1,
      "SpawnAttachments": [],
      "Variants": []
    },
    {
      "ClassName": "SNAFU_Ammo_5_7x28mm",
      "MaxPriceThreshold": 120,
      "MinPriceThreshold": 80,
      "SellPricePercent": -1,
      "MaxStockThreshold": 1,
      "MinStockThreshold": 1,
      "QuantityPercent": -1,
      "SpawnAttachments": [],
      "Variants": []
    },
    {
      "ClassName": "SNAFU_Ammo_45_70mm",
      "MaxPriceThreshold": 120,
      "MinPriceThreshold": 100,
      "SellPricePercent": -1,
      "MaxStockThreshold": 1,
      "MinStockThreshold": 1,
      "QuantityPercent": -1,
      "SpawnAttachments": [],
      "Variants": []
    },
    {
      "ClassName": "SNAFU_Ammo_500_SW",
      "MaxPriceThreshold": 120,
      "MinPriceThreshold": 100,
      "SellPricePercent": -1,
      "MaxStockThreshold": 1,
      "MinStockThreshold": 1,
      "QuantityPercent": -1,
      "SpawnAttachments": [],
      "Variants": []
    },
    {
      "ClassName": "SNAFU_MD_Ammo_556x45mm_M855A1",
      "MaxPriceThreshold": 120,
      "MinPriceThreshold": 100,
      "SellPricePercent": -1,
      "MaxStockThreshold": 1,
      "MinStockThreshold": 1,
      "QuantityPercent": -1,
      "SpawnAttachments": [],
      "Variants": []
    },
    {
      "ClassName": "SNAFU_Ammo_762x25",
      "MaxPriceThreshold": 120,
      "MinPriceThreshold": 100,
      "SellPricePercent": -1,
      "MaxStockThreshold": 1,
      "MinStockThreshold": 1,
      "QuantityPercent": -1,
      "SpawnAttachments": [],
      "Variants": []
    },
    {
      "ClassName": "SNAFU_Ammo_44",
      "MaxPriceThreshold": 120,
      "MinPriceThreshold": 100,
      "SellPricePercent": -1,
      "MaxStockThreshold": 1,
      "MinStockThreshold": 1,
      "QuantityPercent": -1,
      "SpawnAttachments": [],
      "Variants": []
    },
    {
      "ClassName": "SNAFU_Ammo_338",
      "MaxPriceThreshold": 150,
      "MinPriceThreshold": 120,
      "SellPricePercent": -1,
      "MaxStockThreshold": 1,
      "MinStockThreshold": 1,
      "QuantityPercent": -1,
      "SpawnAttachments": [],
      "Variants": []
    }
  ]
}