{
  "m_Version": 12,
  "DisplayName": "Appliances",
  "Icon": "Deliver",
  "Color": "FBFCFEFF",
  "IsExchange": 0,
  "InitStockPercent": 75,
  "Items": [
    {
      "ClassName": "barrelholes_blue",
      "MaxPriceThreshold": 7500,
      "MinPriceThreshold": 4500,
      "SellPricePercent": -1,
      "MaxStockThreshold": 1,
      "MinStockThreshold": 1,
      "QuantityPercent": -1,
      "SpawnAttachments": [],
      "Variants": [
        "barrelholes_green",
        "barrelholes_red",
        "barrelholes_yellow"
      ]
    },
    {
      "ClassName": "personalradio",
      "MaxPriceThreshold": 1180,
      "MinPriceThreshold": 710,
      "SellPricePercent": -1,
      "MaxStockThreshold": 1,
      "MinStockThreshold": 1,
      "QuantityPercent": -1,
      "SpawnAttachments": [
        "battery9v"
      ],
      "Variants": []
    },
    {
      "ClassName": "megaphone",
      "MaxPriceThreshold": 5050,
      "MinPriceThreshold": 3030,
      "SellPricePercent": -1,
      "MaxStockThreshold": 1,
      "MinStockThreshold": 1,
      "QuantityPercent": -1,
      "SpawnAttachments": [
        "battery9v"
      ],
      "Variants": []
    },
    {
      "ClassName": "baseradio",
      "MaxPriceThreshold": 4000,
      "MinPriceThreshold": 3000,
      "SellPricePercent": -1,
      "MaxStockThreshold": 1,
      "MinStockThreshold": 1,
      "QuantityPercent": -1,
      "SpawnAttachments": [
        "carbattery"
      ],
      "Variants": []
    },
    {
      "ClassName": "alarmclock_blue",
      "MaxPriceThreshold": 615,
      "MinPriceThreshold": 370,
      "SellPricePercent": -1,
      "MaxStockThreshold": 1,
      "MinStockThreshold": 1,
      "QuantityPercent": -1,
      "SpawnAttachments": [],
      "Variants": [
        "alarmclock_green",
        "alarmclock_red"
      ]
    },
    {
      "ClassName": "kitchentimer",
      "MaxPriceThreshold": 475,
      "MinPriceThreshold": 285,
      "SellPricePercent": -1,
      "MaxStockThreshold": 1,
      "MinStockThreshold": 1,
      "QuantityPercent": -1,
      "SpawnAttachments": [],
      "Variants": []
    },
    {
      "ClassName": "expansionstove",
      "MaxPriceThreshold": 3000,
      "MinPriceThreshold": 1500,
      "SellPricePercent": -1,
      "MaxStockThreshold": 1,
      "MinStockThreshold": 1,
      "QuantityPercent": -1,
      "SpawnAttachments": [],
      "Variants": []
    },
    {
      "ClassName": "mmg_fridge_kit_beige",
      "MaxPriceThreshold": 10000,
      "MinPriceThreshold": 7000,
      "SellPricePercent": -1,
      "MaxStockThreshold": 1,
      "MinStockThreshold": 1,
      "QuantityPercent": -1,
      "SpawnAttachments": [],
      "Variants": [
        "mmg_fridge_kit_blue"
      ]
    },
    {
      "ClassName": "rag_baseitems_medieval_fireplace_kit",
      "MaxPriceThreshold": 15000,
      "MinPriceThreshold": 10000,
      "SellPricePercent": -1,
      "MaxStockThreshold": 1,
      "MinStockThreshold": 1,
      "QuantityPercent": -1,
      "SpawnAttachments": [],
      "Variants": []
    },
    {
      "ClassName": "rag_baseitems_furnace_kit",
      "MaxPriceThreshold": 10000,
      "MinPriceThreshold": 7000,
      "SellPricePercent": -1,
      "MaxStockThreshold": 1,
      "MinStockThreshold": 1,
      "QuantityPercent": -1,
      "SpawnAttachments": [],
      "Variants": []
    },
    {
      "ClassName": "rag_baseitems_fridge_twodoor_old_kit",
      "MaxPriceThreshold": 10000,
      "MinPriceThreshold": 7000,
      "SellPricePercent": -1,
      "MaxStockThreshold": 1,
      "MinStockThreshold": 1,
      "QuantityPercent": -1,
      "SpawnAttachments": [],
      "Variants": []
    },
    {
      "ClassName": "rag_baseitems_jd_fridge_kit",
      "MaxPriceThreshold": 12000,
      "MinPriceThreshold": 8000,
      "SellPricePercent": -1,
      "MaxStockThreshold": 1,
      "MinStockThreshold": 1,
      "QuantityPercent": -1,
      "SpawnAttachments": [],
      "Variants": [
        "rag_baseitems_retro_fridge_kit"
      ]
    },
    {
      "ClassName": "rag_baseitems_grammophone_kit",
      "MaxPriceThreshold": 10000,
      "MinPriceThreshold": 7000,
      "SellPricePercent": -1,
      "MaxStockThreshold": 1,
      "MinStockThreshold": 1,
      "QuantityPercent": -1,
      "SpawnAttachments": [],
      "Variants": []
    },
    {
      "ClassName": "rag_baseitems_grammophone_disk",
      "MaxPriceThreshold": 7000,
      "MinPriceThreshold": 6000,
      "SellPricePercent": -1,
      "MaxStockThreshold": 1,
      "MinStockThreshold": 1,
      "QuantityPercent": -1,
      "SpawnAttachments": [],
      "Variants": [
        "rag_baseitems_grammophone_2_disk",
        "rag_baseitems_grammophone_3_disk"
      ]
    },
    {
      "ClassName": "rag_baseitems_brazier_kit",
      "MaxPriceThreshold": 10000,
      "MinPriceThreshold": 7000,
      "SellPricePercent": -1,
      "MaxStockThreshold": 1,
      "MinStockThreshold": 1,
      "QuantityPercent": -1,
      "SpawnAttachments": [],
      "Variants": [
        "rag_baseitems_brazier_small_kit"
      ]
    },
    {
      "ClassName": "rag_baseitems_wall_clock_kit",
      "MaxPriceThreshold": 2000,
      "MinPriceThreshold": 1800,
      "SellPricePercent": -1,
      "MaxStockThreshold": 1,
      "MinStockThreshold": 1,
      "QuantityPercent": -1,
      "SpawnAttachments": [],
      "Variants": []
    },
    {
      "ClassName": "rag_baseitems_brazier_small_kit",
      "MaxPriceThreshold": 10000,
      "MinPriceThreshold": 7000,
      "SellPricePercent": -1,
      "MaxStockThreshold": 1,
      "MinStockThreshold": 1,
      "QuantityPercent": -1,
      "SpawnAttachments": [],
      "Variants": []
    },
    {
      "ClassName": "rag_baseitems_tv_vintage_kit",
      "MaxPriceThreshold": 5000,
      "MinPriceThreshold": 4000,
      "SellPricePercent": -1,
      "MaxStockThreshold": 1,
      "MinStockThreshold": 1,
      "QuantityPercent": -1,
      "SpawnAttachments": [],
      "Variants": []
    },
    {
      "ClassName": "rag_baseitems_repair_station_kit",
      "MaxPriceThreshold": 10000,
      "MinPriceThreshold": 7000,
      "SellPricePercent": -1,
      "MaxStockThreshold": 1,
      "MinStockThreshold": 1,
      "QuantityPercent": -1,
      "SpawnAttachments": [],
      "Variants": []
    },
    {
      "ClassName": "rag_baseitems_sewing_machine_kit",
      "MaxPriceThreshold": 10000,
      "MinPriceThreshold": 7000,
      "SellPricePercent": -1,
      "MaxStockThreshold": 1,
      "MinStockThreshold": 1,
      "QuantityPercent": -1,
      "SpawnAttachments": [],
      "Variants": []
    },
    {
      "ClassName": "rag_baseitems_weapon_cleaner_kit",
      "MaxPriceThreshold": 10000,
      "MinPriceThreshold": 7000,
      "SellPricePercent": -1,
      "MaxStockThreshold": 1,
      "MinStockThreshold": 1,
      "QuantityPercent": -1,
      "SpawnAttachments": [],
      "Variants": []
    },
    {
      "ClassName": "rag_baseitems_carlift_kit",
      "MaxPriceThreshold": 20000,
      "MinPriceThreshold": 18000,
      "SellPricePercent": -1,
      "MaxStockThreshold": 1,
      "MinStockThreshold": 1,
      "QuantityPercent": -1,
      "SpawnAttachments": [],
      "Variants": []
    },
    {
      "ClassName": "rag_baseitems_table_saw_kit",
      "MaxPriceThreshold": 20000,
      "MinPriceThreshold": 18000,
      "SellPricePercent": -1,
      "MaxStockThreshold": 1,
      "MinStockThreshold": 1,
      "QuantityPercent": -1,
      "SpawnAttachments": [],
      "Variants": []
    },
    {
      "ClassName": "rag_baseitems_smoker_kit",
      "MaxPriceThreshold": 10000,
      "MinPriceThreshold": 7000,
      "SellPricePercent": -1,
      "MaxStockThreshold": 1,
      "MinStockThreshold": 1,
      "QuantityPercent": -1,
      "SpawnAttachments": [],
      "Variants": []
    },
    {
      "ClassName": "rag_baseitems_antique_wall_clock_kit",
      "MaxPriceThreshold": 4000,
      "MinPriceThreshold": 3000,
      "SellPricePercent": -1,
      "MaxStockThreshold": 1,
      "MinStockThreshold": 1,
      "QuantityPercent": -1,
      "SpawnAttachments": [],
      "Variants": []
    },
    {
      "ClassName": "rag_baseitems_grandfathers_clock_kit",
      "MaxPriceThreshold": 5000,
      "MinPriceThreshold": 4000,
      "SellPricePercent": -1,
      "MaxStockThreshold": 1,
      "MinStockThreshold": 1,
      "QuantityPercent": -1,
      "SpawnAttachments": [],
      "Variants": []
    },
    {
      "ClassName": "rag_baseitems_cuckoo_clock_kit",
      "MaxPriceThreshold": 5000,
      "MinPriceThreshold": 4000,
      "SellPricePercent": -1,
      "MaxStockThreshold": 1,
      "MinStockThreshold": 1,
      "QuantityPercent": -1,
      "SpawnAttachments": [],
      "Variants": []
    },
    {
      "ClassName": "rag_baseitems_magpump_kit",
      "MaxPriceThreshold": 8000,
      "MinPriceThreshold": 7000,
      "SellPricePercent": -1,
      "MaxStockThreshold": 1,
      "MinStockThreshold": 1,
      "QuantityPercent": -1,
      "SpawnAttachments": [],
      "Variants": []
    },
    {
      "ClassName": "rag_baseitems_gramophone_table_kit",
      "MaxPriceThreshold": 10000,
      "MinPriceThreshold": 7000,
      "SellPricePercent": -1,
      "MaxStockThreshold": 1,
      "MinStockThreshold": 1,
      "QuantityPercent": -1,
      "SpawnAttachments": [],
      "Variants": []
    },
    {
      "ClassName": "rag_viking_firepit_kit",
      "MaxPriceThreshold": 10000,
      "MinPriceThreshold": 7000,
      "SellPricePercent": -1,
      "MaxStockThreshold": 1,
      "MinStockThreshold": 1,
      "QuantityPercent": -1,
      "SpawnAttachments": [],
      "Variants": []
    },
    {
      "ClassName": "rag_viking_sundial_kit",
      "MaxPriceThreshold": 8000,
      "MinPriceThreshold": 7000,
      "SellPricePercent": -1,
      "MaxStockThreshold": 1,
      "MinStockThreshold": 1,
      "QuantityPercent": -1,
      "SpawnAttachments": [],
      "Variants": []
    },
    {
      "ClassName": "rag_baseitems_workbench_kit",
      "MaxPriceThreshold": 10000,
      "MinPriceThreshold": 7000,
      "SellPricePercent": -1,
      "MaxStockThreshold": 1,
      "MinStockThreshold": 1,
      "QuantityPercent": -1,
      "SpawnAttachments": [],
      "Variants": []
    },
    {
      "ClassName": "rag_baseitems_workbench_blueprint",
      "MaxPriceThreshold": 10000,
      "MinPriceThreshold": 7000,
      "SellPricePercent": -1,
      "MaxStockThreshold": 1,
      "MinStockThreshold": 1,
      "QuantityPercent": -1,
      "SpawnAttachments": [],
      "Variants": []
    },
    {
      "ClassName": "BBP_Cement_Mixer_Kit",
      "MaxPriceThreshold": 5000,
      "MinPriceThreshold": 4000,
      "SellPricePercent": -1,
      "MaxStockThreshold": 50,
      "MinStockThreshold": 1,
      "QuantityPercent": -1,
      "SpawnAttachments": [],
      "Variants": []
    },
    {
      "ClassName": "Bath_Kit",
      "MaxPriceThreshold": 4000,
      "MinPriceThreshold": 4000,
      "SellPricePercent": -1,
      "MaxStockThreshold": 1,
      "MinStockThreshold": 1,
      "QuantityPercent": -1,
      "SpawnAttachments": [],
      "Variants": []
    },
    {
      "ClassName": "Sink_Kit",
      "MaxPriceThreshold": 4000,
      "MinPriceThreshold": 4000,
      "SellPricePercent": -1,
      "MaxStockThreshold": 1,
      "MinStockThreshold": 1,
      "QuantityPercent": -1,
      "SpawnAttachments": [],
      "Variants": []
    },
    {
      "ClassName": "Toilet_Kit",
      "MaxPriceThreshold": 4000,
      "MinPriceThreshold": 4000,
      "SellPricePercent": -1,
      "MaxStockThreshold": 1,
      "MinStockThreshold": 1,
      "QuantityPercent": -1,
      "SpawnAttachments": [],
      "Variants": []
    }
  ]
}