{
  "m_Version": 12,
  "DisplayName": "Belts - Military",
  "Icon": "Deliver",
  "Color": "FBFCFEFF",
  "IsExchange": 0,
  "InitStockPercent": 75,
  "Items": [
    {
      "ClassName": "MMG_falcon_b1_belt_olive",
      "MaxPriceThreshold": 10000,
      "MinPriceThreshold": 10000,
      "SellPricePercent": -1,
      "MaxStockThreshold": 1,
      "MinStockThreshold": 1,
      "QuantityPercent": -1,
      "SpawnAttachments": [],
      "Variants": [
        "MMG_falcon_b1_belt_black",
        "MMG_falcon_b1_belt_tan",
        "MMG_falcon_b1_belt_alpine",
        "MMG_falcon_b1_belt_erdl",
        "MMG_falcon_b1_belt_multicamblack",
        "MMG_falcon_b1_belt_multicam",
        "MMG_falcon_b1_belt_dark_woodland",
        "MMG_falcon_b1_belt_ucp",
        "MMG_falcon_b1_belt_multicam_tropic",
        "MMG_falcon_b1_belt_atacs"
      ]
    }
  ]
}