{
  "m_Version": 12,
  "DisplayName": "Belts - Black Market",
  "Icon": "Deliver",
  "Color": "FBFCFEFF",
  "IsExchange": 0,
  "InitStockPercent": 75,
  "Items": [
    {
      "ClassName": "Paragon_BodyBelt_Black",
      "MaxPriceThreshold": 20000,
      "MinPriceThreshold": 20000,
      "SellPricePercent": -1,
      "MaxStockThreshold": 1,
      "MinStockThreshold": 1,
      "QuantityPercent": -1,
      "SpawnAttachments": [],
      "Variants": [
        "Paragon_BodyBelt_Blue",
        "Paragon_BodyBelt_Desert",
        "Paragon_BodyBelt_Green",
        "Paragon_BodyBelt_Fatigue",
        "Paragon_BodyBelt_Navy",
        "Paragon_BodyBelt_Black_WL"
      ]
    },
    {
      "ClassName": "Paragon_Leg_PouchesL_Black",
      "MaxPriceThreshold": 20000,
      "MinPriceThreshold": 20000,
      "SellPricePercent": -1,
      "MaxStockThreshold": 1,
      "MinStockThreshold": 1,
      "QuantityPercent": -1,
      "SpawnAttachments": [],
      "Variants": [
        "Paragon_Leg_PouchesL_Blue",
        "Paragon_Leg_PouchesL_Desert",
        "Paragon_Leg_PouchesL_Green"
      ]
    },
    {
      "ClassName": "Paragon_Leg_PouchesM_Black",
      "MaxPriceThreshold": 20000,
      "MinPriceThreshold": 20000,
      "SellPricePercent": -1,
      "MaxStockThreshold": 1,
      "MinStockThreshold": 1,
      "QuantityPercent": -1,
      "SpawnAttachments": [],
      "Variants": [
        "Paragon_Leg_PouchesM_Blue",
        "Paragon_Leg_PouchesM_Desert",
        "Paragon_Leg_PouchesM_Green"
      ]
    },
    {
      "ClassName": "Paragon_Leg_PouchesS_Black",
      "MaxPriceThreshold": 20000,
      "MinPriceThreshold": 20000,
      "SellPricePercent": -1,
      "MaxStockThreshold": 1,
      "MinStockThreshold": 1,
      "QuantityPercent": -1,
      "SpawnAttachments": [],
      "Variants": [
        "Paragon_Leg_PouchesS_Blue",
        "Paragon_Leg_PouchesS_Desert",
        "Paragon_Leg_PouchesS_Green"
      ]
    }
  ]
}