{
  "m_Version": 12,
  "DisplayName": "Boat Parts",
  "Icon": "Deliver",
  "Color": "FBFCFEFF",
  "IsExchange": 0,
  "InitStockPercent": 75,
  "Items": [
        {
      "ClassName": "Van_WoodenBoat_Engine",
      "MaxPriceThreshold": 2000,
      "MinPriceThreshold": 2000,
      "SellPricePercent": -1,
      "MaxStockThreshold": 1,
      "MinStockThreshold": 1,
      "QuantityPercent": -1,
      "SpawnAttachments": [
        "truckbattery",
        "glowplug"
      ],
      "Variants": []
    },
    {
      "ClassName": "Van_WoodenBoat_Engine",
      "MaxPriceThreshold": 2000,
      "MinPriceThreshold": 2000,
      "SellPricePercent": -1,
      "MaxStockThreshold": 1,
      "MinStockThreshold": 1,
      "QuantityPercent": -1,
      "SpawnAttachments": [
        "truckbattery",
        "glowplug"
      ],
      "Variants": []
    }
  ]
}