{
  "m_Version": 12,
  "DisplayName": "Campers",
  "Icon": "Deliver",
  "Color": "FBFCFEFF",
  "IsExchange": 0,
  "InitStockPercent": 75,
  "Items": [
    {
      "ClassName": "Van_Motorhome",
      "MaxPriceThreshold": 120000,
      "MinPriceThreshold": 120000,
      "SellPricePercent": -1,
      "MaxStockThreshold": 1,
      "MinStockThreshold": 1,
      "QuantityPercent": -1,
      "SpawnAttachments": [
        "truckbattery",
        "headlighth7",
        "headlighth7",
        "Van_Motorhome_Doors_Driver",
        "Van_Motorhome_Doors_Hood_1",
        "Van_Motorhome_Doors_Hood_2",
        "Van_Motorhome_Wheel",
        "Van_Motorhome_Wheel",
        "Van_Motorhome_Wheel",
        "Van_Motorhome_Wheel",
        "Van_Motorhome_Wheel",
        "Van_WaterContainer",
        "Cauldron",
        "LargeGasCanister"
      ],
      "Variants": [
        "Van_Motorhome",
        "Van_Motorhome_Tan",
        "Van_Motorhome_Teal",
        "Van_Motorhome_Purple",
        "Van_Motorhome_Black",
        "Van_Motorhome_Camo"
      ]
    },
    {
      "ClassName": "Van_ModernMotorhome",
      "MaxPriceThreshold": 140000,
      "MinPriceThreshold": 140000,
      "SellPricePercent": -1,
      "MaxStockThreshold": 1,
      "MinStockThreshold": 1,
      "QuantityPercent": -1,
      "SpawnAttachments": [
        "truckbattery",
        "headlighth7",
        "headlighth7",
        "Van_ModernMotorhome_Doors_Driver",
        "Van_ModernMotorhome_Doors_coDriver",
        "Van_ModernMotorhome_Doors_Trunk",
        "Van_ModernMotorhome_Doors_Cargo1",
        "Van_ModernMotorhome_Wheel",
        "Van_ModernMotorhome_Wheel",
        "Van_ModernMotorhome_Wheel",
        "Van_ModernMotorhome_Wheel",
        "Van_ModernMotorhome_Wheel",
        "Van_ModernMotorhome_Wheel",
        "Van_ModernMotorhome_Fridge",
        "Van_WaterContainer",
        "LargeGasCanister",
        "Cauldron"
      ],
      "Variants": []
    },
    {
      "ClassName": "Van_CamperRV",
      "MaxPriceThreshold": 100000,
      "MinPriceThreshold": 100000,
      "SellPricePercent": -1,
      "MaxStockThreshold": 1,
      "MinStockThreshold": 1,
      "QuantityPercent": -1,
      "SpawnAttachments": [
        "truckBattery",
        "sparkplug",
        "headlighth7",
        "headlighth7",
        "Van_CamperRV_Doors_Driver",
        "Van_CamperRV_Doors_CoDriver",
        "Van_CamperRV_Doors_Cabin",
        "Van_CamperRV_Doors_Bathroom",
        "Van_CamperRV_Doors_Fridge",
        "Van_CamperRV_Wheel",
        "Van_CamperRV_Wheel",
        "Van_CamperRV_Wheel",
        "Van_CamperRV_Wheel",
        "Van_CamperRV_Fridge",
        "Van_WaterContainer",
        "Cauldron",
        "LargeGasCanister"
      ],
      "Variants": []
    }
  ]
}