{
  "m_Version": 12,
  "DisplayName": "Hatchbacks",
  "Icon": "Deliver",
  "Color": "FBFCFEFF",
  "IsExchange": 0,
  "InitStockPercent": 75,
  "Items": [
    {
      "ClassName": "offroadhatchback",
      "MaxPriceThreshold": 50000,
      "MinPriceThreshold": 50000,
      "SellPricePercent": -1,
      "MaxStockThreshold": 1,
      "MinStockThreshold": 1,
      "QuantityPercent": -1,
      "SpawnAttachments": [
        "hatchbackwheel",
        "hatchbackwheel",
        "hatchbackwheel",
        "hatchbackwheel",
        "hatchbackwheel",
        "carbattery",
        "carradiator",
        "sparkplug",
        "hatchbackhood",
        "hatchbacktrunk",
        "hatchbackdoors_driver",
        "hatchbackdoors_codriver",
        "headlighth7",
        "headlighth7"
      ],
      "Variants": []
    },
    {
      "ClassName": "hatchback_02",
      "MaxPriceThreshold": 50000,
      "MinPriceThreshold": 50000,
      "SellPricePercent": -1,
      "MaxStockThreshold": 1,
      "MinStockThreshold": 1,
      "QuantityPercent": -1,
      "SpawnAttachments": [
        "hatchback_02_wheel",
        "hatchback_02_wheel",
        "hatchback_02_wheel",
        "hatchback_02_wheel",
        "hatchback_02_wheel",
        "hatchback_02_door_1_1",
        "hatchback_02_door_2_1",
        "hatchback_02_door_1_2",
        "hatchback_02_door_2_2",
        "hatchback_02_hood",
        "hatchback_02_trunk",
        "carbattery",
        "carradiator",
        "sparkplug",
        "headlighth7",
        "headlighth7"
      ],
      "Variants": []
    },
    {
      "ClassName": "Volkswagen_Golf_RUS",
      "MaxPriceThreshold": 50000,
      "MinPriceThreshold": 50000,
      "SellPricePercent": -1,
      "MaxStockThreshold": 1,
      "MinStockThreshold": 1,
      "QuantityPercent": -1,
      "SpawnAttachments": [
        "Volkswagen_Golf_RUS_wheel",
        "Volkswagen_Golf_RUS_wheel",
        "Volkswagen_Golf_RUS_wheel",
        "Volkswagen_Golf_RUS_wheel",
        "Volkswagen_Golf_RUS_wheel",
        "Volkswagen_Golf_RUS_doors_driver",
        "Volkswagen_Golf_RUS_doors_codriver",
        "Volkswagen_Golf_RUS_doors_hood",
        "Volkswagen_Golf_RUS_doors_trunk",
        "carbattery",
        "carradiator",
        "sparkplug",
        "headlighth7",
        "headlighth7"
      ],
      "Variants": [
        "Volkswagen_Golf_RUS_blue",
        "Volkswagen_Golf_RUS_black",
        "Volkswagen_Golf_RUS_green",
        "Volkswagen_Golf_RUS_rally"
        ]
    },
    {
      "ClassName": "azlk_400",
      "MaxPriceThreshold": 60000,
      "MinPriceThreshold": 60000,
      "SellPricePercent": -1,
      "MaxStockThreshold": 1,
      "MinStockThreshold": 1,
      "QuantityPercent": -1,
      "SpawnAttachments": [
        "HeadlightH7",
        "HeadlightH7",
        "CarRadiator",
        "CarBattery",
        "SparkPlug",
        "azlk_400_wheel",
        "azlk_400_wheel",
        "azlk_400_wheel",
        "azlk_400_wheel",
        "azlk_400_doors_driver",
        "azlk_400_doors_codriver",
        "azlk_400_doors_cargo1",
        "azlk_400_doors_cargo2",
        "azlk_400_doors_hood",
        "azlk_400_wheel"
      ],
      "Variants": [
        "azlk_400_green",
        "azlk_400_beige"
      ]
    },
    {
      "ClassName": "azlk_400_green",
      "MaxPriceThreshold": 60000,
      "MinPriceThreshold": 60000,
      "SellPricePercent": -1,
      "MaxStockThreshold": 1,
      "MinStockThreshold": 1,
      "QuantityPercent": -1,
      "SpawnAttachments": [
        "HeadlightH7",
        "HeadlightH7",
        "CarRadiator",
        "CarBattery",
        "SparkPlug",
        "azlk_400_wheel",
        "azlk_400_wheel",
        "azlk_400_wheel",
        "azlk_400_wheel",
        "azlk_400_doors_driver_green",
        "azlk_400_doors_codriver_green",
        "azlk_400_doors_cargo1_green",
        "azlk_400_doors_cargo2_green",
        "azlk_400_doors_hood_green",
        "azlk_400_wheel"
      ],
      "Variants": []
    },
    {
      "ClassName": "azlk_400_beige",
      "MaxPriceThreshold": 60000,
      "MinPriceThreshold": 60000,
      "SellPricePercent": -1,
      "MaxStockThreshold": 1,
      "MinStockThreshold": 1,
      "QuantityPercent": -1,
      "SpawnAttachments": [
        "HeadlightH7",
        "HeadlightH7",
        "CarRadiator",
        "CarBattery",
        "SparkPlug",
        "azlk_400_wheel",
        "azlk_400_wheel",
        "azlk_400_wheel",
        "azlk_400_wheel",
        "azlk_400_doors_driver_beige",
        "azlk_400_doors_codriver_beige",
        "azlk_400_doors_cargo1_beige",
        "azlk_400_doors_cargo2_beige",
        "azlk_400_doors_hood_beige",
        "azlk_400_wheel"
      ],
      "Variants": []
    },
    {
      "ClassName": "ZAZ_965",
      "MaxPriceThreshold": 60000,
      "MinPriceThreshold": 60000,
      "SellPricePercent": -1,
      "MaxStockThreshold": 1,
      "MinStockThreshold": 1,
      "QuantityPercent": -1,
      "SpawnAttachments": [
        "HeadlightH7",
        "HeadlightH7",
        "CarRadiator",
        "CarBattery",
        "SparkPlug",
        "ZAZ_965_wheel",
        "ZAZ_965_wheel",
        "ZAZ_965_wheel",
        "ZAZ_965_wheel",
        "ZAZ_965_doors_driver",
        "ZAZ_965_doors_codriver",
        "ZAZ_965_doors_hood",
        "ZAZ_965_doors_trunk",
        "ZAZ_965_wheel"
      ],
      "Variants": [
        "ZAZ_965_green",
        "ZAZ_965_red",
        "ZAZ_965_bk"
      ]
    },
    {
      "ClassName": "ZAZ_965_green",
      "MaxPriceThreshold": 60000,
      "MinPriceThreshold": 60000,
      "SellPricePercent": -1,
      "MaxStockThreshold": 1,
      "MinStockThreshold": 1,
      "QuantityPercent": -1,
      "SpawnAttachments": [
        "HeadlightH7",
        "HeadlightH7",
        "CarRadiator",
        "CarBattery",
        "SparkPlug",
        "ZAZ_965_wheel",
        "ZAZ_965_wheel",
        "ZAZ_965_wheel",
        "ZAZ_965_wheel",
        "ZAZ_965_doors_driver_green",
        "ZAZ_965_doors_codriver_green",
        "ZAZ_965_doors_hood_green",
        "ZAZ_965_doors_trunk_green",
        "ZAZ_965_wheel"
      ],
      "Variants": []
    },
    {
      "ClassName": "ZAZ_965_red",
      "MaxPriceThreshold": 60000,
      "MinPriceThreshold": 60000,
      "SellPricePercent": -1,
      "MaxStockThreshold": 1,
      "MinStockThreshold": 1,
      "QuantityPercent": -1,
      "SpawnAttachments": [
        "HeadlightH7",
        "HeadlightH7",
        "CarRadiator",
        "CarBattery",
        "SparkPlug",
        "ZAZ_965_wheel",
        "ZAZ_965_wheel",
        "ZAZ_965_wheel",
        "ZAZ_965_wheel",
        "ZAZ_965_doors_driver_red",
        "ZAZ_965_doors_codriver_red",
        "ZAZ_965_doors_hood_red",
        "ZAZ_965_doors_trunk_red",
        "ZAZ_965_wheel"
      ],
      "Variants": []
    },
    {
      "ClassName": "ZAZ_965_bk",
      "MaxPriceThreshold": 60000,
      "MinPriceThreshold": 60000,
      "SellPricePercent": -1,
      "MaxStockThreshold": 1,
      "MinStockThreshold": 1,
      "QuantityPercent": -1,
      "SpawnAttachments": [
        "HeadlightH7",
        "HeadlightH7",
        "CarRadiator",
        "CarBattery",
        "SparkPlug",
        "ZAZ_965_wheel",
        "ZAZ_965_wheel",
        "ZAZ_965_wheel",
        "ZAZ_965_wheel",
        "ZAZ_965_doors_driver_bk",
        "ZAZ_965_doors_codriver_bk",
        "ZAZ_965_doors_hood_bk",
        "ZAZ_965_doors_trunk_bk",
        "ZAZ_965_wheel"
      ],
      "Variants": []
    }
  ]
}