{
  "m_Version": 12,
  "DisplayName": "Military",
  "Icon": "Deliver",
  "Color": "FBFCFEFF",
  "IsExchange": 0,
  "InitStockPercent": 75,
  "Items": [
    {
      "ClassName": "offroad_02",
      "MaxPriceThreshold": 80000,
      "MinPriceThreshold": 80000,
      "SellPricePercent": -1,
      "MaxStockThreshold": 1,
      "MinStockThreshold": 1,
      "QuantityPercent": -1,
      "SpawnAttachments": [
        "offroad_02_wheel",
        "offroad_02_wheel",
        "offroad_02_wheel",
        "offroad_02_wheel",
        "offroad_02_wheel",
        "offroad_02_door_1_1",
        "offroad_02_door_2_1",
        "offroad_02_door_1_2",
        "offroad_02_door_2_2",
        "offroad_02_hood",
        "offroad_02_trunk",
        "carbattery",
        "glowplug",
        "headlighth7",
        "headlighth7"
      ],
      "Variants": []
    },
    {
      "ClassName": "expansionuaz",
      "MaxPriceThreshold": 80000,
      "MinPriceThreshold": 80000,
      "SellPricePercent": -1,
      "MaxStockThreshold": 1,
      "MinStockThreshold": 1,
      "QuantityPercent": -1,
      "SpawnAttachments": [
        "expansionuazwheel",
        "expansionuazwheel",
        "expansionuazwheel",
        "expansionuazwheel",
        "carbattery",
        "carradiator",
        "sparkplug",
        "expansionuazdoorhood",
        "expansionuazdoordriver",
        "expansionuazdoorcodriver",
        "expansionuazdoorcargo1",
        "expansionuazdoorcargo2",
        "headlighth7",
        "headlighth7"
      ],
      "Variants": [
        "expansionuazroofless",
        "expansionuazcargo",
        "expansionuazcargoroofless"
      ]
    },
    {
      "ClassName": "expansionvodnik",
      "MaxPriceThreshold": 95000,
      "MinPriceThreshold": 95000,
      "SellPricePercent": -1,
      "MaxStockThreshold": 1,
      "MinStockThreshold": 1,
      "QuantityPercent": -1,
      "SpawnAttachments": [
        "expansionvodnikwheel",
        "expansionvodnikwheel",
        "expansionvodnikwheel",
        "expansionvodnikwheel",
        "truckbattery",
        "carradiator",
        "sparkplug",
        "expansionvodnikdoordriver",
        "expansionvodnikdoorcodriver"
      ],
      "Variants": []
    },
    {
      "ClassName": "expansiontractor",
      "MaxPriceThreshold": 30000,
      "MinPriceThreshold": 30000,
      "SellPricePercent": -1,
      "MaxStockThreshold": 1,
      "MinStockThreshold": 1,
      "QuantityPercent": -1,
      "SpawnAttachments": [
        "expansiontractorbackwheel",
        "expansiontractorbackwheel",
        "expansiontractorfrontwheel",
        "expansiontractorfrontwheel",
        "expansiontractordoorsdriver",
        "expansiontractordoorscodriver",
        "headlighth7",
        "headlighth7",
        "sparkplug",
        "carbattery"
      ],
      "Variants": []
    },
    {
      "ClassName": "ZiS5_Benzovoz",
      "MaxPriceThreshold": 95000,
      "MinPriceThreshold": 95000,
      "SellPricePercent": -1,
      "MaxStockThreshold": 1,
      "MinStockThreshold": 1,
      "QuantityPercent": -1,
      "SpawnAttachments": [
        "ZiS5_Benzovoz_wheel",
        "ZiS5_Benzovoz_wheel",
        "ZiS5_Benzovoz_wheel",
        "ZiS5_Benzovoz_WheelDouble",
        "ZiS5_Benzovoz_WheelDouble",
        "truckbattery",
        "carradiator",
        "sparkplug",
        "ZiS5_Benzovoz_doors_driver",
        "ZiS5_Benzovoz_doors_codriver",
        "ZiS5_Benzovoz_doors_hood",
        "ZiS5_kung_tent",
        "headlighth7",
        "headlighth7"
      ],
      "Variants": [
        "ZiS5_kung"
      ]
    },
    {
      "ClassName": "M3A1_Scout_Car",
      "MaxPriceThreshold": 125000,
      "MinPriceThreshold": 125000,
      "SellPricePercent": -1,
      "MaxStockThreshold": 1,
      "MinStockThreshold": 1,
      "QuantityPercent": -1,
      "SpawnAttachments": [
        "M3A1_Scout_Car_wheel",
        "M3A1_Scout_Car_wheel",
        "M3A1_Scout_Car_wheel",
        "M3A1_Scout_Car_wheel",
        "M3A1_Scout_Car_wheel",
        "truckbattery",
        "carradiator",
        "sparkplug",
        "M3A1_Scout_Car_doors_driver",
        "M3A1_Scout_Car_doors_codriver",
        "M3A1_Scout_Car_doors_cargo3",
        "M3A1_Scout_Car_doors_trunk",
        "M3A1_Scout_Car_doors_hood",
        "headlighth7",
        "headlighth7"
      ],
      "Variants": [
        "M3A1_Scout_Car_green",
        "M3A1_Scout_Car_camo"
      ]
    },
    {
      "ClassName": "Mercedes_G4_W31",
      "MaxPriceThreshold": 130000,
      "MinPriceThreshold": 130000,
      "SellPricePercent": -1,
      "MaxStockThreshold": 1,
      "MinStockThreshold": 1,
      "QuantityPercent": -1,
      "SpawnAttachments": [
        "Mercedes_G4_W31_wheel",
        "Mercedes_G4_W31_wheel",
        "Mercedes_G4_W31_wheel",
        "Mercedes_G4_W31_wheel",
        "Mercedes_G4_W31_wheel",
        "Mercedes_G4_W31_wheel",
        "Mercedes_G4_W31_wheel",
        "Mercedes_G4_W31_wheel",
        "carbattery",
        "carradiator",
        "sparkplug",
        "Mercedes_G4_W31_doors_driver",
        "Mercedes_G4_W31_doors_codriver",
        "Mercedes_G4_W31_doors_cargo1",
        "Mercedes_G4_W31_doors_cargo2",
        "Mercedes_G4_W31_doors_cargo3",
        "Mercedes_G4_W31_doors_trunk",
        "Mercedes_G4_W31_doors_hood",
        "headlighth7",
        "headlighth7"
      ],
      "Variants": [
        "Mercedes_G4_W31_yellow",
        "Mercedes_G4_W31_camo"
      ]
    },
    {
      "ClassName": "m4_tractor",
      "MaxPriceThreshold": 170000,
      "MinPriceThreshold": 170000,
      "SellPricePercent": -1,
      "MaxStockThreshold": 1,
      "MinStockThreshold": 1,
      "QuantityPercent": -1,
      "SpawnAttachments": [
        "m4_tractor_wheel",
        "m4_tractor_wheel",
        "m4_tractor_wheel",
        "m4_tractor_wheel",
        "m4_tractor_wheel",
        "m4_tractor_wheel",
        "m4_tractor_wheel",
        "m4_tractor_wheel",
        "truckbattery",
        "carradiator",
        "sparkplug",
        "m4_tractor_doors_hood",
        "headlighth7",
        "headlighth7"
      ],
      "Variants": [
        "m4_tractor_usa",
        "m4_tractor_winter"
      ]
    },
    {
      "ClassName": "artillery_tractor",
      "MaxPriceThreshold": 200000,
      "MinPriceThreshold": 200000,
      "SellPricePercent": -1,
      "MaxStockThreshold": 1,
      "MinStockThreshold": 1,
      "QuantityPercent": -1,
      "SpawnAttachments": [
        "HeadlightH7",
        "HeadlightH7",
        "CarRadiator",
        "TruckBattery",
        "SparkPlug",
        "artillery_tractor_wheel",
        "artillery_tractor_wheel",
        "artillery_tractor_wheel",
        "artillery_tractor_wheel",
        "artillery_tractor_wheel",
        "artillery_tractor_wheel",
        "artillery_tractor_wheel",
        "artillery_tractor_wheel",
        "artillery_tractor_wheel",
        "artillery_tractor_wheel",
        "artillery_tractor_doors_driver",
        "artillery_tractor_doors_codriver",
        "artillery_tractor_doors_hood",
        "artillery_tractor_tent"
      ],
      "Variants": [
        "artillery_tractor_camo",
        "artillery_tractor_kung",
        "artillery_tractor_kung_camo"
      ]
    },
    {
      "ClassName": "artillery_tractor_camo",
      "MaxPriceThreshold": 200000,
      "MinPriceThreshold": 200000,
      "SellPricePercent": -1,
      "MaxStockThreshold": 1,
      "MinStockThreshold": 1,
      "QuantityPercent": -1,
      "SpawnAttachments": [
        "HeadlightH7",
        "HeadlightH7",
        "CarRadiator",
        "TruckBattery",
        "SparkPlug",
        "artillery_tractor_wheel",
        "artillery_tractor_wheel",
        "artillery_tractor_wheel",
        "artillery_tractor_wheel",
        "artillery_tractor_wheel",
        "artillery_tractor_wheel",
        "artillery_tractor_wheel",
        "artillery_tractor_wheel",
        "artillery_tractor_wheel",
        "artillery_tractor_wheel",
        "artillery_tractor_doors_driver_camo",
        "artillery_tractor_doors_codriver_camo",
        "artillery_tractor_doors_hood_camo",
        "artillery_tractor_tent"
      ],
      "Variants": []
    },
    {
      "ClassName": "artillery_tractor_kung",
      "MaxPriceThreshold": 200000,
      "MinPriceThreshold": 200000,
      "SellPricePercent": -1,
      "MaxStockThreshold": 1,
      "MinStockThreshold": 1,
      "QuantityPercent": -1,
      "SpawnAttachments": [
        "HeadlightH7",
        "HeadlightH7",
        "CarRadiator",
        "TruckBattery",
        "SparkPlug",
        "artillery_tractor_wheel",
        "artillery_tractor_wheel",
        "artillery_tractor_wheel",
        "artillery_tractor_wheel",
        "artillery_tractor_wheel",
        "artillery_tractor_wheel",
        "artillery_tractor_wheel",
        "artillery_tractor_wheel",
        "artillery_tractor_wheel",
        "artillery_tractor_wheel",
        "artillery_tractor_doors_driver",
        "artillery_tractor_doors_codriver",
        "artillery_tractor_doors_hood",
        "artillery_tractor_doors_trunk"
      ],
      "Variants": []
    },
    {
      "ClassName": "artillery_tractor_kung_camo",
      "MaxPriceThreshold": 200000,
      "MinPriceThreshold": 200000,
      "SellPricePercent": -1,
      "MaxStockThreshold": 1,
      "MinStockThreshold": 1,
      "QuantityPercent": -1,
      "SpawnAttachments": [
        "HeadlightH7",
        "HeadlightH7",
        "CarRadiator",
        "TruckBattery",
        "SparkPlug",
        "artillery_tractor_wheel",
        "artillery_tractor_wheel",
        "artillery_tractor_wheel",
        "artillery_tractor_wheel",
        "artillery_tractor_wheel",
        "artillery_tractor_wheel",
        "artillery_tractor_wheel",
        "artillery_tractor_wheel",
        "artillery_tractor_wheel",
        "artillery_tractor_wheel",
        "artillery_tractor_doors_driver_camo",
        "artillery_tractor_doors_codriver_camo",
        "artillery_tractor_doors_hood_camo",
        "artillery_tractor_doors_trunk"
      ],
      "Variants": []
    },
    {
      "ClassName": "BRDM2_RF",
      "MaxPriceThreshold": 200000,
      "MinPriceThreshold": 200000,
      "SellPricePercent": -1,
      "MaxStockThreshold": 1,
      "MinStockThreshold": 1,
      "QuantityPercent": -1,
      "SpawnAttachments": [
        "HeadlightH7",
        "HeadlightH7",
        "CarRadiator",
        "TruckBattery",
        "SparkPlug",
        "BRDM2_RF_wheel",
        "BRDM2_RF_wheel",
        "BRDM2_RF_wheel",
        "BRDM2_RF_wheel",
        "BRDM2_RF_doors_driver",
        "BRDM2_RF_doors_codriver",
        "BRDM2_RF_doors_cargo1",
        "BRDM2_RF_doors_cargo2",
        "BRDM2_RF_doors_cargo3",
        "BRDM2_RF_doors_cargo4",
        "BRDM2_RF_doors_cargo5",
        "BRDM2_RF_doors_cargo6",
        "BRDM2_RF_doors_hood",
        "BRDM2_RF_wheel"
      ],
      "Variants": [
        "BRDM2_RF_camo",
        "BRDM2_RF_winter"
      ]
    },
    {
      "ClassName": "BRDM2_RF_camo",
      "MaxPriceThreshold": 200000,
      "MinPriceThreshold": 200000,
      "SellPricePercent": -1,
      "MaxStockThreshold": 1,
      "MinStockThreshold": 1,
      "QuantityPercent": -1,
      "SpawnAttachments": [
        "HeadlightH7",
        "HeadlightH7",
        "CarRadiator",
        "TruckBattery",
        "SparkPlug",
        "BRDM2_RF_wheel",
        "BRDM2_RF_wheel",
        "BRDM2_RF_wheel",
        "BRDM2_RF_wheel",
        "BRDM2_RF_doors_driver_camo",
        "BRDM2_RF_doors_codriver_camo",
        "BRDM2_RF_doors_cargo1_camo",
        "BRDM2_RF_doors_cargo2_camo",
        "BRDM2_RF_doors_cargo3_camo",
        "BRDM2_RF_doors_cargo4_camo",
        "BRDM2_RF_doors_cargo5_camo",
        "BRDM2_RF_doors_cargo6_camo",
        "BRDM2_RF_doors_hood_camo",
        "BRDM2_RF_wheel"
      ],
      "Variants": []
    },
    {
      "ClassName": "BRDM2_RF_winter",
      "MaxPriceThreshold": 200000,
      "MinPriceThreshold": 200000,
      "SellPricePercent": -1,
      "MaxStockThreshold": 1,
      "MinStockThreshold": 1,
      "QuantityPercent": -1,
      "SpawnAttachments": [
        "HeadlightH7",
        "HeadlightH7",
        "CarRadiator",
        "TruckBattery",
        "SparkPlug",
        "BRDM2_RF_wheel",
        "BRDM2_RF_wheel",
        "BRDM2_RF_wheel",
        "BRDM2_RF_wheel",
        "BRDM2_RF_doors_driver_winter",
        "BRDM2_RF_doors_codriver_winter",
        "BRDM2_RF_doors_cargo1_winter",
        "BRDM2_RF_doors_cargo2_winter",
        "BRDM2_RF_doors_cargo3_winter",
        "BRDM2_RF_doors_cargo4_winter",
        "BRDM2_RF_doors_cargo5_winter",
        "BRDM2_RF_doors_cargo6_winter",
        "BRDM2_RF_doors_hood_winter",
        "BRDM2_RF_wheel"
      ],
      "Variants": []
    },
    {
      "ClassName": "BTR_80",
      "MaxPriceThreshold": 200000,
      "MinPriceThreshold": 200000,
      "SellPricePercent": -1,
      "MaxStockThreshold": 1,
      "MinStockThreshold": 1,
      "QuantityPercent": -1,
      "SpawnAttachments": [
        "HeadlightH7",
        "HeadlightH7",
        "CarRadiator",
        "TruckBattery",
        "SparkPlug",
        "BTR_80_wheel",
        "BTR_80_wheel",
        "BTR_80_wheel",
        "BTR_80_wheel",
        "BTR_80_wheel",
        "BTR_80_wheel",
        "BTR_80_wheel",
        "BTR_80_wheel",
        "BTR_80_doors_driver",
        "BTR_80_doors_codriver",
        "BTR_80_doors_cargo1",
        "BTR_80_doors_cargo2",
        "BTR_80_doors_cargo3",
        "BTR_80_doors_cargo4",
        "BTR_80_doors_hood",
        "BTR_80_doors_trunk",
        "BTR_80_doors_trunk1",
        "BTR_80_wheel"
      ],
      "Variants": [
        "BTR_80_camo",
        "BTR_80_camo2",
        "BTR_80_rust",
        "BTR_80_P_camo",
        "BTR_80_P_camo2",
        "BTR_80_P_rust",
        "BTR_80_P"
      ]
    },
    {
      "ClassName": "BTR_80_camo",
      "MaxPriceThreshold": 200000,
      "MinPriceThreshold": 200000,
      "SellPricePercent": -1,
      "MaxStockThreshold": 1,
      "MinStockThreshold": 1,
      "QuantityPercent": -1,
      "SpawnAttachments": [
        "HeadlightH7",
        "HeadlightH7",
        "CarRadiator",
        "TruckBattery",
        "SparkPlug",
        "BTR_80_wheel",
        "BTR_80_wheel",
        "BTR_80_wheel",
        "BTR_80_wheel",
        "BTR_80_wheel",
        "BTR_80_wheel",
        "BTR_80_wheel",
        "BTR_80_wheel",
        "BTR_80_doors_driver_camo",
        "BTR_80_doors_codriver_camo",
        "BTR_80_doors_cargo1_camo",
        "BTR_80_doors_cargo2_camo",
        "BTR_80_doors_cargo3_camo",
        "BTR_80_doors_cargo4_camo",
        "BTR_80_doors_hood_camo",
        "BTR_80_doors_trunk_camo",
        "BTR_80_doors_trunk1_camo",
        "BTR_80_wheel"
      ],
      "Variants": []
    },
    {
      "ClassName": "BTR_80_camo2",
      "MaxPriceThreshold": 200000,
      "MinPriceThreshold": 200000,
      "SellPricePercent": -1,
      "MaxStockThreshold": 1,
      "MinStockThreshold": 1,
      "QuantityPercent": -1,
      "SpawnAttachments": [
        "HeadlightH7",
        "HeadlightH7",
        "CarRadiator",
        "TruckBattery",
        "SparkPlug",
        "BTR_80_wheel",
        "BTR_80_wheel",
        "BTR_80_wheel",
        "BTR_80_wheel",
        "BTR_80_wheel",
        "BTR_80_wheel",
        "BTR_80_wheel",
        "BTR_80_wheel",
        "BTR_80_doors_driver_camo2",
        "BTR_80_doors_codriver_camo2",
        "BTR_80_doors_cargo1_camo2",
        "BTR_80_doors_cargo2_camo2",
        "BTR_80_doors_cargo3_camo2",
        "BTR_80_doors_cargo4_camo2",
        "BTR_80_doors_hood_camo2",
        "BTR_80_doors_trunk_camo2",
        "BTR_80_doors_trunk1_camo2",
        "BTR_80_wheel"
      ],
      "Variants": []
    },
    {
      "ClassName": "BTR_80_rust",
      "MaxPriceThreshold": 200000,
      "MinPriceThreshold": 200000,
      "SellPricePercent": -1,
      "MaxStockThreshold": 1,
      "MinStockThreshold": 1,
      "QuantityPercent": -1,
      "SpawnAttachments": [
        "HeadlightH7",
        "HeadlightH7",
        "CarRadiator",
        "TruckBattery",
        "SparkPlug",
        "BTR_80_wheel",
        "BTR_80_wheel",
        "BTR_80_wheel",
        "BTR_80_wheel",
        "BTR_80_wheel",
        "BTR_80_wheel",
        "BTR_80_wheel",
        "BTR_80_wheel",
        "BTR_80_doors_driver_rust",
        "BTR_80_doors_codriver_rust",
        "BTR_80_doors_cargo1_rust",
        "BTR_80_doors_cargo2_rust",
        "BTR_80_doors_cargo3_rust",
        "BTR_80_doors_cargo4_rust",
        "BTR_80_doors_hood_rust",
        "BTR_80_doors_trunk_rust",
        "BTR_80_doors_trunk1_rust",
        "BTR_80_wheel"
      ],
      "Variants": []
    },
    {
      "ClassName": "BTR_80_P_camo",
      "MaxPriceThreshold": 200000,
      "MinPriceThreshold": 200000,
      "SellPricePercent": -1,
      "MaxStockThreshold": 1,
      "MinStockThreshold": 1,
      "QuantityPercent": -1,
      "SpawnAttachments": [
        "HeadlightH7",
        "HeadlightH7",
        "CarRadiator",
        "TruckBattery",
        "SparkPlug",
        "BTR_80_wheel",
        "BTR_80_wheel",
        "BTR_80_wheel",
        "BTR_80_wheel",
        "BTR_80_wheel",
        "BTR_80_wheel",
        "BTR_80_wheel",
        "BTR_80_wheel",
        "BTR_80_doors_driver_camo",
        "BTR_80_doors_codriver_camo",
        "BTR_80_doors_cargo1_camo",
        "BTR_80_doors_cargo2_camo",
        "BTR_80_doors_cargo3_camo",
        "BTR_80_doors_cargo4_camo",
        "BTR_80_doors_hood_camo",
        "BTR_80_doors_trunk_camo",
        "BTR_80_doors_trunk1_camo",
        "BTR_80_wheel"
      ],
      "Variants": []
    },
    {
      "ClassName": "BTR_80_P_camo2",
      "MaxPriceThreshold": 200000,
      "MinPriceThreshold": 200000,
      "SellPricePercent": -1,
      "MaxStockThreshold": 1,
      "MinStockThreshold": 1,
      "QuantityPercent": -1,
      "SpawnAttachments": [
        "HeadlightH7",
        "HeadlightH7",
        "CarRadiator",
        "TruckBattery",
        "SparkPlug",
        "BTR_80_wheel",
        "BTR_80_wheel",
        "BTR_80_wheel",
        "BTR_80_wheel",
        "BTR_80_wheel",
        "BTR_80_wheel",
        "BTR_80_wheel",
        "BTR_80_wheel",
        "BTR_80_doors_driver_camo2",
        "BTR_80_doors_codriver_camo2",
        "BTR_80_doors_cargo1_camo2",
        "BTR_80_doors_cargo2_camo2",
        "BTR_80_doors_cargo3_camo2",
        "BTR_80_doors_cargo4_camo2",
        "BTR_80_doors_hood_camo2",
        "BTR_80_doors_trunk_camo2",
        "BTR_80_doors_trunk1_camo2",
        "BTR_80_wheel"
      ],
      "Variants": []
    },
    {
      "ClassName": "BTR_80_P_rust",
      "MaxPriceThreshold": 200000,
      "MinPriceThreshold": 200000,
      "SellPricePercent": -1,
      "MaxStockThreshold": 1,
      "MinStockThreshold": 1,
      "QuantityPercent": -1,
      "SpawnAttachments": [
        "HeadlightH7",
        "HeadlightH7",
        "CarRadiator",
        "TruckBattery",
        "SparkPlug",
        "BTR_80_wheel",
        "BTR_80_wheel",
        "BTR_80_wheel",
        "BTR_80_wheel",
        "BTR_80_wheel",
        "BTR_80_wheel",
        "BTR_80_wheel",
        "BTR_80_wheel",
        "BTR_80_doors_driver_rust",
        "BTR_80_doors_codriver_rust",
        "BTR_80_doors_cargo1_rust",
        "BTR_80_doors_cargo2_rust",
        "BTR_80_doors_cargo3_rust",
        "BTR_80_doors_cargo4_rust",
        "BTR_80_doors_hood_rust",
        "BTR_80_doors_trunk_rust",
        "BTR_80_doors_trunk1_rust",
        "BTR_80_wheel"
      ],
      "Variants": []
    },
    {
      "ClassName": "BTR_80_P",
      "MaxPriceThreshold": 200000,
      "MinPriceThreshold": 200000,
      "SellPricePercent": -1,
      "MaxStockThreshold": 1,
      "MinStockThreshold": 1,
      "QuantityPercent": -1,
      "SpawnAttachments": [
        "HeadlightH7",
        "HeadlightH7",
        "CarRadiator",
        "TruckBattery",
        "SparkPlug",
        "BTR_80_wheel",
        "BTR_80_wheel",
        "BTR_80_wheel",
        "BTR_80_wheel",
        "BTR_80_wheel",
        "BTR_80_wheel",
        "BTR_80_wheel",
        "BTR_80_wheel",
        "BTR_80_doors_driver",
        "BTR_80_doors_codriver",
        "BTR_80_doors_cargo1",
        "BTR_80_doors_cargo2",
        "BTR_80_doors_cargo3",
        "BTR_80_doors_cargo4",
        "BTR_80_doors_hood",
        "BTR_80_doors_trunk",
        "BTR_80_doors_trunk1",
        "BTR_80_wheel"
      ],
      "Variants": []
    },
    {
      "ClassName": "VBL",
      "MaxPriceThreshold": 150000,
      "MinPriceThreshold": 150000,
      "SellPricePercent": -1,
      "MaxStockThreshold": 1,
      "MinStockThreshold": 1,
      "QuantityPercent": -1,
      "SpawnAttachments": [
        "HeadlightH7",
        "HeadlightH7",
        "CarRadiator",
        "CarBattery",
        "SparkPlug",
        "VBL_wheel",
        "VBL_wheel",
        "VBL_wheel",
        "VBL_wheel",
        "VBL_doors_driver",
        "VBL_doors_codriver",
        "VBL_doors_cargo1",
        "VBL_doors_cargo3",
        "VBL_doors_cargo4",
        "VBL_doors_trunk",
        "VBL_wheel"
      ],
      "Variants": []
    },
    {
      "ClassName": "MTLB_RF",
      "MaxPriceThreshold": 200000,
      "MinPriceThreshold": 200000,
      "SellPricePercent": -1,
      "MaxStockThreshold": 1,
      "MinStockThreshold": 1,
      "QuantityPercent": -1,
      "SpawnAttachments": [
        "HeadlightH7",
        "HeadlightH7",
        "CarRadiator",
        "TruckBattery",
        "SparkPlug",
        "MTLB_RF_wheel",
        "MTLB_RF_wheel",
        "MTLB_RF_wheel",
        "MTLB_RF_wheel",
        "MTLB_RF_wheel",
        "MTLB_RF_wheel",
        "MTLB_RF_wheel",
        "MTLB_RF_wheel",
        "MTLB_RF_wheel",
        "MTLB_RF_wheel",
        "MTLB_RF_wheel",
        "MTLB_RF_wheel",
        "MTLB_RF_doors_driver",
        "MTLB_RF_doors_codriver",
        "MTLB_RF_doors_cargo1",
        "MTLB_RF_doors_cargo2",
        "MTLB_RF_doors_cargo3",
        "MTLB_RF_doors_hood1",
        "MTLB_RF_doors_hood",
        "MTLB_RF_doors_trunk",
        "MTLB_RF_doors_trunk1"
      ],
      "Variants": [
        "MTLB_RF_camo",
        "MTLB_RF_camo2"
      ]
    },
    {
      "ClassName": "MTLB_RF_camo",
      "MaxPriceThreshold": 200000,
      "MinPriceThreshold": 200000,
      "SellPricePercent": -1,
      "MaxStockThreshold": 1,
      "MinStockThreshold": 1,
      "QuantityPercent": -1,
      "SpawnAttachments": [
        "HeadlightH7",
        "HeadlightH7",
        "CarRadiator",
        "TruckBattery",
        "SparkPlug",
        "MTLB_RF_wheel",
        "MTLB_RF_wheel",
        "MTLB_RF_wheel",
        "MTLB_RF_wheel",
        "MTLB_RF_wheel",
        "MTLB_RF_wheel",
        "MTLB_RF_wheel",
        "MTLB_RF_wheel",
        "MTLB_RF_wheel",
        "MTLB_RF_wheel",
        "MTLB_RF_wheel",
        "MTLB_RF_wheel",
        "MTLB_RF_doors_driver_camo",
        "MTLB_RF_doors_codriver_camo",
        "MTLB_RF_doors_cargo1_camo",
        "MTLB_RF_doors_cargo2_camo",
        "MTLB_RF_doors_cargo3_camo",
        "MTLB_RF_doors_hood1_camo",
        "MTLB_RF_doors_hood_camo",
        "MTLB_RF_doors_trunk_camo",
        "MTLB_RF_doors_trunk1_camo"
      ],
      "Variants": []
    },
    {
      "ClassName": "MTLB_RF_camo2",
      "MaxPriceThreshold": 200000,
      "MinPriceThreshold": 200000,
      "SellPricePercent": -1,
      "MaxStockThreshold": 1,
      "MinStockThreshold": 1,
      "QuantityPercent": -1,
      "SpawnAttachments": [
        "HeadlightH7",
        "HeadlightH7",
        "CarRadiator",
        "TruckBattery",
        "SparkPlug",
        "MTLB_RF_wheel",
        "MTLB_RF_wheel",
        "MTLB_RF_wheel",
        "MTLB_RF_wheel",
        "MTLB_RF_wheel",
        "MTLB_RF_wheel",
        "MTLB_RF_wheel",
        "MTLB_RF_wheel",
        "MTLB_RF_wheel",
        "MTLB_RF_wheel",
        "MTLB_RF_wheel",
        "MTLB_RF_wheel",
        "MTLB_RF_doors_driver_camo2",
        "MTLB_RF_doors_codriver_camo2",
        "MTLB_RF_doors_cargo1_camo2",
        "MTLB_RF_doors_cargo2_camo2",
        "MTLB_RF_doors_cargo3_camo2",
        "MTLB_RF_doors_hood1_camo2",
        "MTLB_RF_doors_hood_camo2",
        "MTLB_RF_doors_trunk_camo2",
        "MTLB_RF_doors_trunk1_camo2"
      ],
      "Variants": []
    },
    {
      "ClassName": "UAZ_469_army",
      "MaxPriceThreshold": 150000,
      "MinPriceThreshold": 150000,
      "SellPricePercent": -1,
      "MaxStockThreshold": 1,
      "MinStockThreshold": 1,
      "QuantityPercent": -1,
      "SpawnAttachments": [
        "HeadlightH7",
        "HeadlightH7",
        "CarRadiator",
        "CarBattery",
        "SparkPlug",
        "UAZ_469_army_wheel",
        "UAZ_469_army_wheel",
        "UAZ_469_army_wheel",
        "UAZ_469_army_wheel",
        "UAZ_469_army_doors_driver",
        "UAZ_469_army_doors_codriver",
        "UAZ_469_army_doors_cargo1",
        "UAZ_469_army_doors_cargo2",
        "UAZ_469_army_doors_hood",
        "UAZ_469_army_doors_trunk",
        "UAZ_469_army_tent",
        "UAZ_469_army_wheel"
      ],
      "Variants": [
        "UAZ_469_army_camo",
        "UAZ_469_army_yellow",
        "UAZ_469_army_CDF",
        "UAZ_469_army_ChDKZ"
      ]
    },
    {
      "ClassName": "UAZ_469_army_camo",
      "MaxPriceThreshold": 150000,
      "MinPriceThreshold": 150000,
      "SellPricePercent": -1,
      "MaxStockThreshold": 1,
      "MinStockThreshold": 1,
      "QuantityPercent": -1,
      "SpawnAttachments": [
        "HeadlightH7",
        "HeadlightH7",
        "CarRadiator",
        "CarBattery",
        "SparkPlug",
        "UAZ_469_army_wheel",
        "UAZ_469_army_wheel",
        "UAZ_469_army_wheel",
        "UAZ_469_army_wheel",
        "UAZ_469_army_doors_driver_camo",
        "UAZ_469_army_doors_codriver_camo",
        "UAZ_469_army_doors_cargo1_camo",
        "UAZ_469_army_doors_cargo2_camo",
        "UAZ_469_army_doors_hood_camo",
        "UAZ_469_army_doors_trunk_camo",
        "UAZ_469_army_tent",
        "UAZ_469_army_wheel"
      ],
      "Variants": []
    },
    {
      "ClassName": "UAZ_469_army_yellow",
      "MaxPriceThreshold": 150000,
      "MinPriceThreshold": 150000,
      "SellPricePercent": -1,
      "MaxStockThreshold": 1,
      "MinStockThreshold": 1,
      "QuantityPercent": -1,
      "SpawnAttachments": [
        "HeadlightH7",
        "HeadlightH7",
        "CarRadiator",
        "CarBattery",
        "SparkPlug",
        "UAZ_469_army_wheel",
        "UAZ_469_army_wheel",
        "UAZ_469_army_wheel",
        "UAZ_469_army_wheel",
        "UAZ_469_army_doors_driver_yellow",
        "UAZ_469_army_doors_codriver_yellow",
        "UAZ_469_army_doors_cargo1_yellow",
        "UAZ_469_army_doors_cargo2_yellow",
        "UAZ_469_army_doors_hood_yellow",
        "UAZ_469_army_doors_trunk_yellow",
        "UAZ_469_army_tent",
        "UAZ_469_army_wheel"
      ],
      "Variants": []
    },
    {
      "ClassName": "UAZ_469_army_CDF",
      "MaxPriceThreshold": 150000,
      "MinPriceThreshold": 150000,
      "SellPricePercent": -1,
      "MaxStockThreshold": 1,
      "MinStockThreshold": 1,
      "QuantityPercent": -1,
      "SpawnAttachments": [
        "HeadlightH7",
        "HeadlightH7",
        "CarRadiator",
        "CarBattery",
        "SparkPlug",
        "UAZ_469_army_wheel",
        "UAZ_469_army_wheel",
        "UAZ_469_army_wheel",
        "UAZ_469_army_wheel",
        "UAZ_469_army_doors_driver_CDF",
        "UAZ_469_army_doors_codriver_CDF",
        "UAZ_469_army_doors_cargo1_CDF",
        "UAZ_469_army_doors_cargo2_CDF",
        "UAZ_469_army_doors_hood_CDF",
        "UAZ_469_army_doors_trunk_CDF",
        "UAZ_469_army_tent",
        "UAZ_469_army_wheel"
      ],
      "Variants": []
    },
    {
      "ClassName": "UAZ_469_army_ChDKZ",
      "MaxPriceThreshold": 150000,
      "MinPriceThreshold": 150000,
      "SellPricePercent": -1,
      "MaxStockThreshold": 1,
      "MinStockThreshold": 1,
      "QuantityPercent": -1,
      "SpawnAttachments": [
        "HeadlightH7",
        "HeadlightH7",
        "CarRadiator",
        "CarBattery",
        "SparkPlug",
        "UAZ_469_army_wheel",
        "UAZ_469_army_wheel",
        "UAZ_469_army_wheel",
        "UAZ_469_army_wheel",
        "UAZ_469_army_doors_driver_ChDKZ",
        "UAZ_469_army_doors_codriver_ChDKZ",
        "UAZ_469_army_doors_cargo1_ChDKZ",
        "UAZ_469_army_doors_cargo2_ChDKZ",
        "UAZ_469_army_doors_hood_ChDKZ",
        "UAZ_469_army_doors_trunk_ChDKZ",
        "UAZ_469_army_tent",
        "UAZ_469_army_wheel"
      ],
      "Variants": []
    },
    {
      "ClassName": "UAZ_469_Hunter",
      "MaxPriceThreshold": 150000,
      "MinPriceThreshold": 150000,
      "SellPricePercent": -1,
      "MaxStockThreshold": 1,
      "MinStockThreshold": 1,
      "QuantityPercent": -1,
      "SpawnAttachments": [
        "HeadlightH7",
        "HeadlightH7",
        "CarRadiator",
        "CarBattery",
        "SparkPlug",
        "UAZ_469_Hunter_wheel",
        "UAZ_469_Hunter_wheel",
        "UAZ_469_Hunter_wheel",
        "UAZ_469_Hunter_wheel",
        "UAZ_469_Hunter_doors_driver",
        "UAZ_469_Hunter_doors_codriver",
        "UAZ_469_Hunter_doors_cargo1",
        "UAZ_469_Hunter_doors_cargo2",
        "UAZ_469_Hunter_doors_hood",
        "UAZ_469_Hunter_doors_trunk",
        "UAZ_469_Hunter_wheel"
      ],
      "Variants": []
    },
    {
      "ClassName": "UAZ_469_milicia",
      "MaxPriceThreshold": 150000,
      "MinPriceThreshold": 150000,
      "SellPricePercent": -1,
      "MaxStockThreshold": 1,
      "MinStockThreshold": 1,
      "QuantityPercent": -1,
      "SpawnAttachments": [
        "HeadlightH7",
        "HeadlightH7",
        "CarRadiator",
        "CarBattery",
        "SparkPlug",
        "UAZ_469_milicia_wheel",
        "UAZ_469_milicia_wheel",
        "UAZ_469_milicia_wheel",
        "UAZ_469_milicia_wheel",
        "UAZ_469_milicia_doors_driver",
        "UAZ_469_milicia_doors_codriver",
        "UAZ_469_milicia_doors_cargo1",
        "UAZ_469_milicia_doors_cargo2",
        "UAZ_469_milicia_doors_hood",
        "UAZ_469_milicia_doors_trunk",
        "UAZ_469_milicia_wheel"
      ],
      "Variants": []
    },
    {
      "ClassName": "Gaz_233002_Tiger",
      "MaxPriceThreshold": 175000,
      "MinPriceThreshold": 175000,
      "SellPricePercent": -1,
      "MaxStockThreshold": 1,
      "MinStockThreshold": 1,
      "QuantityPercent": -1,
      "SpawnAttachments": [
        "HeadlightH7",
        "HeadlightH7",
        "CarRadiator",
        "CarBattery",
        "SparkPlug",
        "Gaz_233002_Tiger_wheel",
        "Gaz_233002_Tiger_wheel",
        "Gaz_233002_Tiger_wheel",
        "Gaz_233002_Tiger_wheel",
        "Gaz_233002_Tiger_doors_driver",
        "Gaz_233002_Tiger_doors_codriver",
        "Gaz_233002_Tiger_doors_hood",
        "Gaz_233002_Tiger_doors_trunk",
        "Gaz_233002_Tiger_tent",
        "Gaz_233002_Tiger_wheel"
      ],
      "Variants": [
        "Gaz_233002_Tiger_camo"
      ]
    },
    {
      "ClassName": "Gaz_233002_Tiger_camo",
      "MaxPriceThreshold": 175000,
      "MinPriceThreshold": 175000,
      "SellPricePercent": -1,
      "MaxStockThreshold": 1,
      "MinStockThreshold": 1,
      "QuantityPercent": -1,
      "SpawnAttachments": [
        "HeadlightH7",
        "HeadlightH7",
        "CarRadiator",
        "CarBattery",
        "SparkPlug",
        "Gaz_233002_Tiger_wheel",
        "Gaz_233002_Tiger_wheel",
        "Gaz_233002_Tiger_wheel",
        "Gaz_233002_Tiger_wheel",
        "Gaz_233002_Tiger_doors_driver_camo",
        "Gaz_233002_Tiger_doors_codriver_camo",
        "Gaz_233002_Tiger_doors_hood_camo",
        "Gaz_233002_Tiger_doors_trunk_camo",
        "Gaz_233002_Tiger_tent",
        "Gaz_233002_Tiger_wheel"
      ],
      "Variants": []
    },
    {
      "ClassName": "ij_2715_RF",
      "MaxPriceThreshold": 150000,
      "MinPriceThreshold": 150000,
      "SellPricePercent": -1,
      "MaxStockThreshold": 1,
      "MinStockThreshold": 1,
      "QuantityPercent": -1,
      "SpawnAttachments": [
        "HeadlightH7",
        "HeadlightH7",
        "CarRadiator",
        "CarBattery",
        "SparkPlug",
        "ij_2715_RF_wheel",
        "ij_2715_RF_wheel",
        "ij_2715_RF_wheel",
        "ij_2715_RF_wheel",
        "ij_2715_RF_doors_driver",
        "ij_2715_RF_doors_codriver",
        "ij_2715_RF_doors_cargo1",
        "ij_2715_RF_doors_cargo2",
        "ij_2715_RF_doors_hood",
        "ij_2715_RF_wheel"
      ],
      "Variants": [
        "ij_2715_RF_blue",
        "ij_2715_RF_green",
        "ij_2715_RF_red"
      ]
    },
    {
      "ClassName": "ij_2715_RF_blue",
      "MaxPriceThreshold": 150000,
      "MinPriceThreshold": 150000,
      "SellPricePercent": -1,
      "MaxStockThreshold": 1,
      "MinStockThreshold": 1,
      "QuantityPercent": -1,
      "SpawnAttachments": [
        "HeadlightH7",
        "HeadlightH7",
        "CarRadiator",
        "CarBattery",
        "SparkPlug",
        "ij_2715_RF_wheel",
        "ij_2715_RF_wheel",
        "ij_2715_RF_wheel",
        "ij_2715_RF_wheel",
        "ij_2715_RF_doors_driver_blue",
        "ij_2715_RF_doors_codriver_blue",
        "ij_2715_RF_doors_cargo1_blue",
        "ij_2715_RF_doors_cargo2_blue",
        "ij_2715_RF_doors_hood_blue",
        "ij_2715_RF_wheel"
      ],
      "Variants": []
    },
    {
      "ClassName": "ij_2715_RF_green",
      "MaxPriceThreshold": 150000,
      "MinPriceThreshold": 150000,
      "SellPricePercent": -1,
      "MaxStockThreshold": 1,
      "MinStockThreshold": 1,
      "QuantityPercent": -1,
      "SpawnAttachments": [
        "HeadlightH7",
        "HeadlightH7",
        "CarRadiator",
        "CarBattery",
        "SparkPlug",
        "ij_2715_RF_wheel",
        "ij_2715_RF_wheel",
        "ij_2715_RF_wheel",
        "ij_2715_RF_wheel",
        "ij_2715_RF_doors_driver_green",
        "ij_2715_RF_doors_codriver_green",
        "ij_2715_RF_doors_cargo1_green",
        "ij_2715_RF_doors_cargo2_green",
        "ij_2715_RF_doors_hood_green",
        "ij_2715_RF_wheel"
      ],
      "Variants": []
    },
    {
      "ClassName": "ij_2715_RF_red",
      "MaxPriceThreshold": 150000,
      "MinPriceThreshold": 150000,
      "SellPricePercent": -1,
      "MaxStockThreshold": 1,
      "MinStockThreshold": 1,
      "QuantityPercent": -1,
      "SpawnAttachments": [
        "HeadlightH7",
        "HeadlightH7",
        "CarRadiator",
        "CarBattery",
        "SparkPlug",
        "ij_2715_RF_wheel",
        "ij_2715_RF_wheel",
        "ij_2715_RF_wheel",
        "ij_2715_RF_wheel",
        "ij_2715_RF_doors_driver_red",
        "ij_2715_RF_doors_codriver_red",
        "ij_2715_RF_doors_cargo1_red",
        "ij_2715_RF_doors_cargo2_red",
        "ij_2715_RF_doors_hood_red",
        "ij_2715_RF_wheel"
      ],
      "Variants": []
    },
    {
      "ClassName": "UAZ_27722_mchs",
      "MaxPriceThreshold": 130000,
      "MinPriceThreshold": 130000,
      "SellPricePercent": -1,
      "MaxStockThreshold": 1,
      "MinStockThreshold": 1,
      "QuantityPercent": -1,
      "SpawnAttachments": [
        "HeadlightH7",
        "HeadlightH7",
        "CarRadiator",
        "CarBattery",
        "SparkPlug",
        "UAZ_27722_mchs_wheel",
        "UAZ_27722_mchs_wheel",
        "UAZ_27722_mchs_wheel",
        "UAZ_27722_mchs_wheel",
        "UAZ_27722_mchs_doors_driver",
        "UAZ_27722_mchs_doors_codriver",
        "UAZ_27722_mchs_doors_cargo1",
        "UAZ_27722_mchs_doors_cargo2",
        "UAZ_27722_mchs_doors_hood",
        "UAZ_27722_mchs_doors_trunk",
        "UAZ_27722_mchs_migalka",
        "UAZ_27722_mchs_wheel"
      ],
      "Variants": [
        "UAZ_27722_ambulancia",
        "UAZ_27722_ambulancia2",
        "UAZ_27722_red",
        "UAZ_27722_yellow",
        "UAZ_27722_brown",
        "UAZ_27722_blue"
      ]
    },
    {
      "ClassName": "UAZ_27722_ambulancia",
      "MaxPriceThreshold": 130000,
      "MinPriceThreshold": 130000,
      "SellPricePercent": -1,
      "MaxStockThreshold": 1,
      "MinStockThreshold": 1,
      "QuantityPercent": -1,
      "SpawnAttachments": [
        "HeadlightH7",
        "HeadlightH7",
        "CarRadiator",
        "CarBattery",
        "SparkPlug",
        "UAZ_27722_mchs_wheel",
        "UAZ_27722_mchs_wheel",
        "UAZ_27722_mchs_wheel",
        "UAZ_27722_mchs_wheel",
        "UAZ_27722_doors_driver_ambulancia",
        "UAZ_27722_doors_codriver_ambulancia",
        "UAZ_27722_doors_cargo1_ambulancia",
        "UAZ_27722_doors_cargo2_ambulancia",
        "UAZ_27722_doors_hood_ambulancia",
        "UAZ_27722_doors_trunk_ambulancia",
        "UAZ_27722_mchs_migalka",
        "UAZ_27722_mchs_wheel"
      ],
      "Variants": []
    },
    {
      "ClassName": "UAZ_27722_ambulancia2",
      "MaxPriceThreshold": 130000,
      "MinPriceThreshold": 130000,
      "SellPricePercent": -1,
      "MaxStockThreshold": 1,
      "MinStockThreshold": 1,
      "QuantityPercent": -1,
      "SpawnAttachments": [
        "HeadlightH7",
        "HeadlightH7",
        "CarRadiator",
        "CarBattery",
        "SparkPlug",
        "UAZ_27722_mchs_wheel",
        "UAZ_27722_mchs_wheel",
        "UAZ_27722_mchs_wheel",
        "UAZ_27722_mchs_wheel",
        "UAZ_27722_doors_driver_ambulancia2",
        "UAZ_27722_doors_codriver_ambulancia2",
        "UAZ_27722_doors_cargo1_ambulancia2",
        "UAZ_27722_doors_cargo2_ambulancia2",
        "UAZ_27722_doors_hood_ambulancia2",
        "UAZ_27722_doors_trunk_ambulancia2",
        "UAZ_27722_mchs_migalka",
        "UAZ_27722_mchs_wheel"
      ],
      "Variants": []
    },
    {
      "ClassName": "UAZ_27722_red",
      "MaxPriceThreshold": 130000,
      "MinPriceThreshold": 130000,
      "SellPricePercent": -1,
      "MaxStockThreshold": 1,
      "MinStockThreshold": 1,
      "QuantityPercent": -1,
      "SpawnAttachments": [
        "HeadlightH7",
        "HeadlightH7",
        "CarRadiator",
        "CarBattery",
        "SparkPlug",
        "UAZ_27722_mchs_wheel",
        "UAZ_27722_mchs_wheel",
        "UAZ_27722_mchs_wheel",
        "UAZ_27722_mchs_wheel",
        "UAZ_27722_doors_driver_red",
        "UAZ_27722_doors_codriver_red",
        "UAZ_27722_doors_cargo1_red",
        "UAZ_27722_doors_cargo2_red",
        "UAZ_27722_doors_hood_red",
        "UAZ_27722_doors_trunk_red",
        "UAZ_27722_mchs_wheel"
      ],
      "Variants": []
    },
    {
      "ClassName": "UAZ_27722_yellow",
      "MaxPriceThreshold": 130000,
      "MinPriceThreshold": 130000,
      "SellPricePercent": -1,
      "MaxStockThreshold": 1,
      "MinStockThreshold": 1,
      "QuantityPercent": -1,
      "SpawnAttachments": [
        "HeadlightH7",
        "HeadlightH7",
        "CarRadiator",
        "CarBattery",
        "SparkPlug",
        "UAZ_27722_mchs_wheel",
        "UAZ_27722_mchs_wheel",
        "UAZ_27722_mchs_wheel",
        "UAZ_27722_mchs_wheel",
        "UAZ_27722_doors_driver_yellow",
        "UAZ_27722_doors_codriver_yellow",
        "UAZ_27722_doors_cargo1_yellow",
        "UAZ_27722_doors_cargo2_yellow",
        "UAZ_27722_doors_hood_yellow",
        "UAZ_27722_doors_trunk_yellow",
        "UAZ_27722_mchs_wheel"
      ],
      "Variants": []
    },
    {
      "ClassName": "UAZ_27722_brown",
      "MaxPriceThreshold": 130000,
      "MinPriceThreshold": 130000,
      "SellPricePercent": -1,
      "MaxStockThreshold": 1,
      "MinStockThreshold": 1,
      "QuantityPercent": -1,
      "SpawnAttachments": [
        "HeadlightH7",
        "HeadlightH7",
        "CarRadiator",
        "CarBattery",
        "SparkPlug",
        "UAZ_27722_mchs_wheel",
        "UAZ_27722_mchs_wheel",
        "UAZ_27722_mchs_wheel",
        "UAZ_27722_mchs_wheel",
        "UAZ_27722_doors_driver_brown",
        "UAZ_27722_doors_codriver_brown",
        "UAZ_27722_doors_cargo1_brown",
        "UAZ_27722_doors_cargo2_brown",
        "UAZ_27722_doors_hood_brown",
        "UAZ_27722_doors_trunk_brown",
        "UAZ_27722_mchs_wheel"
      ],
      "Variants": []
    },
    {
      "ClassName": "UAZ_27722_blue",
      "MaxPriceThreshold": 130000,
      "MinPriceThreshold": 130000,
      "SellPricePercent": -1,
      "MaxStockThreshold": 1,
      "MinStockThreshold": 1,
      "QuantityPercent": -1,
      "SpawnAttachments": [
        "HeadlightH7",
        "HeadlightH7",
        "CarRadiator",
        "CarBattery",
        "SparkPlug",
        "UAZ_27722_mchs_wheel",
        "UAZ_27722_mchs_wheel",
        "UAZ_27722_mchs_wheel",
        "UAZ_27722_mchs_wheel",
        "UAZ_27722_doors_driver_blue",
        "UAZ_27722_doors_codriver_blue",
        "UAZ_27722_doors_cargo1_blue",
        "UAZ_27722_doors_cargo2_blue",
        "UAZ_27722_doors_hood_blue",
        "UAZ_27722_doors_trunk_blue",
        "UAZ_27722_mchs_wheel"
      ],
      "Variants": []
    },
    {
      "ClassName": "UAZ_31519_Police",
      "MaxPriceThreshold": 130000,
      "MinPriceThreshold": 130000,
      "SellPricePercent": -1,
      "MaxStockThreshold": 1,
      "MinStockThreshold": 1,
      "QuantityPercent": -1,
      "SpawnAttachments": [
        "HeadlightH7",
        "HeadlightH7",
        "CarRadiator",
        "CarBattery",
        "SparkPlug",
        "UAZ_31519_Police_wheel",
        "UAZ_31519_Police_wheel",
        "UAZ_31519_Police_wheel",
        "UAZ_31519_Police_wheel",
        "UAZ_31519_Police_doors_driver",
        "UAZ_31519_Police_doors_codriver",
        "UAZ_31519_Police_doors_cargo1",
        "UAZ_31519_Police_doors_cargo2",
        "UAZ_31519_Police_doors_hood",
        "UAZ_31519_Police_doors_trunk",
        "UAZ_31519_Police_wheel"
      ],
      "Variants": [
        "UAZ_31519_Police_MCHS",
        "UAZ_31519_Police_rust",
        "UAZ_31519_Police_MCHS_rust"
      ]
    },
    {
      "ClassName": "UAZ_31519_Police_MCHS",
      "MaxPriceThreshold": 130000,
      "MinPriceThreshold": 130000,
      "SellPricePercent": -1,
      "MaxStockThreshold": 1,
      "MinStockThreshold": 1,
      "QuantityPercent": -1,
      "SpawnAttachments": [
        "HeadlightH7",
        "HeadlightH7",
        "CarRadiator",
        "CarBattery",
        "SparkPlug",
        "UAZ_31519_Police_wheel",
        "UAZ_31519_Police_wheel",
        "UAZ_31519_Police_wheel",
        "UAZ_31519_Police_wheel",
        "UAZ_31519_Police_doors_driver_MCHS",
        "UAZ_31519_Police_doors_codriver_MCHS",
        "UAZ_31519_Police_doors_cargo1_MCHS",
        "UAZ_31519_Police_doors_cargo2_MCHS",
        "UAZ_31519_Police_doors_hood_MCHS",
        "UAZ_31519_Police_doors_trunk_MCHS",
        "UAZ_31519_Police_wheel"
      ],
      "Variants": []
    },
    {
      "ClassName": "UAZ_31519_Police_rust",
      "MaxPriceThreshold": 130000,
      "MinPriceThreshold": 130000,
      "SellPricePercent": -1,
      "MaxStockThreshold": 1,
      "MinStockThreshold": 1,
      "QuantityPercent": -1,
      "SpawnAttachments": [
        "HeadlightH7",
        "HeadlightH7",
        "CarRadiator",
        "CarBattery",
        "SparkPlug",
        "UAZ_31519_Police_wheel",
        "UAZ_31519_Police_wheel",
        "UAZ_31519_Police_wheel",
        "UAZ_31519_Police_wheel",
        "UAZ_31519_Police_doors_driver_rust",
        "UAZ_31519_Police_doors_codriver_rust",
        "UAZ_31519_Police_doors_cargo1_rust",
        "UAZ_31519_Police_doors_cargo2_rust",
        "UAZ_31519_Police_doors_hood_rust",
        "UAZ_31519_Police_doors_trunk_rust",
        "UAZ_31519_Police_wheel"
      ],
      "Variants": []
    },
    {
      "ClassName": "UAZ_31519_Police_MCHS_rust",
      "MaxPriceThreshold": 130000,
      "MinPriceThreshold": 130000,
      "SellPricePercent": -1,
      "MaxStockThreshold": 1,
      "MinStockThreshold": 1,
      "QuantityPercent": -1,
      "SpawnAttachments": [
        "HeadlightH7",
        "HeadlightH7",
        "CarRadiator",
        "CarBattery",
        "SparkPlug",
        "UAZ_31519_Police_wheel",
        "UAZ_31519_Police_wheel",
        "UAZ_31519_Police_wheel",
        "UAZ_31519_Police_wheel",
        "UAZ_31519_Police_doors_driver_MCHS_rust",
        "UAZ_31519_Police_doors_codriver_MCHS_rust",
        "UAZ_31519_Police_doors_cargo1_MCHS_rust",
        "UAZ_31519_Police_doors_cargo2_MCHS_rust",
        "UAZ_31519_Police_doors_hood_MCHS_rust",
        "UAZ_31519_Police_doors_trunk_MCHS_rust",
        "UAZ_31519_Police_wheel"
      ],
      "Variants": []
    },
    {
      "ClassName": "GAZ_69_rus",
      "MaxPriceThreshold": 120000,
      "MinPriceThreshold": 120000,
      "SellPricePercent": -1,
      "MaxStockThreshold": 1,
      "MinStockThreshold": 1,
      "QuantityPercent": -1,
      "SpawnAttachments": [
        "HeadlightH7",
        "HeadlightH7",
        "CarRadiator",
        "CarBattery",
        "SparkPlug",
        "GAZ_69_rus_wheel",
        "GAZ_69_rus_wheel",
        "GAZ_69_rus_wheel",
        "GAZ_69_rus_wheel",
        "GAZ_69_rus_doors_driver",
        "GAZ_69_rus_doors_codriver",
        "GAZ_69_rus_doors_cargo1",
        "GAZ_69_rus_doors_cargo2",
        "GAZ_69_rus_doors_hood",
        "GAZ_69_rus_doors_trunk",
        "GAZ_69_rus_tent",
        "GAZ_69_rus_wheel"
      ],
      "Variants": [
        "GAZ_69_rus_green",
        "GAZ_69_rus_yellow"
      ]
    },
    {
      "ClassName": "GAZ_69_rus_green",
      "MaxPriceThreshold": 120000,
      "MinPriceThreshold": 120000,
      "SellPricePercent": -1,
      "MaxStockThreshold": 1,
      "MinStockThreshold": 1,
      "QuantityPercent": -1,
      "SpawnAttachments": [
        "HeadlightH7",
        "HeadlightH7",
        "CarRadiator",
        "CarBattery",
        "SparkPlug",
        "GAZ_69_rus_wheel",
        "GAZ_69_rus_wheel",
        "GAZ_69_rus_wheel",
        "GAZ_69_rus_wheel",
        "GAZ_69_rus_doors_driver_green",
        "GAZ_69_rus_doors_codriver_green",
        "GAZ_69_rus_doors_cargo1_green",
        "GAZ_69_rus_doors_cargo2_green",
        "GAZ_69_rus_doors_hood_green",
        "GAZ_69_rus_doors_trunk_green",
        "GAZ_69_rus_tent",
        "GAZ_69_rus_wheel"
      ],
      "Variants": []
    },
    {
      "ClassName": "GAZ_69_rus_yellow",
      "MaxPriceThreshold": 120000,
      "MinPriceThreshold": 120000,
      "SellPricePercent": -1,
      "MaxStockThreshold": 1,
      "MinStockThreshold": 1,
      "QuantityPercent": -1,
      "SpawnAttachments": [
        "HeadlightH7",
        "HeadlightH7",
        "CarRadiator",
        "CarBattery",
        "SparkPlug",
        "GAZ_69_rus_wheel",
        "GAZ_69_rus_wheel",
        "GAZ_69_rus_wheel",
        "GAZ_69_rus_wheel",
        "GAZ_69_rus_doors_driver_yellow",
        "GAZ_69_rus_doors_codriver_yellow",
        "GAZ_69_rus_doors_cargo1_yellow",
        "GAZ_69_rus_doors_cargo2_yellow",
        "GAZ_69_rus_doors_hood_yellow",
        "GAZ_69_rus_doors_trunk_yellow",
        "GAZ_69_rus_tent",
        "GAZ_69_rus_wheel"
      ],
      "Variants": []
    }
  ]
}