{
  "m_Version": 12,
  "DisplayName": "Vehicle Parts",
  "Icon": "Deliver",
  "Color": "FBFCFEFF",
  "IsExchange": 0,
  "InitStockPercent": 75,
  "Items": [
    {
      "ClassName": "CarBattery",
      "MaxPriceThreshold": 810,
      "MinPriceThreshold": 485,
      "SellPricePercent": -1,
      "MaxStockThreshold": 1,
      "MinStockThreshold": 1,
      "QuantityPercent": -1,
      "SpawnAttachments": [],
      "Variants": []
    },
    {
      "ClassName": "TruckBattery",
      "MaxPriceThreshold": 900,
      "MinPriceThreshold": 700,
      "SellPricePercent": -1,
      "MaxStockThreshold": 1,
      "MinStockThreshold": 1,
      "QuantityPercent": -1,
      "SpawnAttachments": [],
      "Variants": []
    },
    {
      "ClassName": "headlighth7_box",
      "MaxPriceThreshold": 300,
      "MinPriceThreshold": 200,
      "SellPricePercent": -1,
      "MaxStockThreshold": 1,
      "MinStockThreshold": 1,
      "QuantityPercent": -1,
      "SpawnAttachments": [],
      "Variants": []
    },
    {
      "ClassName": "Garage_Sign_PlayerKit",
      "MaxPriceThreshold": 1015,
      "MinPriceThreshold": 610,
      "SellPricePercent": -1,
      "MaxStockThreshold": 1,
      "MinStockThreshold": 1,
      "QuantityPercent": -1,
      "SpawnAttachments": [],
      "Variants": []
    },
    {
      "ClassName": "headlighth7",
      "MaxPriceThreshold": 300,
      "MinPriceThreshold": 200,
      "SellPricePercent": -1,
      "MaxStockThreshold": 1,
      "MinStockThreshold": 1,
      "QuantityPercent": -1,
      "SpawnAttachments": [],
      "Variants": []
    },
    {
      "ClassName": "CarRadiator",
      "MaxPriceThreshold": 1015,
      "MinPriceThreshold": 610,
      "SellPricePercent": -1,
      "MaxStockThreshold": 1,
      "MinStockThreshold": 1,
      "QuantityPercent": -1,
      "SpawnAttachments": [],
      "Variants": []
    },
    {
      "ClassName": "tirerepairkit",
      "MaxPriceThreshold": 1015,
      "MinPriceThreshold": 610,
      "SellPricePercent": -1,
      "MaxStockThreshold": 1,
      "MinStockThreshold": 1,
      "QuantityPercent": -1,
      "SpawnAttachments": [],
      "Variants": []
    },
    {
      "ClassName": "sparkplug",
      "MaxPriceThreshold": 1015,
      "MinPriceThreshold": 610,
      "SellPricePercent": -1,
      "MaxStockThreshold": 1,
      "MinStockThreshold": 1,
      "QuantityPercent": -1,
      "SpawnAttachments": [],
      "Variants": []
    },
    {
      "ClassName": "glowplug",
      "MaxPriceThreshold": 1135,
      "MinPriceThreshold": 680,
      "SellPricePercent": -1,
      "MaxStockThreshold": 1,
      "MinStockThreshold": 1,
      "QuantityPercent": -1,
      "SpawnAttachments": [],
      "Variants": []
    },
    {
      "ClassName": "expansionigniterplug",
      "MaxPriceThreshold": 1135,
      "MinPriceThreshold": 680,
      "SellPricePercent": -1,
      "MaxStockThreshold": 1,
      "MinStockThreshold": 1,
      "QuantityPercent": -1,
      "SpawnAttachments": [],
      "Variants": []
    },
    {
      "ClassName": "expansionhydraulichoses",
      "MaxPriceThreshold": 1015,
      "MinPriceThreshold": 610,
      "SellPricePercent": -1,
      "MaxStockThreshold": 1,
      "MinStockThreshold": 1,
      "QuantityPercent": -1,
      "SpawnAttachments": [],
      "Variants": []
    },
    {
      "ClassName": "expansioncarkey",
      "MaxPriceThreshold": 500,
      "MinPriceThreshold": 250,
      "SellPricePercent": -1,
      "MaxStockThreshold": 1,
      "MinStockThreshold": 1,
      "QuantityPercent": -1,
      "SpawnAttachments": [],
      "Variants": []
    },
    {
      "ClassName": "expansionkeychain_red",
      "MaxPriceThreshold": 200,
      "MinPriceThreshold": 100,
      "SellPricePercent": -1,
      "MaxStockThreshold": 1,
      "MinStockThreshold": 1,
      "QuantityPercent": -1,
      "SpawnAttachments": [],
      "Variants": [
        "expansionkeychain_white",
        "expansionkeychain_black",
        "expansionkeychain_blue",
        "expansionkeychain_green",
        "expansionkeychain_grey",
        "expansionkeychain_orange",
        "expansionkeychain_pink",
        "expansionkeychain_purple",
        "expansionkeychain_yellow"
      ]
    }
  ]
}