{
  "m_Version": 12,
  "DisplayName": "Sedans",
  "Icon": "Deliver",
  "Color": "FBFCFEFF",
  "IsExchange": 0,
  "InitStockPercent": 75,
  "Items": [
    {
      "ClassName": "sedan_02",
      "MaxPriceThreshold": 50000,
      "MinPriceThreshold": 50000,
      "SellPricePercent": -1,
      "MaxStockThreshold": 1,
      "MinStockThreshold": 1,
      "QuantityPercent": -1,
      "SpawnAttachments": [
        "sedan_02_wheel",
        "sedan_02_wheel",
        "sedan_02_wheel",
        "sedan_02_wheel",
        "sedan_02_wheel",
        "carbattery",
        "carradiator",
        "sparkplug",
        "sedan_02_hood",
        "sedan_02_trunk",
        "sedan_02_door_1_1",
        "sedan_02_door_2_1",
        "sedan_02_door_1_2",
        "sedan_02_door_2_2",
        "headlighth7",
        "headlighth7"
      ],
      "Variants": []
    },
    {
      "ClassName": "civiliansedan",
      "MaxPriceThreshold": 50000,
      "MinPriceThreshold": 50000,
      "SellPricePercent": -1,
      "MaxStockThreshold": 1,
      "MinStockThreshold": 1,
      "QuantityPercent": -1,
      "SpawnAttachments": [
        "civsedanwheel",
        "civsedanwheel",
        "civsedanwheel",
        "civsedanwheel",
        "civsedanwheel",
        "carbattery",
        "carradiator",
        "sparkplug",
        "civsedanhood",
        "civsedantrunk",
        "civsedandoors_driver",
        "civsedandoors_codriver",
        "civsedandoors_backleft",
        "civsedandoors_backright",
        "headlighth7",
        "headlighth7"
      ],
      "Variants": []
    },
    {
      "ClassName": "IJ_2140_SL",
      "MaxPriceThreshold": 75000,
      "MinPriceThreshold": 75000,
      "SellPricePercent": -1,
      "MaxStockThreshold": 1,
      "MinStockThreshold": 1,
      "QuantityPercent": -1,
      "SpawnAttachments": [
        "HeadlightH7",
        "HeadlightH7",
        "CarRadiator",
        "CarBattery",
        "SparkPlug",
        "IJ_2140_SL_wheel",
        "IJ_2140_SL_wheel",
        "IJ_2140_SL_wheel",
        "IJ_2140_SL_wheel",
        "IJ_2140_SL_doors_driver",
        "IJ_2140_SL_doors_codriver",
        "IJ_2140_SL_doors_cargo1",
        "IJ_2140_SL_doors_cargo2",
        "IJ_2140_SL_doors_hood",
        "IJ_2140_SL_doors_trunk",
        "IJ_2140_SL_wheel"
      ],
      "Variants": [
        "IJ_2140_SL_black",
        "IJ_2140_SL_red",
        "IJ_2140_SL_blue",
        "IJ_2140_SL_green",
        "IJ_2140_SLGAI"
      ]
    },
    {
      "ClassName": "IJ_2140_SL_black",
      "MaxPriceThreshold": 75000,
      "MinPriceThreshold": 75000,
      "SellPricePercent": -1,
      "MaxStockThreshold": 1,
      "MinStockThreshold": 1,
      "QuantityPercent": -1,
      "SpawnAttachments": [
        "HeadlightH7",
        "HeadlightH7",
        "CarRadiator",
        "CarBattery",
        "SparkPlug",
        "IJ_2140_SL_wheel",
        "IJ_2140_SL_wheel",
        "IJ_2140_SL_wheel",
        "IJ_2140_SL_wheel",
        "IJ_2140_SL_doors_driver_black",
        "IJ_2140_SL_doors_codriver_black",
        "IJ_2140_SL_doors_cargo1_black",
        "IJ_2140_SL_doors_cargo2_black",
        "IJ_2140_SL_doors_hood_black",
        "IJ_2140_SL_doors_trunk_black",
        "IJ_2140_SL_wheel"
      ],
      "Variants": []
    },
    {
      "ClassName": "IJ_2140_SL_red",
      "MaxPriceThreshold": 75000,
      "MinPriceThreshold": 75000,
      "SellPricePercent": -1,
      "MaxStockThreshold": 1,
      "MinStockThreshold": 1,
      "QuantityPercent": -1,
      "SpawnAttachments": [
        "HeadlightH7",
        "HeadlightH7",
        "CarRadiator",
        "CarBattery",
        "SparkPlug",
        "IJ_2140_SL_wheel",
        "IJ_2140_SL_wheel",
        "IJ_2140_SL_wheel",
        "IJ_2140_SL_wheel",
        "IJ_2140_SL_doors_driver_red",
        "IJ_2140_SL_doors_codriver_red",
        "IJ_2140_SL_doors_cargo1_red",
        "IJ_2140_SL_doors_cargo2_red",
        "IJ_2140_SL_doors_hood_red",
        "IJ_2140_SL_doors_trunk_red",
        "IJ_2140_SL_wheel"
      ],
      "Variants": []
    },
    {
      "ClassName": "IJ_2140_SL_blue",
      "MaxPriceThreshold": 75000,
      "MinPriceThreshold": 75000,
      "SellPricePercent": -1,
      "MaxStockThreshold": 1,
      "MinStockThreshold": 1,
      "QuantityPercent": -1,
      "SpawnAttachments": [
        "HeadlightH7",
        "HeadlightH7",
        "CarRadiator",
        "CarBattery",
        "SparkPlug",
        "IJ_2140_SL_wheel",
        "IJ_2140_SL_wheel",
        "IJ_2140_SL_wheel",
        "IJ_2140_SL_wheel",
        "IJ_2140_SL_doors_driver_blue",
        "IJ_2140_SL_doors_codriver_blue",
        "IJ_2140_SL_doors_cargo1_blue",
        "IJ_2140_SL_doors_cargo2_blue",
        "IJ_2140_SL_doors_hood_blue",
        "IJ_2140_SL_doors_trunk_blue",
        "IJ_2140_SL_wheel"
      ],
      "Variants": []
    },
    {
      "ClassName": "IJ_2140_SL_green",
      "MaxPriceThreshold": 75000,
      "MinPriceThreshold": 75000,
      "SellPricePercent": -1,
      "MaxStockThreshold": 1,
      "MinStockThreshold": 1,
      "QuantityPercent": -1,
      "SpawnAttachments": [
        "HeadlightH7",
        "HeadlightH7",
        "CarRadiator",
        "CarBattery",
        "SparkPlug",
        "IJ_2140_SL_wheel",
        "IJ_2140_SL_wheel",
        "IJ_2140_SL_wheel",
        "IJ_2140_SL_wheel",
        "IJ_2140_SL_doors_driver_green",
        "IJ_2140_SL_doors_codriver_green",
        "IJ_2140_SL_doors_cargo1_green",
        "IJ_2140_SL_doors_cargo2_green",
        "IJ_2140_SL_doors_hood_green",
        "IJ_2140_SL_doors_trunk_green",
        "IJ_2140_SL_wheel"
      ],
      "Variants": []
    },
    {
      "ClassName": "IJ_2140_SLGAI",
      "MaxPriceThreshold": 75000,
      "MinPriceThreshold": 75000,
      "SellPricePercent": -1,
      "MaxStockThreshold": 1,
      "MinStockThreshold": 1,
      "QuantityPercent": -1,
      "SpawnAttachments": [
        "HeadlightH7",
        "HeadlightH7",
        "CarRadiator",
        "CarBattery",
        "SparkPlug",
        "IJ_2140_SL_wheel",
        "IJ_2140_SL_wheel",
        "IJ_2140_SL_wheel",
        "IJ_2140_SL_wheel",
        "IJ_2140_SL_doors_driver_GAI",
        "IJ_2140_SL_doors_codriver_GAI",
        "IJ_2140_SL_doors_cargo1_GAI",
        "IJ_2140_SL_doors_cargo2_GAI",
        "IJ_2140_SL_doors_hood_GAI",
        "IJ_2140_SL_doors_trunk_GAI",
        "IJ_2140_SL_wheel"
      ],
      "Variants": []
    },
    {
      "ClassName": "GAZ_13_Chaika",
      "MaxPriceThreshold": 75000,
      "MinPriceThreshold": 75000,
      "SellPricePercent": -1,
      "MaxStockThreshold": 1,
      "MinStockThreshold": 1,
      "QuantityPercent": -1,
      "SpawnAttachments": [
        "HeadlightH7",
        "HeadlightH7",
        "CarRadiator",
        "CarBattery",
        "SparkPlug",
        "GAZ_13_Chaika_wheel",
        "GAZ_13_Chaika_wheel",
        "GAZ_13_Chaika_wheel",
        "GAZ_13_Chaika_wheel",
        "GAZ_13_Chaika_doors_driver",
        "GAZ_13_Chaika_doors_codriver",
        "GAZ_13_Chaika_doors_cargo1",
        "GAZ_13_Chaika_doors_cargo2",
        "GAZ_13_Chaika_doors_hood",
        "GAZ_13_Chaika_doors_trunk",
        "GAZ_13_Chaika_wheel"
      ],
      "Variants": [
        "GAZ_13_Chaika_black_rust",
        "GAZ_13_Chaika_white",
        "GAZ_13_Chaika_white_rust",
        "GAZ_13_Chaika_automatic",
        "GAZ_13_Chaika_black_rust_automatic",
        "GAZ_13_Chaika_white_automatic",
        "GAZ_13_Chaika_white_rust_automatic"
      ]
    },
    {
      "ClassName": "GAZ_13_Chaika_black_rust",
      "MaxPriceThreshold": 75000,
      "MinPriceThreshold": 75000,
      "SellPricePercent": -1,
      "MaxStockThreshold": 1,
      "MinStockThreshold": 1,
      "QuantityPercent": -1,
      "SpawnAttachments": [
        "HeadlightH7",
        "HeadlightH7",
        "CarRadiator",
        "CarBattery",
        "SparkPlug",
        "GAZ_13_Chaika_wheel",
        "GAZ_13_Chaika_wheel",
        "GAZ_13_Chaika_wheel",
        "GAZ_13_Chaika_wheel",
        "GAZ_13_Chaika_doors_driver_black_rust",
        "GAZ_13_Chaika_doors_codriver_black_rust",
        "GAZ_13_Chaika_doors_cargo1_black_rust",
        "GAZ_13_Chaika_doors_cargo2_black_rust",
        "GAZ_13_Chaika_doors_hood_black_rust",
        "GAZ_13_Chaika_doors_trunk_black_rust",
        "GAZ_13_Chaika_wheel"
      ],
      "Variants": []
    },
    {
      "ClassName": "GAZ_13_Chaika_white",
      "MaxPriceThreshold": 75000,
      "MinPriceThreshold": 75000,
      "SellPricePercent": -1,
      "MaxStockThreshold": 1,
      "MinStockThreshold": 1,
      "QuantityPercent": -1,
      "SpawnAttachments": [
        "HeadlightH7",
        "HeadlightH7",
        "CarRadiator",
        "CarBattery",
        "SparkPlug",
        "GAZ_13_Chaika_wheel",
        "GAZ_13_Chaika_wheel",
        "GAZ_13_Chaika_wheel",
        "GAZ_13_Chaika_wheel",
        "GAZ_13_Chaika_doors_driver_white",
        "GAZ_13_Chaika_doors_codriver_white",
        "GAZ_13_Chaika_doors_cargo1_white",
        "GAZ_13_Chaika_doors_cargo2_white",
        "GAZ_13_Chaika_doors_hood_white",
        "GAZ_13_Chaika_doors_trunk_white",
        "GAZ_13_Chaika_wheel"
      ],
      "Variants": []
    },
    {
      "ClassName": "GAZ_13_Chaika_white_rust",
      "MaxPriceThreshold": 75000,
      "MinPriceThreshold": 75000,
      "SellPricePercent": -1,
      "MaxStockThreshold": 1,
      "MinStockThreshold": 1,
      "QuantityPercent": -1,
      "SpawnAttachments": [
        "HeadlightH7",
        "HeadlightH7",
        "CarRadiator",
        "CarBattery",
        "SparkPlug",
        "GAZ_13_Chaika_wheel",
        "GAZ_13_Chaika_wheel",
        "GAZ_13_Chaika_wheel",
        "GAZ_13_Chaika_wheel",
        "GAZ_13_Chaika_doors_driver_white_rust",
        "GAZ_13_Chaika_doors_codriver_white_rust",
        "GAZ_13_Chaika_doors_cargo1_white_rust",
        "GAZ_13_Chaika_doors_cargo2_white_rust",
        "GAZ_13_Chaika_doors_hood_white_rust",
        "GAZ_13_Chaika_doors_trunk_white_rust",
        "GAZ_13_Chaika_wheel"
      ],
      "Variants": []
    },
    {
      "ClassName": "GAZ_13_Chaika_automatic",
      "MaxPriceThreshold": 75000,
      "MinPriceThreshold": 75000,
      "SellPricePercent": -1,
      "MaxStockThreshold": 1,
      "MinStockThreshold": 1,
      "QuantityPercent": -1,
      "SpawnAttachments": [
        "HeadlightH7",
        "HeadlightH7",
        "CarRadiator",
        "CarBattery",
        "SparkPlug",
        "GAZ_13_Chaika_wheel",
        "GAZ_13_Chaika_wheel",
        "GAZ_13_Chaika_wheel",
        "GAZ_13_Chaika_wheel",
        "GAZ_13_Chaika_doors_driver",
        "GAZ_13_Chaika_doors_codriver",
        "GAZ_13_Chaika_doors_cargo1",
        "GAZ_13_Chaika_doors_cargo2",
        "GAZ_13_Chaika_doors_hood",
        "GAZ_13_Chaika_doors_trunk",
        "GAZ_13_Chaika_wheel"
      ],
      "Variants": []
    },
    {
      "ClassName": "GAZ_13_Chaika_black_rust_automatic",
      "MaxPriceThreshold": 75000,
      "MinPriceThreshold": 75000,
      "SellPricePercent": -1,
      "MaxStockThreshold": 1,
      "MinStockThreshold": 1,
      "QuantityPercent": -1,
      "SpawnAttachments": [
        "HeadlightH7",
        "HeadlightH7",
        "CarRadiator",
        "CarBattery",
        "SparkPlug",
        "GAZ_13_Chaika_wheel",
        "GAZ_13_Chaika_wheel",
        "GAZ_13_Chaika_wheel",
        "GAZ_13_Chaika_wheel",
        "GAZ_13_Chaika_doors_driver_black_rust",
        "GAZ_13_Chaika_doors_codriver_black_rust",
        "GAZ_13_Chaika_doors_cargo1_black_rust",
        "GAZ_13_Chaika_doors_cargo2_black_rust",
        "GAZ_13_Chaika_doors_hood_black_rust",
        "GAZ_13_Chaika_doors_trunk_black_rust",
        "GAZ_13_Chaika_wheel"
      ],
      "Variants": []
    },
    {
      "ClassName": "GAZ_13_Chaika_white_automatic",
      "MaxPriceThreshold": 75000,
      "MinPriceThreshold": 75000,
      "SellPricePercent": -1,
      "MaxStockThreshold": 1,
      "MinStockThreshold": 1,
      "QuantityPercent": -1,
      "SpawnAttachments": [
        "HeadlightH7",
        "HeadlightH7",
        "CarRadiator",
        "CarBattery",
        "SparkPlug",
        "GAZ_13_Chaika_wheel",
        "GAZ_13_Chaika_wheel",
        "GAZ_13_Chaika_wheel",
        "GAZ_13_Chaika_wheel",
        "GAZ_13_Chaika_doors_driver_white",
        "GAZ_13_Chaika_doors_codriver_white",
        "GAZ_13_Chaika_doors_cargo1_white",
        "GAZ_13_Chaika_doors_cargo2_white",
        "GAZ_13_Chaika_doors_hood_white",
        "GAZ_13_Chaika_doors_trunk_white",
        "GAZ_13_Chaika_wheel"
      ],
      "Variants": []
    },
    {
      "ClassName": "GAZ_13_Chaika_white_rust_automatic",
      "MaxPriceThreshold": 75000,
      "MinPriceThreshold": 75000,
      "SellPricePercent": -1,
      "MaxStockThreshold": 1,
      "MinStockThreshold": 1,
      "QuantityPercent": -1,
      "SpawnAttachments": [
        "HeadlightH7",
        "HeadlightH7",
        "CarRadiator",
        "CarBattery",
        "SparkPlug",
        "GAZ_13_Chaika_wheel",
        "GAZ_13_Chaika_wheel",
        "GAZ_13_Chaika_wheel",
        "GAZ_13_Chaika_wheel",
        "GAZ_13_Chaika_doors_driver_white_rust",
        "GAZ_13_Chaika_doors_codriver_white_rust",
        "GAZ_13_Chaika_doors_cargo1_white_rust",
        "GAZ_13_Chaika_doors_cargo2_white_rust",
        "GAZ_13_Chaika_doors_hood_white_rust",
        "GAZ_13_Chaika_doors_trunk_white_rust",
        "GAZ_13_Chaika_wheel"
      ],
      "Variants": []
    },
    {
      "ClassName": "VAZ_2104RF",
      "MaxPriceThreshold": 75000,
      "MinPriceThreshold": 75000,
      "SellPricePercent": -1,
      "MaxStockThreshold": 1,
      "MinStockThreshold": 1,
      "QuantityPercent": -1,
      "SpawnAttachments": [
        "HeadlightH7",
        "HeadlightH7",
        "CarRadiator",
        "CarBattery",
        "SparkPlug",
        "VAZ_2104RF_wheel",
        "VAZ_2104RF_wheel",
        "VAZ_2104RF_wheel",
        "VAZ_2104RF_wheel",
        "VAZ_2104RF_doors_driver",
        "VAZ_2104RF_doors_codriver",
        "VAZ_2104RF_doors_cargo1",
        "VAZ_2104RF_doors_cargo2",
        "VAZ_2104RF_doors_hood",
        "VAZ_2104RF_doors_trunk",
        "VAZ_2104RF_wheel"
      ],
      "Variants": [
        "VAZ_2104RF_black",
        "VAZ_2104RF_blue",
        "VAZ_2104RF_beige"
      ]
    },
    {
      "ClassName": "VAZ_2104RF_black",
      "MaxPriceThreshold": 75000,
      "MinPriceThreshold": 75000,
      "SellPricePercent": -1,
      "MaxStockThreshold": 1,
      "MinStockThreshold": 1,
      "QuantityPercent": -1,
      "SpawnAttachments": [
        "HeadlightH7",
        "HeadlightH7",
        "CarRadiator",
        "CarBattery",
        "SparkPlug",
        "VAZ_2104RF_wheel",
        "VAZ_2104RF_wheel",
        "VAZ_2104RF_wheel",
        "VAZ_2104RF_wheel",
        "VAZ_2104RF_doors_driver_black",
        "VAZ_2104RF_doors_codriver_black",
        "VAZ_2104RF_doors_cargo1_black",
        "VAZ_2104RF_doors_cargo2_black",
        "VAZ_2104RF_doors_hood_black",
        "VAZ_2104RF_doors_trunk_black",
        "VAZ_2104RF_wheel"
      ],
      "Variants": []
    },
    {
      "ClassName": "VAZ_2104RF_blue",
      "MaxPriceThreshold": 75000,
      "MinPriceThreshold": 75000,
      "SellPricePercent": -1,
      "MaxStockThreshold": 1,
      "MinStockThreshold": 1,
      "QuantityPercent": -1,
      "SpawnAttachments": [
        "HeadlightH7",
        "HeadlightH7",
        "CarRadiator",
        "CarBattery",
        "SparkPlug",
        "VAZ_2104RF_wheel",
        "VAZ_2104RF_wheel",
        "VAZ_2104RF_wheel",
        "VAZ_2104RF_wheel",
        "VAZ_2104RF_doors_driver_blue",
        "VAZ_2104RF_doors_codriver_blue",
        "VAZ_2104RF_doors_cargo1_blue",
        "VAZ_2104RF_doors_cargo2_blue",
        "VAZ_2104RF_doors_hood_blue",
        "VAZ_2104RF_doors_trunk_blue",
        "VAZ_2104RF_wheel"
      ],
      "Variants": []
    },
    {
      "ClassName": "VAZ_2104RF_beige",
      "MaxPriceThreshold": 75000,
      "MinPriceThreshold": 75000,
      "SellPricePercent": -1,
      "MaxStockThreshold": 1,
      "MinStockThreshold": 1,
      "QuantityPercent": -1,
      "SpawnAttachments": [
        "HeadlightH7",
        "HeadlightH7",
        "CarRadiator",
        "CarBattery",
        "SparkPlug",
        "VAZ_2104RF_wheel",
        "VAZ_2104RF_wheel",
        "VAZ_2104RF_wheel",
        "VAZ_2104RF_wheel",
        "VAZ_2104RF_doors_driver_beige",
        "VAZ_2104RF_doors_codriver_beige",
        "VAZ_2104RF_doors_cargo1_beige",
        "VAZ_2104RF_doors_cargo2_beige",
        "VAZ_2104RF_doors_hood_beige",
        "VAZ_2104RF_doors_trunk_beige",
        "VAZ_2104RF_wheel"
      ],
      "Variants": []
    },
    {
      "ClassName": "VAZ_2105_RUS",
      "MaxPriceThreshold": 75000,
      "MinPriceThreshold": 75000,
      "SellPricePercent": -1,
      "MaxStockThreshold": 1,
      "MinStockThreshold": 1,
      "QuantityPercent": -1,
      "SpawnAttachments": [
        "HeadlightH7",
        "HeadlightH7",
        "CarRadiator",
        "CarBattery",
        "SparkPlug",
        "VAZ_2105_RUS_wheel",
        "VAZ_2105_RUS_wheel",
        "VAZ_2105_RUS_wheel",
        "VAZ_2105_RUS_wheel",
        "VAZ_2105_RUS_doors_driver",
        "VAZ_2105_RUS_doors_codriver",
        "VAZ_2105_RUS_doors_cargo1",
        "VAZ_2105_RUS_doors_cargo2",
        "VAZ_2105_RUS_doors_hood",
        "VAZ_2105_RUS_doors_trunk",
        "VAZ_2105_RUS_wheel"
      ],
      "Variants": [
        "VAZ_2105_RUS_black",
        "VAZ_2105_RUS_red",
        "VAZ_2105_RUS_green",
        "VAZ_2105_RUS_cherry",
        "VAZ_2105_RUS_yellow",
        "VAZ_2105_RUS_white"
      ]
    },
    {
      "ClassName": "VAZ_2105_RUS_black",
      "MaxPriceThreshold": 75000,
      "MinPriceThreshold": 75000,
      "SellPricePercent": -1,
      "MaxStockThreshold": 1,
      "MinStockThreshold": 1,
      "QuantityPercent": -1,
      "SpawnAttachments": [
        "HeadlightH7",
        "HeadlightH7",
        "CarRadiator",
        "CarBattery",
        "SparkPlug",
        "VAZ_2105_RUS_wheel",
        "VAZ_2105_RUS_wheel",
        "VAZ_2105_RUS_wheel",
        "VAZ_2105_RUS_wheel",
        "VAZ_2105_RUS_doors_driver_black",
        "VAZ_2105_RUS_doors_codriver_black",
        "VAZ_2105_RUS_doors_cargo1_black",
        "VAZ_2105_RUS_doors_cargo2_black",
        "VAZ_2105_RUS_doors_hood_black",
        "VAZ_2105_RUS_doors_trunk_black",
        "VAZ_2105_RUS_wheel"
      ],
      "Variants": []
    },
    {
      "ClassName": "VAZ_2105_RUS_red",
      "MaxPriceThreshold": 75000,
      "MinPriceThreshold": 75000,
      "SellPricePercent": -1,
      "MaxStockThreshold": 1,
      "MinStockThreshold": 1,
      "QuantityPercent": -1,
      "SpawnAttachments": [
        "HeadlightH7",
        "HeadlightH7",
        "CarRadiator",
        "CarBattery",
        "SparkPlug",
        "VAZ_2105_RUS_wheel",
        "VAZ_2105_RUS_wheel",
        "VAZ_2105_RUS_wheel",
        "VAZ_2105_RUS_wheel",
        "VAZ_2105_RUS_doors_driver_red",
        "VAZ_2105_RUS_doors_codriver_red",
        "VAZ_2105_RUS_doors_cargo1_red",
        "VAZ_2105_RUS_doors_cargo2_red",
        "VAZ_2105_RUS_doors_hood_red",
        "VAZ_2105_RUS_doors_trunk_red",
        "VAZ_2105_RUS_wheel"
      ],
      "Variants": []
    },
    {
      "ClassName": "VAZ_2105_RUS_green",
      "MaxPriceThreshold": 75000,
      "MinPriceThreshold": 75000,
      "SellPricePercent": -1,
      "MaxStockThreshold": 1,
      "MinStockThreshold": 1,
      "QuantityPercent": -1,
      "SpawnAttachments": [
        "HeadlightH7",
        "HeadlightH7",
        "CarRadiator",
        "CarBattery",
        "SparkPlug",
        "VAZ_2105_RUS_wheel",
        "VAZ_2105_RUS_wheel",
        "VAZ_2105_RUS_wheel",
        "VAZ_2105_RUS_wheel",
        "VAZ_2105_RUS_doors_driver_green",
        "VAZ_2105_RUS_doors_codriver_green",
        "VAZ_2105_RUS_doors_cargo1_green",
        "VAZ_2105_RUS_doors_cargo2_green",
        "VAZ_2105_RUS_doors_hood_green",
        "VAZ_2105_RUS_doors_trunk_green",
        "VAZ_2105_RUS_wheel"
      ],
      "Variants": []
    },
    {
      "ClassName": "VAZ_2105_RUS_cherry",
      "MaxPriceThreshold": 75000,
      "MinPriceThreshold": 75000,
      "SellPricePercent": -1,
      "MaxStockThreshold": 1,
      "MinStockThreshold": 1,
      "QuantityPercent": -1,
      "SpawnAttachments": [
        "HeadlightH7",
        "HeadlightH7",
        "CarRadiator",
        "CarBattery",
        "SparkPlug",
        "VAZ_2105_RUS_wheel",
        "VAZ_2105_RUS_wheel",
        "VAZ_2105_RUS_wheel",
        "VAZ_2105_RUS_wheel",
        "VAZ_2105_RUS_doors_driver_cherry",
        "VAZ_2105_RUS_doors_codriver_cherry",
        "VAZ_2105_RUS_doors_cargo1_cherry",
        "VAZ_2105_RUS_doors_cargo2_cherry",
        "VAZ_2105_RUS_doors_hood_cherry",
        "VAZ_2105_RUS_doors_trunk_cherry",
        "VAZ_2105_RUS_wheel"
      ],
      "Variants": []
    },
    {
      "ClassName": "VAZ_2105_RUS_yellow",
      "MaxPriceThreshold": 75000,
      "MinPriceThreshold": 75000,
      "SellPricePercent": -1,
      "MaxStockThreshold": 1,
      "MinStockThreshold": 1,
      "QuantityPercent": -1,
      "SpawnAttachments": [
        "HeadlightH7",
        "HeadlightH7",
        "CarRadiator",
        "CarBattery",
        "SparkPlug",
        "VAZ_2105_RUS_wheel",
        "VAZ_2105_RUS_wheel",
        "VAZ_2105_RUS_wheel",
        "VAZ_2105_RUS_wheel",
        "VAZ_2105_RUS_doors_driver_yellow",
        "VAZ_2105_RUS_doors_codriver_yellow",
        "VAZ_2105_RUS_doors_cargo1_yellow",
        "VAZ_2105_RUS_doors_cargo2_yellow",
        "VAZ_2105_RUS_doors_hood_yellow",
        "VAZ_2105_RUS_doors_trunk_yellow",
        "VAZ_2105_RUS_wheel"
      ],
      "Variants": []
    },
    {
      "ClassName": "VAZ_2105_RUS_white",
      "MaxPriceThreshold": 75000,
      "MinPriceThreshold": 75000,
      "SellPricePercent": -1,
      "MaxStockThreshold": 1,
      "MinStockThreshold": 1,
      "QuantityPercent": -1,
      "SpawnAttachments": [
        "HeadlightH7",
        "HeadlightH7",
        "CarRadiator",
        "CarBattery",
        "SparkPlug",
        "VAZ_2105_RUS_wheel",
        "VAZ_2105_RUS_wheel",
        "VAZ_2105_RUS_wheel",
        "VAZ_2105_RUS_wheel",
        "VAZ_2105_RUS_doors_driver_white",
        "VAZ_2105_RUS_doors_codriver_white",
        "VAZ_2105_RUS_doors_cargo1_white",
        "VAZ_2105_RUS_doors_cargo2_white",
        "VAZ_2105_RUS_doors_hood_white",
        "VAZ_2105_RUS_doors_trunk_white",
        "VAZ_2105_RUS_wheel"
      ],
      "Variants": []
    },
    {
      "ClassName": "vaz_2106_RF",
      "MaxPriceThreshold": 75000,
      "MinPriceThreshold": 75000,
      "SellPricePercent": -1,
      "MaxStockThreshold": 1,
      "MinStockThreshold": 1,
      "QuantityPercent": -1,
      "SpawnAttachments": [
        "HeadlightH7",
        "HeadlightH7",
        "CarRadiator",
        "CarBattery",
        "SparkPlug",
        "vaz_2106_RF_wheel",
        "vaz_2106_RF_wheel",
        "vaz_2106_RF_wheel",
        "vaz_2106_RF_wheel",
        "vaz_2106_RF_doors_driver",
        "vaz_2106_RF_doors_codriver",
        "vaz_2106_RF_doors_cargo1",
        "vaz_2106_RF_doors_cargo2",
        "vaz_2106_RF_doors_hood",
        "vaz_2106_RF_doors_trunk",
        "vaz_2106_RF_wheel"
      ],
      "Variants": [
        "vaz_2106_RF_light_green",
        "vaz_2106_RF_red",
        "vaz_2106_RF_white",
        "vaz_2106_RF_wine",
        "vaz_2106_RF_yellow",
        "vaz_2106_milicia"
      ]
    },
    {
      "ClassName": "vaz_2106_RF_light_green",
      "MaxPriceThreshold": 75000,
      "MinPriceThreshold": 75000,
      "SellPricePercent": -1,
      "MaxStockThreshold": 1,
      "MinStockThreshold": 1,
      "QuantityPercent": -1,
      "SpawnAttachments": [
        "HeadlightH7",
        "HeadlightH7",
        "CarRadiator",
        "CarBattery",
        "SparkPlug",
        "vaz_2106_RF_wheel",
        "vaz_2106_RF_wheel",
        "vaz_2106_RF_wheel",
        "vaz_2106_RF_wheel",
        "vaz_2106_RF_doors_driver_light_green",
        "vaz_2106_RF_doors_codriver_light_green",
        "vaz_2106_RF_doors_cargo1_light_green",
        "vaz_2106_RF_doors_cargo2_light_green",
        "vaz_2106_RF_doors_hood_light_green",
        "vaz_2106_RF_doors_trunk_light_green",
        "vaz_2106_RF_wheel"
      ],
      "Variants": []
    },
    {
      "ClassName": "vaz_2106_RF_red",
      "MaxPriceThreshold": 75000,
      "MinPriceThreshold": 75000,
      "SellPricePercent": -1,
      "MaxStockThreshold": 1,
      "MinStockThreshold": 1,
      "QuantityPercent": -1,
      "SpawnAttachments": [
        "HeadlightH7",
        "HeadlightH7",
        "CarRadiator",
        "CarBattery",
        "SparkPlug",
        "vaz_2106_RF_wheel",
        "vaz_2106_RF_wheel",
        "vaz_2106_RF_wheel",
        "vaz_2106_RF_wheel",
        "vaz_2106_RF_doors_driver_red",
        "vaz_2106_RF_doors_codriver_red",
        "vaz_2106_RF_doors_cargo1_red",
        "vaz_2106_RF_doors_cargo2_red",
        "vaz_2106_RF_doors_hood_red",
        "vaz_2106_RF_doors_trunk_red",
        "vaz_2106_RF_wheel"
      ],
      "Variants": []
    },
    {
      "ClassName": "vaz_2106_RF_white",
      "MaxPriceThreshold": 75000,
      "MinPriceThreshold": 75000,
      "SellPricePercent": -1,
      "MaxStockThreshold": 1,
      "MinStockThreshold": 1,
      "QuantityPercent": -1,
      "SpawnAttachments": [
        "HeadlightH7",
        "HeadlightH7",
        "CarRadiator",
        "CarBattery",
        "SparkPlug",
        "vaz_2106_RF_wheel",
        "vaz_2106_RF_wheel",
        "vaz_2106_RF_wheel",
        "vaz_2106_RF_wheel",
        "vaz_2106_RF_doors_driver_white",
        "vaz_2106_RF_doors_codriver_white",
        "vaz_2106_RF_doors_cargo1_white",
        "vaz_2106_RF_doors_cargo2_white",
        "vaz_2106_RF_doors_hood_white",
        "vaz_2106_RF_doors_trunk_white",
        "vaz_2106_RF_wheel"
      ],
      "Variants": []
    },
    {
      "ClassName": "vaz_2106_RF_wine",
      "MaxPriceThreshold": 75000,
      "MinPriceThreshold": 75000,
      "SellPricePercent": -1,
      "MaxStockThreshold": 1,
      "MinStockThreshold": 1,
      "QuantityPercent": -1,
      "SpawnAttachments": [
        "HeadlightH7",
        "HeadlightH7",
        "CarRadiator",
        "CarBattery",
        "SparkPlug",
        "vaz_2106_RF_wheel",
        "vaz_2106_RF_wheel",
        "vaz_2106_RF_wheel",
        "vaz_2106_RF_wheel",
        "vaz_2106_RF_doors_driver_wine",
        "vaz_2106_RF_doors_codriver_wine",
        "vaz_2106_RF_doors_cargo1_wine",
        "vaz_2106_RF_doors_cargo2_wine",
        "vaz_2106_RF_doors_hood_wine",
        "vaz_2106_RF_doors_trunk_wine",
        "vaz_2106_RF_wheel"
      ],
      "Variants": []
    },
    {
      "ClassName": "vaz_2106_RF_yellow",
      "MaxPriceThreshold": 75000,
      "MinPriceThreshold": 75000,
      "SellPricePercent": -1,
      "MaxStockThreshold": 1,
      "MinStockThreshold": 1,
      "QuantityPercent": -1,
      "SpawnAttachments": [
        "HeadlightH7",
        "HeadlightH7",
        "CarRadiator",
        "CarBattery",
        "SparkPlug",
        "vaz_2106_RF_wheel",
        "vaz_2106_RF_wheel",
        "vaz_2106_RF_wheel",
        "vaz_2106_RF_wheel",
        "vaz_2106_RF_doors_driver_yellow",
        "vaz_2106_RF_doors_codriver_yellow",
        "vaz_2106_RF_doors_cargo1_yellow",
        "vaz_2106_RF_doors_cargo2_yellow",
        "vaz_2106_RF_doors_hood_yellow",
        "vaz_2106_RF_doors_trunk_yellow",
        "vaz_2106_RF_wheel"
      ],
      "Variants": []
    },
    {
      "ClassName": "vaz_2106_milicia",
      "MaxPriceThreshold": 75000,
      "MinPriceThreshold": 75000,
      "SellPricePercent": -1,
      "MaxStockThreshold": 1,
      "MinStockThreshold": 1,
      "QuantityPercent": -1,
      "SpawnAttachments": [
        "HeadlightH7",
        "HeadlightH7",
        "CarRadiator",
        "CarBattery",
        "SparkPlug",
        "vaz_2106_RF_wheel",
        "vaz_2106_RF_wheel",
        "vaz_2106_RF_wheel",
        "vaz_2106_RF_wheel",
        "vaz_2106_RF_doors_milicia_driver",
        "vaz_2106_RF_doors_milicia_codriver",
        "vaz_2106_RF_doors_milicia_cargo1",
        "vaz_2106_RF_doors_milicia_cargo2",
        "vaz_2106_RF_doors_milicia_hood",
        "vaz_2106_RF_doors_milicia_trunk",
        "vaz_2106_RF_wheel"
      ],
      "Variants": []
    },
    {
      "ClassName": "VAZ_2107RF",
      "MaxPriceThreshold": 75000,
      "MinPriceThreshold": 75000,
      "SellPricePercent": -1,
      "MaxStockThreshold": 1,
      "MinStockThreshold": 1,
      "QuantityPercent": -1,
      "SpawnAttachments": [
        "HeadlightH7",
        "HeadlightH7",
        "CarRadiator",
        "CarBattery",
        "SparkPlug",
        "VAZ_2107RF_wheel",
        "VAZ_2107RF_wheel",
        "VAZ_2107RF_wheel",
        "VAZ_2107RF_wheel",
        "VAZ_2107RF_doors_driver",
        "VAZ_2107RF_doors_codriver",
        "VAZ_2107RF_doors_cargo1",
        "VAZ_2107RF_doors_cargo2",
        "VAZ_2107RF_doors_hood",
        "VAZ_2107RF_doors_trunk",
        "VAZ_2107RF_wheel"
      ],
      "Variants": [
        "VAZ_2107RF_black",
        "VAZ_2107RF_black_rust",
        "VAZ_2107RF_blue",
        "VAZ_2107RF_blue_rust",
        "VAZ_2107RF_white_rust"
      ]
    },
    {
      "ClassName": "VAZ_2107RF_black",
      "MaxPriceThreshold": 75000,
      "MinPriceThreshold": 75000,
      "SellPricePercent": -1,
      "MaxStockThreshold": 1,
      "MinStockThreshold": 1,
      "QuantityPercent": -1,
      "SpawnAttachments": [
        "HeadlightH7",
        "HeadlightH7",
        "CarRadiator",
        "CarBattery",
        "SparkPlug",
        "VAZ_2107RF_wheel",
        "VAZ_2107RF_wheel",
        "VAZ_2107RF_wheel",
        "VAZ_2107RF_wheel",
        "VAZ_2107RF_doors_driver_black",
        "VAZ_2107RF_doors_codriver_black",
        "VAZ_2107RF_doors_cargo1_black",
        "VAZ_2107RF_doors_cargo2_black",
        "VAZ_2107RF_doors_hood_black",
        "VAZ_2107RF_doors_trunk_black",
        "VAZ_2107RF_wheel"
      ],
      "Variants": []
    },
    {
      "ClassName": "VAZ_2107RF_black_rust",
      "MaxPriceThreshold": 75000,
      "MinPriceThreshold": 75000,
      "SellPricePercent": -1,
      "MaxStockThreshold": 1,
      "MinStockThreshold": 1,
      "QuantityPercent": -1,
      "SpawnAttachments": [
        "HeadlightH7",
        "HeadlightH7",
        "CarRadiator",
        "CarBattery",
        "SparkPlug",
        "VAZ_2107RF_wheel",
        "VAZ_2107RF_wheel",
        "VAZ_2107RF_wheel",
        "VAZ_2107RF_wheel",
        "VAZ_2107RF_doors_driver_black_rust",
        "VAZ_2107RF_doors_codriver_black_rust",
        "VAZ_2107RF_doors_cargo1_black_rust",
        "VAZ_2107RF_doors_cargo2_black_rust",
        "VAZ_2107RF_doors_hood_black_rust",
        "VAZ_2107RF_doors_trunk_black_rust",
        "VAZ_2107RF_wheel"
      ],
      "Variants": []
    },
    {
      "ClassName": "VAZ_2107RF_blue",
      "MaxPriceThreshold": 75000,
      "MinPriceThreshold": 75000,
      "SellPricePercent": -1,
      "MaxStockThreshold": 1,
      "MinStockThreshold": 1,
      "QuantityPercent": -1,
      "SpawnAttachments": [
        "HeadlightH7",
        "HeadlightH7",
        "CarRadiator",
        "CarBattery",
        "SparkPlug",
        "VAZ_2107RF_wheel",
        "VAZ_2107RF_wheel",
        "VAZ_2107RF_wheel",
        "VAZ_2107RF_wheel",
        "VAZ_2107RF_doors_driver_blue",
        "VAZ_2107RF_doors_codriver_blue",
        "VAZ_2107RF_doors_cargo1_blue",
        "VAZ_2107RF_doors_cargo2_blue",
        "VAZ_2107RF_doors_hood_blue",
        "VAZ_2107RF_doors_trunk_blue",
        "VAZ_2107RF_wheel"
      ],
      "Variants": []
    },
    {
      "ClassName": "VAZ_2107RF_blue_rust",
      "MaxPriceThreshold": 75000,
      "MinPriceThreshold": 75000,
      "SellPricePercent": -1,
      "MaxStockThreshold": 1,
      "MinStockThreshold": 1,
      "QuantityPercent": -1,
      "SpawnAttachments": [
        "HeadlightH7",
        "HeadlightH7",
        "CarRadiator",
        "CarBattery",
        "SparkPlug",
        "VAZ_2107RF_wheel",
        "VAZ_2107RF_wheel",
        "VAZ_2107RF_wheel",
        "VAZ_2107RF_wheel",
        "VAZ_2107RF_doors_driver_blue_rust",
        "VAZ_2107RF_doors_codriver_blue_rust",
        "VAZ_2107RF_doors_cargo1_blue_rust",
        "VAZ_2107RF_doors_cargo2_blue_rust",
        "VAZ_2107RF_doors_hood_blue_rust",
        "VAZ_2107RF_doors_trunk_blue_rust",
        "VAZ_2107RF_wheel"
      ],
      "Variants": []
    },
    {
      "ClassName": "VAZ_2107RF_white_rust",
      "MaxPriceThreshold": 75000,
      "MinPriceThreshold": 75000,
      "SellPricePercent": -1,
      "MaxStockThreshold": 1,
      "MinStockThreshold": 1,
      "QuantityPercent": -1,
      "SpawnAttachments": [
        "HeadlightH7",
        "HeadlightH7",
        "CarRadiator",
        "CarBattery",
        "SparkPlug",
        "VAZ_2107RF_wheel",
        "VAZ_2107RF_wheel",
        "VAZ_2107RF_wheel",
        "VAZ_2107RF_wheel",
        "VAZ_2107RF_doors_driver_white_rust",
        "VAZ_2107RF_doors_codriver_white_rust",
        "VAZ_2107RF_doors_cargo1_white_rust",
        "VAZ_2107RF_doors_cargo2_white_rust",
        "VAZ_2107RF_doors_hood_white_rust",
        "VAZ_2107RF_doors_trunk_white_rust",
        "VAZ_2107RF_wheel"
      ],
      "Variants": []
    },
    {
      "ClassName": "VAZ_21099R",
      "MaxPriceThreshold": 75000,
      "MinPriceThreshold": 75000,
      "SellPricePercent": -1,
      "MaxStockThreshold": 1,
      "MinStockThreshold": 1,
      "QuantityPercent": -1,
      "SpawnAttachments": [
        "HeadlightH7",
        "HeadlightH7",
        "CarRadiator",
        "CarBattery",
        "SparkPlug",
        "VAZ_21099R_wheel",
        "VAZ_21099R_wheel",
        "VAZ_21099R_wheel",
        "VAZ_21099R_wheel",
        "VAZ_21099R_doors_driver",
        "VAZ_21099R_doors_codriver",
        "VAZ_21099R_doors_cargo1",
        "VAZ_21099R_doors_cargo2",
        "VAZ_21099R_doors_hood",
        "VAZ_21099R_doors_trunk",
        "VAZ_21099R_wheel"
      ],
      "Variants": [
        "VAZ_21099R_black",
        "VAZ_21099R_white",
        "VAZ_21099R_blue"
      ]
    },
    {
      "ClassName": "VAZ_21099R_black",
      "MaxPriceThreshold": 75000,
      "MinPriceThreshold": 75000,
      "SellPricePercent": -1,
      "MaxStockThreshold": 1,
      "MinStockThreshold": 1,
      "QuantityPercent": -1,
      "SpawnAttachments": [
        "HeadlightH7",
        "HeadlightH7",
        "CarRadiator",
        "CarBattery",
        "SparkPlug",
        "VAZ_21099R_wheel",
        "VAZ_21099R_wheel",
        "VAZ_21099R_wheel",
        "VAZ_21099R_wheel",
        "VAZ_21099R_doors_driver_black",
        "VAZ_21099R_doors_codriver_black",
        "VAZ_21099R_doors_cargo1_black",
        "VAZ_21099R_doors_cargo2_black",
        "VAZ_21099R_doors_hood_black",
        "VAZ_21099R_doors_trunk_black",
        "VAZ_21099R_wheel"
      ],
      "Variants": []
    },
    {
      "ClassName": "VAZ_21099R_white",
      "MaxPriceThreshold": 75000,
      "MinPriceThreshold": 75000,
      "SellPricePercent": -1,
      "MaxStockThreshold": 1,
      "MinStockThreshold": 1,
      "QuantityPercent": -1,
      "SpawnAttachments": [
        "HeadlightH7",
        "HeadlightH7",
        "CarRadiator",
        "CarBattery",
        "SparkPlug",
        "VAZ_21099R_wheel",
        "VAZ_21099R_wheel",
        "VAZ_21099R_wheel",
        "VAZ_21099R_wheel",
        "VAZ_21099R_doors_driver_white",
        "VAZ_21099R_doors_codriver_white",
        "VAZ_21099R_doors_cargo1_white",
        "VAZ_21099R_doors_cargo2_white",
        "VAZ_21099R_doors_hood_white",
        "VAZ_21099R_doors_trunk_white",
        "VAZ_21099R_wheel"
      ],
      "Variants": []
    },
    {
      "ClassName": "VAZ_21099R_blue",
      "MaxPriceThreshold": 75000,
      "MinPriceThreshold": 75000,
      "SellPricePercent": -1,
      "MaxStockThreshold": 1,
      "MinStockThreshold": 1,
      "QuantityPercent": -1,
      "SpawnAttachments": [
        "HeadlightH7",
        "HeadlightH7",
        "CarRadiator",
        "CarBattery",
        "SparkPlug",
        "VAZ_21099R_wheel",
        "VAZ_21099R_wheel",
        "VAZ_21099R_wheel",
        "VAZ_21099R_wheel",
        "VAZ_21099R_doors_driver_blue",
        "VAZ_21099R_doors_codriver_blue",
        "VAZ_21099R_doors_cargo1_blue",
        "VAZ_21099R_doors_cargo2_blue",
        "VAZ_21099R_doors_hood_blue",
        "VAZ_21099R_doors_trunk_blue",
        "VAZ_21099R_wheel"
      ],
      "Variants": []
    },
    {
      "ClassName": "VAZ_2109_RF",
      "MaxPriceThreshold": 75000,
      "MinPriceThreshold": 75000,
      "SellPricePercent": -1,
      "MaxStockThreshold": 1,
      "MinStockThreshold": 1,
      "QuantityPercent": -1,
      "SpawnAttachments": [
        "HeadlightH7",
        "HeadlightH7",
        "CarRadiator",
        "CarBattery",
        "SparkPlug",
        "VAZ_2109_RF_wheel",
        "VAZ_2109_RF_wheel",
        "VAZ_2109_RF_wheel",
        "VAZ_2109_RF_wheel",
        "VAZ_2109_RF_doors_driver",
        "VAZ_2109_RF_doors_codriver",
        "VAZ_2109_RF_doors_cargo1",
        "VAZ_2109_RF_doors_cargo2",
        "VAZ_2109_RF_doors_hood",
        "VAZ_2109_RF_doors_trunk",
        "VAZ_2109_RF_wheel"
      ],
      "Variants": [
        "VAZ_2109_RF_rust",
        "VAZ_2109_RF_green",
        "VAZ_2109_RF_green_rust",
        "VAZ_2109_RF_white",
        "VAZ_2109_RF_white_rust",
        "VAZ_2109_RF_blue",
        "VAZ_2109_RF_blue_rust"
      ]
    },
    {
      "ClassName": "VAZ_2109_RF_rust",
      "MaxPriceThreshold": 75000,
      "MinPriceThreshold": 75000,
      "SellPricePercent": -1,
      "MaxStockThreshold": 1,
      "MinStockThreshold": 1,
      "QuantityPercent": -1,
      "SpawnAttachments": [
        "HeadlightH7",
        "HeadlightH7",
        "CarRadiator",
        "CarBattery",
        "SparkPlug",
        "VAZ_2109_RF_wheel",
        "VAZ_2109_RF_wheel",
        "VAZ_2109_RF_wheel",
        "VAZ_2109_RF_wheel",
        "VAZ_2109_RF_doors_driver_rust",
        "VAZ_2109_RF_doors_codriver_rust",
        "VAZ_2109_RF_doors_cargo1_rust",
        "VAZ_2109_RF_doors_cargo2_rust",
        "VAZ_2109_RF_doors_hood_rust",
        "VAZ_2109_RF_doors_trunk_rust",
        "VAZ_2109_RF_wheel"
      ],
      "Variants": []
    },
    {
      "ClassName": "VAZ_2109_RF_green",
      "MaxPriceThreshold": 75000,
      "MinPriceThreshold": 75000,
      "SellPricePercent": -1,
      "MaxStockThreshold": 1,
      "MinStockThreshold": 1,
      "QuantityPercent": -1,
      "SpawnAttachments": [
        "HeadlightH7",
        "HeadlightH7",
        "CarRadiator",
        "CarBattery",
        "SparkPlug",
        "VAZ_2109_RF_wheel",
        "VAZ_2109_RF_wheel",
        "VAZ_2109_RF_wheel",
        "VAZ_2109_RF_wheel",
        "VAZ_2109_RF_doors_driver_green",
        "VAZ_2109_RF_doors_codriver_green",
        "VAZ_2109_RF_doors_cargo1_green",
        "VAZ_2109_RF_doors_cargo2_green",
        "VAZ_2109_RF_doors_hood_green",
        "VAZ_2109_RF_doors_trunk_green",
        "VAZ_2109_RF_wheel"
      ],
      "Variants": []
    },
    {
      "ClassName": "VAZ_2109_RF_green_rust",
      "MaxPriceThreshold": 75000,
      "MinPriceThreshold": 75000,
      "SellPricePercent": -1,
      "MaxStockThreshold": 1,
      "MinStockThreshold": 1,
      "QuantityPercent": -1,
      "SpawnAttachments": [
        "HeadlightH7",
        "HeadlightH7",
        "CarRadiator",
        "CarBattery",
        "SparkPlug",
        "VAZ_2109_RF_wheel",
        "VAZ_2109_RF_wheel",
        "VAZ_2109_RF_wheel",
        "VAZ_2109_RF_wheel",
        "VAZ_2109_RF_doors_driver_green_rust",
        "VAZ_2109_RF_doors_codriver_green_rust",
        "VAZ_2109_RF_doors_cargo1_green_rust",
        "VAZ_2109_RF_doors_cargo2_green_rust",
        "VAZ_2109_RF_doors_hood_green_rust",
        "VAZ_2109_RF_doors_trunk_green_rust",
        "VAZ_2109_RF_wheel"
      ],
      "Variants": []
    },
    {
      "ClassName": "VAZ_2109_RF_white",
      "MaxPriceThreshold": 75000,
      "MinPriceThreshold": 75000,
      "SellPricePercent": -1,
      "MaxStockThreshold": 1,
      "MinStockThreshold": 1,
      "QuantityPercent": -1,
      "SpawnAttachments": [
        "HeadlightH7",
        "HeadlightH7",
        "CarRadiator",
        "CarBattery",
        "SparkPlug",
        "VAZ_2109_RF_wheel",
        "VAZ_2109_RF_wheel",
        "VAZ_2109_RF_wheel",
        "VAZ_2109_RF_wheel",
        "VAZ_2109_RF_doors_driver_white",
        "VAZ_2109_RF_doors_codriver_white",
        "VAZ_2109_RF_doors_cargo1_white",
        "VAZ_2109_RF_doors_cargo2_white",
        "VAZ_2109_RF_doors_hood_white",
        "VAZ_2109_RF_doors_trunk_white",
        "VAZ_2109_RF_wheel"
      ],
      "Variants": []
    },
    {
      "ClassName": "VAZ_2109_RF_white_rust",
      "MaxPriceThreshold": 75000,
      "MinPriceThreshold": 75000,
      "SellPricePercent": -1,
      "MaxStockThreshold": 1,
      "MinStockThreshold": 1,
      "QuantityPercent": -1,
      "SpawnAttachments": [
        "HeadlightH7",
        "HeadlightH7",
        "CarRadiator",
        "CarBattery",
        "SparkPlug",
        "VAZ_2109_RF_wheel",
        "VAZ_2109_RF_wheel",
        "VAZ_2109_RF_wheel",
        "VAZ_2109_RF_wheel",
        "VAZ_2109_RF_doors_driver_white_rust",
        "VAZ_2109_RF_doors_codriver_white_rust",
        "VAZ_2109_RF_doors_cargo1_white_rust",
        "VAZ_2109_RF_doors_cargo2_white_rust",
        "VAZ_2109_RF_doors_hood_white_rust",
        "VAZ_2109_RF_doors_trunk_white_rust",
        "VAZ_2109_RF_wheel"
      ],
      "Variants": []
    },
    {
      "ClassName": "VAZ_2109_RF_blue",
      "MaxPriceThreshold": 75000,
      "MinPriceThreshold": 75000,
      "SellPricePercent": -1,
      "MaxStockThreshold": 1,
      "MinStockThreshold": 1,
      "QuantityPercent": -1,
      "SpawnAttachments": [
        "HeadlightH7",
        "HeadlightH7",
        "CarRadiator",
        "CarBattery",
        "SparkPlug",
        "VAZ_2109_RF_wheel",
        "VAZ_2109_RF_wheel",
        "VAZ_2109_RF_wheel",
        "VAZ_2109_RF_wheel",
        "VAZ_2109_RF_doors_driver_blue",
        "VAZ_2109_RF_doors_codriver_blue",
        "VAZ_2109_RF_doors_cargo1_blue",
        "VAZ_2109_RF_doors_cargo2_blue",
        "VAZ_2109_RF_doors_hood_blue",
        "VAZ_2109_RF_doors_trunk_blue",
        "VAZ_2109_RF_wheel"
      ],
      "Variants": []
    },
    {
      "ClassName": "VAZ_2109_RF_blue_rust",
      "MaxPriceThreshold": 75000,
      "MinPriceThreshold": 75000,
      "SellPricePercent": -1,
      "MaxStockThreshold": 1,
      "MinStockThreshold": 1,
      "QuantityPercent": -1,
      "SpawnAttachments": [
        "HeadlightH7",
        "HeadlightH7",
        "CarRadiator",
        "CarBattery",
        "SparkPlug",
        "VAZ_2109_RF_wheel",
        "VAZ_2109_RF_wheel",
        "VAZ_2109_RF_wheel",
        "VAZ_2109_RF_wheel",
        "VAZ_2109_RF_doors_driver_blue_rust",
        "VAZ_2109_RF_doors_codriver_blue_rust",
        "VAZ_2109_RF_doors_cargo1_blue_rust",
        "VAZ_2109_RF_doors_cargo2_blue_rust",
        "VAZ_2109_RF_doors_hood_blue_rust",
        "VAZ_2109_RF_doors_trunk_blue_rust",
        "VAZ_2109_RF_wheel"
      ],
      "Variants": []
    },
    {
      "ClassName": "IJ_2125_Kombi",
      "MaxPriceThreshold": 75000,
      "MinPriceThreshold": 75000,
      "SellPricePercent": -1,
      "MaxStockThreshold": 1,
      "MinStockThreshold": 1,
      "QuantityPercent": -1,
      "SpawnAttachments": [
        "HeadlightH7",
        "HeadlightH7",
        "CarRadiator",
        "CarBattery",
        "SparkPlug",
        "IJ_2125_Kombi_wheel",
        "IJ_2125_Kombi_wheel",
        "IJ_2125_Kombi_wheel",
        "IJ_2125_Kombi_wheel",
        "IJ_2125_Kombi_doors_driver",
        "IJ_2125_Kombi_doors_codriver",
        "IJ_2125_Kombi_doors_cargo1",
        "IJ_2125_Kombi_doors_cargo2",
        "IJ_2125_Kombi_doors_hood",
        "IJ_2125_Kombi_doors_trunk",
        "IJ_2125_Kombi_wheel"
      ],
      "Variants": [
        "IJ_2125_Kombi_beg",
        "IJ_2125_Kombi_green",
        "IJ_2125_Kombi_orange",
        "IJ_2125_Kombi_red"
      ]
    },
    {
      "ClassName": "IJ_2125_Kombi_beg",
      "MaxPriceThreshold": 75000,
      "MinPriceThreshold": 75000,
      "SellPricePercent": -1,
      "MaxStockThreshold": 1,
      "MinStockThreshold": 1,
      "QuantityPercent": -1,
      "SpawnAttachments": [
        "HeadlightH7",
        "HeadlightH7",
        "CarRadiator",
        "CarBattery",
        "SparkPlug",
        "IJ_2125_Kombi_wheel",
        "IJ_2125_Kombi_wheel",
        "IJ_2125_Kombi_wheel",
        "IJ_2125_Kombi_wheel",
        "IJ_2125_Kombi_doors_driver_beg",
        "IJ_2125_Kombi_doors_codriver_beg",
        "IJ_2125_Kombi_doors_cargo1_beg",
        "IJ_2125_Kombi_doors_cargo2_beg",
        "IJ_2125_Kombi_doors_hood_beg",
        "IJ_2125_Kombi_doors_trunk_beg",
        "IJ_2125_Kombi_wheel"
      ],
      "Variants": []
    },
    {
      "ClassName": "IJ_2125_Kombi_green",
      "MaxPriceThreshold": 75000,
      "MinPriceThreshold": 75000,
      "SellPricePercent": -1,
      "MaxStockThreshold": 1,
      "MinStockThreshold": 1,
      "QuantityPercent": -1,
      "SpawnAttachments": [
        "HeadlightH7",
        "HeadlightH7",
        "CarRadiator",
        "CarBattery",
        "SparkPlug",
        "IJ_2125_Kombi_wheel",
        "IJ_2125_Kombi_wheel",
        "IJ_2125_Kombi_wheel",
        "IJ_2125_Kombi_wheel",
        "IJ_2125_Kombi_doors_driver_green",
        "IJ_2125_Kombi_doors_codriver_green",
        "IJ_2125_Kombi_doors_cargo1_green",
        "IJ_2125_Kombi_doors_cargo2_green",
        "IJ_2125_Kombi_doors_hood_green",
        "IJ_2125_Kombi_doors_trunk_green",
        "IJ_2125_Kombi_wheel"
      ],
      "Variants": []
    },
    {
      "ClassName": "IJ_2125_Kombi_orange",
      "MaxPriceThreshold": 75000,
      "MinPriceThreshold": 75000,
      "SellPricePercent": -1,
      "MaxStockThreshold": 1,
      "MinStockThreshold": 1,
      "QuantityPercent": -1,
      "SpawnAttachments": [
        "HeadlightH7",
        "HeadlightH7",
        "CarRadiator",
        "CarBattery",
        "SparkPlug",
        "IJ_2125_Kombi_wheel",
        "IJ_2125_Kombi_wheel",
        "IJ_2125_Kombi_wheel",
        "IJ_2125_Kombi_wheel",
        "IJ_2125_Kombi_doors_driver_orange",
        "IJ_2125_Kombi_doors_codriver_orange",
        "IJ_2125_Kombi_doors_cargo1_orange",
        "IJ_2125_Kombi_doors_cargo2_orange",
        "IJ_2125_Kombi_doors_hood_orange",
        "IJ_2125_Kombi_doors_trunk_orange",
        "IJ_2125_Kombi_wheel"
      ],
      "Variants": []
    },
    {
      "ClassName": "IJ_2125_Kombi_red",
      "MaxPriceThreshold": 75000,
      "MinPriceThreshold": 75000,
      "SellPricePercent": -1,
      "MaxStockThreshold": 1,
      "MinStockThreshold": 1,
      "QuantityPercent": -1,
      "SpawnAttachments": [
        "HeadlightH7",
        "HeadlightH7",
        "CarRadiator",
        "CarBattery",
        "SparkPlug",
        "IJ_2125_Kombi_wheel",
        "IJ_2125_Kombi_wheel",
        "IJ_2125_Kombi_wheel",
        "IJ_2125_Kombi_wheel",
        "IJ_2125_Kombi_doors_driver_red",
        "IJ_2125_Kombi_doors_codriver_red",
        "IJ_2125_Kombi_doors_cargo1_red",
        "IJ_2125_Kombi_doors_cargo2_red",
        "IJ_2125_Kombi_doors_hood_red",
        "IJ_2125_Kombi_doors_trunk_red",
        "IJ_2125_Kombi_wheel"
      ],
      "Variants": []
    },
    {
      "ClassName": "ZAZ_968",
      "MaxPriceThreshold": 75000,
      "MinPriceThreshold": 75000,
      "SellPricePercent": -1,
      "MaxStockThreshold": 1,
      "MinStockThreshold": 1,
      "QuantityPercent": -1,
      "SpawnAttachments": [
        "HeadlightH7",
        "HeadlightH7",
        "CarRadiator",
        "CarBattery",
        "SparkPlug",
        "ZAZ_968_wheel",
        "ZAZ_968_wheel",
        "ZAZ_968_wheel",
        "ZAZ_968_wheel",
        "ZAZ_968_doors_driver",
        "ZAZ_968_doors_codriver",
        "ZAZ_968_doors_hood",
        "ZAZ_968_doors_trunk",
        "ZAZ_968_wheel"
      ],
      "Variants": [
        "ZAZ_968_green",
        "ZAZ_968_yellow",
        "ZAZ_968_milicia"
      ]
    },
    {
      "ClassName": "ZAZ_968_green",
      "MaxPriceThreshold": 75000,
      "MinPriceThreshold": 75000,
      "SellPricePercent": -1,
      "MaxStockThreshold": 1,
      "MinStockThreshold": 1,
      "QuantityPercent": -1,
      "SpawnAttachments": [
        "HeadlightH7",
        "HeadlightH7",
        "CarRadiator",
        "CarBattery",
        "SparkPlug",
        "ZAZ_968_wheel",
        "ZAZ_968_wheel",
        "ZAZ_968_wheel",
        "ZAZ_968_wheel",
        "ZAZ_968_doors_driver_green",
        "ZAZ_968_doors_codriver_green",
        "ZAZ_968_doors_hood_green",
        "ZAZ_968_doors_trunk_green",
        "ZAZ_968_wheel"
      ],
      "Variants": []
    },
    {
      "ClassName": "ZAZ_968_yellow",
      "MaxPriceThreshold": 75000,
      "MinPriceThreshold": 75000,
      "SellPricePercent": -1,
      "MaxStockThreshold": 1,
      "MinStockThreshold": 1,
      "QuantityPercent": -1,
      "SpawnAttachments": [
        "HeadlightH7",
        "HeadlightH7",
        "CarRadiator",
        "CarBattery",
        "SparkPlug",
        "ZAZ_968_wheel",
        "ZAZ_968_wheel",
        "ZAZ_968_wheel",
        "ZAZ_968_wheel",
        "ZAZ_968_doors_driver_yellow",
        "ZAZ_968_doors_codriver_yellow",
        "ZAZ_968_doors_hood_yellow",
        "ZAZ_968_doors_trunk_yellow",
        "ZAZ_968_wheel"
      ],
      "Variants": []
    },
    {
      "ClassName": "ZAZ_968_milicia",
      "MaxPriceThreshold": 75000,
      "MinPriceThreshold": 75000,
      "SellPricePercent": -1,
      "MaxStockThreshold": 1,
      "MinStockThreshold": 1,
      "QuantityPercent": -1,
      "SpawnAttachments": [
        "HeadlightH7",
        "HeadlightH7",
        "CarRadiator",
        "CarBattery",
        "SparkPlug",
        "ZAZ_968_wheel",
        "ZAZ_968_wheel",
        "ZAZ_968_wheel",
        "ZAZ_968_wheel",
        "ZAZ_968_doors_driver_milicia",
        "ZAZ_968_doors_codriver_milicia",
        "ZAZ_968_doors_hood_milicia",
        "ZAZ_968_doors_trunk_milicia",
        "ZAZ_968_wheel"
      ],
      "Variants": []
    },
    {
      "ClassName": "ZAZ_968M",
      "MaxPriceThreshold": 75000,
      "MinPriceThreshold": 75000,
      "SellPricePercent": -1,
      "MaxStockThreshold": 1,
      "MinStockThreshold": 1,
      "QuantityPercent": -1,
      "SpawnAttachments": [
        "HeadlightH7",
        "HeadlightH7",
        "CarRadiator",
        "CarBattery",
        "SparkPlug",
        "ZAZ_968M_wheel",
        "ZAZ_968M_wheel",
        "ZAZ_968M_wheel",
        "ZAZ_968M_wheel",
        "ZAZ_968M_doors_driver",
        "ZAZ_968M_doors_codriver",
        "ZAZ_968M_doors_hood",
        "ZAZ_968M_doors_trunk",
        "ZAZ_968M_wheel"
      ],
      "Variants": [
        "ZAZ_968M_red",
        "ZAZ_968M_black"
      ]
    },
    {
      "ClassName": "ZAZ_968M_red",
      "MaxPriceThreshold": 75000,
      "MinPriceThreshold": 75000,
      "SellPricePercent": -1,
      "MaxStockThreshold": 1,
      "MinStockThreshold": 1,
      "QuantityPercent": -1,
      "SpawnAttachments": [
        "HeadlightH7",
        "HeadlightH7",
        "CarRadiator",
        "CarBattery",
        "SparkPlug",
        "ZAZ_968M_wheel",
        "ZAZ_968M_wheel",
        "ZAZ_968M_wheel",
        "ZAZ_968M_wheel",
        "ZAZ_968M_doors_driver_red",
        "ZAZ_968M_doors_codriver_red",
        "ZAZ_968M_doors_hood_red",
        "ZAZ_968M_doors_trunk_red",
        "ZAZ_968M_wheel"
      ],
      "Variants": []
    },
    {
      "ClassName": "ZAZ_968M_black",
      "MaxPriceThreshold": 75000,
      "MinPriceThreshold": 75000,
      "SellPricePercent": -1,
      "MaxStockThreshold": 1,
      "MinStockThreshold": 1,
      "QuantityPercent": -1,
      "SpawnAttachments": [
        "HeadlightH7",
        "HeadlightH7",
        "CarRadiator",
        "CarBattery",
        "SparkPlug",
        "ZAZ_968M_wheel",
        "ZAZ_968M_wheel",
        "ZAZ_968M_wheel",
        "ZAZ_968M_wheel",
        "ZAZ_968M_doors_driver_black",
        "ZAZ_968M_doors_codriver_black",
        "ZAZ_968M_doors_hood_black",
        "ZAZ_968M_doors_trunk_black",
        "ZAZ_968M_wheel"
      ],
      "Variants": []
    },
    {
      "ClassName": "AZLK_2141RF",
      "MaxPriceThreshold": 75000,
      "MinPriceThreshold": 75000,
      "SellPricePercent": -1,
      "MaxStockThreshold": 1,
      "MinStockThreshold": 1,
      "QuantityPercent": -1,
      "SpawnAttachments": [
        "HeadlightH7",
        "HeadlightH7",
        "CarRadiator",
        "CarBattery",
        "SparkPlug",
        "AZLK_2141RF_wheel",
        "AZLK_2141RF_wheel",
        "AZLK_2141RF_wheel",
        "AZLK_2141RF_wheel",
        "AZLK_2141RF_doors_driver",
        "AZLK_2141RF_doors_codriver",
        "AZLK_2141RF_doors_cargo1",
        "AZLK_2141RF_doors_cargo2",
        "AZLK_2141RF_doors_hood",
        "AZLK_2141RF_doors_trunk",
        "AZLK_2141RF_wheel"
      ],
      "Variants": [
        "AZLK_2141RF_red",
        "AZLK_2141RF_beige",
        "AZLK_2141RF_Lettuce",
        "AZLK_2141RF_milicia",
        "AZLK_2141RF_milicia_PG"
      ]
    },
    {
      "ClassName": "AZLK_2141RF_red",
      "MaxPriceThreshold": 75000,
      "MinPriceThreshold": 75000,
      "SellPricePercent": -1,
      "MaxStockThreshold": 1,
      "MinStockThreshold": 1,
      "QuantityPercent": -1,
      "SpawnAttachments": [
        "HeadlightH7",
        "HeadlightH7",
        "CarRadiator",
        "CarBattery",
        "SparkPlug",
        "AZLK_2141RF_wheel",
        "AZLK_2141RF_wheel",
        "AZLK_2141RF_wheel",
        "AZLK_2141RF_wheel",
        "AZLK_2141RF_doors_driver_red",
        "AZLK_2141RF_doors_codriver_red",
        "AZLK_2141RF_doors_cargo1_red",
        "AZLK_2141RF_doors_cargo2_red",
        "AZLK_2141RF_doors_hood_red",
        "AZLK_2141RF_doors_trunk_red",
        "AZLK_2141RF_wheel"
      ],
      "Variants": []
    },
    {
      "ClassName": "AZLK_2141RF_beige",
      "MaxPriceThreshold": 75000,
      "MinPriceThreshold": 75000,
      "SellPricePercent": -1,
      "MaxStockThreshold": 1,
      "MinStockThreshold": 1,
      "QuantityPercent": -1,
      "SpawnAttachments": [
        "HeadlightH7",
        "HeadlightH7",
        "CarRadiator",
        "CarBattery",
        "SparkPlug",
        "AZLK_2141RF_wheel",
        "AZLK_2141RF_wheel",
        "AZLK_2141RF_wheel",
        "AZLK_2141RF_wheel",
        "AZLK_2141RF_doors_driver_beige",
        "AZLK_2141RF_doors_codriver_beige",
        "AZLK_2141RF_doors_cargo1_beige",
        "AZLK_2141RF_doors_cargo2_beige",
        "AZLK_2141RF_doors_hood_beige",
        "AZLK_2141RF_doors_trunk_beige",
        "AZLK_2141RF_wheel"
      ],
      "Variants": []
    },
    {
      "ClassName": "AZLK_2141RF_Lettuce",
      "MaxPriceThreshold": 75000,
      "MinPriceThreshold": 75000,
      "SellPricePercent": -1,
      "MaxStockThreshold": 1,
      "MinStockThreshold": 1,
      "QuantityPercent": -1,
      "SpawnAttachments": [
        "HeadlightH7",
        "HeadlightH7",
        "CarRadiator",
        "CarBattery",
        "SparkPlug",
        "AZLK_2141RF_wheel",
        "AZLK_2141RF_wheel",
        "AZLK_2141RF_wheel",
        "AZLK_2141RF_wheel",
        "AZLK_2141RF_doors_driver_Lettuce",
        "AZLK_2141RF_doors_codriver_Lettuce",
        "AZLK_2141RF_doors_cargo1_Lettuce",
        "AZLK_2141RF_doors_cargo2_Lettuce",
        "AZLK_2141RF_doors_hood_Lettuce",
        "AZLK_2141RF_doors_trunk_Lettuce",
        "AZLK_2141RF_wheel"
      ],
      "Variants": []
    },
    {
      "ClassName": "AZLK_2141RF_milicia",
      "MaxPriceThreshold": 75000,
      "MinPriceThreshold": 75000,
      "SellPricePercent": -1,
      "MaxStockThreshold": 1,
      "MinStockThreshold": 1,
      "QuantityPercent": -1,
      "SpawnAttachments": [
        "HeadlightH7",
        "HeadlightH7",
        "CarRadiator",
        "CarBattery",
        "SparkPlug",
        "AZLK_2141RF_wheel",
        "AZLK_2141RF_wheel",
        "AZLK_2141RF_wheel",
        "AZLK_2141RF_wheel",
        "AZLK_2141RF_doors_driver_milicia",
        "AZLK_2141RF_doors_codriver_milicia",
        "AZLK_2141RF_doors_cargo1_milicia",
        "AZLK_2141RF_doors_cargo2_milicia",
        "AZLK_2141RF_doors_hood_milicia",
        "AZLK_2141RF_doors_trunk_milicia",
        "AZLK_2141RF_wheel"
      ],
      "Variants": []
    },
    {
      "ClassName": "AZLK_2141RF_milicia_PG",
      "MaxPriceThreshold": 75000,
      "MinPriceThreshold": 75000,
      "SellPricePercent": -1,
      "MaxStockThreshold": 1,
      "MinStockThreshold": 1,
      "QuantityPercent": -1,
      "SpawnAttachments": [
        "HeadlightH7",
        "HeadlightH7",
        "CarRadiator",
        "CarBattery",
        "SparkPlug",
        "AZLK_2141RF_wheel",
        "AZLK_2141RF_wheel",
        "AZLK_2141RF_wheel",
        "AZLK_2141RF_wheel",
        "AZLK_2141RF_doors_driver_milicia_PG",
        "AZLK_2141RF_doors_codriver_milicia_PG",
        "AZLK_2141RF_doors_cargo1_milicia_PG",
        "AZLK_2141RF_doors_cargo2_milicia_PG",
        "AZLK_2141RF_doors_hood_milicia_PG",
        "AZLK_2141RF_doors_trunk_milicia_PG",
        "AZLK_2141RF_wheel"
      ],
      "Variants": []
    },
    {
      "ClassName": "GAZ21_Volga",
      "MaxPriceThreshold": 75000,
      "MinPriceThreshold": 75000,
      "SellPricePercent": -1,
      "MaxStockThreshold": 1,
      "MinStockThreshold": 1,
      "QuantityPercent": -1,
      "SpawnAttachments": [
        "HeadlightH7",
        "HeadlightH7",
        "CarRadiator",
        "CarBattery",
        "SparkPlug",
        "GAZ21_Volga_wheel",
        "GAZ21_Volga_wheel",
        "GAZ21_Volga_wheel",
        "GAZ21_Volga_wheel",
        "GAZ21_Volga_doors_driver",
        "GAZ21_Volga_doors_codriver",
        "GAZ21_Volga_doors_cargo1",
        "GAZ21_Volga_doors_cargo2",
        "GAZ21_Volga_doors_hood",
        "GAZ21_Volga_doors_trunk",
        "GAZ21_roof_rack",
        "GAZ21_Volga_wheel"
      ],
      "Variants": [
        "GAZ21_Volga_green",
        "GAZ21_Volga_black"
      ]
    },
    {
      "ClassName": "GAZ21_Volga_green",
      "MaxPriceThreshold": 75000,
      "MinPriceThreshold": 75000,
      "SellPricePercent": -1,
      "MaxStockThreshold": 1,
      "MinStockThreshold": 1,
      "QuantityPercent": -1,
      "SpawnAttachments": [
        "HeadlightH7",
        "HeadlightH7",
        "CarRadiator",
        "CarBattery",
        "SparkPlug",
        "GAZ21_Volga_wheel",
        "GAZ21_Volga_wheel",
        "GAZ21_Volga_wheel",
        "GAZ21_Volga_wheel",
        "GAZ21_Volga_doors_driver_green",
        "GAZ21_Volga_doors_codriver_green",
        "GAZ21_Volga_doors_cargo1_green",
        "GAZ21_Volga_doors_cargo2_green",
        "GAZ21_Volga_doors_hood_green",
        "GAZ21_Volga_doors_trunk_green",
        "GAZ21_roof_rack_green",
        "GAZ21_Volga_wheel"
      ],
      "Variants": []
    },
    {
      "ClassName": "GAZ21_Volga_black",
      "MaxPriceThreshold": 75000,
      "MinPriceThreshold": 75000,
      "SellPricePercent": -1,
      "MaxStockThreshold": 1,
      "MinStockThreshold": 1,
      "QuantityPercent": -1,
      "SpawnAttachments": [
        "HeadlightH7",
        "HeadlightH7",
        "CarRadiator",
        "CarBattery",
        "SparkPlug",
        "GAZ21_Volga_wheel",
        "GAZ21_Volga_wheel",
        "GAZ21_Volga_wheel",
        "GAZ21_Volga_wheel",
        "GAZ21_Volga_doors_driver_black",
        "GAZ21_Volga_doors_codriver_black",
        "GAZ21_Volga_doors_cargo1_black",
        "GAZ21_Volga_doors_cargo2_black",
        "GAZ21_Volga_doors_hood_black",
        "GAZ21_Volga_doors_trunk_black",
        "GAZ21_roof_rack_black",
        "GAZ21_Volga_wheel"
      ],
      "Variants": []
    },
    {
      "ClassName": "GAZ_12",
      "MaxPriceThreshold": 75000,
      "MinPriceThreshold": 75000,
      "SellPricePercent": -1,
      "MaxStockThreshold": 1,
      "MinStockThreshold": 1,
      "QuantityPercent": -1,
      "SpawnAttachments": [
        "HeadlightH7",
        "HeadlightH7",
        "CarRadiator",
        "CarBattery",
        "SparkPlug",
        "GAZ_12_wheel",
        "GAZ_12_wheel",
        "GAZ_12_wheel",
        "GAZ_12_wheel",
        "GAZ_12_doors_driver",
        "GAZ_12_doors_codriver",
        "GAZ_12_doors_cargo1",
        "GAZ_12_doors_cargo2",
        "GAZ_12_doors_hood",
        "GAZ_12_doors_trunk",
        "GAZ_12_wheel"
      ],
      "Variants": [
        "GAZ_12_white",
        "GAZ_12_kombi"
      ]
    },
    {
      "ClassName": "GAZ_12_white",
      "MaxPriceThreshold": 75000,
      "MinPriceThreshold": 75000,
      "SellPricePercent": -1,
      "MaxStockThreshold": 1,
      "MinStockThreshold": 1,
      "QuantityPercent": -1,
      "SpawnAttachments": [
        "HeadlightH7",
        "HeadlightH7",
        "CarRadiator",
        "CarBattery",
        "SparkPlug",
        "GAZ_12_wheel",
        "GAZ_12_wheel",
        "GAZ_12_wheel",
        "GAZ_12_wheel",
        "GAZ_12_doors_driver_white",
        "GAZ_12_doors_codriver_white",
        "GAZ_12_doors_cargo1_white",
        "GAZ_12_doors_cargo2_white",
        "GAZ_12_doors_hood_white",
        "GAZ_12_doors_trunk_white",
        "GAZ_12_wheel"
      ],
      "Variants": []
    },
    {
      "ClassName": "GAZ_12_kombi",
      "MaxPriceThreshold": 75000,
      "MinPriceThreshold": 75000,
      "SellPricePercent": -1,
      "MaxStockThreshold": 1,
      "MinStockThreshold": 1,
      "QuantityPercent": -1,
      "SpawnAttachments": [
        "HeadlightH7",
        "HeadlightH7",
        "CarRadiator",
        "CarBattery",
        "SparkPlug",
        "GAZ_12_wheel",
        "GAZ_12_wheel",
        "GAZ_12_wheel",
        "GAZ_12_wheel",
        "GAZ_12_doors_driver_kombi",
        "GAZ_12_doors_codriver_kombi",
        "GAZ_12_doors_cargo1_kombi",
        "GAZ_12_doors_cargo2_kombi",
        "GAZ_12_doors_hood_kombi",
        "GAZ_12_doors_trunk_kombi",
        "GAZ_12_wheel"
      ],
      "Variants": []
    },
    {
      "ClassName": "GAZ_3110_volga",
      "MaxPriceThreshold": 75000,
      "MinPriceThreshold": 75000,
      "SellPricePercent": -1,
      "MaxStockThreshold": 1,
      "MinStockThreshold": 1,
      "QuantityPercent": -1,
      "SpawnAttachments": [
        "HeadlightH7",
        "HeadlightH7",
        "CarRadiator",
        "CarBattery",
        "SparkPlug",
        "GAZ_3110_volga_wheel",
        "GAZ_3110_volga_wheel",
        "GAZ_3110_volga_wheel",
        "GAZ_3110_volga_wheel",
        "GAZ_3110_volga_doors_driver",
        "GAZ_3110_volga_doors_codriver",
        "GAZ_3110_volga_doors_cargo1",
        "GAZ_3110_volga_doors_cargo2",
        "GAZ_3110_volga_doors_hood",
        "GAZ_3110_volga_doors_trunk",
        "GAZ_3110_volga_wheel"
      ],
      "Variants": [
        "GAZ_3110_volga_white",
        "GAZ_3110_volga_black",
        "GAZ_3110_volga_taxi"
      ]
    },
    {
      "ClassName": "GAZ_3110_volga_white",
      "MaxPriceThreshold": 75000,
      "MinPriceThreshold": 75000,
      "SellPricePercent": -1,
      "MaxStockThreshold": 1,
      "MinStockThreshold": 1,
      "QuantityPercent": -1,
      "SpawnAttachments": [
        "HeadlightH7",
        "HeadlightH7",
        "CarRadiator",
        "CarBattery",
        "SparkPlug",
        "GAZ_3110_volga_wheel",
        "GAZ_3110_volga_wheel",
        "GAZ_3110_volga_wheel",
        "GAZ_3110_volga_wheel",
        "GAZ_3110_volga_doors_driver_white",
        "GAZ_3110_volga_doors_codriver_white",
        "GAZ_3110_volga_doors_cargo1_white",
        "GAZ_3110_volga_doors_cargo2_white",
        "GAZ_3110_volga_doors_hood_white",
        "GAZ_3110_volga_doors_trunk_white",
        "GAZ_3110_volga_wheel"
      ],
      "Variants": []
    },
    {
      "ClassName": "GAZ_3110_volga_black",
      "MaxPriceThreshold": 75000,
      "MinPriceThreshold": 75000,
      "SellPricePercent": -1,
      "MaxStockThreshold": 1,
      "MinStockThreshold": 1,
      "QuantityPercent": -1,
      "SpawnAttachments": [
        "HeadlightH7",
        "HeadlightH7",
        "CarRadiator",
        "CarBattery",
        "SparkPlug",
        "GAZ_3110_volga_wheel",
        "GAZ_3110_volga_wheel",
        "GAZ_3110_volga_wheel",
        "GAZ_3110_volga_wheel",
        "GAZ_3110_volga_doors_driver_black",
        "GAZ_3110_volga_doors_codriver_black",
        "GAZ_3110_volga_doors_cargo1_black",
        "GAZ_3110_volga_doors_cargo2_black",
        "GAZ_3110_volga_doors_hood_black",
        "GAZ_3110_volga_doors_trunk_black",
        "GAZ_3110_volga_wheel"
      ],
      "Variants": []
    },
    {
      "ClassName": "GAZ_3110_volga_taxi",
      "MaxPriceThreshold": 75000,
      "MinPriceThreshold": 75000,
      "SellPricePercent": -1,
      "MaxStockThreshold": 1,
      "MinStockThreshold": 1,
      "QuantityPercent": -1,
      "SpawnAttachments": [
        "HeadlightH7",
        "HeadlightH7",
        "CarRadiator",
        "CarBattery",
        "SparkPlug",
        "GAZ_3110_volga_wheel",
        "GAZ_3110_volga_wheel",
        "GAZ_3110_volga_wheel",
        "GAZ_3110_volga_wheel",
        "GAZ_3110_volga_taxi_doors_driver",
        "GAZ_3110_volga_taxi_doors_codriver",
        "GAZ_3110_volga_taxi_doors_cargo1",
        "GAZ_3110_volga_taxi_doors_cargo2",
        "GAZ_3110_volga_taxi_doors_hood",
        "GAZ_3110_volga_taxi_doors_trunk",
        "GAZ_3110_volga_wheel"
      ],
      "Variants": []
    },
    {
      "ClassName": "moskvich_407",
      "MaxPriceThreshold": 75000,
      "MinPriceThreshold": 75000,
      "SellPricePercent": -1,
      "MaxStockThreshold": 1,
      "MinStockThreshold": 1,
      "QuantityPercent": -1,
      "SpawnAttachments": [
        "HeadlightH7",
        "HeadlightH7",
        "CarRadiator",
        "CarBattery",
        "SparkPlug",
        "moskvich_407_wheel",
        "moskvich_407_wheel",
        "moskvich_407_wheel",
        "moskvich_407_wheel",
        "moskvich_407_doors_driver",
        "moskvich_407_doors_codriver",
        "moskvich_407_doors_cargo1",
        "moskvich_407_doors_cargo2",
        "moskvich_407_doors_hood",
        "moskvich_407_doors_trunk",
        "moskvich_407_wheel"
      ],
      "Variants": [
        "moskvich_407_double_red",
        "moskvich_407_double_blue",
        "moskvich_407_grey"
      ]
    },
    {
      "ClassName": "moskvich_407_double_red",
      "MaxPriceThreshold": 75000,
      "MinPriceThreshold": 75000,
      "SellPricePercent": -1,
      "MaxStockThreshold": 1,
      "MinStockThreshold": 1,
      "QuantityPercent": -1,
      "SpawnAttachments": [
        "HeadlightH7",
        "HeadlightH7",
        "CarRadiator",
        "CarBattery",
        "SparkPlug",
        "moskvich_407_wheel",
        "moskvich_407_wheel",
        "moskvich_407_wheel",
        "moskvich_407_wheel",
        "moskvich_407_doors_driver_double_red",
        "moskvich_407_doors_codriver_double_red",
        "moskvich_407_doors_cargo1_double_red",
        "moskvich_407_doors_cargo2_double_red",
        "moskvich_407_doors_hood_double_red",
        "moskvich_407_doors_trunk_double_red",
        "moskvich_407_wheel"
      ],
      "Variants": []
    },
    {
      "ClassName": "moskvich_407_double_blue",
      "MaxPriceThreshold": 75000,
      "MinPriceThreshold": 75000,
      "SellPricePercent": -1,
      "MaxStockThreshold": 1,
      "MinStockThreshold": 1,
      "QuantityPercent": -1,
      "SpawnAttachments": [
        "HeadlightH7",
        "HeadlightH7",
        "CarRadiator",
        "CarBattery",
        "SparkPlug",
        "moskvich_407_wheel",
        "moskvich_407_wheel",
        "moskvich_407_wheel",
        "moskvich_407_wheel",
        "moskvich_407_doors_driver_double_blue",
        "moskvich_407_doors_codriver_double_blue",
        "moskvich_407_doors_cargo1_double_blue",
        "moskvich_407_doors_cargo2_double_blue",
        "moskvich_407_doors_hood_double_blue",
        "moskvich_407_doors_trunk_double_blue",
        "moskvich_407_wheel"
      ],
      "Variants": []
    },
    {
      "ClassName": "moskvich_407_grey",
      "MaxPriceThreshold": 75000,
      "MinPriceThreshold": 75000,
      "SellPricePercent": -1,
      "MaxStockThreshold": 1,
      "MinStockThreshold": 1,
      "QuantityPercent": -1,
      "SpawnAttachments": [
        "HeadlightH7",
        "HeadlightH7",
        "CarRadiator",
        "CarBattery",
        "SparkPlug",
        "moskvich_407_wheel",
        "moskvich_407_wheel",
        "moskvich_407_wheel",
        "moskvich_407_wheel",
        "moskvich_407_doors_driver_grey",
        "moskvich_407_doors_codriver_grey",
        "moskvich_407_doors_cargo1_grey",
        "moskvich_407_doors_cargo2_grey",
        "moskvich_407_doors_hood_grey",
        "moskvich_407_doors_trunk_grey",
        "moskvich_407_wheel"
      ],
      "Variants": []
    },
    {
      "ClassName": "GAZ_M20",
      "MaxPriceThreshold": 75000,
      "MinPriceThreshold": 75000,
      "SellPricePercent": -1,
      "MaxStockThreshold": 1,
      "MinStockThreshold": 1,
      "QuantityPercent": -1,
      "SpawnAttachments": [
        "HeadlightH7",
        "HeadlightH7",
        "CarRadiator",
        "CarBattery",
        "SparkPlug",
        "GAZ_M20_wheel",
        "GAZ_M20_wheel",
        "GAZ_M20_wheel",
        "GAZ_M20_wheel",
        "GAZ_M20_doors_driver",
        "GAZ_M20_doors_codriver",
        "GAZ_M20_doors_cargo1",
        "GAZ_M20_doors_cargo2",
        "GAZ_M20_doors_hood",
        "GAZ_M20_doors_trunk",
        "GAZ_M20_wheel"
      ],
      "Variants": [
        "GAZ_M20_white",
        "GAZ_M20_green",
        "GAZ_M20_black",
        "GAZ_M20_red",
        "GAZ_M20_blue"
      ]
    },
    {
      "ClassName": "GAZ_M20_white",
      "MaxPriceThreshold": 75000,
      "MinPriceThreshold": 75000,
      "SellPricePercent": -1,
      "MaxStockThreshold": 1,
      "MinStockThreshold": 1,
      "QuantityPercent": -1,
      "SpawnAttachments": [
        "HeadlightH7",
        "HeadlightH7",
        "CarRadiator",
        "CarBattery",
        "SparkPlug",
        "GAZ_M20_wheel",
        "GAZ_M20_wheel",
        "GAZ_M20_wheel",
        "GAZ_M20_wheel",
        "GAZ_M20_doors_driver_white",
        "GAZ_M20_doors_codriver_white",
        "GAZ_M20_doors_cargo1_white",
        "GAZ_M20_doors_cargo2_white",
        "GAZ_M20_doors_hood_white",
        "GAZ_M20_doors_trunk_white",
        "GAZ_M20_wheel"
      ],
      "Variants": []
    },
    {
      "ClassName": "GAZ_M20_green",
      "MaxPriceThreshold": 75000,
      "MinPriceThreshold": 75000,
      "SellPricePercent": -1,
      "MaxStockThreshold": 1,
      "MinStockThreshold": 1,
      "QuantityPercent": -1,
      "SpawnAttachments": [
        "HeadlightH7",
        "HeadlightH7",
        "CarRadiator",
        "CarBattery",
        "SparkPlug",
        "GAZ_M20_wheel",
        "GAZ_M20_wheel",
        "GAZ_M20_wheel",
        "GAZ_M20_wheel",
        "GAZ_M20_doors_driver_green",
        "GAZ_M20_doors_codriver_green",
        "GAZ_M20_doors_cargo1_green",
        "GAZ_M20_doors_cargo2_green",
        "GAZ_M20_doors_hood_green",
        "GAZ_M20_doors_trunk_green",
        "GAZ_M20_wheel"
      ],
      "Variants": []
    },
    {
      "ClassName": "GAZ_M20_black",
      "MaxPriceThreshold": 75000,
      "MinPriceThreshold": 75000,
      "SellPricePercent": -1,
      "MaxStockThreshold": 1,
      "MinStockThreshold": 1,
      "QuantityPercent": -1,
      "SpawnAttachments": [
        "HeadlightH7",
        "HeadlightH7",
        "CarRadiator",
        "CarBattery",
        "SparkPlug",
        "GAZ_M20_wheel",
        "GAZ_M20_wheel",
        "GAZ_M20_wheel",
        "GAZ_M20_wheel",
        "GAZ_M20_doors_driver_black",
        "GAZ_M20_doors_codriver_black",
        "GAZ_M20_doors_cargo1_black",
        "GAZ_M20_doors_cargo2_black",
        "GAZ_M20_doors_hood_black",
        "GAZ_M20_doors_trunk_black",
        "GAZ_M20_wheel"
      ],
      "Variants": []
    },
    {
      "ClassName": "GAZ_M20_red",
      "MaxPriceThreshold": 75000,
      "MinPriceThreshold": 75000,
      "SellPricePercent": -1,
      "MaxStockThreshold": 1,
      "MinStockThreshold": 1,
      "QuantityPercent": -1,
      "SpawnAttachments": [
        "HeadlightH7",
        "HeadlightH7",
        "CarRadiator",
        "CarBattery",
        "SparkPlug",
        "GAZ_M20_wheel",
        "GAZ_M20_wheel",
        "GAZ_M20_wheel",
        "GAZ_M20_wheel",
        "GAZ_M20_doors_driver_red",
        "GAZ_M20_doors_codriver_red",
        "GAZ_M20_doors_cargo1_red",
        "GAZ_M20_doors_cargo2_red",
        "GAZ_M20_doors_hood_red",
        "GAZ_M20_doors_trunk_red",
        "GAZ_M20_wheel"
      ],
      "Variants": []
    },
    {
      "ClassName": "GAZ_M20_blue",
      "MaxPriceThreshold": 75000,
      "MinPriceThreshold": 75000,
      "SellPricePercent": -1,
      "MaxStockThreshold": 1,
      "MinStockThreshold": 1,
      "QuantityPercent": -1,
      "SpawnAttachments": [
        "HeadlightH7",
        "HeadlightH7",
        "CarRadiator",
        "CarBattery",
        "SparkPlug",
        "GAZ_M20_wheel",
        "GAZ_M20_wheel",
        "GAZ_M20_wheel",
        "GAZ_M20_wheel",
        "GAZ_M20_doors_driver_blue",
        "GAZ_M20_doors_codriver_blue",
        "GAZ_M20_doors_cargo1_blue",
        "GAZ_M20_doors_cargo2_blue",
        "GAZ_M20_doors_hood_blue",
        "GAZ_M20_doors_trunk_blue",
        "GAZ_M20_wheel"
      ],
      "Variants": []
    },
    {
      "ClassName": "Van_DodgePhoenix",
      "MaxPriceThreshold": 85000,
      "MinPriceThreshold": 75000,
      "SellPricePercent": -1,
      "MaxStockThreshold": 1,
      "MinStockThreshold": 1,
      "QuantityPercent": -1,
      "SpawnAttachments": [
        "CarBattery",
        "CarRadiator",
        "sparkplug",
        "headlighth7",
        "headlighth7",
        "Van_DodgePhoenix_Doors_Driver",
        "Van_DodgePhoenix_Doors_CoDriver",
        "Van_DodgePhoenix_Doors_Trunk",
        "Van_DodgePhoenix_Doors_Hood",
        "Van_DodgePhoenix_Wheel",
        "Van_DodgePhoenix_Wheel",
        "Van_DodgePhoenix_Wheel",
        "Van_DodgePhoenix_Wheel",
        "Van_DodgePhoenix_Wheel"
      ],
      "Variants": [
        "Van_DodgePhoenix_blue",
        "Van_DodgePhoenix_green",
        "Van_DodgePhoenix_grey",
        "Van_DodgePhoenix_orange",
        "Van_DodgePhoenix_red"
      ]
    }
  ]
}