{
  "m_Version": 12,
  "DisplayName": "Trucks",
  "Icon": "Deliver",
  "Color": "FBFCFEFF",
  "IsExchange": 0,
  "InitStockPercent": 75,
  "Items": [
    {
      "ClassName": "truck_01_covered",
      "MaxPriceThreshold": 65000,
      "MinPriceThreshold": 65000,
      "SellPricePercent": -1,
      "MaxStockThreshold": 1,
      "MinStockThreshold": 1,
      "QuantityPercent": -1,
      "SpawnAttachments": [
        "truck_01_wheel",
        "truck_01_wheel",
        "truck_01_wheel",
        "truck_01_wheel",
        "truck_01_wheeldouble",
        "truck_01_wheeldouble",
        "truck_01_wheeldouble",
        "truck_01_wheeldouble",
        "truckbattery",
        "truck_01_hood",
        "truck_01_door_1_1",
        "truck_01_door_2_1",
        "headlighth7",
        "headlighth7"
      ],
      "Variants": []
    },
    {
      "ClassName": "AEC_Matador",
      "MaxPriceThreshold": 65000,
      "MinPriceThreshold": 65000,
      "SellPricePercent": -1,
      "MaxStockThreshold": 1,
      "MinStockThreshold": 1,
      "QuantityPercent": -1,
      "SpawnAttachments": [
        "AEC_Matador_wheel",
        "AEC_Matador_wheel",
        "AEC_Matador_wheel",
        "AEC_Matador_wheel",
        "AEC_Matador_wheel",
        "truckbattery",
        "carradiator",
        "sparkplug",
        "AEC_Matador_doors_driver",
        "AEC_Matador_doors_codriver",
        "AEC_Matador_doors_cargo3",
        "AEC_Matador_doors_trunk",
        "AEC_Matador_doors_hood",
        "headlighth7",
        "headlighth7"
      ],
      "Variants": [
        "AEC_Matador_camo"
      ]
    },
    {
      "ClassName": "ZIL133_double",
      "MaxPriceThreshold": 65000,
      "MinPriceThreshold": 65000,
      "SellPricePercent": -1,
      "MaxStockThreshold": 1,
      "MinStockThreshold": 1,
      "QuantityPercent": -1,
      "SpawnAttachments": [
        "ZIL133_double_wheel",
        "ZIL133_double_wheel",
        "ZIL133_double_WheelDouble",
        "ZIL133_double_WheelDouble",
        "ZIL133_double_WheelDouble",
        "ZIL133_double_WheelDouble",
        "ZIL133_double_wheel",
        "truckbattery",
        "carradiator",
        "sparkplug",
        "ZIL133_double_doors_driver",
        "ZIL133_double_doors_codriver",
        "ZIL133_double_doors_cargo1",
        "ZIL133_double_doors_cargo2",
        "ZIL133_double_doors_hood",
        "ZIL133_double_doors_trunk",
        "ZIL133_double_tent",
        "headlighth7",
        "headlighth7"
      ],
      "Variants": [
      ]
    },
    {
      "ClassName": "ZIL133_double_green",
      "MaxPriceThreshold": 65000,
      "MinPriceThreshold": 65000,
      "SellPricePercent": -1,
      "MaxStockThreshold": 1,
      "MinStockThreshold": 1,
      "QuantityPercent": -1,
      "SpawnAttachments": [
        "ZIL133_double_wheel",
        "ZIL133_double_wheel",
        "ZIL133_double_WheelDouble",
        "ZIL133_double_WheelDouble",
        "ZIL133_double_WheelDouble",
        "ZIL133_double_WheelDouble",
        "ZIL133_double_wheel",
        "truckbattery",
        "carradiator",
        "sparkplug",
        "ZIL133_double_doors_driver_green",
        "ZIL133_double_doors_codriver_green",
        "ZIL133_double_doors_cargo1_green",
        "ZIL133_double_doors_cargo2_green",
        "ZIL133_double_doors_hood_green",
        "ZIL133_double_doors_trunk",
        "ZIL133_double_tent",
        "headlighth7",
        "headlighth7"
      ],
      "Variants": [
      ]
    },
    {
      "ClassName": "dodge_power_wagonrus",
      "MaxPriceThreshold": 65000,
      "MinPriceThreshold": 65000,
      "SellPricePercent": -1,
      "MaxStockThreshold": 1,
      "MinStockThreshold": 1,
      "QuantityPercent": -1,
      "SpawnAttachments": [
        "carbattery",
        "carradiator",
        "sparkplug",
        "dodge_power_wagonrus_wheel",
        "dodge_power_wagonrus_wheel",
        "dodge_power_wagonrus_wheel",
        "dodge_power_wagonrus_wheel",
        "dodge_power_wagonrus_wheel",
        "dodge_power_wagonrus_doors_driver",
        "dodge_power_wagonrus_doors_codriver",
        "dodge_power_wagonrus_doors_cargo1",
        "dodge_power_wagonrus_doors_cargo2",
        "dodge_power_wagonrus_doors_cargo3",
        "dodge_power_wagonrus_doors_hood",
        "dodge_power_wagonrus_doors_trunk",
        "headlighth7",
        "headlighth7"
      ],
      "Variants": [
      ]
    },
    {
      "ClassName": "dodge_power_wagonrus_red",
      "MaxPriceThreshold": 65000,
      "MinPriceThreshold": 65000,
      "SellPricePercent": -1,
      "MaxStockThreshold": 1,
      "MinStockThreshold": 1,
      "QuantityPercent": -1,
      "SpawnAttachments": [
        "carbattery",
        "carradiator",
        "sparkplug",
        "dodge_power_wagonrus_wheel",
        "dodge_power_wagonrus_wheel",
        "dodge_power_wagonrus_wheel",
        "dodge_power_wagonrus_wheel",
        "dodge_power_wagonrus_wheel",
        "dodge_power_wagonrus_doors_driver_red",
        "dodge_power_wagonrus_doors_codriver_red",
        "dodge_power_wagonrus_doors_cargo1_red",
        "dodge_power_wagonrus_doors_cargo2_red",
        "dodge_power_wagonrus_doors_cargo3_red",
        "dodge_power_wagonrus_doors_hood_red",
        "dodge_power_wagonrus_doors_trunk_red",
        "headlighth7",
        "headlighth7"
      ],
      "Variants": [
      ]
    },
    {
      "ClassName": "dodge_power_wagonrus_black",
      "MaxPriceThreshold": 65000,
      "MinPriceThreshold": 65000,
      "SellPricePercent": -1,
      "MaxStockThreshold": 1,
      "MinStockThreshold": 1,
      "QuantityPercent": -1,
      "SpawnAttachments": [
        "carbattery",
        "carradiator",
        "sparkplug",
        "dodge_power_wagonrus_wheel",
        "dodge_power_wagonrus_wheel",
        "dodge_power_wagonrus_wheel",
        "dodge_power_wagonrus_wheel",
        "dodge_power_wagonrus_wheel",
        "dodge_power_wagonrus_doors_driver_black",
        "dodge_power_wagonrus_doors_codriver_black",
        "dodge_power_wagonrus_doors_cargo1_black",
        "dodge_power_wagonrus_doors_cargo2_black",
        "dodge_power_wagonrus_doors_cargo3_black",
        "dodge_power_wagonrus_doors_hood_black",
        "dodge_power_wagonrus_doors_trunk_black",
        "headlighth7",
        "headlighth7"
      ],
      "Variants": [
      ]
    },
    {
      "ClassName": "dodge_power_wagonrus_yellow",
      "MaxPriceThreshold": 65000,
      "MinPriceThreshold": 65000,
      "SellPricePercent": -1,
      "MaxStockThreshold": 1,
      "MinStockThreshold": 1,
      "QuantityPercent": -1,
      "SpawnAttachments": [
        "carbattery",
        "carradiator",
        "sparkplug",
        "dodge_power_wagonrus_wheel",
        "dodge_power_wagonrus_wheel",
        "dodge_power_wagonrus_wheel",
        "dodge_power_wagonrus_wheel",
        "dodge_power_wagonrus_wheel",
        "dodge_power_wagonrus_doors_driver_yellow",
        "dodge_power_wagonrus_doors_codriver_yellow",
        "dodge_power_wagonrus_doors_cargo1_yellow",
        "dodge_power_wagonrus_doors_cargo2_yellow",
        "dodge_power_wagonrus_doors_cargo3_yellow",
        "dodge_power_wagonrus_doors_hood_yellow",
        "dodge_power_wagonrus_doors_trunk_yellow",
        "headlighth7",
        "headlighth7"
      ],
      "Variants": [
      ]
    },
    {
      "ClassName": "dodge_power_wagonrus_white",
      "MaxPriceThreshold": 65000,
      "MinPriceThreshold": 65000,
      "SellPricePercent": -1,
      "MaxStockThreshold": 1,
      "MinStockThreshold": 1,
      "QuantityPercent": -1,
      "SpawnAttachments": [
        "carbattery",
        "carradiator",
        "sparkplug",
        "dodge_power_wagonrus_wheel",
        "dodge_power_wagonrus_wheel",
        "dodge_power_wagonrus_wheel",
        "dodge_power_wagonrus_wheel",
        "dodge_power_wagonrus_wheel",
        "dodge_power_wagonrus_doors_driver_white",
        "dodge_power_wagonrus_doors_codriver_white",
        "dodge_power_wagonrus_doors_cargo1_white",
        "dodge_power_wagonrus_doors_cargo2_white",
        "dodge_power_wagonrus_doors_cargo3_white",
        "dodge_power_wagonrus_doors_hood_white",
        "dodge_power_wagonrus_doors_trunk_whitew",
        "headlighth7",
        "headlighth7"
      ],
      "Variants": [
      ]
    },
    {
      "ClassName": "opel_blitz",
      "MaxPriceThreshold": 1280000,
      "MinPriceThreshold": 65000,
      "SellPricePercent": -1,
      "MaxStockThreshold": 1,
      "MinStockThreshold": 1,
      "QuantityPercent": -1,
      "SpawnAttachments": [
        "opel_blitz_wheel",
        "opel_blitz_wheel",
        "opel_blitz_wheel",
        "opel_blitz_WheelDouble",
        "opel_blitz_WheelDouble",
        "truckbattery",
        "carradiator",
        "sparkplug",
        "opel_blitz_doors_driver",
        "opel_blitz_doors_codriver",
        "opel_blitz_doors_cargo3",
        "opel_blitz_doors_hood",
        "opel_blitz_doors_trunk",
        "headlighth7",
        "headlighth7"
      ],
      "Variants": [
        "opel_blitz_grey"
      ]
    },
    {
      "ClassName": "ZIL_130",
      "MaxPriceThreshold": 65000,
      "MinPriceThreshold": 65000,
      "SellPricePercent": -1,
      "MaxStockThreshold": 1,
      "MinStockThreshold": 1,
      "QuantityPercent": -1,
      "SpawnAttachments": [
        "HeadlightH7",
        "HeadlightH7",
        "CarRadiator",
        "TruckBattery",
        "SparkPlug",
        "ZIL_130_wheel",
        "ZIL_130_wheel",
        "ZIL_130_WheelDouble",
        "ZIL_130_WheelDouble",
        "ZIL_130_doors_driver",
        "ZIL_130_doors_codriver",
        "ZIL_130_doors_hood",
        "ZIL_130_tent",
        "ZIL_130_wheel"
      ],
      "Variants": [
        "ZIL_130_green",
        "ZIL_130_CDF",
        "ZIL_130_kung",
        "ZIL_130_kung_green"
      ]
    },
    {
      "ClassName": "ZIL_130_green",
      "MaxPriceThreshold": 65000,
      "MinPriceThreshold": 65000,
      "SellPricePercent": -1,
      "MaxStockThreshold": 1,
      "MinStockThreshold": 1,
      "QuantityPercent": -1,
      "SpawnAttachments": [
        "HeadlightH7",
        "HeadlightH7",
        "CarRadiator",
        "TruckBattery",
        "SparkPlug",
        "ZIL_130_wheel",
        "ZIL_130_wheel",
        "ZIL_130_WheelDouble",
        "ZIL_130_WheelDouble",
        "ZIL_130_doors_driver_green",
        "ZIL_130_doors_codriver_green",
        "ZIL_130_doors_hood_green",
        "ZIL_130_tent",
        "ZIL_130_wheel"
      ],
      "Variants": []
    },
    {
      "ClassName": "ZIL_130_CDF",
      "MaxPriceThreshold": 65000,
      "MinPriceThreshold": 65000,
      "SellPricePercent": -1,
      "MaxStockThreshold": 1,
      "MinStockThreshold": 1,
      "QuantityPercent": -1,
      "SpawnAttachments": [
        "HeadlightH7",
        "HeadlightH7",
        "CarRadiator",
        "TruckBattery",
        "SparkPlug",
        "ZIL_130_wheel",
        "ZIL_130_wheel",
        "ZIL_130_WheelDouble",
        "ZIL_130_WheelDouble",
        "ZIL_130_doors_driver_CDF",
        "ZIL_130_doors_codriver_CDF",
        "ZIL_130_doors_hood_CDF",
        "ZIL_130_tent",
        "ZIL_130_wheel"
      ],
      "Variants": []
    },
    {
      "ClassName": "ZIL_130_ac40",
      "MaxPriceThreshold": 65000,
      "MinPriceThreshold": 65000,
      "SellPricePercent": -1,
      "MaxStockThreshold": 1,
      "MinStockThreshold": 1,
      "QuantityPercent": -1,
      "SpawnAttachments": [
        "HeadlightH7",
        "HeadlightH7",
        "CarRadiator",
        "TruckBattery",
        "SparkPlug",
        "ZIL_130_ac40_wheel",
        "ZIL_130_ac40_wheel",
        "ZIL_130_ac40_WheelDouble",
        "ZIL_130_ac40_WheelDouble",
        "ZIL_130_ac40_doors_driver",
        "ZIL_130_ac40_doors_codriver",
        "ZIL_130_ac40_doors_cargo1",
        "ZIL_130_ac40_doors_cargo2",
        "ZIL_130_ac40_doors_hood",
        "ZIL_130_ac40_doors_trunk",
        "ZIL_130_ac40_doors_cargo3",
        "ZIL_130_ac40_doors_cargo4",
        "ZIL_130_ac40_wheel"
      ],
      "Variants": []
    },
    {
      "ClassName": "ZIL_130_ac40",
      "MaxPriceThreshold": 65000,
      "MinPriceThreshold": 65000,
      "SellPricePercent": -1,
      "MaxStockThreshold": 1,
      "MinStockThreshold": 1,
      "QuantityPercent": -1,
      "SpawnAttachments": [
        "HeadlightH7",
        "HeadlightH7",
        "CarRadiator",
        "TruckBattery",
        "SparkPlug",
        "ZIL_130_ac40_wheel",
        "ZIL_130_ac40_wheel",
        "ZIL_130_ac40_WheelDouble",
        "ZIL_130_ac40_WheelDouble",
        "ZIL_130_ac40_doors_driver",
        "ZIL_130_ac40_doors_codriver",
        "ZIL_130_ac40_doors_cargo1",
        "ZIL_130_ac40_doors_cargo2",
        "ZIL_130_ac40_doors_hood",
        "ZIL_130_ac40_doors_trunk",
        "ZIL_130_ac40_doors_cargo3",
        "ZIL_130_ac40_doors_cargo4",
        "ZIL_130_ac40_wheel"
      ],
      "Variants": []
    },
    {
      "ClassName": "ZIL_131",
      "MaxPriceThreshold": 65000,
      "MinPriceThreshold": 65000,
      "SellPricePercent": -1,
      "MaxStockThreshold": 1,
      "MinStockThreshold": 1,
      "QuantityPercent": -1,
      "SpawnAttachments": [
        "HeadlightH7",
        "HeadlightH7",
        "CarRadiator",
        "TruckBattery",
        "SparkPlug",
        "ZIL_131_wheel",
        "ZIL_131_wheel",
        "ZIL_131_wheel",
        "ZIL_131_wheel",
        "ZIL_131_wheel",
        "ZIL_131_wheel",
        "ZIL_131_doors_driver",
        "ZIL_131_doors_codriver",
        "ZIL_131_doors_cargo4",
        "ZIL_131_doors_hood",
        "ZIL_131_doors_trunk",
        "ZIL_131_wheel"
      ],
      "Variants": []
    },
    {
      "ClassName": "ZIL_131_tent",
      "MaxPriceThreshold": 65000,
      "MinPriceThreshold": 65000,
      "SellPricePercent": -1,
      "MaxStockThreshold": 1,
      "MinStockThreshold": 1,
      "QuantityPercent": -1,
      "SpawnAttachments": [
        "HeadlightH7",
        "HeadlightH7",
        "CarRadiator",
        "TruckBattery",
        "SparkPlug",
        "ZIL_131_wheel",
        "ZIL_131_wheel",
        "ZIL_131_wheel",
        "ZIL_131_wheel",
        "ZIL_131_wheel",
        "ZIL_131_wheel",
        "ZIL_131_doors_driver",
        "ZIL_131_doors_codriver",
        "ZIL_131_doors_hood",
        "ZIL_131_tent_doors_trunk",
        "ZIL_131_tent_box",
        "ZIL_131_wheel"
      ],
      "Variants": []
    },
    {
      "ClassName": "kraz_255B",
      "MaxPriceThreshold": 65000,
      "MinPriceThreshold": 65000,
      "SellPricePercent": -1,
      "MaxStockThreshold": 1,
      "MinStockThreshold": 1,
      "QuantityPercent": -1,
      "SpawnAttachments": [
        "HeadlightH7",
        "HeadlightH7",
        "CarRadiator",
        "TruckBattery",
        "SparkPlug",
        "Kraz_255B_wheel",
        "Kraz_255B_wheel",
        "Kraz_255B_wheel",
        "Kraz_255B_wheel",
        "Kraz_255B_wheel",
        "Kraz_255B_wheel",
        "Kraz_255B_doors_driver",
        "Kraz_255B_doors_codriver",
        "Kraz_255B_doors_hood",
        "Kraz_255B_doors_trunk",
        "kraz_255B_tent",
        "Kraz_255B_wheel"
      ],
      "Variants": [
        "kraz_255B_blue",
        "kraz_255B_yellow"
      ]
    },
    {
      "ClassName": "kraz_255B_blue",
      "MaxPriceThreshold": 65000,
      "MinPriceThreshold": 65000,
      "SellPricePercent": -1,
      "MaxStockThreshold": 1,
      "MinStockThreshold": 1,
      "QuantityPercent": -1,
      "SpawnAttachments": [
        "HeadlightH7",
        "HeadlightH7",
        "CarRadiator",
        "TruckBattery",
        "SparkPlug",
        "Kraz_255B_wheel",
        "Kraz_255B_wheel",
        "Kraz_255B_wheel",
        "Kraz_255B_wheel",
        "Kraz_255B_wheel",
        "Kraz_255B_wheel",
        "Kraz_255B_doors_driver_blue",
        "Kraz_255B_doors_codriver_blue",
        "Kraz_255B_doors_hood_blue",
        "Kraz_255B_doors_trunk",
        "kraz_255B_tent",
        "Kraz_255B_wheel"
      ],
      "Variants": []
    },
    {
      "ClassName": "kraz_255B_yellow",
      "MaxPriceThreshold": 65000,
      "MinPriceThreshold": 65000,
      "SellPricePercent": -1,
      "MaxStockThreshold": 1,
      "MinStockThreshold": 1,
      "QuantityPercent": -1,
      "SpawnAttachments": [
        "HeadlightH7",
        "HeadlightH7",
        "CarRadiator",
        "TruckBattery",
        "SparkPlug",
        "Kraz_255B_wheel",
        "Kraz_255B_wheel",
        "Kraz_255B_wheel",
        "Kraz_255B_wheel",
        "Kraz_255B_wheel",
        "Kraz_255B_wheel",
        "Kraz_255B_doors_driver_yellow",
        "Kraz_255B_doors_codriver_yellow",
        "Kraz_255B_doors_hood_yellow",
        "Kraz_255B_doors_trunk",
        "kraz_255B_tent",
        "Kraz_255B_wheel"
      ],
      "Variants": []
    },
    {
      "ClassName": "kraz_255B_kung",
      "MaxPriceThreshold": 65000,
      "MinPriceThreshold": 65000,
      "SellPricePercent": -1,
      "MaxStockThreshold": 1,
      "MinStockThreshold": 1,
      "QuantityPercent": -1,
      "SpawnAttachments": [
        "HeadlightH7",
        "HeadlightH7",
        "CarRadiator",
        "TruckBattery",
        "SparkPlug",
        "Kraz_255B_wheel",
        "Kraz_255B_wheel",
        "Kraz_255B_wheel",
        "Kraz_255B_wheel",
        "Kraz_255B_wheel",
        "Kraz_255B_wheel",
        "Kraz_255B_doors_driver",
        "Kraz_255B_doors_codriver",
        "Kraz_255B_doors_hood",
        "Kraz_255B_doors_trunk_kung",
        "Kraz_255B_wheel"
      ],
      "Variants": [
        "kraz_255B_kung_yellow",
        "kraz_255B_kung_blue"
      ]
    },
    {
      "ClassName": "kraz_255B_kung_yellow",
      "MaxPriceThreshold": 65000,
      "MinPriceThreshold": 65000,
      "SellPricePercent": -1,
      "MaxStockThreshold": 1,
      "MinStockThreshold": 1,
      "QuantityPercent": -1,
      "SpawnAttachments": [
        "HeadlightH7",
        "HeadlightH7",
        "CarRadiator",
        "TruckBattery",
        "SparkPlug",
        "Kraz_255B_wheel",
        "Kraz_255B_wheel",
        "Kraz_255B_wheel",
        "Kraz_255B_wheel",
        "Kraz_255B_wheel",
        "Kraz_255B_wheel",
        "Kraz_255B_doors_driver_yellow",
        "Kraz_255B_doors_codriver_yellow",
        "Kraz_255B_doors_hood_yellow",
        "Kraz_255B_doors_trunk_kung",
        "Kraz_255B_wheel"
      ],
      "Variants": []
    },
    {
      "ClassName": "kraz_255B_kung_blue",
      "MaxPriceThreshold": 65000,
      "MinPriceThreshold": 65000,
      "SellPricePercent": -1,
      "MaxStockThreshold": 1,
      "MinStockThreshold": 1,
      "QuantityPercent": -1,
      "SpawnAttachments": [
        "HeadlightH7",
        "HeadlightH7",
        "CarRadiator",
        "TruckBattery",
        "SparkPlug",
        "Kraz_255B_wheel",
        "Kraz_255B_wheel",
        "Kraz_255B_wheel",
        "Kraz_255B_wheel",
        "Kraz_255B_wheel",
        "Kraz_255B_wheel",
        "Kraz_255B_doors_driver_blue",
        "Kraz_255B_doors_codriver_blue",
        "Kraz_255B_doors_hood_blue",
        "Kraz_255B_doors_trunk_kung",
        "Kraz_255B_wheel"
      ],
      "Variants": []
    },
    {
      "ClassName": "UAZ_33094",
      "MaxPriceThreshold": 65000,
      "MinPriceThreshold": 65000,
      "SellPricePercent": -1,
      "MaxStockThreshold": 1,
      "MinStockThreshold": 1,
      "QuantityPercent": -1,
      "SpawnAttachments": [
        "HeadlightH7",
        "HeadlightH7",
        "CarRadiator",
        "CarBattery",
        "SparkPlug",
        "UAZ_33094_wheel",
        "UAZ_33094_wheel",
        "UAZ_33094_wheel",
        "UAZ_33094_wheel",
        "UAZ_33094_doors_driver",
        "UAZ_33094_doors_codriver",
        "UAZ_33094_doors_cargo2",
        "UAZ_33094_doors_trunk",
        "UAZ_33094_doors_hood",
        "UAZ_33094_tent",
        "UAZ_33094_wheel"
      ],
      "Variants": [
        "UAZ_33094_green",
        "UAZ_33094_gray"
      ]
    },
    {
      "ClassName": "UAZ_33094_green",
      "MaxPriceThreshold": 65000,
      "MinPriceThreshold": 65000,
      "SellPricePercent": -1,
      "MaxStockThreshold": 1,
      "MinStockThreshold": 1,
      "QuantityPercent": -1,
      "SpawnAttachments": [
        "HeadlightH7",
        "HeadlightH7",
        "CarRadiator",
        "CarBattery",
        "SparkPlug",
        "UAZ_33094_wheel",
        "UAZ_33094_wheel",
        "UAZ_33094_wheel",
        "UAZ_33094_wheel",
        "UAZ_33094_doors_driver_green",
        "UAZ_33094_doors_codriver_green",
        "UAZ_33094_doors_cargo2_green",
        "UAZ_33094_doors_trunk_green",
        "UAZ_33094_doors_hood",
        "UAZ_33094_tent",
        "UAZ_33094_wheel"
      ],
      "Variants": []
    },
    {
      "ClassName": "UAZ_33094_gray",
      "MaxPriceThreshold": 65000,
      "MinPriceThreshold": 65000,
      "SellPricePercent": -1,
      "MaxStockThreshold": 1,
      "MinStockThreshold": 1,
      "QuantityPercent": -1,
      "SpawnAttachments": [
        "HeadlightH7",
        "HeadlightH7",
        "CarRadiator",
        "CarBattery",
        "SparkPlug",
        "UAZ_33094_wheel",
        "UAZ_33094_wheel",
        "UAZ_33094_wheel",
        "UAZ_33094_wheel",
        "UAZ_33094_doors_driver_gray",
        "UAZ_33094_doors_codriver_gray",
        "UAZ_33094_doors_cargo2_gray",
        "UAZ_33094_doors_trunk_gray",
        "UAZ_33094_doors_hood",
        "UAZ_33094_tent",
        "UAZ_33094_wheel"
      ],
      "Variants": []
    },
    {
      "ClassName": "GAZ_33081",
      "MaxPriceThreshold": 65000,
      "MinPriceThreshold": 65000,
      "SellPricePercent": -1,
      "MaxStockThreshold": 1,
      "MinStockThreshold": 1,
      "QuantityPercent": -1,
      "SpawnAttachments": [
        "HeadlightH7",
        "HeadlightH7",
        "CarRadiator",
        "TruckBattery",
        "SparkPlug",
        "GAZ_33081_wheel",
        "GAZ_33081_wheel",
        "GAZ_33081_wheel",
        "GAZ_33081_wheel",
        "GAZ_33081_doors_driver",
        "GAZ_33081_doors_codriver",
        "GAZ_33081_doors_cargo1",
        "GAZ_33081_doors_cargo2",
        "GAZ_33081_doors_hood",
        "GAZ_33081_tent",
        "GAZ_33081_wheel"
      ],
      "Variants": [
        "GAZ_33081_camo"
      ]
    },
    {
      "ClassName": "GAZ_33081_camo",
      "MaxPriceThreshold": 65000,
      "MinPriceThreshold": 65000,
      "SellPricePercent": -1,
      "MaxStockThreshold": 1,
      "MinStockThreshold": 1,
      "QuantityPercent": -1,
      "SpawnAttachments": [
        "HeadlightH7",
        "HeadlightH7",
        "CarRadiator",
        "TruckBattery",
        "SparkPlug",
        "GAZ_33081_wheel",
        "GAZ_33081_wheel",
        "GAZ_33081_wheel",
        "GAZ_33081_wheel",
        "GAZ_33081_doors_driver_camo",
        "GAZ_33081_doors_codriver_camo",
        "GAZ_33081_doors_cargo1_camo",
        "GAZ_33081_doors_cargo2_camo",
        "GAZ_33081_doors_hood_camo",
        "GAZ_33081_tent",
        "GAZ_33081_wheel"
      ],
      "Variants": []
    },
    {
      "ClassName": "gaz_51",
      "MaxPriceThreshold": 65000,
      "MinPriceThreshold": 65000,
      "SellPricePercent": -1,
      "MaxStockThreshold": 1,
      "MinStockThreshold": 1,
      "QuantityPercent": -1,
      "SpawnAttachments": [
        "HeadlightH7",
        "HeadlightH7",
        "CarRadiator",
        "TruckBattery",
        "SparkPlug",
        "gaz_51_wheel",
        "gaz_51_wheel",
        "gaz_51_WheelDouble",
        "gaz_51_WheelDouble",
        "gaz_51_doors_driver",
        "gaz_51_doors_codriver",
        "gaz_51_doors_hood",
        "gaz_51_tent",
        "gaz_51_wheel"
      ],
      "Variants": []
    },
    {
      "ClassName": "Gaz_53RF",
      "MaxPriceThreshold": 65000,
      "MinPriceThreshold": 65000,
      "SellPricePercent": -1,
      "MaxStockThreshold": 1,
      "MinStockThreshold": 1,
      "QuantityPercent": -1,
      "SpawnAttachments": [
        "HeadlightH7",
        "HeadlightH7",
        "CarRadiator",
        "TruckBattery",
        "SparkPlug",
        "Gaz_53RF_wheel",
        "Gaz_53RF_wheel",
        "Gaz_53RF_WheelDouble",
        "Gaz_53RF_WheelDouble",
        "Gaz_53RF_doors_driver",
        "Gaz_53RF_doors_codriver",
        "Gaz_53RF_doors_hood",
        "Gaz_53RF_doors_trunk",
        "gaz53rf_tent",
        "Gaz_53RF_wheel"
      ],
      "Variants": [
        "Gaz_53RF_petrol_truck"
      ]
    },
    {
      "ClassName": "Gaz_53RF_petrol_truck",
      "MaxPriceThreshold": 65000,
      "MinPriceThreshold": 65000,
      "SellPricePercent": -1,
      "MaxStockThreshold": 1,
      "MinStockThreshold": 1,
      "QuantityPercent": -1,
      "SpawnAttachments": [
        "HeadlightH7",
        "HeadlightH7",
        "CarRadiator",
        "TruckBattery",
        "SparkPlug",
        "Gaz_53RF_wheel",
        "Gaz_53RF_wheel",
        "Gaz_53RF_WheelDouble",
        "Gaz_53RF_WheelDouble",
        "Gaz_53RF_doors_driver",
        "Gaz_53RF_doors_codriver",
        "Gaz_53RF_doors_hood",
        "Gaz_53RF_wheel"
      ],
      "Variants": []
    },
    {
      "ClassName": "GAZ_66",
      "MaxPriceThreshold": 65000,
      "MinPriceThreshold": 65000,
      "SellPricePercent": -1,
      "MaxStockThreshold": 1,
      "MinStockThreshold": 1,
      "QuantityPercent": -1,
      "SpawnAttachments": [
        "HeadlightH7",
        "HeadlightH7",
        "CarRadiator",
        "TruckBattery",
        "SparkPlug",
        "GAZ_66_wheel",
        "GAZ_66_wheel",
        "GAZ_66_wheel",
        "GAZ_66_wheel",
        "GAZ_66_doors_driver",
        "GAZ_66_doors_codriver",
        "GAZ_66_doors_cargo3",
        "GAZ_66_doors_cargo4",
        "GAZ_66_doors_trunk",
        "GAZ_66_wheel"
      ],
      "Variants": [
        "GAZ_66_camo",
        "GAZ_66_zima_camo",
        "GAZ_66_kuzov",
        "GAZ_66_kuzov_camo",
        "GAZ_66_kuzov_zima_camo"
      ]
    },
    {
      "ClassName": "GAZ_66_camo",
      "MaxPriceThreshold": 65000,
      "MinPriceThreshold": 65000,
      "SellPricePercent": -1,
      "MaxStockThreshold": 1,
      "MinStockThreshold": 1,
      "QuantityPercent": -1,
      "SpawnAttachments": [
        "HeadlightH7",
        "HeadlightH7",
        "CarRadiator",
        "TruckBattery",
        "SparkPlug",
        "GAZ_66_wheel",
        "GAZ_66_wheel",
        "GAZ_66_wheel",
        "GAZ_66_wheel",
        "GAZ_66_doors_driver_camo",
        "GAZ_66_doors_codriver_camo",
        "GAZ_66_doors_cargo3",
        "GAZ_66_doors_cargo4",
        "GAZ_66_doors_trunk",
        "GAZ_66_wheel"
      ],
      "Variants": []
    },
    {
      "ClassName": "GAZ_66_zima_camo",
      "MaxPriceThreshold": 65000,
      "MinPriceThreshold": 65000,
      "SellPricePercent": -1,
      "MaxStockThreshold": 1,
      "MinStockThreshold": 1,
      "QuantityPercent": -1,
      "SpawnAttachments": [
        "HeadlightH7",
        "HeadlightH7",
        "CarRadiator",
        "TruckBattery",
        "SparkPlug",
        "GAZ_66_wheel",
        "GAZ_66_wheel",
        "GAZ_66_wheel",
        "GAZ_66_wheel",
        "GAZ_66_doors_driver_zima_camo",
        "GAZ_66_doors_codriver_zima_camo",
        "GAZ_66_doors_cargo3",
        "GAZ_66_doors_cargo4",
        "GAZ_66_doors_trunk",
        "GAZ_66_wheel"
      ],
      "Variants": []
    },
    {
      "ClassName": "GAZ_66_kuzov",
      "MaxPriceThreshold": 65000,
      "MinPriceThreshold": 65000,
      "SellPricePercent": -1,
      "MaxStockThreshold": 1,
      "MinStockThreshold": 1,
      "QuantityPercent": -1,
      "SpawnAttachments": [
        "HeadlightH7",
        "HeadlightH7",
        "CarRadiator",
        "TruckBattery",
        "SparkPlug",
        "GAZ_66_wheel",
        "GAZ_66_wheel",
        "GAZ_66_wheel",
        "GAZ_66_wheel",
        "GAZ_66_doors_driver",
        "GAZ_66_doors_codriver",
        "GAZ_66_wheel"
      ],
      "Variants": []
    },
    {
      "ClassName": "GAZ_66_kuzov_camo",
      "MaxPriceThreshold": 65000,
      "MinPriceThreshold": 65000,
      "SellPricePercent": -1,
      "MaxStockThreshold": 1,
      "MinStockThreshold": 1,
      "QuantityPercent": -1,
      "SpawnAttachments": [
        "HeadlightH7",
        "HeadlightH7",
        "CarRadiator",
        "TruckBattery",
        "SparkPlug",
        "GAZ_66_wheel",
        "GAZ_66_wheel",
        "GAZ_66_wheel",
        "GAZ_66_wheel",
        "GAZ_66_doors_driver_camo",
        "GAZ_66_doors_codriver_camo",
        "GAZ_66_wheel"
      ],
      "Variants": []
    },
    {
      "ClassName": "GAZ_66_kuzov_zima_camo",
      "MaxPriceThreshold": 65000,
      "MinPriceThreshold": 65000,
      "SellPricePercent": -1,
      "MaxStockThreshold": 1,
      "MinStockThreshold": 1,
      "QuantityPercent": -1,
      "SpawnAttachments": [
        "HeadlightH7",
        "HeadlightH7",
        "CarRadiator",
        "TruckBattery",
        "SparkPlug",
        "GAZ_66_wheel",
        "GAZ_66_wheel",
        "GAZ_66_wheel",
        "GAZ_66_wheel",
        "GAZ_66_doors_driver_zima_camo",
        "GAZ_66_doors_codriver_zima_camo",
        "GAZ_66_wheel"
      ],
      "Variants": []
    },
    {
      "ClassName": "kamaz_4310RUS",
      "MaxPriceThreshold": 65000,
      "MinPriceThreshold": 65000,
      "SellPricePercent": -1,
      "MaxStockThreshold": 1,
      "MinStockThreshold": 1,
      "QuantityPercent": -1,
      "SpawnAttachments": [
        "HeadlightH7",
        "HeadlightH7",
        "CarRadiator",
        "TruckBattery",
        "SparkPlug",
        "kamaz_4310RUS_wheel",
        "kamaz_4310RUS_wheel",
        "kamaz_4310RUS_wheel",
        "kamaz_4310RUS_wheel",
        "kamaz_4310RUS_wheel",
        "kamaz_4310RUS_wheel",
        "kamaz_4310RUS_doors_driver",
        "kamaz_4310RUS_doors_codriver",
        "kamaz_4310RUS_doors_hood",
        "kamaz_4310RUS_tent",
        "kamaz_4310RUS_wheel",
        "kamaz_4310RUS_wheel"
      ],
      "Variants": [
        "kamaz_4310RUS_orange",
        "kamaz_4310RUS_blue",
        "kamaz_4310RUS_kung",
        "kamaz_4310RUS_kung_blue",
        "kamaz_4310RUS_kung_orange",
        "kamaz_4310RUS_kung_oon"
      ]
    },
    {
      "ClassName": "kamaz_4310RUS_orange",
      "MaxPriceThreshold": 65000,
      "MinPriceThreshold": 65000,
      "SellPricePercent": -1,
      "MaxStockThreshold": 1,
      "MinStockThreshold": 1,
      "QuantityPercent": -1,
      "SpawnAttachments": [
        "HeadlightH7",
        "HeadlightH7",
        "CarRadiator",
        "TruckBattery",
        "SparkPlug",
        "kamaz_4310RUS_wheel",
        "kamaz_4310RUS_wheel",
        "kamaz_4310RUS_wheel",
        "kamaz_4310RUS_wheel",
        "kamaz_4310RUS_wheel",
        "kamaz_4310RUS_wheel",
        "kamaz_4310RUS_doors_driver_orange",
        "kamaz_4310RUS_doors_codriver_orange",
        "kamaz_4310RUS_doors_hood_orange",
        "kamaz_4310RUS_tent",
        "kamaz_4310RUS_wheel",
        "kamaz_4310RUS_wheel"
      ],
      "Variants": []
    },
    {
      "ClassName": "kamaz_4310RUS_blue",
      "MaxPriceThreshold": 65000,
      "MinPriceThreshold": 65000,
      "SellPricePercent": -1,
      "MaxStockThreshold": 1,
      "MinStockThreshold": 1,
      "QuantityPercent": -1,
      "SpawnAttachments": [
        "HeadlightH7",
        "HeadlightH7",
        "CarRadiator",
        "TruckBattery",
        "SparkPlug",
        "kamaz_4310RUS_wheel",
        "kamaz_4310RUS_wheel",
        "kamaz_4310RUS_wheel",
        "kamaz_4310RUS_wheel",
        "kamaz_4310RUS_wheel",
        "kamaz_4310RUS_wheel",
        "kamaz_4310RUS_doors_driver_blue",
        "kamaz_4310RUS_doors_codriver_blue",
        "kamaz_4310RUS_doors_hood_blue",
        "kamaz_4310RUS_tent",
        "kamaz_4310RUS_wheel",
        "kamaz_4310RUS_wheel"
      ],
      "Variants": []
    },
    {
      "ClassName": "kamaz_4310RUS_kung",
      "MaxPriceThreshold": 65000,
      "MinPriceThreshold": 65000,
      "SellPricePercent": -1,
      "MaxStockThreshold": 1,
      "MinStockThreshold": 1,
      "QuantityPercent": -1,
      "SpawnAttachments": [
        "HeadlightH7",
        "HeadlightH7",
        "CarRadiator",
        "TruckBattery",
        "SparkPlug",
        "kamaz_4310RUS_wheel",
        "kamaz_4310RUS_wheel",
        "kamaz_4310RUS_wheel",
        "kamaz_4310RUS_wheel",
        "kamaz_4310RUS_wheel",
        "kamaz_4310RUS_wheel",
        "kamaz_4310RUS_doors_driver",
        "kamaz_4310RUS_doors_codriver",
        "kamaz_4310RUS_doors_hood",
        "kamaz_4310RUS_doors_trunk",
        "kamaz_4310RUS_wheel",
        "kamaz_4310RUS_wheel"
      ],
      "Variants": []
    },
    {
      "ClassName": "kamaz_4310RUS_kung_blue",
      "MaxPriceThreshold": 65000,
      "MinPriceThreshold": 65000,
      "SellPricePercent": -1,
      "MaxStockThreshold": 1,
      "MinStockThreshold": 1,
      "QuantityPercent": -1,
      "SpawnAttachments": [
        "HeadlightH7",
        "HeadlightH7",
        "CarRadiator",
        "TruckBattery",
        "SparkPlug",
        "kamaz_4310RUS_wheel",
        "kamaz_4310RUS_wheel",
        "kamaz_4310RUS_wheel",
        "kamaz_4310RUS_wheel",
        "kamaz_4310RUS_wheel",
        "kamaz_4310RUS_wheel",
        "kamaz_4310RUS_doors_driver_blue",
        "kamaz_4310RUS_doors_codriver_blue",
        "kamaz_4310RUS_doors_hood_blue",
        "kamaz_4310RUS_doors_trunk",
        "kamaz_4310RUS_wheel",
        "kamaz_4310RUS_wheel"
      ],
      "Variants": []
    },
    {
      "ClassName": "kamaz_4310RUS_kung_orange",
      "MaxPriceThreshold": 65000,
      "MinPriceThreshold": 65000,
      "SellPricePercent": -1,
      "MaxStockThreshold": 1,
      "MinStockThreshold": 1,
      "QuantityPercent": -1,
      "SpawnAttachments": [
        "HeadlightH7",
        "HeadlightH7",
        "CarRadiator",
        "TruckBattery",
        "SparkPlug",
        "kamaz_4310RUS_wheel",
        "kamaz_4310RUS_wheel",
        "kamaz_4310RUS_wheel",
        "kamaz_4310RUS_wheel",
        "kamaz_4310RUS_wheel",
        "kamaz_4310RUS_wheel",
        "kamaz_4310RUS_doors_driver_orange",
        "kamaz_4310RUS_doors_codriver_orange",
        "kamaz_4310RUS_doors_hood_orange",
        "kamaz_4310RUS_doors_trunk",
        "kamaz_4310RUS_wheel",
        "kamaz_4310RUS_wheel"
      ],
      "Variants": []
    },
    {
      "ClassName": "kamaz_4310RUS_kung_oon",
      "MaxPriceThreshold": 65000,
      "MinPriceThreshold": 65000,
      "SellPricePercent": -1,
      "MaxStockThreshold": 1,
      "MinStockThreshold": 1,
      "QuantityPercent": -1,
      "SpawnAttachments": [
        "HeadlightH7",
        "HeadlightH7",
        "CarRadiator",
        "TruckBattery",
        "SparkPlug",
        "kamaz_4310RUS_wheel",
        "kamaz_4310RUS_wheel",
        "kamaz_4310RUS_wheel",
        "kamaz_4310RUS_wheel",
        "kamaz_4310RUS_wheel",
        "kamaz_4310RUS_wheel",
        "kamaz_4310RUS_doors_driver_oon",
        "kamaz_4310RUS_doors_codriver_oon",
        "kamaz_4310RUS_doors_hood_oon",
        "kamaz_4310RUS_doors_trunk_oon",
        "kamaz_4310RUS_wheel",
        "kamaz_4310RUS_wheel"
      ],
      "Variants": []
    },
    {
      "ClassName": "URAL_375_1964",
      "MaxPriceThreshold": 120000,
      "MinPriceThreshold": 120000,
      "SellPricePercent": -1,
      "MaxStockThreshold": 1,
      "MinStockThreshold": 1,
      "QuantityPercent": -1,
      "SpawnAttachments": [
        "HeadlightH7",
        "HeadlightH7",
        "CarRadiator",
        "TruckBattery",
        "SparkPlug",
        "URAL_375_1964_wheel",
        "URAL_375_1964_wheel",
        "URAL_375_1964_wheel",
        "URAL_375_1964_wheel",
        "URAL_375_1964_wheel",
        "URAL_375_1964_wheel",
        "URAL_375_1964_doors_driver",
        "URAL_375_1964_doors_codriver",
        "URAL_375_1964_doors_hood",
        "URAL_375_1964_tent",
        "URAL_375_1964_wheel",
        "URAL_375_1964_wheel"
      ],
      "Variants": [
        "URAL_375_1964_CDF",
        "URAL_375_1964_zima"
      ]
    },
    {
      "ClassName": "URAL_375_1964_CDF",
      "MaxPriceThreshold": 120000,
      "MinPriceThreshold": 120000,
      "SellPricePercent": -1,
      "MaxStockThreshold": 1,
      "MinStockThreshold": 1,
      "QuantityPercent": -1,
      "SpawnAttachments": [
        "HeadlightH7",
        "HeadlightH7",
        "CarRadiator",
        "TruckBattery",
        "SparkPlug",
        "URAL_375_1964_wheel",
        "URAL_375_1964_wheel",
        "URAL_375_1964_wheel",
        "URAL_375_1964_wheel",
        "URAL_375_1964_wheel",
        "URAL_375_1964_wheel",
        "URAL_375_1964_doors_driver_CDF",
        "URAL_375_1964_doors_codriver_CDF",
        "URAL_375_1964_doors_hood_CDF",
        "URAL_375_1964_tent",
        "URAL_375_1964_wheel",
        "URAL_375_1964_wheel"
      ],
      "Variants": []
    },
    {
      "ClassName": "URAL_375_1964_zima",
      "MaxPriceThreshold": 120000,
      "MinPriceThreshold": 120000,
      "SellPricePercent": -1,
      "MaxStockThreshold": 1,
      "MinStockThreshold": 1,
      "QuantityPercent": -1,
      "SpawnAttachments": [
        "HeadlightH7",
        "HeadlightH7",
        "CarRadiator",
        "TruckBattery",
        "SparkPlug",
        "URAL_375_1964_wheel",
        "URAL_375_1964_wheel",
        "URAL_375_1964_wheel",
        "URAL_375_1964_wheel",
        "URAL_375_1964_wheel",
        "URAL_375_1964_wheel",
        "URAL_375_1964_doors_driver_zima",
        "URAL_375_1964_doors_codriver_zima",
        "URAL_375_1964_doors_hood_zima",
        "URAL_375_1964_tent",
        "URAL_375_1964_wheel",
        "URAL_375_1964_wheel"
      ],
      "Variants": []
    },
    {
      "ClassName": "ZIL_157_rus",
      "MaxPriceThreshold": 80000,
      "MinPriceThreshold": 80000,
      "SellPricePercent": -1,
      "MaxStockThreshold": 1,
      "MinStockThreshold": 1,
      "QuantityPercent": -1,
      "SpawnAttachments": [
        "HeadlightH7",
        "HeadlightH7",
        "CarRadiator",
        "TruckBattery",
        "SparkPlug",
        "ZIL_157_rus_wheel",
        "ZIL_157_rus_wheel",
        "ZIL_157_rus_wheel",
        "ZIL_157_rus_wheel",
        "ZIL_157_rus_wheel",
        "ZIL_157_rus_wheel",
        "ZIL_157_rus_doors_driver",
        "ZIL_157_rus_doors_codriver",
        "ZIL_157_rus_doors_hood",
        "ZIL_157_rus_doors_trunk",
        "ZIL_157_rus_tent",
        "ZIL_157_rus_wheel"
      ],
      "Variants": [
        "ZIL_157_rus_gray",
        "ZIL_157_rus_yellow",
        "ZIL_157_kung_rus",
        "ZIL_157_kung_rus_gray",
        "ZIL_157_kung_rus_yellow"
      ]
    },
    {
      "ClassName": "ZIL_157_rus_gray",
      "MaxPriceThreshold": 80000,
      "MinPriceThreshold": 80000,
      "SellPricePercent": -1,
      "MaxStockThreshold": 1,
      "MinStockThreshold": 1,
      "QuantityPercent": -1,
      "SpawnAttachments": [
        "HeadlightH7",
        "HeadlightH7",
        "CarRadiator",
        "TruckBattery",
        "SparkPlug",
        "ZIL_157_rus_wheel",
        "ZIL_157_rus_wheel",
        "ZIL_157_rus_wheel",
        "ZIL_157_rus_wheel",
        "ZIL_157_rus_wheel",
        "ZIL_157_rus_wheel",
        "ZIL_157_rus_doors_driver_gray",
        "ZIL_157_rus_doors_codriver_gray",
        "ZIL_157_rus_doors_hood_gray",
        "ZIL_157_rus_doors_trunk_gray",
        "ZIL_157_rus_tent",
        "ZIL_157_rus_wheel"
      ],
      "Variants": []
    },
    {
      "ClassName": "ZIL_157_rus_yellow",
      "MaxPriceThreshold": 80000,
      "MinPriceThreshold": 80000,
      "SellPricePercent": -1,
      "MaxStockThreshold": 1,
      "MinStockThreshold": 1,
      "QuantityPercent": -1,
      "SpawnAttachments": [
        "HeadlightH7",
        "HeadlightH7",
        "CarRadiator",
        "TruckBattery",
        "SparkPlug",
        "ZIL_157_rus_wheel",
        "ZIL_157_rus_wheel",
        "ZIL_157_rus_wheel",
        "ZIL_157_rus_wheel",
        "ZIL_157_rus_wheel",
        "ZIL_157_rus_wheel",
        "ZIL_157_rus_doors_driver_yellow",
        "ZIL_157_rus_doors_codriver_yellow",
        "ZIL_157_rus_doors_hood_yellow",
        "ZIL_157_rus_doors_trunk_yellow",
        "ZIL_157_rus_tent",
        "ZIL_157_rus_wheel"
      ],
      "Variants": []
    },
    {
      "ClassName": "ZIL_157_kung_rus",
      "MaxPriceThreshold": 80000,
      "MinPriceThreshold": 80000,
      "SellPricePercent": -1,
      "MaxStockThreshold": 1,
      "MinStockThreshold": 1,
      "QuantityPercent": -1,
      "SpawnAttachments": [
        "HeadlightH7",
        "HeadlightH7",
        "CarRadiator",
        "TruckBattery",
        "SparkPlug",
        "ZIL_157_rus_wheel",
        "ZIL_157_rus_wheel",
        "ZIL_157_rus_wheel",
        "ZIL_157_rus_wheel",
        "ZIL_157_rus_wheel",
        "ZIL_157_rus_wheel",
        "ZIL_157_rus_doors_driver",
        "ZIL_157_rus_doors_codriver",
        "ZIL_157_rus_doors_hood",
        "ZIL_157_rus_kung_doors_trunk",
        "ZIL_157_rus_wheel"
      ],
      "Variants": []
    },
    {
      "ClassName": "ZIL_157_kung_rus_gray",
      "MaxPriceThreshold": 80000,
      "MinPriceThreshold": 80000,
      "SellPricePercent": -1,
      "MaxStockThreshold": 1,
      "MinStockThreshold": 1,
      "QuantityPercent": -1,
      "SpawnAttachments": [
        "HeadlightH7",
        "HeadlightH7",
        "CarRadiator",
        "TruckBattery",
        "SparkPlug",
        "ZIL_157_rus_wheel",
        "ZIL_157_rus_wheel",
        "ZIL_157_rus_wheel",
        "ZIL_157_rus_wheel",
        "ZIL_157_rus_wheel",
        "ZIL_157_rus_wheel",
        "ZIL_157_rus_doors_driver_gray",
        "ZIL_157_rus_doors_codriver_gray",
        "ZIL_157_rus_doors_hood_gray",
        "ZIL_157_rus_kung_doors_trunk_gray",
        "ZIL_157_rus_wheel"
      ],
      "Variants": []
    },
    {
      "ClassName": "ZIL_157_kung_rus_yellow",
      "MaxPriceThreshold": 80000,
      "MinPriceThreshold": 80000,
      "SellPricePercent": -1,
      "MaxStockThreshold": 1,
      "MinStockThreshold": 1,
      "QuantityPercent": -1,
      "SpawnAttachments": [
        "HeadlightH7",
        "HeadlightH7",
        "CarRadiator",
        "TruckBattery",
        "SparkPlug",
        "ZIL_157_rus_wheel",
        "ZIL_157_rus_wheel",
        "ZIL_157_rus_wheel",
        "ZIL_157_rus_wheel",
        "ZIL_157_rus_wheel",
        "ZIL_157_rus_wheel",
        "ZIL_157_rus_doors_driver_yellow",
        "ZIL_157_rus_doors_codriver_yellow",
        "ZIL_157_rus_doors_hood_yellow",
        "ZIL_157_rus_kung_doors_trunk_yellow",
        "ZIL_157_rus_wheel"
      ],
      "Variants": []
    }
  ]
}