{
  "m_Version": 12,
  "DisplayName": "Donation Houses",
  "Icon": "Deliver",
  "Color": "FBFCFEFF",
  "IsExchange": 0,
  "InitStockPercent": 75,
  "Items": [
    {
      "ClassName": "BLR_House1_Kit",
      "MaxPriceThreshold": 20000000,
      "MinPriceThreshold": 20000000,
      "SellPricePercent": 0,
      "MaxStockThreshold": 1,
      "MinStockThreshold": 1,
      "QuantityPercent": -1,
      "SpawnAttachments": [],
      "Variants": [
        "BLR_House2_Kit",
        "BLR_House3_Kit",
        "BLR_House4_Kit",
        "BLR_House5_Kit"
      ]
    }
  ]
}