{
  "m_Version": 12,
  "DisplayName": "Donation Clothing",
  "Icon": "Deliver",
  "Color": "FBFCFEFF",
  "IsExchange": 0,
  "InitStockPercent": 75,
  "Items": [
    {
      "ClassName": "TG_Jacket_Stoneisland",
      "MaxPriceThreshold": 20000000,
      "MinPriceThreshold": 20000000,
      "SellPricePercent": 0,
      "MaxStockThreshold": 1,
      "MinStockThreshold": 1,
      "QuantityPercent": -1,
      "SpawnAttachments": [],
      "Variants": [
        "TG_Jacket_Mastrum"
      ]
    },
    {
      "ClassName": "TG_Bag_Gunbag_500",
      "MaxPriceThreshold": 20000000,
      "MinPriceThreshold": 20000000,
      "SellPricePercent": 0,
      "MaxStockThreshold": 1,
      "MinStockThreshold": 1,
      "QuantityPercent": -1,
      "SpawnAttachments": [],
      "Variants": [
        "TG_Backpack_Pouch500"
      ]
    },
    {
      "ClassName": "TG_Vest_Kryptic",
      "MaxPriceThreshold": 20000000,
      "MinPriceThreshold": 20000000,
      "SellPricePercent": 0,
      "MaxStockThreshold": 1,
      "MinStockThreshold": 1,
      "QuantityPercent": -1,
      "SpawnAttachments": [],
      "Variants": [
        "TG_Vest_HelloKitty"
      ]
    },
    {
      "ClassName": "TG_Gloves_PinkCamo",
      "MaxPriceThreshold": 20000000,
      "MinPriceThreshold": 20000000,
      "SellPricePercent": 0,
      "MaxStockThreshold": 1,
      "MinStockThreshold": 1,
      "QuantityPercent": -1,
      "SpawnAttachments": [],
      "Variants": [
        "TG_Jacket_PinkCamo",
        "TG_Shoes_PinkCamo",
        "TG_HeadGear_PinkCamo",
        "TG_Pants_PinkCamo",
        "TG_Backpack_Huntress",
        "TG_Vests_Huntress"
      ]
    },
    {
      "ClassName": "TG_Vests_Hoodoo",
      "MaxPriceThreshold": 20000000,
      "MinPriceThreshold": 20000000,
      "SellPricePercent": 0,
      "MaxStockThreshold": 1,
      "MinStockThreshold": 1,
      "QuantityPercent": -1,
      "SpawnAttachments": [],
      "Variants": [
        "TG_Vests_Steven",
        "TG_Vests_Chief"
      ]
    },
    {
      "ClassName": "TG_Shoes_Badja",
      "MaxPriceThreshold": 20000000,
      "MinPriceThreshold": 20000000,
      "SellPricePercent": 0,
      "MaxStockThreshold": 1,
      "MinStockThreshold": 1,
      "QuantityPercent": -1,
      "SpawnAttachments": [],
      "Variants": [
        "TG_Backpack_Badja",
        "TG_Gloves_Badja",
        "TG_HeadGear_Badja",
        "TG_Jacket_Badja",
        "TG_Pants_Badja"
      ]
    },
    {
      "ClassName": "TG_Jacket_Hunters",
      "MaxPriceThreshold": 20000000,
      "MinPriceThreshold": 20000000,
      "SellPricePercent": 0,
      "MaxStockThreshold": 1,
      "MinStockThreshold": 1,
      "QuantityPercent": -1,
      "SpawnAttachments": [],
      "Variants": [
        "TG_Vest_Hunters",
        "TG_Boots_Hunters",
        "TG_Helmet_Hunters",
        "TG_Pants_Hunters",
        "TG_Backpack_HuntressN",
        "TG_Backpack_MadChicken",
        "TG_Backpack_Maukay",
        "TG_Backpack_Target",
        "TG_Backpack_Wicked",
        "TG_Wallaper_Hunter"
      ]
    },
    {
      "ClassName": "TG_ParagonPants_Average",
      "MaxPriceThreshold": 20000000,
      "MinPriceThreshold": 20000000,
      "SellPricePercent": 0,
      "MaxStockThreshold": 1,
      "MinStockThreshold": 1,
      "QuantityPercent": -1,
      "SpawnAttachments": [],
      "Variants": [
        "TG_Bags_Average",
        "TG_Vest_Average",
        "TG_Helmet_Average",
        "TG_ParagonJacket_Average"
      ]
    },
    {
      "ClassName": "TG_SetGreen_Boots",
      "MaxPriceThreshold": 20000000,
      "MinPriceThreshold": 20000000,
      "SellPricePercent": 0,
      "MaxStockThreshold": 1,
      "MinStockThreshold": 1,
      "QuantityPercent": -1,
      "SpawnAttachments": [],
      "Variants": [
        "TG_SetDesert_Boots",
        "TG_SetBlack_Boots",
        "TG_SetDigiFlora_Boots",
        "TG_SetDigiDesert_Boots",
        "TG_SetBlue_Boots",
        "TG_SetFatigue_Boots",
        "TG_SetNavy_Boots",
        "TG_SetWoodland_Boots",
        "TG_SetWoodlandBlack_Boots"
      ]
    },
    {
      "ClassName": "TG_SetBlack_Jacket",
      "MaxPriceThreshold": 20000000,
      "MinPriceThreshold": 20000000,
      "SellPricePercent": 0,
      "MaxStockThreshold": 1,
      "MinStockThreshold": 1,
      "QuantityPercent": -1,
      "SpawnAttachments": [],
      "Variants": [
        "TG_SetDesert_Jacket",
        "TG_SetGreen_Jacket",
        "TG_SetDigiFlora_Jacket",
        "TG_SetDigiDesert_Jacket",
        "TG_SetBlue_Jacket",
        "TG_SetFatigue_Jacket",
        "TG_SetNavy_Jacket",
        "TG_SetWoodland_Jacket"
      ]
    },
    {
      "ClassName": "TG_SetBlack_Helmet",
      "MaxPriceThreshold": 20000000,
      "MinPriceThreshold": 20000000,
      "SellPricePercent": 0,
      "MaxStockThreshold": 1,
      "MinStockThreshold": 1,
      "QuantityPercent": -1,
      "SpawnAttachments": [],
      "Variants": [
        "TG_SetDesert_Helmet",
        "TG_SetGreen_Helmet",
        "TG_SetBlue_Helmet",
        "TG_SetPurple_Helmet",
        "TG_SetRed_Helmet"
      ]
    },
    {
      "ClassName": "TG_SetBlack_Bag",
      "MaxPriceThreshold": 20000000,
      "MinPriceThreshold": 20000000,
      "SellPricePercent": 0,
      "MaxStockThreshold": 1,
      "MinStockThreshold": 1,
      "QuantityPercent": -1,
      "SpawnAttachments": [],
      "Variants": [
        "TG_SetDesert_Bag",
        "TG_SetGreen_Bag",
        "TG_SetRed_Bag",
        "TG_SetBlue_Bag"
      ]
    },
    {
      "ClassName": "TG_SetBlack_Pants",
      "MaxPriceThreshold": 20000000,
      "MinPriceThreshold": 20000000,
      "SellPricePercent": 0,
      "MaxStockThreshold": 1,
      "MinStockThreshold": 1,
      "QuantityPercent": -1,
      "SpawnAttachments": [],
      "Variants": [
        "TG_SetDesert_Pants",
        "TG_SetGreen_Pants",
        "TG_SetGreen_Pants",
        "TG_SetDigiFlora_Pants",
        "TG_SetDigiDesert_Pants",
        "TG_SetBlue_Pants",
        "TG_SetWoodland_Pants",
        "TG_SetFatigue_Pants",
        "TG_SetNavy_Pants",
        "TG_SetWoodlandBlack_Pants"
      ]
    },
    {
      "ClassName": "TG_SetBlack_Vest",
      "MaxPriceThreshold": 20000000,
      "MinPriceThreshold": 20000000,
      "SellPricePercent": 0,
      "MaxStockThreshold": 1,
      "MinStockThreshold": 1,
      "QuantityPercent": -1,
      "SpawnAttachments": [],
      "Variants": [
        "TG_SetDesert_Vest",
        "TG_SetGreen_Vest",
        "TG_SetBlue_Vest",
        "TG_SetFatigue_Vest",
        "TG_SetNavy_Vest",
        "TG_SetWoodlandBlack_Vest",
        "TG_SetWoodland_Vest"
      ]
    },
    {
      "ClassName": "TG_SetPCUMC_Jacket",
      "MaxPriceThreshold": 20000000,
      "MinPriceThreshold": 20000000,
      "SellPricePercent": 0,
      "MaxStockThreshold": 1,
      "MinStockThreshold": 1,
      "QuantityPercent": -1,
      "SpawnAttachments": [],
      "Variants": [
        "TG_SetPCUMC_Pants",
        "TG_SetPCUMC_Bag",
        "TG_SetPCUMC_Gloves",
        "TG_SetPCUMC_Boots",
        "TG_SetPCUMC_Helmet",
        "TG_SetPCUMC_Vest",
        "TG_TraumaRoll_MC",
        "TG_MapPackMed_RG",
        "TG_TallPouch_MC",
        "TG_KTARMag_MC"
      ]
    },
    {
      "ClassName": "TG_SetCB_Jacket",
      "MaxPriceThreshold": 20000000,
      "MinPriceThreshold": 20000000,
      "SellPricePercent": 0,
      "MaxStockThreshold": 1,
      "MinStockThreshold": 1,
      "QuantityPercent": -1,
      "SpawnAttachments": [],
      "Variants": [
        "TG_SetCB_Pants",
        "TG_SetCB_Bag",
        "TG_SetCB_Gloves",
        "TG_SetCB_Boots",
        "TG_SetCBFast_Helmet",
        "TG_SetCB_Vest",
        "TG_TraumaRoll_CB",
        "TG_TallPouch_CB",
        "TG_MapPackMed_CB",
        "TG_KTARMag_CB"
      ]
    }
  ]
}