{
  "m_Version": 12,
  "DisplayName": "#STR_EXPANSION_MARKET_CATEGORY_EXCHANGE",
  "Icon": "Deliver",
  "Color": "FBFCFEFF",
  "IsExchange": 1,
  "InitStockPercent": 75,
  "Items": [
        {
            "ClassName": "ExpansionBanknoteEuro",
            "MaxPriceThreshold": 1,
            "MinPriceThreshold": 1,
            "SellPricePercent": -1,
            "MaxStockThreshold": 1,
            "MinStockThreshold": 1,
            "SpawnAttachments": [],
            "Variants": []
        }
  ]
}