{
  "m_Version": 12,
  "DisplayName": "Explosives",
  "Icon": "Deliver",
  "Color": "FBFCFEFF",
  "IsExchange": 0,
  "InitStockPercent": 75,
  "Items": [
    {
      "ClassName": "rgd5grenade",
      "MaxPriceThreshold": 500,
      "MinPriceThreshold": 500,
      "SellPricePercent": -1,
      "MaxStockThreshold": 1,
      "MinStockThreshold": 1,
      "QuantityPercent": -1,
      "SpawnAttachments": [],
      "Variants": []
    },
    {
      "ClassName": "m67grenade",
      "MaxPriceThreshold": 500,
      "MinPriceThreshold": 500,
      "SellPricePercent": -1,
      "MaxStockThreshold": 1,
      "MinStockThreshold": 1,
      "QuantityPercent": -1,
      "SpawnAttachments": [],
      "Variants": []
    },
    {
      "ClassName": "flashgrenade",
      "MaxPriceThreshold": 400,
      "MinPriceThreshold": 400,
      "SellPricePercent": -1,
      "MaxStockThreshold": 1,
      "MinStockThreshold": 1,
      "QuantityPercent": -1,
      "SpawnAttachments": [],
      "Variants": []
    },
    {
      "ClassName": "remotedetonator",
      "MaxPriceThreshold": 500,
      "MinPriceThreshold": 500,
      "SellPricePercent": -1,
      "MaxStockThreshold": 1,
      "MinStockThreshold": 1,
      "QuantityPercent": -1,
      "SpawnAttachments": [],
      "Variants": []
    },
    {
      "ClassName": "remotedetonatortrigger",
      "MaxPriceThreshold": 500,
      "MinPriceThreshold": 500,
      "SellPricePercent": -1,
      "MaxStockThreshold": 1,
      "MinStockThreshold": 1,
      "QuantityPercent": -1,
      "SpawnAttachments": [],
      "Variants": []
    },
    {
      "ClassName": "improvisedexplosive",
      "MaxPriceThreshold": 1600,
      "MinPriceThreshold": 1600,
      "SellPricePercent": -1,
      "MaxStockThreshold": 1,
      "MinStockThreshold": 1,
      "QuantityPercent": -1,
      "SpawnAttachments": [],
      "Variants": []
    },
    {
      "ClassName": "plastic_explosive",
      "MaxPriceThreshold": 1696,
      "MinPriceThreshold": 1018,
      "SellPricePercent": -1,
      "MaxStockThreshold": 1,
      "MinStockThreshold": 1,
      "QuantityPercent": -1,
      "SpawnAttachments": [],
      "Variants": []
    },
    {
      "ClassName": "grenade_chemgas",
      "MaxPriceThreshold": 3000,
      "MinPriceThreshold": 2000,
      "SellPricePercent": -1,
      "MaxStockThreshold": 1,
      "MinStockThreshold": 1,
      "QuantityPercent": -1,
      "SpawnAttachments": [],
      "Variants": []
    },
    {
      "ClassName": "m18smokegrenade_red",
      "MaxPriceThreshold": 2000,
      "MinPriceThreshold": 1000,
      "SellPricePercent": -1,
      "MaxStockThreshold": 1,
      "MinStockThreshold": 1,
      "QuantityPercent": -1,
      "SpawnAttachments": [],
      "Variants": [
        "m18smokegrenade_green",
        "m18smokegrenade_yellow",
        "m18smokegrenade_purple",
        "m18smokegrenade_white",
        "expansion_m18smokegrenade_teargas"
      ]
    },
    {
      "ClassName": "expansion_m18smokegrenade_teargas",
      "MaxPriceThreshold": 3000,
      "MinPriceThreshold": 2000,
      "SellPricePercent": -1,
      "MaxStockThreshold": 1,
      "MinStockThreshold": 1,
      "QuantityPercent": -1,
      "SpawnAttachments": [],
      "Variants": []
    },
    {
      "ClassName": "rdg2smokegrenade_black",
      "MaxPriceThreshold": 4000,
      "MinPriceThreshold": 2000,
      "SellPricePercent": -1,
      "MaxStockThreshold": 1,
      "MinStockThreshold": 1,
      "QuantityPercent": -1,
      "SpawnAttachments": [],
      "Variants": [
        "rdg2smokegrenade_white"
      ]
    },
    {
      "ClassName": "rdg2smokegrenade_white",
      "MaxPriceThreshold": 4000,
      "MinPriceThreshold": 2000,
      "SellPricePercent": -1,
      "MaxStockThreshold": 1,
      "MinStockThreshold": 1,
      "QuantityPercent": -1,
      "SpawnAttachments": [],
      "Variants": []
    },
    {
      "ClassName": "expansionsupplysignal",
      "MaxPriceThreshold": 2000000,
      "MinPriceThreshold": 2000000,
      "SellPricePercent": 0,
      "MaxStockThreshold": 1,
      "MinStockThreshold": 1,
      "QuantityPercent": -1,
      "SpawnAttachments": [],
      "Variants": []
    },
    {
      "ClassName": "expansionsatchel",
      "MaxPriceThreshold": 1000,
      "MinPriceThreshold": 500,
      "SellPricePercent": -1,
      "MaxStockThreshold": 1,
      "MinStockThreshold": 1,
      "QuantityPercent": -1,
      "SpawnAttachments": [],
      "Variants": []
    },
    {
      "ClassName": "landminetrap",
      "MaxPriceThreshold": 2544,
      "MinPriceThreshold": 1526,
      "SellPricePercent": -1,
      "MaxStockThreshold": 1,
      "MinStockThreshold": 1,
      "QuantityPercent": -1,
      "SpawnAttachments": [],
      "Variants": []
    },
    {
      "ClassName": "claymoremine",
      "MaxPriceThreshold": 2662,
      "MinPriceThreshold": 1597,
      "SellPricePercent": -1,
      "MaxStockThreshold": 1,
      "MinStockThreshold": 1,
      "QuantityPercent": -1,
      "SpawnAttachments": [],
      "Variants": []
    }
  ]
}