{
  "m_Version": 12,
  "DisplayName": "Face - Black Market",
  "Icon": "Deliver",
  "Color": "FBFCFEFF",
  "IsExchange": 0,
  "InitStockPercent": 75,
  "Items": [
    {
      "ClassName": "Paragon_Balaclava_Digital_Flora",
      "MaxPriceThreshold": 3000,
      "MinPriceThreshold": 3000,
      "SellPricePercent": -1,
      "MaxStockThreshold": 1,
      "MinStockThreshold": 1,
      "QuantityPercent": -1,
      "SpawnAttachments": [],
      "Variants": [
        "Paragon_Balaclava_Digital_Desert",
        "Paragon_Balaclava_Black",
        "Paragon_Balaclava_Black_WL",
        "Paragon_Balaclava_Blue",
        "Paragon_Balaclava_Desert",
        "Paragon_Balaclava_Desert_Camo",
        "Paragon_Balaclava_White",
        "Paragon_Balaclava_Green",
        "Paragon_Balaclava_Navy",
        "Paragon_Balaclava_Fatigue",
        "Paragon_Balaclava_WL"
      ]
    }
  ]
}