{
  "m_Version": 12,
  "DisplayName": "Face - Military",
  "Icon": "Deliver",
  "Color": "FBFCFEFF",
  "IsExchange": 0,
  "InitStockPercent": 75,
  "Items": [
    {
      "ClassName": "MMG_facemask_green",
      "MaxPriceThreshold": 1500,
      "MinPriceThreshold": 1500,
      "SellPricePercent": -1,
      "MaxStockThreshold": 1,
      "MinStockThreshold": 1,
      "QuantityPercent": -1,
      "SpawnAttachments": [],
      "Variants": [
        "MMG_facemask_black",
        "MMG_facemask_tan",
        "MMG_facemask_alpine",
        "MMG_facemask_erdl",
        "MMG_facemask_multicamblack",
        "MMG_facemask_multicam",
        "MMG_facemask_dark_woodland",
        "MMG_facemask_ucp",
        "MMG_facemask_multicam_tropic",
        "MMG_facemask_atacs",
        "MMG_facemask_skull",
        "MMG_facemask_joker"
      ]
    },
    {
      "ClassName": "MMG_balaclava_black",
      "MaxPriceThreshold": 3000,
      "MinPriceThreshold": 3000,
      "SellPricePercent": -1,
      "MaxStockThreshold": 1,
      "MinStockThreshold": 1,
      "QuantityPercent": -1,
      "SpawnAttachments": [],
      "Variants": [
        "MMG_balaclava_olive",
        "MMG_balaclava_tan",
        "MMG_balaclava_erdl",
        "MMG_balaclava_alpine",
        "MMG_balaclava_multicamblack",
        "MMG_balaclava_multicam",
        "MMG_balaclava_dark_woodland",
        "MMG_balaclava_admin",
        "MMG_balaclava_ucp",
        "MMG_balaclava_multicam_tropic",
        "MMG_balaclava_atacs"
      ]
    }
  ]
}