{
  "m_Version": 12,
  "DisplayName": "Feet",
  "Icon": "Deliver",
  "Color": "FBFCFEFF",
  "IsExchange": 0,
  "InitStockPercent": 75,
  "Items": [
    {
      "ClassName": "athleticshoes_blue",
      "MaxPriceThreshold": 405,
      "MinPriceThreshold": 245,
      "SellPricePercent": -1,
      "MaxStockThreshold": 100,
      "MinStockThreshold": 1,
      "QuantityPercent": -1,
      "SpawnAttachments": [],
      "Variants": [
        "athleticshoes_brown",
        "athleticshoes_grey",
        "athleticshoes_black",
        "athleticshoes_green"
      ]
    },
    {
      "ClassName": "joggingshoes_black",
      "MaxPriceThreshold": 340,
      "MinPriceThreshold": 205,
      "SellPricePercent": -1,
      "MaxStockThreshold": 1,
      "MinStockThreshold": 1,
      "QuantityPercent": -1,
      "SpawnAttachments": [],
      "Variants": [
        "joggingshoes_blue",
        "joggingshoes_red",
        "joggingshoes_violet",
        "joggingshoes_white"
      ]
    },
    {
      "ClassName": "sneakers_green",
      "MaxPriceThreshold": 375,
      "MinPriceThreshold": 225,
      "SellPricePercent": -1,
      "MaxStockThreshold": 1,
      "MinStockThreshold": 1,
      "QuantityPercent": -1,
      "SpawnAttachments": [],
      "Variants": [
        "sneakers_red",
        "sneakers_white",
        "sneakers_black",
        "sneakers_gray"
      ]
    },
    {
      "ClassName": "dressshoes_white",
      "MaxPriceThreshold": 440,
      "MinPriceThreshold": 265,
      "SellPricePercent": -1,
      "MaxStockThreshold": 1,
      "MinStockThreshold": 1,
      "QuantityPercent": -1,
      "SpawnAttachments": [],
      "Variants": [
        "dressshoes_beige",
        "dressshoes_black",
        "dressshoes_brown",
        "dressshoes_sunburst"
      ]
    },
    {
      "ClassName": "hikingbootslow_blue",
      "MaxPriceThreshold": 340,
      "MinPriceThreshold": 205,
      "SellPricePercent": -1,
      "MaxStockThreshold": 1,
      "MinStockThreshold": 1,
      "QuantityPercent": -1,
      "SpawnAttachments": [],
      "Variants": [
        "hikingbootslow_grey",
        "hikingbootslow_beige",
        "hikingbootslow_black"
      ]
    },
    {
      "ClassName": "hikingbootslow_grey",
      "MaxPriceThreshold": 340,
      "MinPriceThreshold": 205,
      "SellPricePercent": -1,
      "MaxStockThreshold": 1,
      "MinStockThreshold": 1,
      "QuantityPercent": -1,
      "SpawnAttachments": [],
      "Variants": []
    },
    {
      "ClassName": "hikingbootslow_beige",
      "MaxPriceThreshold": 340,
      "MinPriceThreshold": 205,
      "SellPricePercent": -1,
      "MaxStockThreshold": 1,
      "MinStockThreshold": 1,
      "QuantityPercent": -1,
      "SpawnAttachments": [],
      "Variants": []
    },
    {
      "ClassName": "hikingbootslow_black",
      "MaxPriceThreshold": 340,
      "MinPriceThreshold": 205,
      "SellPricePercent": -1,
      "MaxStockThreshold": 1,
      "MinStockThreshold": 1,
      "QuantityPercent": -1,
      "SpawnAttachments": [],
      "Variants": []
    },
    {
      "ClassName": "workingboots_yellow",
      "MaxPriceThreshold": 425,
      "MinPriceThreshold": 255,
      "SellPricePercent": -1,
      "MaxStockThreshold": 1,
      "MinStockThreshold": 1,
      "QuantityPercent": -1,
      "SpawnAttachments": [],
      "Variants": [
        "workingboots_grey",
        "workingboots_brown",
        "workingboots_beige",
        "workingboots_green"
      ]
    },
    {
      "ClassName": "workingboots_grey",
      "MaxPriceThreshold": 425,
      "MinPriceThreshold": 255,
      "SellPricePercent": -1,
      "MaxStockThreshold": 1,
      "MinStockThreshold": 1,
      "QuantityPercent": -1,
      "SpawnAttachments": [],
      "Variants": []
    },
    {
      "ClassName": "workingboots_brown",
      "MaxPriceThreshold": 425,
      "MinPriceThreshold": 255,
      "SellPricePercent": -1,
      "MaxStockThreshold": 1,
      "MinStockThreshold": 1,
      "QuantityPercent": -1,
      "SpawnAttachments": [],
      "Variants": []
    },
    {
      "ClassName": "workingboots_beige",
      "MaxPriceThreshold": 425,
      "MinPriceThreshold": 255,
      "SellPricePercent": -1,
      "MaxStockThreshold": 1,
      "MinStockThreshold": 1,
      "QuantityPercent": -1,
      "SpawnAttachments": [],
      "Variants": []
    },
    {
      "ClassName": "workingboots_green",
      "MaxPriceThreshold": 425,
      "MinPriceThreshold": 255,
      "SellPricePercent": -1,
      "MaxStockThreshold": 1,
      "MinStockThreshold": 1,
      "QuantityPercent": -1,
      "SpawnAttachments": [],
      "Variants": []
    },
    {
      "ClassName": "hikingboots_brown",
      "MaxPriceThreshold": 340,
      "MinPriceThreshold": 205,
      "SellPricePercent": -1,
      "MaxStockThreshold": 1,
      "MinStockThreshold": 1,
      "QuantityPercent": -1,
      "SpawnAttachments": [],
      "Variants": [
        "hikingboots_black"
      ]
    },
    {
      "ClassName": "hikingboots_black",
      "MaxPriceThreshold": 340,
      "MinPriceThreshold": 205,
      "SellPricePercent": -1,
      "MaxStockThreshold": 1,
      "MinStockThreshold": 1,
      "QuantityPercent": -1,
      "SpawnAttachments": [],
      "Variants": []
    },
    {
      "ClassName": "combatboots_beige",
      "MaxPriceThreshold": 1755,
      "MinPriceThreshold": 1055,
      "SellPricePercent": -1,
      "MaxStockThreshold": 1,
      "MinStockThreshold": 1,
      "QuantityPercent": -1,
      "SpawnAttachments": [],
      "Variants": [
        "combatboots_black",
        "combatboots_brown",
        "combatboots_green",
        "combatboots_grey"
      ]
    },
    {
      "ClassName": "jungleboots_beige",
      "MaxPriceThreshold": 1770,
      "MinPriceThreshold": 1060,
      "SellPricePercent": -1,
      "MaxStockThreshold": 1,
      "MinStockThreshold": 1,
      "QuantityPercent": -1,
      "SpawnAttachments": [],
      "Variants": [
        "jungleboots_black",
        "jungleboots_brown",
        "jungleboots_green",
        "jungleboots_olive"
      ]
    },
    {
      "ClassName": "wellies_black",
      "MaxPriceThreshold": 470,
      "MinPriceThreshold": 280,
      "SellPricePercent": -1,
      "MaxStockThreshold": 1,
      "MinStockThreshold": 1,
      "QuantityPercent": -1,
      "SpawnAttachments": [],
      "Variants": [
        "wellies_brown",
        "wellies_grey",
        "wellies_green"
      ]
    },
    {
      "ClassName": "ttskoboots",
      "MaxPriceThreshold": 1725,
      "MinPriceThreshold": 1035,
      "SellPricePercent": -1,
      "MaxStockThreshold": 1,
      "MinStockThreshold": 1,
      "QuantityPercent": -1,
      "SpawnAttachments": [],
      "Variants": []
    },
    {
      "ClassName": "militaryboots_redpunk",
      "MaxPriceThreshold": 470,
      "MinPriceThreshold": 285,
      "SellPricePercent": -1,
      "MaxStockThreshold": 1,
      "MinStockThreshold": 1,
      "QuantityPercent": -1,
      "SpawnAttachments": [],
      "Variants": [
        "militaryboots_bluerock",
        "militaryboots_beige",
        "militaryboots_black",
        "militaryboots_brown"
      ]
    },
    {
      "ClassName": "militaryboots_bluerock",
      "MaxPriceThreshold": 470,
      "MinPriceThreshold": 280,
      "SellPricePercent": -1,
      "MaxStockThreshold": 1,
      "MinStockThreshold": 1,
      "QuantityPercent": -1,
      "SpawnAttachments": [],
      "Variants": []
    },
    {
      "ClassName": "militaryboots_beige",
      "MaxPriceThreshold": 1755,
      "MinPriceThreshold": 1055,
      "SellPricePercent": -1,
      "MaxStockThreshold": 1,
      "MinStockThreshold": 1,
      "QuantityPercent": -1,
      "SpawnAttachments": [],
      "Variants": []
    },
    {
      "ClassName": "militaryboots_black",
      "MaxPriceThreshold": 1755,
      "MinPriceThreshold": 1055,
      "SellPricePercent": -1,
      "MaxStockThreshold": 1,
      "MinStockThreshold": 1,
      "QuantityPercent": -1,
      "SpawnAttachments": [],
      "Variants": []
    },
    {
      "ClassName": "militaryboots_brown",
      "MaxPriceThreshold": 1755,
      "MinPriceThreshold": 1055,
      "SellPricePercent": -1,
      "MaxStockThreshold": 1,
      "MinStockThreshold": 1,
      "QuantityPercent": -1,
      "SpawnAttachments": [],
      "Variants": []
    },
    {
      "ClassName": "nbcbootsgray",
      "MaxPriceThreshold": 13165,
      "MinPriceThreshold": 7900,
      "SellPricePercent": -1,
      "MaxStockThreshold": 1,
      "MinStockThreshold": 1,
      "QuantityPercent": -1,
      "SpawnAttachments": [],
      "Variants": [
        "nbcbootsyellow",
        "nbcbootswhite"
      ]
    },
    {
      "ClassName": "medievalboots",
      "MaxPriceThreshold": 590,
      "MinPriceThreshold": 355,
      "SellPricePercent": -1,
      "MaxStockThreshold": 1,
      "MinStockThreshold": 1,
      "QuantityPercent": -1,
      "SpawnAttachments": [],
      "Variants": []
    },
    {
      "ClassName": "Flipflops_Colorbase",
      "MaxPriceThreshold": 1280,
      "MinPriceThreshold": 765,
      "SellPricePercent": -1,
      "MaxStockThreshold": 1,
      "MinStockThreshold": 1,
      "QuantityPercent": -1,
      "SpawnAttachments": [],
      "Variants": []
    },
    {
      "ClassName": "Kirza_Boots",
      "MaxPriceThreshold": 1280,
      "MinPriceThreshold": 765,
      "SellPricePercent": -1,
      "MaxStockThreshold": 1,
      "MinStockThreshold": 1,
      "QuantityPercent": -1,
      "SpawnAttachments": [],
      "Variants": []
    },
    {
      "ClassName": "High_Knee_Sneakers",
      "MaxPriceThreshold": 1280,
      "MinPriceThreshold": 765,
      "SellPricePercent": -1,
      "MaxStockThreshold": 1,
      "MinStockThreshold": 1,
      "QuantityPercent": -1,
      "SpawnAttachments": [],
      "Variants": [
        "High_Knee_Sneakers_Black"
      ]
    },
    {
      "ClassName": "rag_viking_boots",
      "MaxPriceThreshold": 10000,
      "MinPriceThreshold": 7000,
      "SellPricePercent": -1,
      "MaxStockThreshold": 1,
      "MinStockThreshold": 1,
      "QuantityPercent": -1,
      "SpawnAttachments": [],
      "Variants": []
    },
    {
      "ClassName": "MMG_boots_black",
      "MaxPriceThreshold": 10000,
      "MinPriceThreshold": 7000,
      "SellPricePercent": -1,
      "MaxStockThreshold": 1,
      "MinStockThreshold": 1,
      "QuantityPercent": -1,
      "SpawnAttachments": [],
      "Variants": [
        "MMG_boots_green",
        "MMG_boots_tan",
        "MMG_boots_multicam",
        "MMG_boots_multicamblack",
        "MMG_boots_erdl",
        "MMG_boots_alpine",
        "MMG_boots_dark_woodland",
        "MMG_boots_ucp",
        "MMG_boots_multicam_tropic",
        "MMG_boots_atacs"
      ]
    },
    {
      "ClassName": "FOG_ClimbingBoots_Brown",
      "MaxPriceThreshold": 10000,
      "MinPriceThreshold": 7000,
      "SellPricePercent": -1,
      "MaxStockThreshold": 1,
      "MinStockThreshold": 1,
      "QuantityPercent": -1,
      "SpawnAttachments": [],
      "Variants": [
      ]
    },
    {
      "ClassName": "FOG_DEFCONVans_Shoes_Black",
      "MaxPriceThreshold": 10000,
      "MinPriceThreshold": 7000,
      "SellPricePercent": -1,
      "MaxStockThreshold": 1,
      "MinStockThreshold": 1,
      "QuantityPercent": -1,
      "SpawnAttachments": [],
      "Variants": [
        "FOG_DEFCONVans_Shoes_Grey",
        "FOG_DEFCONVans_Shoes_RG",
        "FOG_DEFCONVans_Shoes_CB",
        "FOG_DEFCONVans_Shoes_KHK",
        "FOG_DEFCONVans_Shoes_Blue",
        "FOG_DEFCONVans_Shoes_Red",
        "FOG_DEFCONVans_Shoes_MC",
        "FOG_DEFCONVans_Shoes_MCB",
        "FOG_DEFCONVans_Shoes_MCT",
        "FOG_DEFCONVans_Shoes_MCAL"
      ]
    },
    {
      "ClassName": "FOG_Combat_HikingBoots_Brown",
      "MaxPriceThreshold": 10000,
      "MinPriceThreshold": 7000,
      "SellPricePercent": -1,
      "MaxStockThreshold": 1,
      "MinStockThreshold": 1,
      "QuantityPercent": -1,
      "SpawnAttachments": [],
      "Variants": [
        "FOG_Combat_HikingBoots_Khaki",
        "FOG_Combat_HikingBoots_Grey",
        "FOG_Combat_HikingBoots_Black"
      ]
    },
    {
      "ClassName": "FOG_Operator_Boots_CB",
      "MaxPriceThreshold": 10000,
      "MinPriceThreshold": 7000,
      "SellPricePercent": -1,
      "MaxStockThreshold": 1,
      "MinStockThreshold": 1,
      "QuantityPercent": -1,
      "SpawnAttachments": [],
      "Variants": [
        "FOG_Operator_Boots_Black",
        "FOG_Operator_Boots_RG"
      ]
    },
    {
      "ClassName": "FOG_Zypher_Boots_Tan_Socks",
      "MaxPriceThreshold": 10000,
      "MinPriceThreshold": 7000,
      "SellPricePercent": -1,
      "MaxStockThreshold": 1,
      "MinStockThreshold": 1,
      "QuantityPercent": -1,
      "SpawnAttachments": [],
      "Variants": [
        "FOG_Zypher_Boots_Tan_NoSocks",
        "FOG_Zypher_Boots_Black_Socks",
        "FOG_Zypher_Boots_Black_NoSocks",
        "FOG_Zypher_Boots_RG_Socks",
        "FOG_Zypher_Boots_RG_NoSocks",
        "FOG_Zypher_Boots_CB_Socks",
        "FOG_Zypher_Boots_CB_NoSocks"
      ]
    },
    {
      "ClassName": "FOG_Lerch_Boots_Black",
      "MaxPriceThreshold": 10000,
      "MinPriceThreshold": 7000,
      "SellPricePercent": -1,
      "MaxStockThreshold": 1,
      "MinStockThreshold": 1,
      "QuantityPercent": -1,
      "SpawnAttachments": [],
      "Variants": [
        "FOG_Lerch_Boots_Black_Dirty",
        "FOG_Lerch_Boots_MC",
        "FOG_Lerch_Boots_MCB",
        "FOG_Lerch_Boots_Khk",
        "FOG_Lerch_Boots_RG",
        "FOG_Lerch_Boots_CB"
      ]
    }
  ]
}