{
  "m_Version": 12,
  "DisplayName": "Feet - Black Market",
  "Icon": "Deliver",
  "Color": "FBFCFEFF",
  "IsExchange": 0,
  "InitStockPercent": 75,
  "Items": [
    {
      "ClassName": "Paragon_TacBoots_Digital_Flora",
      "MaxPriceThreshold": 5000,
      "MinPriceThreshold": 5000,
      "SellPricePercent": -1,
      "MaxStockThreshold": 1,
      "MinStockThreshold": 1,
      "QuantityPercent": -1,
      "SpawnAttachments": [],
      "Variants": [
        "Paragon_TacBoots_Digital_Desert",
        "Paragon_TacBoots_Black",
        "Paragon_TacBoots_Desert",
        "Paragon_TacBoots_Green",
        "Paragon_TacBoots_Blue",
        "Paragon_TacBoots_Fatigue",
        "Paragon_TacBoots_Navy",
        "Paragon_TacBoots_WL",
        "Paragon_TacBoots_Black_WL"
      ]
    }
  ]
}