{
  "m_Version": 12,
  "DisplayName": "Fishing Rods",
  "Icon": "Fishing",
  "Color": "FBFCFEFF",
  "InitStockPercent": 75.0,
  "IsExchange": 0,
  "Items": [
    {
      "ClassName": "geb_RedFishingRod",
      "MaxPriceThreshold": 300,
      "MinPriceThreshold": 300,
      "SellPricePercent": 20.0,
      "MaxStockThreshold": 1,
      "MinStockThreshold": 1,
      "QuantityPercent": -1,
      "SpawnAttachments": [],
      "Variants": [
	  "geb_BlueFishingRod",
	  "geb_GreenFishingRod",
	  "geb_PurpleFishingRod"
	  ]
    },
    {
      "ClassName": "fishingrod",
      "MaxPriceThreshold": 300,
      "MinPriceThreshold": 300,
      "SellPricePercent": 20.0,
      "MaxStockThreshold": 1,
      "MinStockThreshold": 1,
      "QuantityPercent": -1,
      "SpawnAttachments": [],
      "Variants": []
    }
  ],
  "SortByDisplayName": false
}