{
  "m_Version": 12,
  "DisplayName": "Fishing Hooks",
  "Icon": "Fishing",
  "Color": "FBFCFEFF",
  "InitStockPercent": 75.0,
  "IsExchange": 0,
  "Items": [
    {
      "ClassName": "bonehook",
      "MaxPriceThreshold": 50,
      "MinPriceThreshold": 50,
      "SellPricePercent": -1,
      "MaxStockThreshold": 1,
      "MinStockThreshold": 1,
      "QuantityPercent": -1,
      "SpawnAttachments": [],
      "Variants": []
    },
    {
      "ClassName": "hook",
      "MaxPriceThreshold": 70,
      "MinPriceThreshold": 70,
      "SellPricePercent": -1,
      "MaxStockThreshold": 1,
      "MinStockThreshold": 1,
      "QuantityPercent": -1,
      "SpawnAttachments": [],
      "Variants": []
    }
  ],
  "SortByDisplayName": false
}