{
  "m_Version": 12,
  "DisplayName": "Fishing Baits",
  "Icon": "Fishing",
  "Color": "FBFCFEFF",
  "InitStockPercent": 75.0,
  "IsExchange": 0,
  "Items": [
    {
      "ClassName": "geb_Lure1",
      "MaxPriceThreshold": 250,
      "MinPriceThreshold": 250,
      "SellPricePercent": -1,
      "MaxStockThreshold": 1,
      "MinStockThreshold": 1,
      "QuantityPercent": -1,
      "SpawnAttachments": [],
      "Variants": [
        "geb_Lure2",
        "geb_Lure3",
        "geb_Lure4"
      ]
    },
    {
      "ClassName": "geb_SpinnerBait1",
      "MaxPriceThreshold": 150,
      "MinPriceThreshold": 150,
      "SellPricePercent": -1,
      "MaxStockThreshold": 1,
      "MinStockThreshold": 1,
      "QuantityPercent": -1,
      "SpawnAttachments": [],
      "Variants": [
        "geb_SpinnerBait2",
        "geb_SpinnerBait3",
        "geb_SpinnerBait4"
      ]
    },
    {
      "ClassName": "geb_FieldCricket",
      "MaxPriceThreshold": 50,
      "MinPriceThreshold": 50,
      "SellPricePercent": -1,
      "MaxStockThreshold": 1,
      "MinStockThreshold": 1,
      "QuantityPercent": -1,
      "SpawnAttachments": [],
      "Variants": []
    },
    {
      "ClassName": "geb_GrubWorm",
      "MaxPriceThreshold": 50,
      "MinPriceThreshold": 50,
      "SellPricePercent": -1,
      "MaxStockThreshold": 1,
      "MinStockThreshold": 1,
      "QuantityPercent": -1,
      "SpawnAttachments": [],
      "Variants": []
    },
    {
      "ClassName": "geb_RubberWorm",
      "MaxPriceThreshold": 50,
      "MinPriceThreshold": 50,
      "SellPricePercent": -1,
      "MaxStockThreshold": 1,
      "MinStockThreshold": 1,
      "QuantityPercent": -1,
      "SpawnAttachments": [],
      "Variants": []
    }
  ],
  "SortByDisplayName": false
}