{
  "m_Version": 12,
  "DisplayName": "FoXyRadio SDCard",
  "Icon": "Deliver",
  "Color": "FBFCFEFF",
  "IsExchange": 0,
  "InitStockPercent": 75,
  "Items": [
    {
      "ClassName": "SDCard_DayZ",
      "MaxPriceThreshold": 150,
      "MinPriceThreshold": 150,
      "SellPricePercent": -1,
      "MaxStockThreshold": 1,
      "MinStockThreshold": 1,
      "QuantityPercent": -1,
      "SpawnAttachments": [],
      "Variants": [
        "SDCard_MilesAway_XYSM_Cigarette",
        "SDCard_FoX_Track01",
        "SDCard_FoX_Track02",
        "SDCard_FoX_Track03",
        "SDCard_FoX_Track04",
        "SDCard_FoX_Track05"
      ]
    },
    {
      "ClassName": "SDCard_FoXyRadio",
      "MaxPriceThreshold": 150,
      "MinPriceThreshold": 150,
      "SellPricePercent": -1,
      "MaxStockThreshold": 1,
      "MinStockThreshold": 1,
      "QuantityPercent": -1,
      "SpawnAttachments": [],
      "Variants": []
    }
  ],
  "SortByDisplayName": true
}