{
  "m_Version": 12,
  "DisplayName": "FoXyRadio Cassettes",
  "Icon": "Deliver",
  "Color": "FBFCFEFF",
  "IsExchange": 0,
  "InitStockPercent": 75,
  "Items": [
    {
      "ClassName": "Cassette_Blank_Blue",
      "MaxPriceThreshold": 150,
      "MinPriceThreshold": 150,
      "SellPricePercent": -1,
      "MaxStockThreshold": 1,
      "MinStockThreshold": 1,
      "QuantityPercent": -1,
      "SpawnAttachments": [],
      "Variants": [
        "Cassette_Blank_Cyan",
        "Cassette_Blank_Green",
        "Cassette_Blank_Purple",
        "Cassette_Blank_Red",
        "Cassette_Blank_Yellow"
      ]
    },
    {
      "ClassName": "Cassette_DayZ",
      "MaxPriceThreshold": 100,
      "MinPriceThreshold": 50,
      "SellPricePercent": -1,
      "MaxStockThreshold": 100,
      "MinStockThreshold": 1,
      "QuantityPercent": -1,
      "SpawnAttachments": [],
      "Variants": [
        "Cassette_MilesAway_XYSM_Cigarette",
        "Cassette_FoX_Track01",
        "Cassette_FoX_Track02",
        "Cassette_FoX_Track03",
        "Cassette_FoX_Track04",
        "Cassette_FoX_Track05"
      ]
    },
    {
      "ClassName": "Mixtape_FoXyRadio",
      "MaxPriceThreshold": 100,
      "MinPriceThreshold": 50,
      "SellPricePercent": -1,
      "MaxStockThreshold": 100,
      "MinStockThreshold": 1,
      "QuantityPercent": -1,
      "SpawnAttachments": [],
      "Variants": []
    }
  ],
  "SortByDisplayName": true
}