{
  "m_Version": 12,
  "DisplayName": "FoXyRadio Batteries",
  "Icon": "Deliver",
  "Color": "FBFCFEFF",
  "IsExchange": 0,
  "InitStockPercent": 75,
  "Items": [
    {
      "ClassName": "FoXyRadio_Battery_AA",
      "MaxPriceThreshold": 150,
      "MinPriceThreshold": 150,
      "SellPricePercent": -1,
      "MaxStockThreshold": 1,
      "MinStockThreshold": 1,
      "QuantityPercent": -1,
      "SpawnAttachments": [],
      "Variants": [
        "FoXyRadio_Battery_AA_FoXy"
      ]
    },
    {
      "ClassName": "FoXyRadio_Battery_9V_Abstract",
      "MaxPriceThreshold": 150,
      "MinPriceThreshold": 150,
      "SellPricePercent": -1,
      "MaxStockThreshold": 1,
      "MinStockThreshold": 1,
      "QuantityPercent": -1,
      "SpawnAttachments": [],
      "Variants": [
        "FoXyRadio_Battery_9V_BlackHole",
        "FoXyRadio_Battery_9V_CamoArmy",
        "FoXyRadio_Battery_9V_CamoAutumn",
        "FoXyRadio_Battery_9V_CamoBreeze",
        "FoXyRadio_Battery_9V_CamoDesert",
        "FoXyRadio_Battery_9V_CamoDesertDigital",
        "FoXyRadio_Battery_9V_CamoDusk",
        "FoXyRadio_Battery_9V_CamoGreen",
        "FoXyRadio_Battery_9V_CamoGrey",
        "FoXyRadio_Battery_9V_CamoIce",
        "FoXyRadio_Battery_9V_CamoWinter",
        "FoXyRadio_Battery_9V_Cannabis",
        "FoXyRadio_Battery_9V_Comic",
        "FoXyRadio_Battery_9V_Cosmic",
        "FoXyRadio_Battery_9V_Eevee",
        "FoXyRadio_Battery_9V_FoXy",
        "FoXyRadio_Battery_9V_Galaxy",
        "FoXyRadio_Battery_9V_Graffiti",
        "FoXyRadio_Battery_9V_Hearts",
        "FoXyRadio_Battery_9V_Hex",
        "FoXyRadio_Battery_9V_HexGrey",
        "FoXyRadio_Battery_9V_Leaves",
        "FoXyRadio_Battery_9V_Matrix",
        "FoXyRadio_Battery_9V_Nebula",
        "FoXyRadio_Battery_9V_Pikachu",
        "FoXyRadio_Battery_9V_Rusted",
        "FoXyRadio_Battery_9V_Stars",
        "FoXyRadio_Battery_9V_Stickers",
        "FoXyRadio_Battery_9V_TheUnforgiven",
        "FoXyRadio_Battery_9V_Zebra"
      ]
    },
    {
      "ClassName": "FoXyRadio_Battery_9V_x2",
      "MaxPriceThreshold": 150,
      "MinPriceThreshold": 150,
      "SellPricePercent": -1,
      "MaxStockThreshold": 1,
      "MinStockThreshold": 1,
      "QuantityPercent": -1,
      "SpawnAttachments": [],
      "Variants": [
        "FoXyRadio_Battery_9V_x3",
        "FoXyRadio_Battery_9V_x4",
        "FoXyRadio_Battery_9V_x5",
        "FoXyRadio_Battery_9V_xINF"
      ]
    }
  ],
  "SortByDisplayName": true
}