{
  "m_Version": 12,
  "DisplayName": "FoXyRadio",
  "Icon": "Deliver",
  "Color": "FBFCFEFF",
  "IsExchange": 0,
  "InitStockPercent": 75,
  "Items": [
    {
      "ClassName": "FoXyRadio_Kit",
      "MaxPriceThreshold": 1000,
      "MinPriceThreshold": 1000,
      "SellPricePercent": -1,
      "MaxStockThreshold": 1,
      "MinStockThreshold": 1,
      "QuantityPercent": -1,
      "SpawnAttachments": [],
      "Variants": []
    },
    {
      "ClassName": "FoXyRadio_Simple_Kit",
      "MaxPriceThreshold": 1000,
      "MinPriceThreshold": 1000,
      "SellPricePercent": -1,
      "MaxStockThreshold": 1,
      "MinStockThreshold": 1,
      "QuantityPercent": -1,
      "SpawnAttachments": [],
      "Variants": []
    },
    {
      "ClassName": "FoXyRadio",
      "MaxPriceThreshold": 1000,
      "MinPriceThreshold": 1000,
      "SellPricePercent": -1,
      "MaxStockThreshold": 1,
      "MinStockThreshold": 1,
      "QuantityPercent": -1,
      "SpawnAttachments": [],
      "Variants": [
        "FoXyRadio_Simple",
        "FoXyRadio_Static",
        "FoXyRadio_Static_Simple",
        "FoXyRadio_Portable",
        "FoXyRadio_Simple_Portable"
      ]
    },
    {
      "ClassName": "Cassette_Blank",
      "MaxPriceThreshold": 500,
      "MinPriceThreshold": 500,
      "SellPricePercent": -1,
      "MaxStockThreshold": 1,
      "MinStockThreshold": 1,
      "QuantityPercent": -1,
      "SpawnAttachments": [],
      "Variants": []
    },
    {
      "ClassName": "CD_Blank",
      "MaxPriceThreshold": 500,
      "MinPriceThreshold": 500,
      "SellPricePercent": -1,
      "MaxStockThreshold": 1,
      "MinStockThreshold": 1,
      "QuantityPercent": -1,
      "SpawnAttachments": [],
      "Variants": []
    },
    {
      "ClassName": "SDCard_Blank",
      "MaxPriceThreshold": 500,
      "MinPriceThreshold": 500,
      "SellPricePercent": -1,
      "MaxStockThreshold": 1,
      "MinStockThreshold": 1,
      "QuantityPercent": -1,
      "SpawnAttachments": [],
      "Variants": []
    },
    {
      "ClassName": "USB_Blank",
      "MaxPriceThreshold": 500,
      "MinPriceThreshold": 500,
      "SellPricePercent": -1,
      "MaxStockThreshold": 1,
      "MinStockThreshold": 1,
      "QuantityPercent": -1,
      "SpawnAttachments": [],
      "Variants": []
    },
    {
      "ClassName": "FoXyRadio_SoundGrenade",
      "MaxPriceThreshold": 1000,
      "MinPriceThreshold": 1000,
      "SellPricePercent": -1,
      "MaxStockThreshold": 1,
      "MinStockThreshold": 1,
      "QuantityPercent": -1,
      "SpawnAttachments": [],
      "Variants": []
    },
    {
      "ClassName": "FoXyRadio_Belt",
      "MaxPriceThreshold": 500,
      "MinPriceThreshold": 500,
      "SellPricePercent": -1,
      "MaxStockThreshold": 1,
      "MinStockThreshold": 1,
      "QuantityPercent": -1,
      "SpawnAttachments": [],
      "Variants": []
    },
    {
      "ClassName": "FoXyRadio_Wires",
      "MaxPriceThreshold": 500,
      "MinPriceThreshold": 500,
      "SellPricePercent": -1,
      "MaxStockThreshold": 1,
      "MinStockThreshold": 1,
      "QuantityPercent": -1,
      "SpawnAttachments": [],
      "Variants": []
    },
    {
      "ClassName": "FoXyRadio_RadioSpeaker",
      "MaxPriceThreshold": 1000,
      "MinPriceThreshold": 1000,
      "SellPricePercent": -1,
      "MaxStockThreshold": 1,
      "MinStockThreshold": 1,
      "QuantityPercent": -1,
      "SpawnAttachments": [],
      "Variants": []
    },
    {
      "ClassName": "FoXyRadio_VehicleSpeaker",
      "MaxPriceThreshold": 1000,
      "MinPriceThreshold": 1000,
      "SellPricePercent": -1,
      "MaxStockThreshold": 1,
      "MinStockThreshold": 1,
      "QuantityPercent": -1,
      "SpawnAttachments": [],
      "Variants": []
    },
    {
      "ClassName": "FoXyRadio_CPU",
      "MaxPriceThreshold": 500,
      "MinPriceThreshold": 500,
      "SellPricePercent": -1,
      "MaxStockThreshold": 1,
      "MinStockThreshold": 1,
      "QuantityPercent": -1,
      "SpawnAttachments": [],
      "Variants": []
    },
    {
      "ClassName": "FoXyRadio_RAM",
      "MaxPriceThreshold": 500,
      "MinPriceThreshold": 500,
      "SellPricePercent": -1,
      "MaxStockThreshold": 1,
      "MinStockThreshold": 1,
      "QuantityPercent": -1,
      "SpawnAttachments": [],
      "Variants": []
    }
  ],
  "SortByDisplayName": true
}