{
  "m_Version": 12,
  "DisplayName": "FoXyRadio Microphone",
  "Icon": "Deliver",
  "Color": "FBFCFEFF",
  "IsExchange": 0,
  "InitStockPercent": 75,
  "Items": [
    {
      "ClassName": "FoXyRadio_Microphone",
      "MaxPriceThreshold": 200,
      "MinPriceThreshold": 200,
      "SellPricePercent": -1,
      "MaxStockThreshold": 1,
      "MinStockThreshold": 1,
      "QuantityPercent": -1,
      "SpawnAttachments": [],
      "Variants": [
        "FoXyRadio_Microphone_Gold",
        "FoXyRadio_Microphone_AA",
        "FoXyRadio_Microphone_AA_Gold",
        "FoXyRadio_Microphone_AAx2",
        "FoXyRadio_Microphone_AAx2_Gold"
      ]
    }
  ],
  "SortByDisplayName": true
}