{
  "m_Version": 12,
  "DisplayName": "Furnishing",
  "Icon": "Deliver",
  "Color": "FBFCFEFF",
  "IsExchange": 0,
  "InitStockPercent": 75,
  "Items": [
    {
      "ClassName": "rag_baseitems_coffee_hutch_kit",
      "MaxPriceThreshold": 12000,
      "MinPriceThreshold": 9000,
      "SellPricePercent": -1,
      "MaxStockThreshold": 1,
      "MinStockThreshold": 1,
      "QuantityPercent": -1,
      "SpawnAttachments": [],
      "Variants": []
    },
    {
      "ClassName": "rag_baseitems_globe_kit",
      "MaxPriceThreshold": 10000,
      "MinPriceThreshold": 7000,
      "SellPricePercent": -1,
      "MaxStockThreshold": 1,
      "MinStockThreshold": 1,
      "QuantityPercent": -1,
      "SpawnAttachments": [],
      "Variants": []
    },
    {
      "ClassName": "mmg_old_table",
      "MaxPriceThreshold": 10000,
      "MinPriceThreshold": 7000,
      "SellPricePercent": -1,
      "MaxStockThreshold": 1,
      "MinStockThreshold": 1,
      "QuantityPercent": -1,
      "SpawnAttachments": [],
      "Variants": []
    },
    {
      "ClassName": "rag_baseitems_gazebo_kit",
      "MaxPriceThreshold": 10000,
      "MinPriceThreshold": 7000,
      "SellPricePercent": -1,
      "MaxStockThreshold": 1,
      "MinStockThreshold": 1,
      "QuantityPercent": -1,
      "SpawnAttachments": [],
      "Variants": []
    },
    {
      "ClassName": "rag_baseitems_improvised_bed_kit",
      "MaxPriceThreshold": 10000,
      "MinPriceThreshold": 7000,
      "SellPricePercent": -1,
      "MaxStockThreshold": 1,
      "MinStockThreshold": 1,
      "QuantityPercent": -1,
      "SpawnAttachments": [],
      "Variants": []
    },
    {
      "ClassName": "rag_baseitems_sofa_kit",
      "MaxPriceThreshold": 10000,
      "MinPriceThreshold": 7000,
      "SellPricePercent": -1,
      "MaxStockThreshold": 1,
      "MinStockThreshold": 1,
      "QuantityPercent": -1,
      "SpawnAttachments": [],
      "Variants": [
        "rag_baseitems_sofa_brown_leather_kit",
        "rag_baseitems_sofa_black_leather_kit"
      ]
    },
    {
      "ClassName": "rag_baseitems_odin_kit",
      "MaxPriceThreshold": 10000,
      "MinPriceThreshold": 7000,
      "SellPricePercent": -1,
      "MaxStockThreshold": 1,
      "MinStockThreshold": 1,
      "QuantityPercent": -1,
      "SpawnAttachments": [],
      "Variants": []
    },
    {
      "ClassName": "rag_baseitems_totem_kit",
      "MaxPriceThreshold": 10000,
      "MinPriceThreshold": 7000,
      "SellPricePercent": -1,
      "MaxStockThreshold": 1,
      "MinStockThreshold": 1,
      "QuantityPercent": -1,
      "SpawnAttachments": [],
      "Variants": []
    },
    {
      "ClassName": "rag_baseitems_warrior_kit",
      "MaxPriceThreshold": 10000,
      "MinPriceThreshold": 7000,
      "SellPricePercent": -1,
      "MaxStockThreshold": 1,
      "MinStockThreshold": 1,
      "QuantityPercent": -1,
      "SpawnAttachments": [],
      "Variants": []
    },
    {
      "ClassName": "rag_baseitems_basket_kit",
      "MaxPriceThreshold": 10000,
      "MinPriceThreshold": 7000,
      "SellPricePercent": -1,
      "MaxStockThreshold": 1,
      "MinStockThreshold": 1,
      "QuantityPercent": -1,
      "SpawnAttachments": [],
      "Variants": []
    },
    {
      "ClassName": "rag_baseitems_roomdivider_beach_kit",
      "MaxPriceThreshold": 10000,
      "MinPriceThreshold": 7000,
      "SellPricePercent": -1,
      "MaxStockThreshold": 1,
      "MinStockThreshold": 1,
      "QuantityPercent": -1,
      "SpawnAttachments": [],
      "Variants": [
        "rag_baseitems_roomdivider_dayz1_kit",
        "rag_baseitems_roomdivider_dayz2_kit",
        "rag_baseitems_roomdivider_japan_kit",
        "rag_baseitems_roomdivider_sunset_kit"
      ]
    },
    {
      "ClassName": "rag_baseitems_beach_chair_kit",
      "MaxPriceThreshold": 10000,
      "MinPriceThreshold": 7000,
      "SellPricePercent": -1,
      "MaxStockThreshold": 1,
      "MinStockThreshold": 1,
      "QuantityPercent": -1,
      "SpawnAttachments": [],
      "Variants": []
    },
    {
      "ClassName": "rag_baseitems_volleyball_net_kit",
      "MaxPriceThreshold": 10000,
      "MinPriceThreshold": 7000,
      "SellPricePercent": -1,
      "MaxStockThreshold": 1,
      "MinStockThreshold": 1,
      "QuantityPercent": -1,
      "SpawnAttachments": [],
      "Variants": []
    },
    {
      "ClassName": "rag_baseitems_beach_umbrella_beige_kit",
      "MaxPriceThreshold": 10000,
      "MinPriceThreshold": 7000,
      "SellPricePercent": -1,
      "MaxStockThreshold": 1,
      "MinStockThreshold": 1,
      "QuantityPercent": -1,
      "SpawnAttachments": [],
      "Variants": [
        "rag_baseitems_beach_umbrella_blue_kit",
        "rag_baseitems_beach_umbrella_multi_kit",
        "rag_baseitems_beach_umbrella_green_kit"
      ]
    },
    {
      "ClassName": "rag_baseitems_beachball",
      "MaxPriceThreshold": 10000,
      "MinPriceThreshold": 7000,
      "SellPricePercent": -1,
      "MaxStockThreshold": 1,
      "MinStockThreshold": 1,
      "QuantityPercent": -1,
      "SpawnAttachments": [],
      "Variants": []
    },
    {
      "ClassName": "rag_baseitems_volleyball",
      "MaxPriceThreshold": 10000,
      "MinPriceThreshold": 7000,
      "SellPricePercent": -1,
      "MaxStockThreshold": 1,
      "MinStockThreshold": 1,
      "QuantityPercent": -1,
      "SpawnAttachments": [],
      "Variants": []
    },
    {
      "ClassName": "rag_baseitems_flamingo",
      "MaxPriceThreshold": 10000,
      "MinPriceThreshold": 7000,
      "SellPricePercent": -1,
      "MaxStockThreshold": 1,
      "MinStockThreshold": 1,
      "QuantityPercent": -1,
      "SpawnAttachments": [],
      "Variants": []
    },
    {
      "ClassName": "rag_baseitems_small_pool_blue_kit",
      "MaxPriceThreshold": 10000,
      "MinPriceThreshold": 7000,
      "SellPricePercent": -1,
      "MaxStockThreshold": 1,
      "MinStockThreshold": 1,
      "QuantityPercent": -1,
      "SpawnAttachments": [],
      "Variants": [
        "rag_baseitems_small_pool_green_kit",
        "rag_baseitems_small_pool_pink_kit",
        "rag_baseitems_small_pool_red_kit",
        "rag_baseitems_small_pool_yellow_kit",
        "rag_baseitems_small_pool_rainbow_kit"
      ]
    },
    {
      "ClassName": "rag_baseitems_lantern_kit",
      "MaxPriceThreshold": 10000,
      "MinPriceThreshold": 7000,
      "SellPricePercent": -1,
      "MaxStockThreshold": 1,
      "MinStockThreshold": 1,
      "QuantityPercent": -1,
      "SpawnAttachments": [],
      "Variants": []
    },
    {
      "ClassName": "rag_baseitems_lantern_wall_kit",
      "MaxPriceThreshold": 10000,
      "MinPriceThreshold": 7000,
      "SellPricePercent": -1,
      "MaxStockThreshold": 1,
      "MinStockThreshold": 1,
      "QuantityPercent": -1,
      "SpawnAttachments": [],
      "Variants": []
    },
    {
      "ClassName": "rag_baseitems_wallpicture_unpainted",
      "MaxPriceThreshold": 10000,
      "MinPriceThreshold": 7000,
      "SellPricePercent": -1,
      "MaxStockThreshold": 1,
      "MinStockThreshold": 1,
      "QuantityPercent": -1,
      "SpawnAttachments": [],
      "Variants": []
    },
    {
      "ClassName": "rag_baseitems_bed_kit",
      "MaxPriceThreshold": 10000,
      "MinPriceThreshold": 7000,
      "SellPricePercent": -1,
      "MaxStockThreshold": 1,
      "MinStockThreshold": 1,
      "QuantityPercent": -1,
      "SpawnAttachments": [],
      "Variants": []
    },
    {
      "ClassName": "rag_baseitems_dinner_table_kit",
      "MaxPriceThreshold": 10000,
      "MinPriceThreshold": 7000,
      "SellPricePercent": -1,
      "MaxStockThreshold": 1,
      "MinStockThreshold": 1,
      "QuantityPercent": -1,
      "SpawnAttachments": [],
      "Variants": []
    },
    {
      "ClassName": "rag_baseitems_victorian_table_wood_kit",
      "MaxPriceThreshold": 10000,
      "MinPriceThreshold": 7000,
      "SellPricePercent": -1,
      "MaxStockThreshold": 1,
      "MinStockThreshold": 1,
      "QuantityPercent": -1,
      "SpawnAttachments": [],
      "Variants": [
        "rag_baseitems_victorian_table_white_kit"
      ]
    },
    {
      "ClassName": "rag_viking_table_kit",
      "MaxPriceThreshold": 10000,
      "MinPriceThreshold": 7000,
      "SellPricePercent": -1,
      "MaxStockThreshold": 1,
      "MinStockThreshold": 1,
      "QuantityPercent": -1,
      "SpawnAttachments": [],
      "Variants": []
    },
    {
      "ClassName": "rag_baseitems_dinner_table_chair_kit",
      "MaxPriceThreshold": 10000,
      "MinPriceThreshold": 7000,
      "SellPricePercent": -1,
      "MaxStockThreshold": 1,
      "MinStockThreshold": 1,
      "QuantityPercent": -1,
      "SpawnAttachments": [],
      "Variants": []
    },
    {
      "ClassName": "rag_baseitems_planterbox_high_kit",
      "MaxPriceThreshold": 10000,
      "MinPriceThreshold": 7000,
      "SellPricePercent": -1,
      "MaxStockThreshold": 1,
      "MinStockThreshold": 1,
      "QuantityPercent": -1,
      "SpawnAttachments": [],
      "Variants": []
    },
    {
      "ClassName": "rag_baseitems_planterbox_low_kit",
      "MaxPriceThreshold": 10000,
      "MinPriceThreshold": 7000,
      "SellPricePercent": -1,
      "MaxStockThreshold": 1,
      "MinStockThreshold": 1,
      "QuantityPercent": -1,
      "SpawnAttachments": [],
      "Variants": []
    },
    {
      "ClassName": "rag_baseitems_plant_rack_kit",
      "MaxPriceThreshold": 10000,
      "MinPriceThreshold": 7000,
      "SellPricePercent": -1,
      "MaxStockThreshold": 1,
      "MinStockThreshold": 1,
      "QuantityPercent": -1,
      "SpawnAttachments": [],
      "Variants": []
    },
    {
      "ClassName": "rag_baseitems_table_lamp_oval_kit",
      "MaxPriceThreshold": 10000,
      "MinPriceThreshold": 7000,
      "SellPricePercent": -1,
      "MaxStockThreshold": 1,
      "MinStockThreshold": 1,
      "QuantityPercent": -1,
      "SpawnAttachments": [],
      "Variants": []
    },
    {
      "ClassName": "rag_baseitems_table_lamp_round_kit",
      "MaxPriceThreshold": 10000,
      "MinPriceThreshold": 7000,
      "SellPricePercent": -1,
      "MaxStockThreshold": 1,
      "MinStockThreshold": 1,
      "QuantityPercent": -1,
      "SpawnAttachments": [],
      "Variants": []
    },
    {
      "ClassName": "rag_baseitems_mask_head_kit",
      "MaxPriceThreshold": 10000,
      "MinPriceThreshold": 7000,
      "SellPricePercent": -1,
      "MaxStockThreshold": 1,
      "MinStockThreshold": 1,
      "QuantityPercent": -1,
      "SpawnAttachments": [],
      "Variants": []
    },
    {
      "ClassName": "rag_viking_warbanner_kit",
      "MaxPriceThreshold": 10000,
      "MinPriceThreshold": 7000,
      "SellPricePercent": -1,
      "MaxStockThreshold": 1,
      "MinStockThreshold": 1,
      "QuantityPercent": -1,
      "SpawnAttachments": [],
      "Variants": []
    },
    {
      "ClassName": "mmg_old_table",
      "MaxPriceThreshold": 10000,
      "MinPriceThreshold": 7000,
      "SellPricePercent": -1,
      "MaxStockThreshold": 1,
      "MinStockThreshold": 1,
      "QuantityPercent": -1,
      "SpawnAttachments": [],
      "Variants": []
    },
    {
      "ClassName": "Table1_Kit",
      "MaxPriceThreshold": 4000,
      "MinPriceThreshold": 3000,
      "SellPricePercent": -1,
      "MaxStockThreshold": 1,
      "MinStockThreshold": 1,
      "QuantityPercent": -1,
      "SpawnAttachments": [],
      "Variants": [
        "Table2_Kit",
        "Table3_Kit",
        "Table4_Kit",
        "Table5_Kit",
        "Table6_Kit",
        "Table7_Kit"
      ]
    }
  ]
}