{
  "m_Version": 12,
  "DisplayName": "Grim's New Life Wallpapers",
  "Icon": "Hammer",
  "Color": "FBFCFEFF",
  "IsExchange": 0,
  "InitStockPercent": 75,
  "Items": [
    {
      "ClassName": "GrimsNewLifeWallPaper_1",
      "MaxPriceThreshold": 300,
      "MinPriceThreshold": 300,
      "SellPricePercent": -1,
      "MaxStockThreshold": 1,
      "MinStockThreshold": 1,
      "QuantityPercent": -1,
      "SpawnAttachments": [],
      "Variants": [
        "GrimsNewLifeWallPaper_2",
        "GrimsNewLifeWallPaper_3",
        "GrimsNewLifeWallPaper_4",
        "GrimsNewLifeWallPaper_5",
        "GrimsNewLifeWallPaper_6",
        "GrimsNewLifeWallPaper_7",
        "GrimsNewLifeWallPaper_8",
        "GrimsNewLifeWallPaper_9",
        "GrimsNewLifeWallPaper_10",
        "GrimsNewLifeWallPaper_11",
        "GrimsNewLifeWallPaper_12",
        "GrimsNewLifeWallPaper_13",
        "GrimsNewLifeWallPaper_14",
        "GrimsNewLifeWallPaper_15",
        "GrimsNewLifeWallPaper_16",
        "GrimsNewLifeWallPaper_17",
        "GrimsNewLifeWallPaper_18",
        "GrimsNewLifeWallPaper_19",
        "GrimsNewLifeWallPaper_20",
        "GrimsNewLifeWallPaper_21",
        "GrimsNewLifeWallPaper_22",
        "GrimsNewLifeWallPaper_23",
        "GrimsNewLifeWallPaper_24",
        "GrimsNewLifeWallPaper_25",
        "GrimsNewLifeWallPaper_26",
        "GrimsNewLifeWallPaper_27",
        "GrimsNewLifeWallPaper_28"
        ]
    }
  ]
}