{
  "m_Version": 12,
  "DisplayName": "Grips",
  "Icon": "Deliver",
  "Color": "FBFCFEFF",
  "IsExchange": 0,
  "InitStockPercent": 75,
  "Items": [
    {
      "ClassName": "SA58_FGrip",
      "MaxPriceThreshold": 500,
      "MinPriceThreshold": 400,
      "SellPricePercent": -1,
      "MaxStockThreshold": 1,
      "MinStockThreshold": 1,
      "QuantityPercent": -1,
      "SpawnAttachments": [],
      "Variants": []
    },
    {
      "ClassName": "SNAFUAR15_AFG",
      "MaxPriceThreshold": 500,
      "MinPriceThreshold": 400,
      "SellPricePercent": -1,
      "MaxStockThreshold": 1,
      "MinStockThreshold": 1,
      "QuantityPercent": -1,
      "SpawnAttachments": [],
      "Variants": []
    },
    {
      "ClassName": "SNAFUScar_AFG_Tan",
      "MaxPriceThreshold": 500,
      "MinPriceThreshold": 400,
      "SellPricePercent": -1,
      "MaxStockThreshold": 1,
      "MinStockThreshold": 1,
      "QuantityPercent": -1,
      "SpawnAttachments": [],
      "Variants": []
    },
    {
      "ClassName": "SNAFUScar_AFG_BK",
      "MaxPriceThreshold": 500,
      "MinPriceThreshold": 400,
      "SellPricePercent": -1,
      "MaxStockThreshold": 1,
      "MinStockThreshold": 1,
      "QuantityPercent": -1,
      "SpawnAttachments": [],
      "Variants": []
    },
    {
      "ClassName": "SNAFUMPX_Grip",
      "MaxPriceThreshold": 500,
      "MinPriceThreshold": 400,
      "SellPricePercent": -1,
      "MaxStockThreshold": 1,
      "MinStockThreshold": 1,
      "QuantityPercent": -1,
      "SpawnAttachments": [],
      "Variants": []
    },
    {
      "ClassName": "SNAFU_AFG_02_Black",
      "MaxPriceThreshold": 500,
      "MinPriceThreshold": 400,
      "SellPricePercent": -1,
      "MaxStockThreshold": 1,
      "MinStockThreshold": 1,
      "QuantityPercent": -1,
      "SpawnAttachments": [],
      "Variants": []
    },
    {
      "ClassName": "SNAFU_AFG_02_OD",
      "MaxPriceThreshold": 500,
      "MinPriceThreshold": 400,
      "SellPricePercent": -1,
      "MaxStockThreshold": 1,
      "MinStockThreshold": 1,
      "QuantityPercent": -1,
      "SpawnAttachments": [],
      "Variants": []
    },
    {
      "ClassName": "SNAFU_AFG_02_Tan",
      "MaxPriceThreshold": 500,
      "MinPriceThreshold": 400,
      "SellPricePercent": -1,
      "MaxStockThreshold": 1,
      "MinStockThreshold": 1,
      "QuantityPercent": -1,
      "SpawnAttachments": [],
      "Variants": []
    },
    {
      "ClassName": "SNAFU_FGKAC_Grip",
      "MaxPriceThreshold": 500,
      "MinPriceThreshold": 400,
      "SellPricePercent": -1,
      "MaxStockThreshold": 1,
      "MinStockThreshold": 1,
      "QuantityPercent": -1,
      "SpawnAttachments": [],
      "Variants": []
    },
    {
      "ClassName": "SNAFU_FGCR_Grip",
      "MaxPriceThreshold": 500,
      "MinPriceThreshold": 400,
      "SellPricePercent": -1,
      "MaxStockThreshold": 1,
      "MinStockThreshold": 1,
      "QuantityPercent": -1,
      "SpawnAttachments": [],
      "Variants": []
    },
    {
      "ClassName": "SNAFU_M249Grip",
      "MaxPriceThreshold": 500,
      "MinPriceThreshold": 400,
      "SellPricePercent": -1,
      "MaxStockThreshold": 1,
      "MinStockThreshold": 1,
      "QuantityPercent": -1,
      "SpawnAttachments": [],
      "Variants": []
    },
    {
      "ClassName": "SNAFU_SR3Grip",
      "MaxPriceThreshold": 500,
      "MinPriceThreshold": 400,
      "SellPricePercent": -1,
      "MaxStockThreshold": 1,
      "MinStockThreshold": 1,
      "QuantityPercent": -1,
      "SpawnAttachments": [],
      "Variants": []
    },
    {
      "ClassName": "Paragon_AFG_Black",
      "MaxPriceThreshold": 500,
      "MinPriceThreshold": 450,
      "SellPricePercent": -1,
      "MaxStockThreshold": 1,
      "MinStockThreshold": 1,
      "QuantityPercent": -1,
      "SpawnAttachments": [],
      "Variants": [
        "Paragon_AFG_Tan",
        "Paragon_AFG_Green"
      ]
    },
    {
      "ClassName": "Paragon_ForeGrip_Black",
      "MaxPriceThreshold": 500,
      "MinPriceThreshold": 450,
      "SellPricePercent": -1,
      "MaxStockThreshold": 1,
      "MinStockThreshold": 1,
      "QuantityPercent": -1,
      "SpawnAttachments": [],
      "Variants": [
        "Paragon_ForeGrip_Tan",
        "Paragon_ForeGrip_Green"
      ]
    },
    {
      "ClassName": "Paragon_StubbyGrip_Black",
      "MaxPriceThreshold": 500,
      "MinPriceThreshold": 450,
      "SellPricePercent": -1,
      "MaxStockThreshold": 1,
      "MinStockThreshold": 1,
      "QuantityPercent": -1,
      "SpawnAttachments": [],
      "Variants": [
        "Paragon_StubbyGrip_Tan",
        "Paragon_StubbyGrip_Black"
      ]
    },
    {
      "ClassName": "SNAFU_TACGripColtA2_Tan",
      "MaxPriceThreshold": 500,
      "MinPriceThreshold": 400,
      "SellPricePercent": -1,
      "MaxStockThreshold": 1,
      "MinStockThreshold": 1,
      "QuantityPercent": -1,
      "SpawnAttachments": [],
      "Variants": []
    },
    {
      "ClassName": "SNAFU_TACGripColtA2_OD",
      "MaxPriceThreshold": 500,
      "MinPriceThreshold": 400,
      "SellPricePercent": -1,
      "MaxStockThreshold": 1,
      "MinStockThreshold": 1,
      "QuantityPercent": -1,
      "SpawnAttachments": [],
      "Variants": []
    },
    {
      "ClassName": "SNAFU_TACGripColtA2_Grey",
      "MaxPriceThreshold": 500,
      "MinPriceThreshold": 400,
      "SellPricePercent": -1,
      "MaxStockThreshold": 1,
      "MinStockThreshold": 1,
      "QuantityPercent": -1,
      "SpawnAttachments": [],
      "Variants": []
    },
    {
      "ClassName": "SNAFU_TACGripColtA2_BK",
      "MaxPriceThreshold": 500,
      "MinPriceThreshold": 400,
      "SellPricePercent": -1,
      "MaxStockThreshold": 1,
      "MinStockThreshold": 1,
      "QuantityPercent": -1,
      "SpawnAttachments": [],
      "Variants": []
    },
    {
      "ClassName": "SNAFU_GIGripColtA2",
      "MaxPriceThreshold": 500,
      "MinPriceThreshold": 400,
      "SellPricePercent": -1,
      "MaxStockThreshold": 1,
      "MinStockThreshold": 1,
      "QuantityPercent": -1,
      "SpawnAttachments": [],
      "Variants": []
    },
    {
      "ClassName": "SNAFU_PistolGripColtA2",
      "MaxPriceThreshold": 500,
      "MinPriceThreshold": 400,
      "SellPricePercent": -1,
      "MaxStockThreshold": 1,
      "MinStockThreshold": 1,
      "QuantityPercent": -1,
      "SpawnAttachments": [],
      "Variants": []
    }
  ]
}