{
  "m_Version": 12,
  "DisplayName": "Gun Racks",
  "Icon": "Deliver",
  "Color": "FBFCFEFF",
  "IsExchange": 0,
  "InitStockPercent": 75,
  "Items": [
    {
      "ClassName": "expansiongunrack",
      "MaxPriceThreshold": 7000,
      "MinPriceThreshold": 3500,
      "SellPricePercent": -1,
      "MaxStockThreshold": 1,
      "MinStockThreshold": 1,
      "QuantityPercent": -1,
      "SpawnAttachments": [],
      "Variants": []
    },
    {
      "ClassName": "rag_baseitems_gunrack_kit",
      "MaxPriceThreshold": 10000,
      "MinPriceThreshold": 7000,
      "SellPricePercent": -1,
      "MaxStockThreshold": 1,
      "MinStockThreshold": 1,
      "QuantityPercent": -1,
      "SpawnAttachments": [],
      "Variants": []
    },
    {
      "ClassName": "rag_baseitems_gunwall_kit",
      "MaxPriceThreshold": 10000,
      "MinPriceThreshold": 7000,
      "SellPricePercent": -1,
      "MaxStockThreshold": 1,
      "MinStockThreshold": 1,
      "QuantityPercent": -1,
      "SpawnAttachments": [],
      "Variants": []
    },
    {
      "ClassName": "rag_baseitems_gunwall_nostand_kit",
      "MaxPriceThreshold": 10000,
      "MinPriceThreshold": 7000,
      "SellPricePercent": -1,
      "MaxStockThreshold": 1,
      "MinStockThreshold": 1,
      "QuantityPercent": -1,
      "SpawnAttachments": [],
      "Variants": []
    },
    {
      "ClassName": "mmg_gun_rack_planks",
      "MaxPriceThreshold": 10000,
      "MinPriceThreshold": 7000,
      "SellPricePercent": -1,
      "MaxStockThreshold": 1,
      "MinStockThreshold": 1,
      "QuantityPercent": -1,
      "SpawnAttachments": [],
      "Variants": []
    },
    {
      "ClassName": "mmg_gun_wall_kit_wooden",
      "MaxPriceThreshold": 10000,
      "MinPriceThreshold": 7000,
      "SellPricePercent": -1,
      "MaxStockThreshold": 1,
      "MinStockThreshold": 1,
      "QuantityPercent": -1,
      "SpawnAttachments": [],
      "Variants": [
        "mmg_gun_wall_kit_metal"
      ]
    },
    {
      "ClassName": "mmg_gun_rack_kit_blue",
      "MaxPriceThreshold": 10000,
      "MinPriceThreshold": 7000,
      "SellPricePercent": -1,
      "MaxStockThreshold": 1,
      "MinStockThreshold": 1,
      "QuantityPercent": -1,
      "SpawnAttachments": [],
      "Variants": [
        "mmg_gun_rack_kit_green",
        "mmg_gun_rack_kit_tan"
      ]
    },
    {
      "ClassName": "mmg_lockable_gun_rack_kit_grey",
      "MaxPriceThreshold": 10000,
      "MinPriceThreshold": 7000,
      "SellPricePercent": -1,
      "MaxStockThreshold": 1,
      "MinStockThreshold": 1,
      "QuantityPercent": -1,
      "SpawnAttachments": [],
      "Variants": []
    }
  ]
}