{
  "m_Version": 12,
  "DisplayName": "Handguards",
  "Icon": "Deliver",
  "Color": "FBFCFEFF",
  "IsExchange": 0,
  "InitStockPercent": 75,
  "Items": [
    {
      "ClassName": "mp5_plastichndgrd",
      "MaxPriceThreshold": 3010,
      "MinPriceThreshold": 1805,
      "SellPricePercent": -1,
      "MaxStockThreshold": 1,
      "MinStockThreshold": 1,
      "QuantityPercent": -1,
      "SpawnAttachments": [],
      "Variants": []
    },
    {
      "ClassName": "mp5_railhndgrd",
      "MaxPriceThreshold": 3010,
      "MinPriceThreshold": 1805,
      "SellPricePercent": -1,
      "MaxStockThreshold": 1,
      "MinStockThreshold": 1,
      "QuantityPercent": -1,
      "SpawnAttachments": [],
      "Variants": []
    },
    {
      "ClassName": "ak74_hndgrd",
      "MaxPriceThreshold": 2985,
      "MinPriceThreshold": 1790,
      "SellPricePercent": -1,
      "MaxStockThreshold": 1,
      "MinStockThreshold": 1,
      "QuantityPercent": -1,
      "SpawnAttachments": [],
      "Variants": []
    },
    {
      "ClassName": "ak_woodhndgrd",
      "MaxPriceThreshold": 2985,
      "MinPriceThreshold": 1790,
      "SellPricePercent": -1,
      "MaxStockThreshold": 1,
      "MinStockThreshold": 1,
      "QuantityPercent": -1,
      "SpawnAttachments": [],
      "Variants": []
    },
    {
      "ClassName": "ak_railhndgrd",
      "MaxPriceThreshold": 2985,
      "MinPriceThreshold": 1790,
      "SellPricePercent": -1,
      "MaxStockThreshold": 1,
      "MinStockThreshold": 1,
      "QuantityPercent": -1,
      "SpawnAttachments": [],
      "Variants": []
    },
    {
      "ClassName": "ak_plastichndgrd",
      "MaxPriceThreshold": 2985,
      "MinPriceThreshold": 1790,
      "SellPricePercent": -1,
      "MaxStockThreshold": 1,
      "MinStockThreshold": 1,
      "QuantityPercent": -1,
      "SpawnAttachments": [],
      "Variants": []
    },
    {
      "ClassName": "m4_plastichndgrd",
      "MaxPriceThreshold": 2985,
      "MinPriceThreshold": 1790,
      "SellPricePercent": -1,
      "MaxStockThreshold": 1,
      "MinStockThreshold": 1,
      "QuantityPercent": -1,
      "SpawnAttachments": [],
      "Variants": []
    },
    {
      "ClassName": "m4_rishndgrd",
      "MaxPriceThreshold": 2985,
      "MinPriceThreshold": 1790,
      "SellPricePercent": -1,
      "MaxStockThreshold": 1,
      "MinStockThreshold": 1,
      "QuantityPercent": -1,
      "SpawnAttachments": [],
      "Variants": []
    },
    {
      "ClassName": "m4_mphndgrd",
      "MaxPriceThreshold": 2985,
      "MinPriceThreshold": 1790,
      "SellPricePercent": -1,
      "MaxStockThreshold": 1,
      "MinStockThreshold": 1,
      "QuantityPercent": -1,
      "SpawnAttachments": [],
      "Variants": []
    }
  ]
}