{
  "m_Version": 12,
  "DisplayName": "Head",
  "Icon": "Deliver",
  "Color": "FBFCFEFF",
  "IsExchange": 0,
  "InitStockPercent": 75,
  "Items": [
    {
      "ClassName": "constructionhelmet_blue",
      "MaxPriceThreshold": 800,
      "MinPriceThreshold": 480,
      "SellPricePercent": -1,
      "MaxStockThreshold": 1,
      "MinStockThreshold": 1,
      "QuantityPercent": -1,
      "SpawnAttachments": [],
      "Variants": [
        "constructionhelmet_orange",
        "constructionhelmet_red",
        "constructionhelmet_white",
        "constructionhelmet_yellow",
        "constructionhelmet_lime"
      ]
    },
    {
      "ClassName": "constructionhelmet_orange",
      "MaxPriceThreshold": 800,
      "MinPriceThreshold": 480,
      "SellPricePercent": -1,
      "MaxStockThreshold": 1,
      "MinStockThreshold": 1,
      "QuantityPercent": -1,
      "SpawnAttachments": [],
      "Variants": []
    },
    {
      "ClassName": "constructionhelmet_red",
      "MaxPriceThreshold": 800,
      "MinPriceThreshold": 480,
      "SellPricePercent": -1,
      "MaxStockThreshold": 1,
      "MinStockThreshold": 1,
      "QuantityPercent": -1,
      "SpawnAttachments": [],
      "Variants": []
    },
    {
      "ClassName": "constructionhelmet_white",
      "MaxPriceThreshold": 800,
      "MinPriceThreshold": 480,
      "SellPricePercent": -1,
      "MaxStockThreshold": 1,
      "MinStockThreshold": 1,
      "QuantityPercent": -1,
      "SpawnAttachments": [],
      "Variants": []
    },
    {
      "ClassName": "constructionhelmet_yellow",
      "MaxPriceThreshold": 800,
      "MinPriceThreshold": 480,
      "SellPricePercent": -1,
      "MaxStockThreshold": 1,
      "MinStockThreshold": 1,
      "QuantityPercent": -1,
      "SpawnAttachments": [],
      "Variants": []
    },
    {
      "ClassName": "constructionhelmet_lime",
      "MaxPriceThreshold": 800,
      "MinPriceThreshold": 480,
      "SellPricePercent": -1,
      "MaxStockThreshold": 1,
      "MinStockThreshold": 1,
      "QuantityPercent": -1,
      "SpawnAttachments": [],
      "Variants": []
    },
    {
      "ClassName": "skatehelmet_blue",
      "MaxPriceThreshold": 340,
      "MinPriceThreshold": 205,
      "SellPricePercent": -1,
      "MaxStockThreshold": 1,
      "MinStockThreshold": 1,
      "QuantityPercent": -1,
      "SpawnAttachments": [],
      "Variants": [
        "skatehelmet_gray",
        "skatehelmet_red",
        "skatehelmet_black",
        "skatehelmet_green"
      ]
    },
    {
      "ClassName": "skatehelmet_gray",
      "MaxPriceThreshold": 340,
      "MinPriceThreshold": 205,
      "SellPricePercent": -1,
      "MaxStockThreshold": 1,
      "MinStockThreshold": 1,
      "QuantityPercent": -1,
      "SpawnAttachments": [],
      "Variants": []
    },
    {
      "ClassName": "skatehelmet_red",
      "MaxPriceThreshold": 340,
      "MinPriceThreshold": 205,
      "SellPricePercent": -1,
      "MaxStockThreshold": 1,
      "MinStockThreshold": 1,
      "QuantityPercent": -1,
      "SpawnAttachments": [],
      "Variants": []
    },
    {
      "ClassName": "skatehelmet_black",
      "MaxPriceThreshold": 340,
      "MinPriceThreshold": 205,
      "SellPricePercent": -1,
      "MaxStockThreshold": 1,
      "MinStockThreshold": 1,
      "QuantityPercent": -1,
      "SpawnAttachments": [],
      "Variants": []
    },
    {
      "ClassName": "skatehelmet_green",
      "MaxPriceThreshold": 340,
      "MinPriceThreshold": 205,
      "SellPricePercent": -1,
      "MaxStockThreshold": 1,
      "MinStockThreshold": 1,
      "QuantityPercent": -1,
      "SpawnAttachments": [],
      "Variants": []
    },
    {
      "ClassName": "hockeyhelmet_blue",
      "MaxPriceThreshold": 340,
      "MinPriceThreshold": 205,
      "SellPricePercent": -1,
      "MaxStockThreshold": 1,
      "MinStockThreshold": 1,
      "QuantityPercent": -1,
      "SpawnAttachments": [],
      "Variants": [
        "hockeyhelmet_red",
        "hockeyhelmet_white",
        "hockeyhelmet_black"
      ]
    },
    {
      "ClassName": "hockeyhelmet_red",
      "MaxPriceThreshold": 340,
      "MinPriceThreshold": 205,
      "SellPricePercent": -1,
      "MaxStockThreshold": 1,
      "MinStockThreshold": 1,
      "QuantityPercent": -1,
      "SpawnAttachments": [],
      "Variants": []
    },
    {
      "ClassName": "hockeyhelmet_white",
      "MaxPriceThreshold": 340,
      "MinPriceThreshold": 205,
      "SellPricePercent": -1,
      "MaxStockThreshold": 1,
      "MinStockThreshold": 1,
      "QuantityPercent": -1,
      "SpawnAttachments": [],
      "Variants": []
    },
    {
      "ClassName": "hockeyhelmet_black",
      "MaxPriceThreshold": 340,
      "MinPriceThreshold": 205,
      "SellPricePercent": -1,
      "MaxStockThreshold": 1,
      "MinStockThreshold": 1,
      "QuantityPercent": -1,
      "SpawnAttachments": [],
      "Variants": []
    },
    {
      "ClassName": "dirtbikehelmet_mouthguard",
      "MaxPriceThreshold": 355,
      "MinPriceThreshold": 210,
      "SellPricePercent": -1,
      "MaxStockThreshold": 1,
      "MinStockThreshold": 1,
      "QuantityPercent": -1,
      "SpawnAttachments": [],
      "Variants": []
    },
    {
      "ClassName": "dirtbikehelmet_visor",
      "MaxPriceThreshold": 355,
      "MinPriceThreshold": 210,
      "SellPricePercent": -1,
      "MaxStockThreshold": 1,
      "MinStockThreshold": 1,
      "QuantityPercent": -1,
      "SpawnAttachments": [],
      "Variants": []
    },
    {
      "ClassName": "dirtbikehelmet_chernarus",
      "MaxPriceThreshold": 360,
      "MinPriceThreshold": 215,
      "SellPricePercent": -1,
      "MaxStockThreshold": 1,
      "MinStockThreshold": 1,
      "QuantityPercent": -1,
      "SpawnAttachments": [
        "dirtbikehelmet_mouthguard",
        "dirtbikehelmet_visor"
      ],
      "Variants": [
        "dirtbikehelmet_police",
        "dirtbikehelmet_red",
        "dirtbikehelmet_green",
        "dirtbikehelmet_blue",
        "dirtbikehelmet_black",
        "dirtbikehelmet_khaki"
      ]
    },
    {
      "ClassName": "dirtbikehelmet_police",
      "MaxPriceThreshold": 360,
      "MinPriceThreshold": 215,
      "SellPricePercent": -1,
      "MaxStockThreshold": 1,
      "MinStockThreshold": 1,
      "QuantityPercent": -1,
      "SpawnAttachments": [
        "dirtbikehelmet_mouthguard",
        "dirtbikehelmet_visor"
      ],
      "Variants": []
    },
    {
      "ClassName": "dirtbikehelmet_red",
      "MaxPriceThreshold": 360,
      "MinPriceThreshold": 215,
      "SellPricePercent": -1,
      "MaxStockThreshold": 1,
      "MinStockThreshold": 1,
      "QuantityPercent": -1,
      "SpawnAttachments": [
        "dirtbikehelmet_mouthguard",
        "dirtbikehelmet_visor"
      ],
      "Variants": []
    },
    {
      "ClassName": "dirtbikehelmet_green",
      "MaxPriceThreshold": 360,
      "MinPriceThreshold": 215,
      "SellPricePercent": -1,
      "MaxStockThreshold": 1,
      "MinStockThreshold": 1,
      "QuantityPercent": -1,
      "SpawnAttachments": [
        "dirtbikehelmet_mouthguard",
        "dirtbikehelmet_visor"
      ],
      "Variants": []
    },
    {
      "ClassName": "dirtbikehelmet_blue",
      "MaxPriceThreshold": 360,
      "MinPriceThreshold": 215,
      "SellPricePercent": -1,
      "MaxStockThreshold": 1,
      "MinStockThreshold": 1,
      "QuantityPercent": -1,
      "SpawnAttachments": [
        "dirtbikehelmet_mouthguard",
        "dirtbikehelmet_visor"
      ],
      "Variants": []
    },
    {
      "ClassName": "dirtbikehelmet_black",
      "MaxPriceThreshold": 360,
      "MinPriceThreshold": 215,
      "SellPricePercent": -1,
      "MaxStockThreshold": 1,
      "MinStockThreshold": 1,
      "QuantityPercent": -1,
      "SpawnAttachments": [
        "dirtbikehelmet_mouthguard",
        "dirtbikehelmet_visor"
      ],
      "Variants": []
    },
    {
      "ClassName": "dirtbikehelmet_khaki",
      "MaxPriceThreshold": 360,
      "MinPriceThreshold": 215,
      "SellPricePercent": -1,
      "MaxStockThreshold": 1,
      "MinStockThreshold": 1,
      "QuantityPercent": -1,
      "SpawnAttachments": [
        "dirtbikehelmet_mouthguard",
        "dirtbikehelmet_visor"
      ],
      "Variants": []
    },
    {
      "ClassName": "motohelmet_lime",
      "MaxPriceThreshold": 1095,
      "MinPriceThreshold": 655,
      "SellPricePercent": -1,
      "MaxStockThreshold": 1,
      "MinStockThreshold": 1,
      "QuantityPercent": -1,
      "SpawnAttachments": [],
      "Variants": [
        "motohelmet_blue",
        "motohelmet_red",
        "motohelmet_yellow",
        "motohelmet_white",
        "motohelmet_grey",
        "motohelmet_black",
        "motohelmet_green",
        "darkmotohelmet_lime",
        "darkmotohelmet_blue",
        "darkmotohelmet_red",
        "darkmotohelmet_white",
        "darkmotohelmet_grey",
        "darkmotohelmet_black",
        "darkmotohelmet_green"
      ]
    },
    {
      "ClassName": "motohelmet_blue",
      "MaxPriceThreshold": 1315,
      "MinPriceThreshold": 790,
      "SellPricePercent": -1,
      "MaxStockThreshold": 1,
      "MinStockThreshold": 1,
      "QuantityPercent": -1,
      "SpawnAttachments": [],
      "Variants": []
    },
    {
      "ClassName": "motohelmet_red",
      "MaxPriceThreshold": 1095,
      "MinPriceThreshold": 655,
      "SellPricePercent": -1,
      "MaxStockThreshold": 100,
      "MinStockThreshold": 1,
      "QuantityPercent": -1,
      "SpawnAttachments": [],
      "Variants": []
    },
    {
      "ClassName": "motohelmet_white",
      "MaxPriceThreshold": 1095,
      "MinPriceThreshold": 655,
      "SellPricePercent": -1,
      "MaxStockThreshold": 1,
      "MinStockThreshold": 1,
      "QuantityPercent": -1,
      "SpawnAttachments": [],
      "Variants": []
    },
    {
      "ClassName": "motohelmet_grey",
      "MaxPriceThreshold": 2325,
      "MinPriceThreshold": 1395,
      "SellPricePercent": -1,
      "MaxStockThreshold": 1,
      "MinStockThreshold": 1,
      "QuantityPercent": -1,
      "SpawnAttachments": [],
      "Variants": []
    },
    {
      "ClassName": "motohelmet_black",
      "MaxPriceThreshold": 2325,
      "MinPriceThreshold": 1395,
      "SellPricePercent": -1,
      "MaxStockThreshold": 1,
      "MinStockThreshold": 1,
      "QuantityPercent": -1,
      "SpawnAttachments": [],
      "Variants": []
    },
    {
      "ClassName": "motohelmet_green",
      "MaxPriceThreshold": 1315,
      "MinPriceThreshold": 790,
      "SellPricePercent": -1,
      "MaxStockThreshold": 1,
      "MinStockThreshold": 1,
      "QuantityPercent": -1,
      "SpawnAttachments": [],
      "Variants": []
    },
    {
      "ClassName": "darkmotohelmet_grey",
      "MaxPriceThreshold": 2365,
      "MinPriceThreshold": 1420,
      "SellPricePercent": -1,
      "MaxStockThreshold": 1,
      "MinStockThreshold": 1,
      "QuantityPercent": -1,
      "SpawnAttachments": [],
      "Variants": []
    },
    {
      "ClassName": "darkmotohelmet_lime",
      "MaxPriceThreshold": 1115,
      "MinPriceThreshold": 670,
      "SellPricePercent": -1,
      "MaxStockThreshold": 1,
      "MinStockThreshold": 1,
      "QuantityPercent": -1,
      "SpawnAttachments": [],
      "Variants": []
    },
    {
      "ClassName": "darkmotohelmet_blue",
      "MaxPriceThreshold": 1335,
      "MinPriceThreshold": 800,
      "SellPricePercent": -1,
      "MaxStockThreshold": 1,
      "MinStockThreshold": 1,
      "QuantityPercent": -1,
      "SpawnAttachments": [],
      "Variants": []
    },
    {
      "ClassName": "darkmotohelmet_red",
      "MaxPriceThreshold": 1115,
      "MinPriceThreshold": 670,
      "SellPricePercent": -1,
      "MaxStockThreshold": 1,
      "MinStockThreshold": 1,
      "QuantityPercent": -1,
      "SpawnAttachments": [],
      "Variants": []
    },
    {
      "ClassName": "darkmotohelmet_white",
      "MaxPriceThreshold": 1115,
      "MinPriceThreshold": 670,
      "SellPricePercent": -1,
      "MaxStockThreshold": 1,
      "MinStockThreshold": 1,
      "QuantityPercent": -1,
      "SpawnAttachments": [],
      "Variants": []
    },
    {
      "ClassName": "darkmotohelmet_black",
      "MaxPriceThreshold": 2365,
      "MinPriceThreshold": 1420,
      "SellPricePercent": -1,
      "MaxStockThreshold": 1,
      "MinStockThreshold": 1,
      "QuantityPercent": -1,
      "SpawnAttachments": [],
      "Variants": []
    },
    {
      "ClassName": "darkmotohelmet_green",
      "MaxPriceThreshold": 1335,
      "MinPriceThreshold": 800,
      "SellPricePercent": -1,
      "MaxStockThreshold": 1,
      "MinStockThreshold": 1,
      "QuantityPercent": -1,
      "SpawnAttachments": [],
      "Variants": []
    },
    {
      "ClassName": "darkmotohelmet_yellow",
      "MaxPriceThreshold": 1115,
      "MinPriceThreshold": 670,
      "SellPricePercent": -1,
      "MaxStockThreshold": 1,
      "MinStockThreshold": 1,
      "QuantityPercent": -1,
      "SpawnAttachments": [],
      "Variants": []
    },
    {
      "ClassName": "darkmotohelmet_yellowscarred",
      "MaxPriceThreshold": 240,
      "MinPriceThreshold": 145,
      "SellPricePercent": -1,
      "MaxStockThreshold": 1,
      "MinStockThreshold": 1,
      "QuantityPercent": -1,
      "SpawnAttachments": [],
      "Variants": []
    },
    {
      "ClassName": "tankerhelmet",
      "MaxPriceThreshold": 11745,
      "MinPriceThreshold": 7045,
      "SellPricePercent": -1,
      "MaxStockThreshold": 1,
      "MinStockThreshold": 1,
      "QuantityPercent": -1,
      "SpawnAttachments": [],
      "Variants": []
    },
    {
      "ClassName": "greathelm",
      "MaxPriceThreshold": 590,
      "MinPriceThreshold": 355,
      "SellPricePercent": -1,
      "MaxStockThreshold": 1,
      "MinStockThreshold": 1,
      "QuantityPercent": -1,
      "SpawnAttachments": [],
      "Variants": []
    },
    {
      "ClassName": "medicalscrubshat_blue",
      "MaxPriceThreshold": 1090,
      "MinPriceThreshold": 655,
      "SellPricePercent": -1,
      "MaxStockThreshold": 1,
      "MinStockThreshold": 1,
      "QuantityPercent": -1,
      "SpawnAttachments": [],
      "Variants": [
        "medicalscrubshat_white",
        "medicalscrubshat_green"
      ]
    },
    {
      "ClassName": "medicalscrubshat_white",
      "MaxPriceThreshold": 1090,
      "MinPriceThreshold": 655,
      "SellPricePercent": -1,
      "MaxStockThreshold": 1,
      "MinStockThreshold": 1,
      "QuantityPercent": -1,
      "SpawnAttachments": [],
      "Variants": []
    },
    {
      "ClassName": "medicalscrubshat_green",
      "MaxPriceThreshold": 1090,
      "MinPriceThreshold": 655,
      "SellPricePercent": -1,
      "MaxStockThreshold": 1,
      "MinStockThreshold": 1,
      "QuantityPercent": -1,
      "SpawnAttachments": [],
      "Variants": []
    },
    {
      "ClassName": "cowboyhat_brown",
      "MaxPriceThreshold": 2460,
      "MinPriceThreshold": 1475,
      "SellPricePercent": -1,
      "MaxStockThreshold": 1,
      "MinStockThreshold": 1,
      "QuantityPercent": -1,
      "SpawnAttachments": [],
      "Variants": [
        "cowboyhat_black",
        "cowboyhat_darkbrown",
        "cowboyhat_green",
        "expansioncowboyhatgator",
        "expansioncowboyhatsnake",
        "expansioncowboyhatrattlesnake"
      ]
    },
    {
      "ClassName": "militaryberet_chdkz",
      "MaxPriceThreshold": 9310,
      "MinPriceThreshold": 5585,
      "SellPricePercent": -1,
      "MaxStockThreshold": 1,
      "MinStockThreshold": 1,
      "QuantityPercent": -1,
      "SpawnAttachments": [],
      "Variants": [
        "militaryberet_red",
        "militaryberet_un",
        "militaryberet_cdf",
        "militaryberet_nz"
      ]
    },
    {
      "ClassName": "militaryberet_red",
      "MaxPriceThreshold": 9310,
      "MinPriceThreshold": 5585,
      "SellPricePercent": -1,
      "MaxStockThreshold": 1,
      "MinStockThreshold": 1,
      "QuantityPercent": -1,
      "SpawnAttachments": [],
      "Variants": []
    },
    {
      "ClassName": "militaryberet_un",
      "MaxPriceThreshold": 1770,
      "MinPriceThreshold": 1060,
      "SellPricePercent": -1,
      "MaxStockThreshold": 1,
      "MinStockThreshold": 1,
      "QuantityPercent": -1,
      "SpawnAttachments": [],
      "Variants": []
    },
    {
      "ClassName": "militaryberet_cdf",
      "MaxPriceThreshold": 9310,
      "MinPriceThreshold": 5585,
      "SellPricePercent": -1,
      "MaxStockThreshold": 1,
      "MinStockThreshold": 1,
      "QuantityPercent": -1,
      "SpawnAttachments": [],
      "Variants": []
    },
    {
      "ClassName": "militaryberet_nz",
      "MaxPriceThreshold": 1770,
      "MinPriceThreshold": 1060,
      "SellPricePercent": -1,
      "MaxStockThreshold": 1,
      "MinStockThreshold": 1,
      "QuantityPercent": -1,
      "SpawnAttachments": [],
      "Variants": []
    },
    {
      "ClassName": "beaniehat_pink",
      "MaxPriceThreshold": 1550,
      "MinPriceThreshold": 930,
      "SellPricePercent": -1,
      "MaxStockThreshold": 1,
      "MinStockThreshold": 1,
      "QuantityPercent": -1,
      "SpawnAttachments": [],
      "Variants": [
        "beaniehat_beige",
        "beaniehat_blue",
        "beaniehat_brown",
        "beaniehat_grey",
        "beaniehat_red",
        "beaniehat_black",
        "beaniehat_green"
      ]
    },
    {
      "ClassName": "beaniehat_blue",
      "MaxPriceThreshold": 295,
      "MinPriceThreshold": 175,
      "SellPricePercent": -1,
      "MaxStockThreshold": 1,
      "MinStockThreshold": 1,
      "QuantityPercent": -1,
      "SpawnAttachments": [],
      "Variants": []
    },
    {
      "ClassName": "ushanka_black",
      "MaxPriceThreshold": 1510,
      "MinPriceThreshold": 905,
      "SellPricePercent": -1,
      "MaxStockThreshold": 1,
      "MinStockThreshold": 1,
      "QuantityPercent": -1,
      "SpawnAttachments": [],
      "Variants": [
        "ushanka_blue",
        "ushanka_green"
      ]
    },
    {
      "ClassName": "ushanka_blue",
      "MaxPriceThreshold": 1510,
      "MinPriceThreshold": 905,
      "SellPricePercent": -1,
      "MaxStockThreshold": 1,
      "MinStockThreshold": 1,
      "QuantityPercent": -1,
      "SpawnAttachments": [],
      "Variants": []
    },
    {
      "ClassName": "ushanka_green",
      "MaxPriceThreshold": 285,
      "MinPriceThreshold": 170,
      "SellPricePercent": -1,
      "MaxStockThreshold": 1,
      "MinStockThreshold": 1,
      "QuantityPercent": -1,
      "SpawnAttachments": [],
      "Variants": []
    },
    {
      "ClassName": "booniehat_blue",
      "MaxPriceThreshold": 1370,
      "MinPriceThreshold": 820,
      "SellPricePercent": -1,
      "MaxStockThreshold": 1,
      "MinStockThreshold": 1,
      "QuantityPercent": -1,
      "SpawnAttachments": [],
      "Variants": [
        "booniehat_navyblue",
        "booniehat_orange",
        "booniehat_red",
        "booniehat_black",
        "booniehat_tan",
        "booniehat_olive",
        "booniehat_dpm",
        "booniehat_dubok",
        "booniehat_flecktran",
        "booniehat_winter"
      ]
    },
    {
      "ClassName": "booniehat_navyblue",
      "MaxPriceThreshold": 935,
      "MinPriceThreshold": 560,
      "SellPricePercent": -1,
      "MaxStockThreshold": 1,
      "MinStockThreshold": 1,
      "QuantityPercent": -1,
      "SpawnAttachments": [],
      "Variants": []
    },
    {
      "ClassName": "booniehat_dpm",
      "MaxPriceThreshold": 1340,
      "MinPriceThreshold": 805,
      "SellPricePercent": -1,
      "MaxStockThreshold": 1,
      "MinStockThreshold": 1,
      "QuantityPercent": -1,
      "SpawnAttachments": [],
      "Variants": []
    },
    {
      "ClassName": "booniehat_dubok",
      "MaxPriceThreshold": 1340,
      "MinPriceThreshold": 805,
      "SellPricePercent": -1,
      "MaxStockThreshold": 1,
      "MinStockThreshold": 1,
      "QuantityPercent": -1,
      "SpawnAttachments": [],
      "Variants": []
    },
    {
      "ClassName": "booniehat_flecktran",
      "MaxPriceThreshold": 1340,
      "MinPriceThreshold": 805,
      "SellPricePercent": -1,
      "MaxStockThreshold": 1,
      "MinStockThreshold": 1,
      "QuantityPercent": -1,
      "SpawnAttachments": [],
      "Variants": []
    },
    {
      "ClassName": "booniehat_winter",
      "MaxPriceThreshold": 1110,
      "MinPriceThreshold": 665,
      "SellPricePercent": -1,
      "MaxStockThreshold": 1,
      "MinStockThreshold": 1,
      "QuantityPercent": -1,
      "SpawnAttachments": [],
      "Variants": []
    },
    {
      "ClassName": "budenovkahat_gray",
      "MaxPriceThreshold": 240,
      "MinPriceThreshold": 145,
      "SellPricePercent": -1,
      "MaxStockThreshold": 1,
      "MinStockThreshold": 1,
      "QuantityPercent": -1,
      "SpawnAttachments": [],
      "Variants": []
    },
    {
      "ClassName": "officerhat",
      "MaxPriceThreshold": 1725,
      "MinPriceThreshold": 1035,
      "SellPricePercent": -1,
      "MaxStockThreshold": 1,
      "MinStockThreshold": 1,
      "QuantityPercent": -1,
      "SpawnAttachments": [],
      "Variants": []
    },
    {
      "ClassName": "nbchoodgray",
      "MaxPriceThreshold": 13165,
      "MinPriceThreshold": 7900,
      "SellPricePercent": -1,
      "MaxStockThreshold": 1,
      "MinStockThreshold": 1,
      "QuantityPercent": -1,
      "SpawnAttachments": [],
      "Variants": [
        "nbchoodyellow",
        "nbchoodwhite"
      ]
    },
    {
      "ClassName": "morozkohat",
      "MaxPriceThreshold": 600,
      "MinPriceThreshold": 360,
      "SellPricePercent": -1,
      "MaxStockThreshold": 1,
      "MinStockThreshold": 1,
      "QuantityPercent": -1,
      "SpawnAttachments": [],
      "Variants": []
    },
    {
      "ClassName": "okzkcap_beige",
      "MaxPriceThreshold": 1770,
      "MinPriceThreshold": 1060,
      "SellPricePercent": -1,
      "MaxStockThreshold": 1,
      "MinStockThreshold": 1,
      "QuantityPercent": -1,
      "SpawnAttachments": [],
      "Variants": [
        "okzkcap_green"
      ]
    },
    {
      "ClassName": "petushokhat_black",
      "MaxPriceThreshold": 470,
      "MinPriceThreshold": 285,
      "SellPricePercent": -1,
      "MaxStockThreshold": 1,
      "MinStockThreshold": 1,
      "QuantityPercent": -1,
      "SpawnAttachments": [],
      "Variants": [
        "petushokhat_green",
        "petushokhat_yellow"
      ]
    },
    {
      "ClassName": "snowstormushanka_brown",
      "MaxPriceThreshold": 240,
      "MinPriceThreshold": 145,
      "SellPricePercent": -1,
      "MaxStockThreshold": 1,
      "MinStockThreshold": 1,
      "QuantityPercent": -1,
      "SpawnAttachments": [],
      "Variants": [
        "snowstormushanka_navy",
        "snowstormushanka_olive",
        "snowstormushanka_white"
      ]
    },
    {
      "ClassName": "wintercoif_black",
      "MaxPriceThreshold": 290,
      "MinPriceThreshold": 175,
      "SellPricePercent": -1,
      "MaxStockThreshold": 1,
      "MinStockThreshold": 1,
      "QuantityPercent": -1,
      "SpawnAttachments": [],
      "Variants": [
        "wintercoif_blue",
        "wintercoif_green",
        "wintercoif_skull"
      ]
    },
    {
      "ClassName": "baseballcap_cmmg_pink",
      "MaxPriceThreshold": 420,
      "MinPriceThreshold": 250,
      "SellPricePercent": -1,
      "MaxStockThreshold": 1,
      "MinStockThreshold": 1,
      "QuantityPercent": -1,
      "SpawnAttachments": [],
      "Variants": [
        "baseballcap_pink",
        "baseballcap_blue",
        "baseballcap_beige",
        "baseballcap_red",
        "baseballcap_cmmg_black",
        "baseballcap_black",
        "baseballcap_olive",
        "baseballcap_camo"
      ]
    },
    {
      "ClassName": "baseballcap_pink",
      "MaxPriceThreshold": 420,
      "MinPriceThreshold": 250,
      "SellPricePercent": -1,
      "MaxStockThreshold": 1,
      "MinStockThreshold": 1,
      "QuantityPercent": -1,
      "SpawnAttachments": [],
      "Variants": []
    },
    {
      "ClassName": "baseballcap_blue",
      "MaxPriceThreshold": 440,
      "MinPriceThreshold": 265,
      "SellPricePercent": -1,
      "MaxStockThreshold": 1,
      "MinStockThreshold": 1,
      "QuantityPercent": -1,
      "SpawnAttachments": [],
      "Variants": []
    },
    {
      "ClassName": "baseballcap_beige",
      "MaxPriceThreshold": 440,
      "MinPriceThreshold": 265,
      "SellPricePercent": -1,
      "MaxStockThreshold": 1,
      "MinStockThreshold": 1,
      "QuantityPercent": -1,
      "SpawnAttachments": [],
      "Variants": []
    },
    {
      "ClassName": "baseballcap_cmmg_black",
      "MaxPriceThreshold": 440,
      "MinPriceThreshold": 265,
      "SellPricePercent": -1,
      "MaxStockThreshold": 1,
      "MinStockThreshold": 1,
      "QuantityPercent": -1,
      "SpawnAttachments": [],
      "Variants": []
    },
    {
      "ClassName": "baseballcap_black",
      "MaxPriceThreshold": 440,
      "MinPriceThreshold": 265,
      "SellPricePercent": -1,
      "MaxStockThreshold": 1,
      "MinStockThreshold": 1,
      "QuantityPercent": -1,
      "SpawnAttachments": [],
      "Variants": []
    },
    {
      "ClassName": "baseballcap_camo",
      "MaxPriceThreshold": 1020,
      "MinPriceThreshold": 610,
      "SellPricePercent": -1,
      "MaxStockThreshold": 1,
      "MinStockThreshold": 1,
      "QuantityPercent": -1,
      "SpawnAttachments": [],
      "Variants": []
    },
    {
      "ClassName": "prisonercap",
      "MaxPriceThreshold": 590,
      "MinPriceThreshold": 355,
      "SellPricePercent": -1,
      "MaxStockThreshold": 1,
      "MinStockThreshold": 1,
      "QuantityPercent": -1,
      "SpawnAttachments": [],
      "Variants": []
    },
    {
      "ClassName": "pilotkacap",
      "MaxPriceThreshold": 9150,
      "MinPriceThreshold": 5490,
      "SellPricePercent": -1,
      "MaxStockThreshold": 1,
      "MinStockThreshold": 1,
      "QuantityPercent": -1,
      "SpawnAttachments": [],
      "Variants": []
    },
    {
      "ClassName": "policecap",
      "MaxPriceThreshold": 1150,
      "MinPriceThreshold": 690,
      "SellPricePercent": -1,
      "MaxStockThreshold": 1,
      "MinStockThreshold": 1,
      "QuantityPercent": -1,
      "SpawnAttachments": [],
      "Variants": []
    },
    {
      "ClassName": "flatcap_blue",
      "MaxPriceThreshold": 455,
      "MinPriceThreshold": 275,
      "SellPricePercent": -1,
      "MaxStockThreshold": 1,
      "MinStockThreshold": 1,
      "QuantityPercent": -1,
      "SpawnAttachments": [],
      "Variants": [
        "flatcap_red",
        "flatcap_brown",
        "flatcap_grey",
        "flatcap_browncheck",
        "flatcap_greycheck",
        "flatcap_black",
        "flatcap_blackcheck"
      ]
    },
    {
      "ClassName": "zmijovkacap_blue",
      "MaxPriceThreshold": 2420,
      "MinPriceThreshold": 1450,
      "SellPricePercent": -1,
      "MaxStockThreshold": 1,
      "MinStockThreshold": 1,
      "QuantityPercent": -1,
      "SpawnAttachments": [],
      "Variants": [
        "zmijovkacap_brown",
        "zmijovkacap_red",
        "zmijovkacap_black",
        "zmijovkacap_green"
      ]
    },
    {
      "ClassName": "zmijovkacap_black",
      "MaxPriceThreshold": 4385,
      "MinPriceThreshold": 2630,
      "SellPricePercent": -1,
      "MaxStockThreshold": 1,
      "MinStockThreshold": 1,
      "QuantityPercent": -1,
      "SpawnAttachments": [],
      "Variants": []
    },
    {
      "ClassName": "zmijovkacap_green",
      "MaxPriceThreshold": 5595,
      "MinPriceThreshold": 3355,
      "SellPricePercent": -1,
      "MaxStockThreshold": 1,
      "MinStockThreshold": 1,
      "QuantityPercent": -1,
      "SpawnAttachments": [],
      "Variants": []
    },
    {
      "ClassName": "radarcap_blue",
      "MaxPriceThreshold": 625,
      "MinPriceThreshold": 375,
      "SellPricePercent": -1,
      "MaxStockThreshold": 1,
      "MinStockThreshold": 1,
      "QuantityPercent": -1,
      "SpawnAttachments": [],
      "Variants": [
        "radarcap_brown",
        "radarcap_red",
        "radarcap_black",
        "radarcap_green"
      ]
    },
    {
      "ClassName": "radarcap_brown",
      "MaxPriceThreshold": 455,
      "MinPriceThreshold": 275,
      "SellPricePercent": -1,
      "MaxStockThreshold": 1,
      "MinStockThreshold": 1,
      "QuantityPercent": -1,
      "SpawnAttachments": [],
      "Variants": []
    },
    {
      "ClassName": "radarcap_red",
      "MaxPriceThreshold": 455,
      "MinPriceThreshold": 275,
      "SellPricePercent": -1,
      "MaxStockThreshold": 1,
      "MinStockThreshold": 1,
      "QuantityPercent": -1,
      "SpawnAttachments": [],
      "Variants": []
    },
    {
      "ClassName": "radarcap_green",
      "MaxPriceThreshold": 455,
      "MinPriceThreshold": 275,
      "SellPricePercent": -1,
      "MaxStockThreshold": 1,
      "MinStockThreshold": 1,
      "QuantityPercent": -1,
      "SpawnAttachments": [],
      "Variants": []
    },
    {
      "ClassName": "Trapper_Hat_Black",
      "MaxPriceThreshold": 1280,
      "MinPriceThreshold": 765,
      "SellPricePercent": -1,
      "MaxStockThreshold": 1,
      "MinStockThreshold": 1,
      "QuantityPercent": -1,
      "SpawnAttachments": [],
      "Variants": [
        "Trapper_Hat_Red_Checkered",
        "Trapper_Hat_Camo_Mossy_Oak"
      ]
    },
    {
      "ClassName": "Slouch_Hat_Brown",
      "MaxPriceThreshold": 1280,
      "MinPriceThreshold": 765,
      "SellPricePercent": -1,
      "MaxStockThreshold": 1,
      "MinStockThreshold": 1,
      "QuantityPercent": -1,
      "SpawnAttachments": [],
      "Variants": []
    },
    {
      "ClassName": "Shemagh_Brown",
      "MaxPriceThreshold": 1280,
      "MinPriceThreshold": 765,
      "SellPricePercent": -1,
      "MaxStockThreshold": 1,
      "MinStockThreshold": 1,
      "QuantityPercent": -1,
      "SpawnAttachments": [],
      "Variants": [
        "Shemagh_Green",
        "Shemagh_Red",
        "Shemagh_White",
        "Shemagh_Black"
      ]
    },
    {
      "ClassName": "Shemagh_Bandit_Brown",
      "MaxPriceThreshold": 1280,
      "MinPriceThreshold": 765,
      "SellPricePercent": -1,
      "MaxStockThreshold": 1,
      "MinStockThreshold": 1,
      "QuantityPercent": -1,
      "SpawnAttachments": [],
      "Variants": [
        "Shemagh_Bandit_Green",
        "Shemagh_Bandit_Red",
        "Shemagh_Bandit_White",
        "Shemagh_Bandit_Black"
      ]
    },
    {
      "ClassName": "Shemagh_Facemask_Brown",
      "MaxPriceThreshold": 1280,
      "MinPriceThreshold": 765,
      "SellPricePercent": -1,
      "MaxStockThreshold": 1,
      "MinStockThreshold": 1,
      "QuantityPercent": -1,
      "SpawnAttachments": [],
      "Variants": [
        "Shemagh_Facemask_Green",
        "Shemagh_Facemask_Red",
        "Shemagh_Facemask_White",
        "Shemagh_Facemask_Black"
      ]
    },
    {
      "ClassName": "Shemagh_Scarf_Brown",
      "MaxPriceThreshold": 1280,
      "MinPriceThreshold": 765,
      "SellPricePercent": -1,
      "MaxStockThreshold": 1,
      "MinStockThreshold": 1,
      "QuantityPercent": -1,
      "SpawnAttachments": [],
      "Variants": [
        "Shemagh_Scarf_Green",
        "Shemagh_Scarf_Red",
        "Shemagh_Scarf_White",
        "Shemagh_Scarf_Black"
      ]
    },
    {
      "ClassName": "Scarf_Brown",
      "MaxPriceThreshold": 1280,
      "MinPriceThreshold": 765,
      "SellPricePercent": -1,
      "MaxStockThreshold": 1,
      "MinStockThreshold": 1,
      "QuantityPercent": -1,
      "SpawnAttachments": [],
      "Variants": [
        "Scarf_ColorPalette1",
        "Scarf_Blue"
      ]
    },
    {
      "ClassName": "Poncho_Red_Checkered",
      "MaxPriceThreshold": 1280,
      "MinPriceThreshold": 765,
      "SellPricePercent": -1,
      "MaxStockThreshold": 1,
      "MinStockThreshold": 1,
      "QuantityPercent": -1,
      "SpawnAttachments": [],
      "Variants": [
        "Poncho_Blue_Checkered",
        "Poncho_Yellow_Checkered",
        "Poncho_White",
        "Poncho_Brown",
        "Poncho_Green",
        "Poncho_Red",
        "Poncho_Black",
        "Poncho_BlackAndWhite",
        "Poncho_BlackAndWhite2"
      ]
    },
    {
      "ClassName": "DS_Calot_GN",
      "MaxPriceThreshold": 1000,
      "MinPriceThreshold": 1000,
      "SellPricePercent": -1,
      "MaxStockThreshold": 1,
      "MinStockThreshold": 1,
      "QuantityPercent": -1,
      "SpawnAttachments": [],
      "Variants": []
    },
    {
      "ClassName": "DS_BaseballCap_GN",
      "MaxPriceThreshold": 1000,
      "MinPriceThreshold": 1000,
      "SellPricePercent": -1,
      "MaxStockThreshold": 1,
      "MinStockThreshold": 1,
      "QuantityPercent": -1,
      "SpawnAttachments": [],
      "Variants": [
        "DS_BaseballCap_GN_Noire",
        "DS_BaseballCap_Police",
        "DS_BaseballCap_CCE",
        "DS_BaseballCap_CCE_Patch",
        "DS_BaseballCap_Orange",
        "DS_BaseballCap_Medecin"
      ]
    },
    {
      "ClassName": "rag_viking_crown_mercia",
      "MaxPriceThreshold": 10000,
      "MinPriceThreshold": 7000,
      "SellPricePercent": -1,
      "MaxStockThreshold": 1,
      "MinStockThreshold": 1,
      "QuantityPercent": -1,
      "SpawnAttachments": [],
      "Variants": []
    },
    {
      "ClassName": "FOG_COMTAC3_Headset_CB",
      "MaxPriceThreshold": 1000,
      "MinPriceThreshold": 1000,
      "SellPricePercent": -1,
      "MaxStockThreshold": 1,
      "MinStockThreshold": 1,
      "QuantityPercent": -1,
      "SpawnAttachments": [],
      "Variants": [
        "FOG_COMTAC3_Headset_RG"
      ]
    },
    {
      "ClassName": "FOG_M32_Headset_RG",
      "MaxPriceThreshold": 1000,
      "MinPriceThreshold": 1000,
      "SellPricePercent": -1,
      "MaxStockThreshold": 1,
      "MinStockThreshold": 1,
      "QuantityPercent": -1,
      "SpawnAttachments": [],
      "Variants": [
        "FOG_M32_Headset_Black"
      ]
    },
    {
      "ClassName": "FOG_Ronin_Hat",
      "MaxPriceThreshold": 1000,
      "MinPriceThreshold": 1000,
      "SellPricePercent": -1,
      "MaxStockThreshold": 1,
      "MinStockThreshold": 1,
      "QuantityPercent": -1,
      "SpawnAttachments": [],
      "Variants": [
        "FOG_Ronin_Hat_Black"
      ]
    },
    {
      "ClassName": "FOG_Fleececap_Black",
      "MaxPriceThreshold": 1000,
      "MinPriceThreshold": 1000,
      "SellPricePercent": -1,
      "MaxStockThreshold": 1,
      "MinStockThreshold": 1,
      "QuantityPercent": -1,
      "SpawnAttachments": [],
      "Variants": [
        "FOG_Fleececap_Grey",
        "FOG_Fleececap_CB",
        "FOG_Fleececap_RG",
        "FOG_Fleececap_White"
      ]
    },
    {
      "ClassName": "FOG_Watchcap_Black",
      "MaxPriceThreshold": 1000,
      "MinPriceThreshold": 1000,
      "SellPricePercent": -1,
      "MaxStockThreshold": 1,
      "MinStockThreshold": 1,
      "QuantityPercent": -1,
      "SpawnAttachments": [],
      "Variants": [
        "FOG_Watchcap_Grey",
        "FOG_Watchcap_Red",
        "FOG_Watchcap_CB",
        "FOG_Watchcap_RG",
        "FOG_Watchcap_Tan",
        "FOG_Watchcap_White"
      ]
    },
    {
      "ClassName": "FOG_SoftCap_MC",
      "MaxPriceThreshold": 1000,
      "MinPriceThreshold": 1000,
      "SellPricePercent": -1,
      "MaxStockThreshold": 1,
      "MinStockThreshold": 1,
      "QuantityPercent": -1,
      "SpawnAttachments": [],
      "Variants": []
    },
    {
      "ClassName": "FOG_Boonie_MC",
      "MaxPriceThreshold": 1000,
      "MinPriceThreshold": 1000,
      "SellPricePercent": -1,
      "MaxStockThreshold": 1,
      "MinStockThreshold": 1,
      "QuantityPercent": -1,
      "SpawnAttachments": [],
      "Variants": [
        "FOG_Boonie_MCB",
        "FOG_Boonie_AOR1",
        "FOG_Boonie_AOR2",
        "FOG_Boonie_M81",
        "FOG_Boonie_Black",
        "FOG_Boonie_Grey",
        "FOG_Boonie_Khk",
        "FOG_Boonie_RG",
        "FOG_Boonie_CB"
      ]
    },
    {
      "ClassName": "FOG_SniperHood_Black",
      "MaxPriceThreshold": 1000,
      "MinPriceThreshold": 1000,
      "SellPricePercent": -1,
      "MaxStockThreshold": 1,
      "MinStockThreshold": 1,
      "QuantityPercent": -1,
      "SpawnAttachments": [],
      "Variants": [
        "FOG_SniperHood_RG",
        "FOG_SniperHood_CB",
        "FOG_SniperHood_Grey",
        "FOG_SniperHood_MC",
        "FOG_SniperHood_MC_Black",
        "FOG_SniperHood_MCB",
        "FOG_SniperHood_MCT",
        "FOG_SniperHood_MCAL",
        "FOG_SniperHood_M81"
      ]
    },
    {
      "ClassName": "FOG_Hooded_Cloak_Grey",
      "MaxPriceThreshold": 1000,
      "MinPriceThreshold": 1000,
      "SellPricePercent": -1,
      "MaxStockThreshold": 1,
      "MinStockThreshold": 1,
      "QuantityPercent": -1,
      "SpawnAttachments": [],
      "Variants": [
        "FOG_Hooded_Cloak_RG",
        "FOG_Hooded_Cloak_Black"
      ]
    }
  ]
}