{
  "m_Version": 12,
  "DisplayName": "Red Falcon Parts",
  "Icon": "Deliver",
  "Color": "FBFCFEFF",
  "IsExchange": 0,
  "InitStockPercent": 75,
  "Items": [
    {
      "ClassName": "RFFSHeli_hydraulic_fluid",
      "MaxPriceThreshold": 1000,
      "MinPriceThreshold": 900,
      "SellPricePercent": -1,
      "MaxStockThreshold": 1,
      "MinStockThreshold": 1,
      "QuantityPercent": -1,
      "SpawnAttachments": [],
      "Variants": []
    },
    {
      "ClassName": "RFFSHeli_flight_case_blue",
      "MaxPriceThreshold": 100000,
      "MinPriceThreshold": 90000,
      "SellPricePercent": -1,
      "MaxStockThreshold": 1,
      "MinStockThreshold": 1,
      "QuantityPercent": -1,
      "SpawnAttachments": [],
      "Variants": []
    },
    {
      "ClassName": "RFFSHeli_flight_case_red",
      "MaxPriceThreshold": 150000,
      "MinPriceThreshold": 140000,
      "SellPricePercent": -1,
      "MaxStockThreshold": 1,
      "MinStockThreshold": 1,
      "QuantityPercent": -1,
      "SpawnAttachments": [],
      "Variants": []
    },
    {
      "ClassName": "RFFSHeli_flight_case",
      "MaxPriceThreshold": 130000,
      "MinPriceThreshold": 120000,
      "SellPricePercent": -1,
      "MaxStockThreshold": 1,
      "MinStockThreshold": 1,
      "QuantityPercent": -1,
      "SpawnAttachments": [],
      "Variants": []
    },
    {
      "ClassName": "RFFSHeli_hydraulic_hoses",
      "MaxPriceThreshold": 1200,
      "MinPriceThreshold": 1000,
      "SellPricePercent": -1,
      "MaxStockThreshold": 1,
      "MinStockThreshold": 1,
      "QuantityPercent": -1,
      "SpawnAttachments": [],
      "Variants": []
    },
    {
      "ClassName": "RFFSHeli_wiring_harness",
      "MaxPriceThreshold": 1400,
      "MinPriceThreshold": 1200,
      "SellPricePercent": -1,
      "MaxStockThreshold": 1,
      "MinStockThreshold": 1,
      "QuantityPercent": -1,
      "SpawnAttachments": [],
      "Variants": []
    },
    {
      "ClassName": "RFFSHeli_igniter_plug",
      "MaxPriceThreshold": 1000,
      "MinPriceThreshold": 800,
      "SellPricePercent": -1,
      "MaxStockThreshold": 1,
      "MinStockThreshold": 1,
      "QuantityPercent": -1,
      "SpawnAttachments": [],
      "Variants": []
    },
    {
      "ClassName": "RFFSHeli_aviation_battery",
      "MaxPriceThreshold": 1200,
      "MinPriceThreshold": 1000,
      "SellPricePercent": -1,
      "MaxStockThreshold": 1,
      "MinStockThreshold": 1,
      "QuantityPercent": -1,
      "SpawnAttachments": [],
      "Variants": []
    },
    {
      "ClassName": "RFFSHeli_aviation_toolbox",
      "MaxPriceThreshold": 2000,
      "MinPriceThreshold": 1500,
      "SellPricePercent": -1,
      "MaxStockThreshold": 1,
      "MinStockThreshold": 1,
      "QuantityPercent": -1,
      "SpawnAttachments": [],
      "Variants": []
    }
  ]
}