{
  "m_Version": 12,
  "DisplayName": "Helmets",
  "Icon": "Deliver",
  "Color": "FBFCFEFF",
  "IsExchange": 0,
  "InitStockPercent": 75,
  "Items": [
    {
      "ClassName": "zsh3pilothelmet",
      "MaxPriceThreshold": 500,
      "MinPriceThreshold": 350,
      "SellPricePercent": -1,
      "MaxStockThreshold": 1,
      "MinStockThreshold": 1,
      "QuantityPercent": -1,
      "SpawnAttachments": [],
      "Variants": [
        "zsh3pilothelmet_green",
        "zsh3pilothelmet_black"
      ]
    },
    {
      "ClassName": "zsh3pilothelmet_green",
      "MaxPriceThreshold": 500,
      "MinPriceThreshold": 350,
      "SellPricePercent": -1,
      "MaxStockThreshold": 100,
      "MinStockThreshold": 1,
      "QuantityPercent": -1,
      "SpawnAttachments": [],
      "Variants": []
    },
    {
      "ClassName": "zsh3pilothelmet_black",
      "MaxPriceThreshold": 500,
      "MinPriceThreshold": 350,
      "SellPricePercent": -1,
      "MaxStockThreshold": 1,
      "MinStockThreshold": 1,
      "QuantityPercent": -1,
      "SpawnAttachments": [],
      "Variants": []
    },
    {
      "ClassName": "firefightershelmet_red",
      "MaxPriceThreshold": 590,
      "MinPriceThreshold": 355,
      "SellPricePercent": -1,
      "MaxStockThreshold": 1,
      "MinStockThreshold": 1,
      "QuantityPercent": -1,
      "SpawnAttachments": [],
      "Variants": [
        "firefightershelmet_white",
        "firefightershelmet_yellow"
      ]
    },
    {
      "ClassName": "mich2001helmet",
      "MaxPriceThreshold": 4000,
      "MinPriceThreshold": 3000,
      "SellPricePercent": -1,
      "MaxStockThreshold": 1,
      "MinStockThreshold": 1,
      "QuantityPercent": -1,
      "SpawnAttachments": [],
      "Variants": [
        "expansionmich2001desert"
      ]
    },
    {
      "ClassName": "gorkahelmetvisor",
      "MaxPriceThreshold": 1500,
      "MinPriceThreshold": 1000,
      "SellPricePercent": -1,
      "MaxStockThreshold": 1,
      "MinStockThreshold": 1,
      "QuantityPercent": -1,
      "SpawnAttachments": [],
      "Variants": []
    },
    {
      "ClassName": "gorkahelmet",
      "MaxPriceThreshold": 2240,
      "MinPriceThreshold": 2000,
      "SellPricePercent": -1,
      "MaxStockThreshold": 1,
      "MinStockThreshold": 1,
      "QuantityPercent": -1,
      "SpawnAttachments": [
        "gorkahelmetvisor"
      ],
      "Variants": [
        "gorkahelmet_black"
      ]
    },
    {
      "ClassName": "ssh68helmet",
      "MaxPriceThreshold": 1650,
      "MinPriceThreshold": 990,
      "SellPricePercent": -1,
      "MaxStockThreshold": 1,
      "MinStockThreshold": 1,
      "QuantityPercent": -1,
      "SpawnAttachments": [],
      "Variants": []
    },
    {
      "ClassName": "ballistichelmet_un",
      "MaxPriceThreshold": 2240,
      "MinPriceThreshold": 2000,
      "SellPricePercent": -1,
      "MaxStockThreshold": 1,
      "MinStockThreshold": 1,
      "QuantityPercent": -1,
      "SpawnAttachments": [],
      "Variants": [
        "ballistichelmet_black",
        "ballistichelmet_green",
        "ballistichelmet_bdu",
        "ballistichelmet_desert",
        "ballistichelmet_woodland",
        "ballistichelmet_navy",
        "ballistichelmet_winter"
      ]
    },
    {
      "ClassName": "chainmail_coif",
      "MaxPriceThreshold": 595,
      "MinPriceThreshold": 355,
      "SellPricePercent": -1,
      "MaxStockThreshold": 1,
      "MinStockThreshold": 1,
      "QuantityPercent": -1,
      "SpawnAttachments": [],
      "Variants": []
    },
    {
      "ClassName": "norsehelm",
      "MaxPriceThreshold": 240,
      "MinPriceThreshold": 145,
      "SellPricePercent": -1,
      "MaxStockThreshold": 1,
      "MinStockThreshold": 1,
      "QuantityPercent": -1,
      "SpawnAttachments": [],
      "Variants": []
    },
    {
      "ClassName": "DS_GorkaHelmet_GIGN",
      "MaxPriceThreshold": 5500,
      "MinPriceThreshold": 5500,
      "SellPricePercent": -1,
      "MaxStockThreshold": 1,
      "MinStockThreshold": 1,
      "QuantityPercent": -1,
      "SpawnAttachments": [],
      "Variants": [
        "DS_GorkaHelmet_BountyHunter"
      ]
    },
    {
      "ClassName": "DS_Mich2001_Medecin",
      "MaxPriceThreshold": 5500,
      "MinPriceThreshold": 5500,
      "SellPricePercent": -1,
      "MaxStockThreshold": 1,
      "MinStockThreshold": 1,
      "QuantityPercent": -1,
      "SpawnAttachments": [],
      "Variants": [
        "DS_Mich2001_Police",
        "DS_Mich2001_CCE"
      ]
    },
    {
      "ClassName": "rag_viking_helmet",
      "MaxPriceThreshold": 7000,
      "MinPriceThreshold": 6000,
      "SellPricePercent": -1,
      "MaxStockThreshold": 1,
      "MinStockThreshold": 1,
      "QuantityPercent": -1,
      "SpawnAttachments": [],
      "Variants": [
        "rag_viking_helmet2",
        "rag_viking_helmet3",
        "rag_viking_helmet4",
        "rag_viking_helmet5"
      ]
    },
    {
      "ClassName": "mm_maska_helmet_green",
      "MaxPriceThreshold": 5500,
      "MinPriceThreshold": 5500,
      "SellPricePercent": -1,
      "MaxStockThreshold": 1,
      "MinStockThreshold": 1,
      "QuantityPercent": -1,
      "SpawnAttachments": [],
      "Variants": [
        "mm_maska_helmet_black"
      ]
    },
    {
      "ClassName": "MMG_tactical_helmet_black",
      "MaxPriceThreshold": 5500,
      "MinPriceThreshold": 4500,
      "SellPricePercent": -1,
      "MaxStockThreshold": 1,
      "MinStockThreshold": 1,
      "QuantityPercent": -1,
      "SpawnAttachments": [],
      "Variants": [
        "MMG_tactical_helmet_green",
        "MMG_tactical_helmet_tan",
        "MMG_tactical_helmet_multicam",
        "MMG_tactical_helmet_alpine",
        "MMG_tactical_helmet_erdl",
        "MMG_tactical_helmet_multicamblack",
        "MMG_tactical_helmet_dark_woodland",
        "MMG_tactical_helmet_ucp",
        "MMG_tactical_helmet_multicam_tropic",
        "MMG_tactical_helmet_police",
        "MMG_tactical_helmet_atacs"
      ]
    },
    {
      "ClassName": "MMG_striker_helmet_rusty",
      "MaxPriceThreshold": 6000,
      "MinPriceThreshold": 5000,
      "SellPricePercent": -1,
      "MaxStockThreshold": 1,
      "MinStockThreshold": 1,
      "QuantityPercent": -1,
      "SpawnAttachments": [],
      "Variants": [
        "MMG_striker_helmet_black",
        "MMG_striker_helmet_green",
        "MMG_striker_helmet_tan",
        "MMG_striker_helmet_alpine",
        "MMG_striker_helmet_erdl",
        "MMG_striker_helmet_multicamblack",
        "MMG_striker_helmet_multicam",
        "MMG_striker_helmet_dark_woodland",
        "MMG_striker_helmet_ucp",
        "MMG_striker_helmet_multicam_tropic",
        "MMG_striker_helmet_atacs"
      ]
    },
    {
      "ClassName": "FOG_Helmet_MTEK_Flux_CB",
      "MaxPriceThreshold": 6000,
      "MinPriceThreshold": 5000,
      "SellPricePercent": -1,
      "MaxStockThreshold": 1,
      "MinStockThreshold": 1,
      "QuantityPercent": -1,
      "SpawnAttachments": [],
      "Variants": [
        "FOG_Helmet_MTEK_Flux_CB_BLK",
        "FOG_Helmet_MTEK_Flux_BLK",
        "FOG_Helmet_MTEK_Flux_RG",
        "FOG_Helmet_MTEK_Flux_RG_BLK",
        "FOG_Helmet_MTEK_Flux_Grey",
        "FOG_Helmet_MTEK_Flux_MC",
        "FOG_Helmet_MTEK_Flux_MC_BLK",
        "FOG_Helmet_MTEK_Flux_MCB",
        "FOG_Helmet_MTEK_Flux_MCT",
        "FOG_Helmet_MTEK_Flux_MCAL",
        "FOG_Helmet_MTEK_Flux_AOR1",
        "FOG_Helmet_MTEK_Flux_AOR2",
        "FOG_Helmet_MTEK_Flux_M81",
        "FOG_Helmet_MTEK_Flux_DNC",
        "FOG_Helmet_MTEK_Flux_DTGR",
        "FOG_Helmet_MTEK_Flux_KBTGR"
      ]
    },
    {
      "ClassName": "FOG_Helmet_Airframe_CB",
      "MaxPriceThreshold": 6000,
      "MinPriceThreshold": 5000,
      "SellPricePercent": -1,
      "MaxStockThreshold": 1,
      "MinStockThreshold": 1,
      "QuantityPercent": -1,
      "SpawnAttachments": [],
      "Variants": [
        "FOG_Helmet_Airframe_RG",
        "FOG_Helmet_Airframe_Black",
        "FOG_Helmet_Airframe_Tan",
        "FOG_Helmet_Airframe_OD"
      ]
    },
    {
      "ClassName": "FOG_Helmet_FAST_Bump_Tan",
      "MaxPriceThreshold": 6000,
      "MinPriceThreshold": 5000,
      "SellPricePercent": -1,
      "MaxStockThreshold": 1,
      "MinStockThreshold": 1,
      "QuantityPercent": -1,
      "SpawnAttachments": [],
      "Variants": [
        "FOG_Helmet_FAST_Bump_CB",
        "FOG_Helmet_FAST_Bump_RG",
        "FOG_Helmet_FAST_Bump_OD",
        "FOG_Helmet_FAST_Bump_Black",
        "FOG_Helmet_FAST_Bump_Grey",
        "FOG_Helmet_FAST_Bump_MC",
        "FOG_Helmet_FAST_Bump_MCB",
        "FOG_Helmet_FAST_Bump_MCT",
        "FOG_Helmet_FAST_Bump_ERDL"
      ]
    },
    {
      "ClassName": "FOG_Helmet_FASTMT_Tan",
      "MaxPriceThreshold": 6000,
      "MinPriceThreshold": 5000,
      "SellPricePercent": -1,
      "MaxStockThreshold": 1,
      "MinStockThreshold": 1,
      "QuantityPercent": -1,
      "SpawnAttachments": [],
      "Variants": [
        "FOG_Helmet_FASTMT_Black",
        "FOG_Helmet_FASTMT_RG",
        "FOG_Helmet_FASTMT_CB",
        "FOG_Helmet_FASTMT_Grey",
        "FOG_Helmet_FASTMT_MC",
        "FOG_Helmet_FASTMT_MCB",
        "FOG_Helmet_FASTMT_MCT",
        "FOG_Helmet_FASTMT_MCAL",
        "FOG_Helmet_FASTMT_M81",
        "FOG_Helmet_FASTMT_AOR1",
        "FOG_Helmet_FASTMT_AOR2"
      ]
    },
    {
      "ClassName": "FOG_Helmet_FAST_SF_Tan",
      "MaxPriceThreshold": 6000,
      "MinPriceThreshold": 5000,
      "SellPricePercent": -1,
      "MaxStockThreshold": 1,
      "MinStockThreshold": 1,
      "QuantityPercent": -1,
      "SpawnAttachments": [],
      "Variants": [
        "FOG_Helmet_FAST_SF_Tan_BLK",
        "FOG_Helmet_FAST_SF_RG",
        "FOG_Helmet_FAST_SF_RG_BLK",
        "FOG_Helmet_FAST_SF_Black",
        "FOG_Helmet_FAST_SF_MudTan",
        "FOG_Helmet_FAST_SF_CB",
        "FOG_Helmet_FAST_SF_CB_BLK",
        "FOG_Helmet_FAST_SF_MC",
        "FOG_Helmet_FAST_SF_MCB",
        "FOG_Helmet_FAST_SF_MCB2",
        "FOG_Helmet_FAST_SF_ERDL",
        "FOG_Helmet_FAST_SF_ERDL_BLK"
      ]
    },
    {
      "ClassName": "FOG_Helmet_MICH2000_Tan",
      "MaxPriceThreshold": 6000,
      "MinPriceThreshold": 5000,
      "SellPricePercent": -1,
      "MaxStockThreshold": 1,
      "MinStockThreshold": 1,
      "QuantityPercent": -1,
      "SpawnAttachments": [],
      "Variants": [
        "FOG_Helmet_MICH2000_TanRattle",
        "FOG_Helmet_MICH2000_Black",
        "FOG_Helmet_MICH2000_RG",
        "FOG_Helmet_MICH2000_RGRattle",
        "FOG_Helmet_MICH2000_OD",
        "FOG_Helmet_MICH2000_CB",
        "FOG_Helmet_MICH2000_Grey",
        "FOG_Helmet_MICH2000_MC",
        "FOG_Helmet_MICH2000_MCB",
        "FOG_Helmet_MICH2000_M81"
      ]
    },
    {
      "ClassName": "FOG_Helmet_Exfil_MC",
      "MaxPriceThreshold": 6000,
      "MinPriceThreshold": 5000,
      "SellPricePercent": -1,
      "MaxStockThreshold": 1,
      "MinStockThreshold": 1,
      "QuantityPercent": -1,
      "SpawnAttachments": [],
      "Variants": [
        "FOG_Helmet_Exfil_Black",
        "FOG_Helmet_Exfil_Tan",
        "FOG_Helmet_Exfil_RG"
      ]
    }
  ]
}