{
  "m_Version": 12,
  "DisplayName": "High Tier Ammo",
  "Icon": "Deliver",
  "Color": "FBFCFEFF",
  "InitStockPercent": 75,
  "IsExchange": 0,
  "Items": [
    {
      "ClassName": "Paragon_PopeCheyBox_10Rnd",
      "MaxPriceThreshold": 1500,
      "MinPriceThreshold": 1200,
      "SellPricePercent": -1,
      "MaxStockThreshold": 1,
      "MinStockThreshold": 1,
      "QuantityPercent": -1,
      "SpawnAttachments": [],
      "Variants": []
    },
    {
      "ClassName": "Paragon_Ammo_PopeChey",
      "MaxPriceThreshold": 150,
      "MinPriceThreshold": 120,
      "SellPricePercent": -1,
      "MaxStockThreshold": 1,
      "MinStockThreshold": 1,
      "QuantityPercent": -1,
      "SpawnAttachments": [],
      "Variants": []
    },
    {
      "ClassName": "Paragon_BeoWulfBox_25Rnd",
      "MaxPriceThreshold": 3000,
      "MinPriceThreshold": 2400,
      "SellPricePercent": -1,
      "MaxStockThreshold": 1,
      "MinStockThreshold": 1,
      "QuantityPercent": -1,
      "SpawnAttachments": [],
      "Variants": []
    },
    {
      "ClassName": "Paragon_Ammo_50Beowulf",
      "MaxPriceThreshold": 150,
      "MinPriceThreshold": 120,
      "SellPricePercent": -1,
      "MaxStockThreshold": 1,
      "MinStockThreshold": 1,
      "QuantityPercent": -1,
      "SpawnAttachments": [],
      "Variants": []
    },
    {
      "ClassName": "Paragon_Ammo_20mm",
      "MaxPriceThreshold": 150,
      "MinPriceThreshold": 120,
      "SellPricePercent": -1,
      "MaxStockThreshold": 1,
      "MinStockThreshold": 1,
      "QuantityPercent": -1,
      "SpawnAttachments": [],
      "Variants": []
    },
    {
      "ClassName": "Paragon_Ammo_50",
      "MaxPriceThreshold": 350,
      "MinPriceThreshold": 300,
      "SellPricePercent": -1,
      "MaxStockThreshold": 1,
      "MinStockThreshold": 1,
      "QuantityPercent": -1,
      "SpawnAttachments": [],
      "Variants": []
    },
    {
      "ClassName": "Paragon_Ammo_12x55",
      "MaxPriceThreshold": 120,
      "MinPriceThreshold": 100,
      "SellPricePercent": -1,
      "MaxStockThreshold": 1,
      "MinStockThreshold": 1,
      "QuantityPercent": -1,
      "SpawnAttachments": [],
      "Variants": []
    },
    {
      "ClassName": "Paragon_Ammo_408",
      "MaxPriceThreshold": 120,
      "MinPriceThreshold": 100,
      "SellPricePercent": -1,
      "MaxStockThreshold": 1,
      "MinStockThreshold": 1,
      "QuantityPercent": -1,
      "SpawnAttachments": [],
      "Variants": []
    },
    {
      "ClassName": "Paragon_Ammo_338",
      "MaxPriceThreshold": 100,
      "MinPriceThreshold": 90,
      "SellPricePercent": -1,
      "MaxStockThreshold": 1,
      "MinStockThreshold": 1,
      "QuantityPercent": -1,
      "SpawnAttachments": [],
      "Variants": []
    },
    {
      "ClassName": "GCGN_Ammo_50Cal",
      "MaxPriceThreshold": 150,
      "MinPriceThreshold": 120,
      "SellPricePercent": -1,
      "MaxStockThreshold": 1,
      "MinStockThreshold": 1,
      "QuantityPercent": -1,
      "SpawnAttachments": [],
      "Variants": []
    },
    {
      "ClassName": "SNAFU_Ammo_127x55mm",
      "MaxPriceThreshold": 120,
      "MinPriceThreshold": 100,
      "SellPricePercent": -1,
      "MaxStockThreshold": 1,
      "MinStockThreshold": 1,
      "QuantityPercent": -1,
      "SpawnAttachments": [],
      "Variants": []
    },
    {
      "ClassName": "SNAFU_Ammo_145Cal",
      "MaxPriceThreshold": 140,
      "MinPriceThreshold": 120,
      "SellPricePercent": -1,
      "MaxStockThreshold": 1,
      "MinStockThreshold": 1,
      "QuantityPercent": -1,
      "SpawnAttachments": [],
      "Variants": []
    },
    {
      "ClassName": "GCGN_Ammo_408Chey",
      "MaxPriceThreshold": 150,
      "MinPriceThreshold": 120,
      "SellPricePercent": -1,
      "MaxStockThreshold": 1,
      "MinStockThreshold": 1,
      "QuantityPercent": -1,
      "SpawnAttachments": [],
      "Variants": []
    },
    {
      "ClassName": "SNAFU_Ammo_127x55mmAP",
      "MaxPriceThreshold": 120,
      "MinPriceThreshold": 100,
      "SellPricePercent": -1,
      "MaxStockThreshold": 1,
      "MinStockThreshold": 1,
      "QuantityPercent": -1,
      "SpawnAttachments": [],
      "Variants": []
    },
    {
      "ClassName": "TG_Ammo_SmokedBrisket",
      "MaxPriceThreshold": 150,
      "MinPriceThreshold": 150,
      "SellPricePercent": -1,
      "MaxStockThreshold": 1,
      "MinStockThreshold": 1,
      "QuantityPercent": -1,
      "SpawnAttachments": [],
      "Variants": []
    },
    {
      "ClassName": "TG_Ammo_SmokedHam",
      "MaxPriceThreshold": 130,
      "MinPriceThreshold": 130,
      "SellPricePercent": -1,
      "MaxStockThreshold": 1,
      "MinStockThreshold": 1,
      "QuantityPercent": -1,
      "SpawnAttachments": [],
      "Variants": []
    },
    {
      "ClassName": "TG_Ammo_SmokedCheese",
      "MaxPriceThreshold": 120,
      "MinPriceThreshold": 120,
      "SellPricePercent": -1,
      "MaxStockThreshold": 1,
      "MinStockThreshold": 1,
      "QuantityPercent": -1,
      "SpawnAttachments": [],
      "Variants": []
    },
    {
      "ClassName": "TG_Ammo_SmokedHaddock",
      "MaxPriceThreshold": 120,
      "MinPriceThreshold": 120,
      "SellPricePercent": -1,
      "MaxStockThreshold": 1,
      "MinStockThreshold": 1,
      "QuantityPercent": -1,
      "SpawnAttachments": [],
      "Variants": []
    },
    {
      "ClassName": "TG_Ammo_SmokedMackerel",
      "MaxPriceThreshold": 120,
      "MinPriceThreshold": 120,
      "SellPricePercent": -1,
      "MaxStockThreshold": 1,
      "MinStockThreshold": 1,
      "QuantityPercent": -1,
      "SpawnAttachments": [],
      "Variants": []
    }
  ],
  "SortByDisplayName": false
}