{
  "m_Version": 12,
  "DisplayName": "Houses",
  "Icon": "Deliver",
  "Color": "FBFCFEFF",
  "IsExchange": 0,
  "InitStockPercent": 75,
  "Items": [
    {
      "ClassName": "Van_Woodenhouse_Kit",
      "MaxPriceThreshold": 350000,
      "MinPriceThreshold": 350000,
      "SellPricePercent": 0,
      "MaxStockThreshold": 1,
      "MinStockThreshold": 1,
      "QuantityPercent": -1,
      "SpawnAttachments": [],
      "Variants": []
    },
    {
      "ClassName": "Van_WoodenHouse_B_Kit",
      "MaxPriceThreshold": 350000,
      "MinPriceThreshold": 350000,
      "SellPricePercent": 0,
      "MaxStockThreshold": 1,
      "MinStockThreshold": 1,
      "QuantityPercent": -1,
      "SpawnAttachments": [],
      "Variants": []
    },
    {
      "ClassName": "Van_WoodenHouse_C_Kit",
      "MaxPriceThreshold": 350000,
      "MinPriceThreshold": 350000,
      "SellPricePercent": 0,
      "MaxStockThreshold": 1,
      "MinStockThreshold": 1,
      "QuantityPercent": -1,
      "SpawnAttachments": [],
      "Variants": []
    },
    {
      "ClassName": "Van_WoodenHouse_D_Kit",
      "MaxPriceThreshold": 350000,
      "MinPriceThreshold": 350000,
      "SellPricePercent": 0,
      "MaxStockThreshold": 1,
      "MinStockThreshold": 1,
      "QuantityPercent": -1,
      "SpawnAttachments": [],
      "Variants": []
    },
    {
      "ClassName": "Van_WoodenHouse_E_Kit",
      "MaxPriceThreshold": 350000,
      "MinPriceThreshold": 350000,
      "SellPricePercent": 0,
      "MaxStockThreshold": 1,
      "MinStockThreshold": 1,
      "QuantityPercent": -1,
      "SpawnAttachments": [],
      "Variants": []
    },
    {
      "ClassName": "Van_WoodenHouse_F_Kit",
      "MaxPriceThreshold": 350000,
      "MinPriceThreshold": 350000,
      "SellPricePercent": 0,
      "MaxStockThreshold": 1,
      "MinStockThreshold": 1,
      "QuantityPercent": -1,
      "SpawnAttachments": [],
      "Variants": []
    },
    {
      "ClassName": "Large_TreeHouse_Kit",
      "MaxPriceThreshold": 500000,
      "MinPriceThreshold": 500000,
      "SellPricePercent": 0,
      "MaxStockThreshold": 1,
      "MinStockThreshold": 1,
      "QuantityPercent": -1,
      "SpawnAttachments": [],
      "Variants": []
    },
    {
      "ClassName": "Small_TreeHouse_Kit",
      "MaxPriceThreshold": 250000,
      "MinPriceThreshold": 250000,
      "SellPricePercent": 0,
      "MaxStockThreshold": 1,
      "MinStockThreshold": 1,
      "QuantityPercent": -1,
      "SpawnAttachments": [],
      "Variants": []
    }
  ]
}