{
  "m_Version": 12,
  "DisplayName": "Jiggles MUSIC",
  "Icon": "Deliver",
  "Color": "FBFCFEFF",
  "IsExchange": 0,
  "InitStockPercent": 75,
  "Items": [
    {
      "ClassName": "JC_chillstep_Music",
      "MaxPriceThreshold": 250,
      "MinPriceThreshold": 250,
      "SellPricePercent": -1,
      "MaxStockThreshold": 1,
      "MinStockThreshold": 1,
      "QuantityPercent": -1,
      "SpawnAttachments": [],
      "Variants": [
        "JC_country_tunes",
        "JC_dance_tunes",
        "JC_dubstep_beats",
        "JC_rock_on",
        "JC_cinimaticTunes",
        "JC_jamesEliot",
        "JC_jamesBass",
        "JC_lovePhoenix",
        "JC_declineOfTheWesternEmpire",
        "JC_emoDreams",
        "JC_rapJamz",
        "JC_mixit",
        "JC_shakeThatBooty"
      ]
    }
  ]
}