{
    "m_Version": 12,
    "DisplayName": "Heavy Machine Guns",
    "Icon": "Deliver",
    "Color": "FBFCFEFF",
    "IsExchange": 0,
    "InitStockPercent": 75.0,
    "Items": [
        {
            "ClassName": "GCGN_M249",
            "MaxPriceThreshold": 20000,
            "MinPriceThreshold": 18000,
            "SellPricePercent": -1.0,
            "MaxStockThreshold": 1,
            "MinStockThreshold": 1,
            "QuantityPercent": -1,
            "SpawnAttachments": [],
            "Variants": []
        },
        {
            "ClassName": "SNAFU_M1918A2",
            "MaxPriceThreshold": 20000,
            "MinPriceThreshold": 18000,
            "SellPricePercent": -1.0,
            "MaxStockThreshold": 1,
            "MinStockThreshold": 1,
            "QuantityPercent": -1,
            "SpawnAttachments": [],
            "Variants": []
        },
        {
            "ClassName": "Snafu_pkp_Black_GUN",
            "MaxPriceThreshold": 25000,
            "MinPriceThreshold": 20000,
            "SellPricePercent": -1.0,
            "MaxStockThreshold": 1,
            "MinStockThreshold": 1,
            "QuantityPercent": -1,
            "SpawnAttachments": [],
            "Variants": [
                "Snafu_pkp_NBlack_GUN"
            ]
        },
        {
            "ClassName": "SNAFU_U100",
            "MaxPriceThreshold": 20000,
            "MinPriceThreshold": 18000,
            "SellPricePercent": -1.0,
            "MaxStockThreshold": 1,
            "MinStockThreshold": 1,
            "QuantityPercent": -1,
            "SpawnAttachments": [],
            "Variants": []
        },
        {
            "ClassName": "SNAFURPD",
            "MaxPriceThreshold": 20000,
            "MinPriceThreshold": 18000,
            "SellPricePercent": -1.0,
            "MaxStockThreshold": 1,
            "MinStockThreshold": 1,
            "QuantityPercent": -1,
            "SpawnAttachments": [],
            "Variants": []
        }
    ]
}