{
  "m_Version": 12,
  "DisplayName": "Marlika Car Parts",
  "Icon": "Deliver",
  "Color": "FBFCFEFF",
  "IsExchange": 0,
  "InitStockPercent": 75,
  "Items": [
    {
      "ClassName": "Van_WaterContainer",
      "MaxPriceThreshold": 870,
      "MinPriceThreshold": 520,
      "SellPricePercent": -1,
      "MaxStockThreshold": 1,
      "MinStockThreshold": 1,
      "QuantityPercent": -1,
      "SpawnAttachments": [],
      "Variants": []
    },
    {
      "ClassName": "Van_Detergent",
      "MaxPriceThreshold": 870,
      "MinPriceThreshold": 520,
      "SellPricePercent": -1,
      "MaxStockThreshold": 1,
      "MinStockThreshold": 1,
      "QuantityPercent": -1,
      "SpawnAttachments": [],
      "Variants": []
    }
  ]
}