{
  "m_Version": 12,
  "DisplayName": "Optics",
  "Icon": "Deliver",
  "Color": "FBFCFEFF",
  "IsExchange": 0,
  "InitStockPercent": 75,
  "Items": [
    {
      "ClassName": "pistoloptic",
      "MaxPriceThreshold": 10085,
      "MinPriceThreshold": 6050,
      "SellPricePercent": -1,
      "MaxStockThreshold": 1,
      "MinStockThreshold": 1,
      "QuantityPercent": -1,
      "SpawnAttachments": [],
      "Variants": []
    },
    {
      "ClassName": "reflexoptic",
      "MaxPriceThreshold": 8450,
      "MinPriceThreshold": 5070,
      "SellPricePercent": -1,
      "MaxStockThreshold": 1,
      "MinStockThreshold": 1,
      "QuantityPercent": -1,
      "SpawnAttachments": [
        "battery9v"
      ],
      "Variants": []
    },
    {
      "ClassName": "m4_carryhandleoptic",
      "MaxPriceThreshold": 2485,
      "MinPriceThreshold": 1490,
      "SellPricePercent": -1,
      "MaxStockThreshold": 1,
      "MinStockThreshold": 1,
      "QuantityPercent": -1,
      "SpawnAttachments": [],
      "Variants": []
    },
    {
      "ClassName": "buisoptic",
      "MaxPriceThreshold": 8640,
      "MinPriceThreshold": 5185,
      "SellPricePercent": -1,
      "MaxStockThreshold": 1,
      "MinStockThreshold": 1,
      "QuantityPercent": -1,
      "SpawnAttachments": [],
      "Variants": []
    },
    {
      "ClassName": "fnp45_mrdsoptic",
      "MaxPriceThreshold": 16355,
      "MinPriceThreshold": 9810,
      "SellPricePercent": -1,
      "MaxStockThreshold": 1,
      "MinStockThreshold": 1,
      "QuantityPercent": -1,
      "SpawnAttachments": [
        "battery9v"
      ],
      "Variants": []
    },
    {
      "ClassName": "acogoptic",
      "MaxPriceThreshold": 2465,
      "MinPriceThreshold": 1480,
      "SellPricePercent": -1,
      "MaxStockThreshold": 1,
      "MinStockThreshold": 1,
      "QuantityPercent": -1,
      "SpawnAttachments": [],
      "Variants": []
    },
    {
      "ClassName": "acogoptic_6x",
      "MaxPriceThreshold": 13310,
      "MinPriceThreshold": 7985,
      "SellPricePercent": -1,
      "MaxStockThreshold": 1,
      "MinStockThreshold": 1,
      "QuantityPercent": -1,
      "SpawnAttachments": [],
      "Variants": []
    },
    {
      "ClassName": "m68optic",
      "MaxPriceThreshold": 2400,
      "MinPriceThreshold": 1440,
      "SellPricePercent": -1,
      "MaxStockThreshold": 1,
      "MinStockThreshold": 1,
      "QuantityPercent": -1,
      "SpawnAttachments": [
        "battery9v"
      ],
      "Variants": []
    },
    {
      "ClassName": "m4_t3nrdsoptic",
      "MaxPriceThreshold": 10905,
      "MinPriceThreshold": 6540,
      "SellPricePercent": -1,
      "MaxStockThreshold": 1,
      "MinStockThreshold": 1,
      "QuantityPercent": -1,
      "SpawnAttachments": [
        "battery9v"
      ],
      "Variants": []
    },
    {
      "ClassName": "kobraoptic",
      "MaxPriceThreshold": 2400,
      "MinPriceThreshold": 1440,
      "SellPricePercent": -1,
      "MaxStockThreshold": 1,
      "MinStockThreshold": 1,
      "QuantityPercent": -1,
      "SpawnAttachments": [
        "battery9v"
      ],
      "Variants": []
    },
    {
      "ClassName": "kashtanoptic",
      "MaxPriceThreshold": 2400,
      "MinPriceThreshold": 1440,
      "SellPricePercent": -1,
      "MaxStockThreshold": 1,
      "MinStockThreshold": 1,
      "QuantityPercent": -1,
      "SpawnAttachments": [],
      "Variants": []
    },
    {
      "ClassName": "puscopeoptic",
      "MaxPriceThreshold": 1785,
      "MinPriceThreshold": 1070,
      "SellPricePercent": -1,
      "MaxStockThreshold": 1,
      "MinStockThreshold": 1,
      "QuantityPercent": -1,
      "SpawnAttachments": [],
      "Variants": []
    },
    {
      "ClassName": "huntingoptic",
      "MaxPriceThreshold": 7855,
      "MinPriceThreshold": 4715,
      "SellPricePercent": -1,
      "MaxStockThreshold": 1,
      "MinStockThreshold": 1,
      "QuantityPercent": -1,
      "SpawnAttachments": [],
      "Variants": []
    },
    {
      "ClassName": "pso1optic",
      "MaxPriceThreshold": 2400,
      "MinPriceThreshold": 1440,
      "SellPricePercent": -1,
      "MaxStockThreshold": 1,
      "MinStockThreshold": 1,
      "QuantityPercent": -1,
      "SpawnAttachments": [
        "battery9v"
      ],
      "Variants": []
    },
    {
      "ClassName": "pso11optic",
      "MaxPriceThreshold": 10715,
      "MinPriceThreshold": 6430,
      "SellPricePercent": -1,
      "MaxStockThreshold": 1,
      "MinStockThreshold": 1,
      "QuantityPercent": -1,
      "SpawnAttachments": [
        "battery9v"
      ],
      "Variants": []
    },
    {
      "ClassName": "kazuaroptic",
      "MaxPriceThreshold": 7345,
      "MinPriceThreshold": 4405,
      "SellPricePercent": -1,
      "MaxStockThreshold": 1,
      "MinStockThreshold": 1,
      "QuantityPercent": -1,
      "SpawnAttachments": [
        "battery9v"
      ],
      "Variants": []
    },
    {
      "ClassName": "starlightoptic",
      "MaxPriceThreshold": 7345,
      "MinPriceThreshold": 4405,
      "SellPricePercent": -1,
      "MaxStockThreshold": 1,
      "MinStockThreshold": 1,
      "QuantityPercent": -1,
      "SpawnAttachments": [
        "battery9v"
      ],
      "Variants": []
    },
    {
      "ClassName": "expansion_m1a_railatt",
      "MaxPriceThreshold": 300,
      "MinPriceThreshold": 150,
      "SellPricePercent": -1,
      "MaxStockThreshold": 1,
      "MinStockThreshold": 1,
      "QuantityPercent": -1,
      "SpawnAttachments": [],
      "Variants": []
    },
    {
      "ClassName": "expansion_mp5_railatt",
      "MaxPriceThreshold": 300,
      "MinPriceThreshold": 150,
      "SellPricePercent": -1,
      "MaxStockThreshold": 1,
      "MinStockThreshold": 1,
      "QuantityPercent": -1,
      "SpawnAttachments": [],
      "Variants": []
    },
    {
      "ClassName": "expansionreflexmrsoptic",
      "MaxPriceThreshold": 300,
      "MinPriceThreshold": 150,
      "SellPricePercent": -1,
      "MaxStockThreshold": 1,
      "MinStockThreshold": 1,
      "QuantityPercent": -1,
      "SpawnAttachments": [
        "battery9v"
      ],
      "Variants": []
    },
    {
      "ClassName": "expansiondeltapointoptic",
      "MaxPriceThreshold": 300,
      "MinPriceThreshold": 150,
      "SellPricePercent": -1,
      "MaxStockThreshold": 1,
      "MinStockThreshold": 1,
      "QuantityPercent": -1,
      "SpawnAttachments": [],
      "Variants": []
    },
    {
      "ClassName": "expansionexps3holooptic",
      "MaxPriceThreshold": 400,
      "MinPriceThreshold": 200,
      "SellPricePercent": -1,
      "MaxStockThreshold": 1,
      "MinStockThreshold": 1,
      "QuantityPercent": -1,
      "SpawnAttachments": [
        "battery9v"
      ],
      "Variants": []
    },
    {
      "ClassName": "expansionhamroptic",
      "MaxPriceThreshold": 800,
      "MinPriceThreshold": 400,
      "SellPricePercent": -1,
      "MaxStockThreshold": 1,
      "MinStockThreshold": 1,
      "QuantityPercent": -1,
      "SpawnAttachments": [
        "battery9v",
        "expansiondeltapointoptic"
      ],
      "Variants": []
    },
    {
      "ClassName": "expansion_pmii25optic",
      "MaxPriceThreshold": 2200,
      "MinPriceThreshold": 1100,
      "SellPricePercent": -1,
      "MaxStockThreshold": 1,
      "MinStockThreshold": 1,
      "QuantityPercent": -1,
      "SpawnAttachments": [],
      "Variants": []
    },
    {
      "ClassName": "expansionkar98scopeoptic",
      "MaxPriceThreshold": 2200,
      "MinPriceThreshold": 1100,
      "SellPricePercent": -1,
      "MaxStockThreshold": 1,
      "MinStockThreshold": 1,
      "QuantityPercent": -1,
      "SpawnAttachments": [],
      "Variants": []
    },
    {
      "ClassName": "Paragon_Acog_Reddot_Optic",
      "MaxPriceThreshold": 2000,
      "MinPriceThreshold": 1000,
      "SellPricePercent": -1,
      "MaxStockThreshold": 1,
      "MinStockThreshold": 1,
      "QuantityPercent": -1,
      "SpawnAttachments": [],
      "Variants": []
    },
    {
      "ClassName": "Paragon_Burris_Optic",
      "MaxPriceThreshold": 3000,
      "MinPriceThreshold": 2500,
      "SellPricePercent": -1,
      "MaxStockThreshold": 1,
      "MinStockThreshold": 1,
      "QuantityPercent": -1,
      "SpawnAttachments": [],
      "Variants": []
    },
    {
      "ClassName": "Paragon_Corio_Optic",
      "MaxPriceThreshold": 1300,
      "MinPriceThreshold": 1150,
      "SellPricePercent": -1,
      "MaxStockThreshold": 1,
      "MinStockThreshold": 1,
      "QuantityPercent": -1,
      "SpawnAttachments": [],
      "Variants": []
    },
    {
      "ClassName": "Paragon_HAMR_Optic",
      "MaxPriceThreshold": 1300,
      "MinPriceThreshold": 1150,
      "SellPricePercent": -1,
      "MaxStockThreshold": 1,
      "MinStockThreshold": 1,
      "QuantityPercent": -1,
      "SpawnAttachments": [],
      "Variants": []
    },
    {
      "ClassName": "Paragon_Holo_Optic",
      "MaxPriceThreshold": 1500,
      "MinPriceThreshold": 1250,
      "SellPricePercent": -1,
      "MaxStockThreshold": 1,
      "MinStockThreshold": 1,
      "QuantityPercent": -1,
      "SpawnAttachments": [],
      "Variants": []
    },
    {
      "ClassName": "Paragon_Acog_Optic",
      "MaxPriceThreshold": 1600,
      "MinPriceThreshold": 1300,
      "SellPricePercent": -1,
      "MaxStockThreshold": 1,
      "MinStockThreshold": 1,
      "QuantityPercent": -1,
      "SpawnAttachments": [],
      "Variants": []
    },
    {
      "ClassName": "Paragon_Holo3x_Optic",
      "MaxPriceThreshold": 2400,
      "MinPriceThreshold": 1200,
      "SellPricePercent": -1,
      "MaxStockThreshold": 1,
      "MinStockThreshold": 1,
      "QuantityPercent": -1,
      "SpawnAttachments": [],
      "Variants": []
    },
    {
      "ClassName": "Paragon_Leica_Optic",
      "MaxPriceThreshold": 3000,
      "MinPriceThreshold": 2500,
      "SellPricePercent": -1,
      "MaxStockThreshold": 1,
      "MinStockThreshold": 1,
      "QuantityPercent": -1,
      "SpawnAttachments": [],
      "Variants": []
    },
    {
      "ClassName": "Paragon_OKP_Optic",
      "MaxPriceThreshold": 3000,
      "MinPriceThreshold": 1500,
      "SellPricePercent": -1,
      "MaxStockThreshold": 1,
      "MinStockThreshold": 1,
      "QuantityPercent": -1,
      "SpawnAttachments": [],
      "Variants": []
    },
    {
      "ClassName": "Paragon_PMII_Optic",
      "MaxPriceThreshold": 3200,
      "MinPriceThreshold": 2600,
      "SellPricePercent": -1,
      "MaxStockThreshold": 1,
      "MinStockThreshold": 1,
      "QuantityPercent": -1,
      "SpawnAttachments": [],
      "Variants": []
    },
    {
      "ClassName": "Paragon_Reflex_Red_Optic",
      "MaxPriceThreshold": 3400,
      "MinPriceThreshold": 1700,
      "SellPricePercent": -1,
      "MaxStockThreshold": 1,
      "MinStockThreshold": 1,
      "QuantityPercent": -1,
      "SpawnAttachments": [],
      "Variants": [
        "Paragon_Reflex_Red_Optic",
        "Paragon_Reflex_Blue_Optic",
        "Paragon_Reflex_Yellow_Optic",
        "Paragon_Reflex_Green_Optic",
        "Paragon_Reflex_Purple_Optic"
      ]
    },
    {
      "ClassName": "Paragon_ShortdotOptic_Black_6_8",
      "MaxPriceThreshold": 1800,
      "MinPriceThreshold": 900,
      "SellPricePercent": -1,
      "MaxStockThreshold": 1,
      "MinStockThreshold": 1,
      "QuantityPercent": -1,
      "SpawnAttachments": [],
      "Variants": [
        "Paragon_ShortdotOptic_Blue_6_8",
        "Paragon_ShortdotOptic_Red_6_8",
        "Paragon_ShortdotOptic_Green_6_8",
        "Paragon_ShortdotOptic_Purple_6_8",
        "Paragon_ShortdotOptic_Yellow_6_8"
      ]
    },
    {
      "ClassName": "Paragon_ShortdotOptic_Black_4_6",
      "MaxPriceThreshold": 2000,
      "MinPriceThreshold": 1000,
      "SellPricePercent": -1,
      "MaxStockThreshold": 1,
      "MinStockThreshold": 1,
      "QuantityPercent": -1,
      "SpawnAttachments": [],
      "Variants": [
        "Paragon_ShortdotOptic_Blue_4_6",
        "Paragon_ShortdotOptic_Red_4_6",
        "Paragon_ShortdotOptic_Green_4_6",
        "Paragon_ShortdotOptic_Purple_4_6",
        "Paragon_ShortdotOptic_Yellow_4_6"
      ]
    },
    {
      "ClassName": "Paragon_ShortdotOptic_Black_4_6_8",
      "MaxPriceThreshold": 2200,
      "MinPriceThreshold": 1100,
      "SellPricePercent": -1,
      "MaxStockThreshold": 1,
      "MinStockThreshold": 1,
      "QuantityPercent": -1,
      "SpawnAttachments": [],
      "Variants": [
        "Paragon_ShortdotOptic_Blue_4_6_8",
        "Paragon_ShortdotOptic_Red_4_6_8",
        "Paragon_ShortdotOptic_Green_4_6_8",
        "Paragon_ShortdotOptic_Purple_4_6_8",
        "Paragon_ShortdotOptic_Yellow_4_6_8"
      ]
    },
    {
      "ClassName": "Paragon_Sig_Optic",
      "MaxPriceThreshold": 2800,
      "MinPriceThreshold": 1400,
      "SellPricePercent": -1,
      "MaxStockThreshold": 1,
      "MinStockThreshold": 1,
      "QuantityPercent": -1,
      "SpawnAttachments": [],
      "Variants": []
    },
    {
      "ClassName": "Paragon_Spitfire_Optic",
      "MaxPriceThreshold": 4400,
      "MinPriceThreshold": 2200,
      "SellPricePercent": -1,
      "MaxStockThreshold": 1,
      "MinStockThreshold": 1,
      "QuantityPercent": -1,
      "SpawnAttachments": [],
      "Variants": []
    },
    {
      "ClassName": "Paragon_Vortex_Optic",
      "MaxPriceThreshold": 4800,
      "MinPriceThreshold": 2400,
      "SellPricePercent": -1,
      "MaxStockThreshold": 1,
      "MinStockThreshold": 1,
      "QuantityPercent": -1,
      "SpawnAttachments": [],
      "Variants": []
    },
    {
      "ClassName": "SNAFU_AK_Mount_Base",
      "MaxPriceThreshold": 500,
      "MinPriceThreshold": 400,
      "SellPricePercent": -1,
      "MaxStockThreshold": 1,
      "MinStockThreshold": 1,
      "QuantityPercent": -1,
      "SpawnAttachments": [],
      "Variants": []
    },
    {
      "ClassName": "SNAFU_Hunting_Mount_Base",
      "MaxPriceThreshold": 500,
      "MinPriceThreshold": 400,
      "SellPricePercent": -1,
      "MaxStockThreshold": 1,
      "MinStockThreshold": 1,
      "QuantityPercent": -1,
      "SpawnAttachments": [],
      "Variants": []
    },
    {
      "ClassName": "SNAFU_Mosin_Mount_Base",
      "MaxPriceThreshold": 500,
      "MinPriceThreshold": 400,
      "SellPricePercent": -1,
      "MaxStockThreshold": 1,
      "MinStockThreshold": 1,
      "QuantityPercent": -1,
      "SpawnAttachments": [],
      "Variants": []
    },
    {
      "ClassName": "SNAFU_HuntingOptic",
      "MaxPriceThreshold": 500,
      "MinPriceThreshold": 400,
      "SellPricePercent": -1,
      "MaxStockThreshold": 1,
      "MinStockThreshold": 1,
      "QuantityPercent": -1,
      "SpawnAttachments": [],
      "Variants": []
    },
    {
      "ClassName": "GCGN_M84_Optic",
      "MaxPriceThreshold": 500,
      "MinPriceThreshold": 400,
      "SellPricePercent": -1,
      "MaxStockThreshold": 1,
      "MinStockThreshold": 1,
      "QuantityPercent": -1,
      "SpawnAttachments": [],
      "Variants": []
    },
    {
      "ClassName": "SNAFU_AKHuntingOptic",
      "MaxPriceThreshold": 500,
      "MinPriceThreshold": 400,
      "SellPricePercent": -1,
      "MaxStockThreshold": 1,
      "MinStockThreshold": 1,
      "QuantityPercent": -1,
      "SpawnAttachments": [],
      "Variants": []
    },
    {
      "ClassName": "SNAFU_HHuntingOptic",
      "MaxPriceThreshold": 500,
      "MinPriceThreshold": 400,
      "SellPricePercent": -1,
      "MaxStockThreshold": 1,
      "MinStockThreshold": 1,
      "QuantityPercent": -1,
      "SpawnAttachments": [],
      "Variants": []
    },
    {
      "ClassName": "SNAFU_MHuntingOptic",
      "MaxPriceThreshold": 500,
      "MinPriceThreshold": 400,
      "SellPricePercent": -1,
      "MaxStockThreshold": 1,
      "MinStockThreshold": 1,
      "QuantityPercent": -1,
      "SpawnAttachments": [],
      "Variants": []
    },
    {
      "ClassName": "SNAFU_M14Optic",
      "MaxPriceThreshold": 500,
      "MinPriceThreshold": 400,
      "SellPricePercent": -1,
      "MaxStockThreshold": 1,
      "MinStockThreshold": 1,
      "QuantityPercent": -1,
      "SpawnAttachments": [],
      "Variants": []
    },
    {
      "ClassName": "SNAFU_Nightforce",
      "MaxPriceThreshold": 500,
      "MinPriceThreshold": 400,
      "SellPricePercent": -1,
      "MaxStockThreshold": 1,
      "MinStockThreshold": 1,
      "QuantityPercent": -1,
      "SpawnAttachments": [],
      "Variants": []
    },
    {
      "ClassName": "SNAFU_AKNightforce",
      "MaxPriceThreshold": 500,
      "MinPriceThreshold": 400,
      "SellPricePercent": -1,
      "MaxStockThreshold": 1,
      "MinStockThreshold": 1,
      "QuantityPercent": -1,
      "SpawnAttachments": [],
      "Variants": []
    },
    {
      "ClassName": "SNAFU_HNightforce",
      "MaxPriceThreshold": 500,
      "MinPriceThreshold": 400,
      "SellPricePercent": -1,
      "MaxStockThreshold": 1,
      "MinStockThreshold": 1,
      "QuantityPercent": -1,
      "SpawnAttachments": [],
      "Variants": []
    },
    {
      "ClassName": "SNAFU_MNightforce",
      "MaxPriceThreshold": 500,
      "MinPriceThreshold": 400,
      "SellPricePercent": -1,
      "MaxStockThreshold": 1,
      "MinStockThreshold": 1,
      "QuantityPercent": -1,
      "SpawnAttachments": [],
      "Variants": []
    },
    {
      "ClassName": "SNAFU_Leupold_Mark8",
      "MaxPriceThreshold": 500,
      "MinPriceThreshold": 400,
      "SellPricePercent": -1,
      "MaxStockThreshold": 1,
      "MinStockThreshold": 1,
      "QuantityPercent": -1,
      "SpawnAttachments": [],
      "Variants": []
    },
    {
      "ClassName": "SNAFU_AKLeupold_Mark8",
      "MaxPriceThreshold": 500,
      "MinPriceThreshold": 400,
      "SellPricePercent": -1,
      "MaxStockThreshold": 1,
      "MinStockThreshold": 1,
      "QuantityPercent": -1,
      "SpawnAttachments": [],
      "Variants": []
    },
    {
      "ClassName": "SNAFU_HLeupold_Mark8",
      "MaxPriceThreshold": 500,
      "MinPriceThreshold": 400,
      "SellPricePercent": -1,
      "MaxStockThreshold": 1,
      "MinStockThreshold": 1,
      "QuantityPercent": -1,
      "SpawnAttachments": [],
      "Variants": []
    },
    {
      "ClassName": "SNAFU_MLeupold_Mark8",
      "MaxPriceThreshold": 500,
      "MinPriceThreshold": 400,
      "SellPricePercent": -1,
      "MaxStockThreshold": 1,
      "MinStockThreshold": 1,
      "QuantityPercent": -1,
      "SpawnAttachments": [],
      "Variants": []
    },
    {
      "ClassName": "SNAFU_Kahles",
      "MaxPriceThreshold": 500,
      "MinPriceThreshold": 400,
      "SellPricePercent": -1,
      "MaxStockThreshold": 1,
      "MinStockThreshold": 1,
      "QuantityPercent": -1,
      "SpawnAttachments": [],
      "Variants": []
    },
    {
      "ClassName": "SNAFU_AKKahles",
      "MaxPriceThreshold": 500,
      "MinPriceThreshold": 400,
      "SellPricePercent": -1,
      "MaxStockThreshold": 1,
      "MinStockThreshold": 1,
      "QuantityPercent": -1,
      "SpawnAttachments": [],
      "Variants": []
    },
    {
      "ClassName": "SNAFU_HKahles",
      "MaxPriceThreshold": 500,
      "MinPriceThreshold": 400,
      "SellPricePercent": -1,
      "MaxStockThreshold": 1,
      "MinStockThreshold": 1,
      "QuantityPercent": -1,
      "SpawnAttachments": [],
      "Variants": []
    },
    {
      "ClassName": "SNAFU_MKahles",
      "MaxPriceThreshold": 500,
      "MinPriceThreshold": 400,
      "SellPricePercent": -1,
      "MaxStockThreshold": 1,
      "MinStockThreshold": 1,
      "QuantityPercent": -1,
      "SpawnAttachments": [],
      "Variants": []
    },
    {
      "ClassName": "SNAFU_Aimpoint_ACO",
      "MaxPriceThreshold": 500,
      "MinPriceThreshold": 400,
      "SellPricePercent": -1,
      "MaxStockThreshold": 1,
      "MinStockThreshold": 1,
      "QuantityPercent": -1,
      "SpawnAttachments": [],
      "Variants": []
    },
    {
      "ClassName": "SNAFU_HAimpoint_ACO",
      "MaxPriceThreshold": 500,
      "MinPriceThreshold": 400,
      "SellPricePercent": -1,
      "MaxStockThreshold": 1,
      "MinStockThreshold": 1,
      "QuantityPercent": -1,
      "SpawnAttachments": [],
      "Variants": []
    },
    {
      "ClassName": "SNAFU_AKAimpoint_ACO",
      "MaxPriceThreshold": 500,
      "MinPriceThreshold": 400,
      "SellPricePercent": -1,
      "MaxStockThreshold": 1,
      "MinStockThreshold": 1,
      "QuantityPercent": -1,
      "SpawnAttachments": [],
      "Variants": []
    },
    {
      "ClassName": "SNAFU_MAimpoint_ACO",
      "MaxPriceThreshold": 500,
      "MinPriceThreshold": 400,
      "SellPricePercent": -1,
      "MaxStockThreshold": 1,
      "MinStockThreshold": 1,
      "QuantityPercent": -1,
      "SpawnAttachments": [],
      "Variants": []
    },
    {
      "ClassName": "SNAFU_AKAimpoint_M5",
      "MaxPriceThreshold": 500,
      "MinPriceThreshold": 400,
      "SellPricePercent": -1,
      "MaxStockThreshold": 1,
      "MinStockThreshold": 1,
      "QuantityPercent": -1,
      "SpawnAttachments": [],
      "Variants": []
    },
    {
      "ClassName": "SNAFU_HAimpoint_M5",
      "MaxPriceThreshold": 500,
      "MinPriceThreshold": 400,
      "SellPricePercent": -1,
      "MaxStockThreshold": 1,
      "MinStockThreshold": 1,
      "QuantityPercent": -1,
      "SpawnAttachments": [],
      "Variants": []
    },
    {
      "ClassName": "SNAFU_MAimpoint_M5",
      "MaxPriceThreshold": 500,
      "MinPriceThreshold": 400,
      "SellPricePercent": -1,
      "MaxStockThreshold": 1,
      "MinStockThreshold": 1,
      "QuantityPercent": -1,
      "SpawnAttachments": [],
      "Variants": []
    },
    {
      "ClassName": "SNAFU_Elcan",
      "MaxPriceThreshold": 500,
      "MinPriceThreshold": 400,
      "SellPricePercent": -1,
      "MaxStockThreshold": 1,
      "MinStockThreshold": 1,
      "QuantityPercent": -1,
      "SpawnAttachments": [],
      "Variants": []
    },
    {
      "ClassName": "SNAFU_AKElcan",
      "MaxPriceThreshold": 500,
      "MinPriceThreshold": 400,
      "SellPricePercent": -1,
      "MaxStockThreshold": 1,
      "MinStockThreshold": 1,
      "QuantityPercent": -1,
      "SpawnAttachments": [],
      "Variants": []
    },
    {
      "ClassName": "SNAFU_HElcan",
      "MaxPriceThreshold": 500,
      "MinPriceThreshold": 400,
      "SellPricePercent": -1,
      "MaxStockThreshold": 1,
      "MinStockThreshold": 1,
      "QuantityPercent": -1,
      "SpawnAttachments": [],
      "Variants": []
    },
    {
      "ClassName": "SNAFU_MElcan",
      "MaxPriceThreshold": 500,
      "MinPriceThreshold": 400,
      "SellPricePercent": -1,
      "MaxStockThreshold": 1,
      "MinStockThreshold": 1,
      "QuantityPercent": -1,
      "SpawnAttachments": [],
      "Variants": []
    },
    {
      "ClassName": "SNAFU_EOTech_EXPS3",
      "MaxPriceThreshold": 500,
      "MinPriceThreshold": 400,
      "SellPricePercent": -1,
      "MaxStockThreshold": 1,
      "MinStockThreshold": 1,
      "QuantityPercent": -1,
      "SpawnAttachments": [],
      "Variants": []
    },
    {
      "ClassName": "SNAFU_AKEOTech_EXPS3",
      "MaxPriceThreshold": 500,
      "MinPriceThreshold": 400,
      "SellPricePercent": -1,
      "MaxStockThreshold": 1,
      "MinStockThreshold": 1,
      "QuantityPercent": -1,
      "SpawnAttachments": [],
      "Variants": []
    },
    {
      "ClassName": "SNAFU_HEOTech_EXPS3",
      "MaxPriceThreshold": 500,
      "MinPriceThreshold": 400,
      "SellPricePercent": -1,
      "MaxStockThreshold": 1,
      "MinStockThreshold": 1,
      "QuantityPercent": -1,
      "SpawnAttachments": [],
      "Variants": []
    },
    {
      "ClassName": "SNAFU_MEOTech_EXPS3",
      "MaxPriceThreshold": 500,
      "MinPriceThreshold": 400,
      "SellPricePercent": -1,
      "MaxStockThreshold": 1,
      "MinStockThreshold": 1,
      "QuantityPercent": -1,
      "SpawnAttachments": [],
      "Variants": []
    },
    {
      "ClassName": "SNAFU_Trijicon",
      "MaxPriceThreshold": 500,
      "MinPriceThreshold": 400,
      "SellPricePercent": -1,
      "MaxStockThreshold": 1,
      "MinStockThreshold": 1,
      "QuantityPercent": -1,
      "SpawnAttachments": [],
      "Variants": []
    },
    {
      "ClassName": "SNAFU_AKTrijicon",
      "MaxPriceThreshold": 500,
      "MinPriceThreshold": 400,
      "SellPricePercent": -1,
      "MaxStockThreshold": 1,
      "MinStockThreshold": 1,
      "QuantityPercent": -1,
      "SpawnAttachments": [],
      "Variants": []
    },
    {
      "ClassName": "SNAFU_Trijicon_Docter",
      "MaxPriceThreshold": 500,
      "MinPriceThreshold": 400,
      "SellPricePercent": -1,
      "MaxStockThreshold": 1,
      "MinStockThreshold": 1,
      "QuantityPercent": -1,
      "SpawnAttachments": [],
      "Variants": []
    },
    {
      "ClassName": "SNAFU_AKTrijicon_Docter",
      "MaxPriceThreshold": 500,
      "MinPriceThreshold": 400,
      "SellPricePercent": -1,
      "MaxStockThreshold": 1,
      "MinStockThreshold": 1,
      "QuantityPercent": -1,
      "SpawnAttachments": [],
      "Variants": []
    },
    {
      "ClassName": "SNAFU_HTrijicon",
      "MaxPriceThreshold": 500,
      "MinPriceThreshold": 400,
      "SellPricePercent": -1,
      "MaxStockThreshold": 1,
      "MinStockThreshold": 1,
      "QuantityPercent": -1,
      "SpawnAttachments": [],
      "Variants": []
    },
    {
      "ClassName": "SNAFU_HTrijicon_Docter",
      "MaxPriceThreshold": 500,
      "MinPriceThreshold": 400,
      "SellPricePercent": -1,
      "MaxStockThreshold": 1,
      "MinStockThreshold": 1,
      "QuantityPercent": -1,
      "SpawnAttachments": [],
      "Variants": []
    },
    {
      "ClassName": "SNAFU_MTrijicon",
      "MaxPriceThreshold": 500,
      "MinPriceThreshold": 400,
      "SellPricePercent": -1,
      "MaxStockThreshold": 1,
      "MinStockThreshold": 1,
      "QuantityPercent": -1,
      "SpawnAttachments": [],
      "Variants": []
    },
    {
      "ClassName": "SNAFU_MTrijicon_Docter",
      "MaxPriceThreshold": 500,
      "MinPriceThreshold": 400,
      "SellPricePercent": -1,
      "MaxStockThreshold": 1,
      "MinStockThreshold": 1,
      "QuantityPercent": -1,
      "SpawnAttachments": [],
      "Variants": []
    },
    {
      "ClassName": "SNAFU_Walther",
      "MaxPriceThreshold": 500,
      "MinPriceThreshold": 400,
      "SellPricePercent": -1,
      "MaxStockThreshold": 1,
      "MinStockThreshold": 1,
      "QuantityPercent": -1,
      "SpawnAttachments": [],
      "Variants": []
    },
    {
      "ClassName": "SNAFU_AKWalther",
      "MaxPriceThreshold": 500,
      "MinPriceThreshold": 400,
      "SellPricePercent": -1,
      "MaxStockThreshold": 1,
      "MinStockThreshold": 1,
      "QuantityPercent": -1,
      "SpawnAttachments": [],
      "Variants": []
    },
    {
      "ClassName": "SNAFU_HWalther",
      "MaxPriceThreshold": 500,
      "MinPriceThreshold": 400,
      "SellPricePercent": -1,
      "MaxStockThreshold": 1,
      "MinStockThreshold": 1,
      "QuantityPercent": -1,
      "SpawnAttachments": [],
      "Variants": []
    },
    {
      "ClassName": "SNAFU_MWalther",
      "MaxPriceThreshold": 500,
      "MinPriceThreshold": 400,
      "SellPricePercent": -1,
      "MaxStockThreshold": 1,
      "MinStockThreshold": 1,
      "QuantityPercent": -1,
      "SpawnAttachments": [],
      "Variants": []
    },
    {
      "ClassName": "SNAFU_Docter",
      "MaxPriceThreshold": 500,
      "MinPriceThreshold": 400,
      "SellPricePercent": -1,
      "MaxStockThreshold": 1,
      "MinStockThreshold": 1,
      "QuantityPercent": -1,
      "SpawnAttachments": [],
      "Variants": []
    },
    {
      "ClassName": "SNAFU_Tango6T_Black",
      "MaxPriceThreshold": 500,
      "MinPriceThreshold": 400,
      "SellPricePercent": -1,
      "MaxStockThreshold": 1,
      "MinStockThreshold": 1,
      "QuantityPercent": -1,
      "SpawnAttachments": [],
      "Variants": [
        "SNAFU_Tango6T_Tan",
        "SNAFU_Tango6T_Wood",
        "SNAFU_Tango6T_Snow"
      ]
    },
    {
      "ClassName": "SNAFU_AKTango6T_Black",
      "MaxPriceThreshold": 500,
      "MinPriceThreshold": 400,
      "SellPricePercent": -1,
      "MaxStockThreshold": 1,
      "MinStockThreshold": 1,
      "QuantityPercent": -1,
      "SpawnAttachments": [],
      "Variants": [
        "SNAFU_AKTango6T_Tan",
        "SNAFU_AKTango6T_Wood",
        "SNAFU_AKTango6T_Snow"
      ]
    },
    {
      "ClassName": "SNAFU_MTango6T_Black",
      "MaxPriceThreshold": 500,
      "MinPriceThreshold": 400,
      "SellPricePercent": -1,
      "MaxStockThreshold": 1,
      "MinStockThreshold": 1,
      "QuantityPercent": -1,
      "SpawnAttachments": [],
      "Variants": [
        "SNAFU_MTango6T_Tan",
        "SNAFU_MTango6T_Wood",
        "SNAFU_MTango6T_Snow"
      ]
    },
    {
      "ClassName": "SNAFU_Kobra",
      "MaxPriceThreshold": 500,
      "MinPriceThreshold": 400,
      "SellPricePercent": -1,
      "MaxStockThreshold": 1,
      "MinStockThreshold": 1,
      "QuantityPercent": -1,
      "SpawnAttachments": [],
      "Variants": []
    },
    {
      "ClassName": "SNAFU_IRONMODOptic",
      "MaxPriceThreshold": 500,
      "MinPriceThreshold": 400,
      "SellPricePercent": -1,
      "MaxStockThreshold": 1,
      "MinStockThreshold": 1,
      "QuantityPercent": -1,
      "SpawnAttachments": [],
      "Variants": []
    },
    {
      "ClassName": "SNAFU_Aimpoint_M5",
      "MaxPriceThreshold": 500,
      "MinPriceThreshold": 400,
      "SellPricePercent": -1,
      "MaxStockThreshold": 1,
      "MinStockThreshold": 1,
      "QuantityPercent": -1,
      "SpawnAttachments": [],
      "Variants": []
    },
    {
      "ClassName": "AD_B13Mount",
      "MaxPriceThreshold": 500,
      "MinPriceThreshold": 400,
      "SellPricePercent": -1,
      "MaxStockThreshold": 1,
      "MinStockThreshold": 1,
      "QuantityPercent": -1,
      "SpawnAttachments": [],
      "Variants": []
    },
    {
      "ClassName": "AD_MosinMount",
      "MaxPriceThreshold": 500,
      "MinPriceThreshold": 400,
      "SellPricePercent": -1,
      "MaxStockThreshold": 1,
      "MinStockThreshold": 1,
      "QuantityPercent": -1,
      "SpawnAttachments": [],
      "Variants": []
    },
    {
      "ClassName": "AD_ACOG",
      "MaxPriceThreshold": 500,
      "MinPriceThreshold": 400,
      "SellPricePercent": -1,
      "MaxStockThreshold": 1,
      "MinStockThreshold": 1,
      "QuantityPercent": -1,
      "SpawnAttachments": [],
      "Variants": []
    },
    {
      "ClassName": "AD_ACOG_MosinMount",
      "MaxPriceThreshold": 500,
      "MinPriceThreshold": 400,
      "SellPricePercent": -1,
      "MaxStockThreshold": 1,
      "MinStockThreshold": 1,
      "QuantityPercent": -1,
      "SpawnAttachments": [],
      "Variants": []
    },
    {
      "ClassName": "AD_ACOG_B13",
      "MaxPriceThreshold": 500,
      "MinPriceThreshold": 400,
      "SellPricePercent": -1,
      "MaxStockThreshold": 1,
      "MinStockThreshold": 1,
      "QuantityPercent": -1,
      "SpawnAttachments": [],
      "Variants": []
    },
    {
      "ClassName": "AD_SpecterDR",
      "MaxPriceThreshold": 500,
      "MinPriceThreshold": 400,
      "SellPricePercent": -1,
      "MaxStockThreshold": 1,
      "MinStockThreshold": 1,
      "QuantityPercent": -1,
      "SpawnAttachments": [],
      "Variants": [
        "AD_SpecterDR_MosinMount",
        "AD_SpecterDR_B13"
        ]
    },
    {
      "ClassName": "AD_ACOG_RMR",
      "MaxPriceThreshold": 500,
      "MinPriceThreshold": 400,
      "SellPricePercent": -1,
      "MaxStockThreshold": 1,
      "MinStockThreshold": 1,
      "QuantityPercent": -1,
      "SpawnAttachments": [],
      "Variants": [
        "AD_ACOG_RMR_MosinMount",
        "AD_ACOG_RMR_B13"
        ]
    },
    {
      "ClassName": "AD_DHF5",
      "MaxPriceThreshold": 500,
      "MinPriceThreshold": 400,
      "SellPricePercent": -1,
      "MaxStockThreshold": 1,
      "MinStockThreshold": 1,
      "QuantityPercent": -1,
      "SpawnAttachments": [],
      "Variants": [
        "AD_DHF5_MosinMount",
        "AD_DHF5_B13"
        ]
    },
    {
      "ClassName": "AD_MRS",
      "MaxPriceThreshold": 500,
      "MinPriceThreshold": 400,
      "SellPricePercent": -1,
      "MaxStockThreshold": 1,
      "MinStockThreshold": 1,
      "QuantityPercent": -1,
      "SpawnAttachments": [],
      "Variants": [
        "AD_MRS_MosinMount",
        "AD_MRS_B13"
        ]
    },
    {
      "ClassName": "AD_NFATACR",
      "MaxPriceThreshold": 500,
      "MinPriceThreshold": 400,
      "SellPricePercent": -1,
      "MaxStockThreshold": 1,
      "MinStockThreshold": 1,
      "QuantityPercent": -1,
      "SpawnAttachments": [],
      "Variants": [
        "AD_NFATACR_MosinMount",
        "AD_NFATACR_B13"
        ]
    },
    {
      "ClassName": "AD_NFATACR_1_8",
      "MaxPriceThreshold": 500,
      "MinPriceThreshold": 400,
      "SellPricePercent": -1,
      "MaxStockThreshold": 1,
      "MinStockThreshold": 1,
      "QuantityPercent": -1,
      "SpawnAttachments": [],
      "Variants": [
        "AD_NFATACR_1_8_MosinMount",
        "AD_NFATACR_1_8_B13"
        ]
    },
    {
      "ClassName": "AD_OKP7",
      "MaxPriceThreshold": 500,
      "MinPriceThreshold": 400,
      "SellPricePercent": -1,
      "MaxStockThreshold": 1,
      "MinStockThreshold": 1,
      "QuantityPercent": -1,
      "SpawnAttachments": [],
      "Variants": [
        "AD_OKP7_MosinMount",
        "AD_OKP7_B13"
        ]
    },
    {
      "ClassName": "AD_Pilad",
      "MaxPriceThreshold": 500,
      "MinPriceThreshold": 400,
      "SellPricePercent": -1,
      "MaxStockThreshold": 1,
      "MinStockThreshold": 1,
      "QuantityPercent": -1,
      "SpawnAttachments": [],
      "Variants": [
        "AD_Pilad_MosinMount",
        "AD_Pilad_B13"
        ]
    },
    {
      "ClassName": "AD_PVS4",
      "MaxPriceThreshold": 500,
      "MinPriceThreshold": 400,
      "SellPricePercent": -1,
      "MaxStockThreshold": 1,
      "MinStockThreshold": 1,
      "QuantityPercent": -1,
      "SpawnAttachments": [],
      "Variants": [
        "AD_PVS4_MosinMount",
        "AD_PVS4_B13"
        ]
    },
    {
      "ClassName": "AD_RMR",
      "MaxPriceThreshold": 500,
      "MinPriceThreshold": 400,
      "SellPricePercent": -1,
      "MaxStockThreshold": 1,
      "MinStockThreshold": 1,
      "QuantityPercent": -1,
      "SpawnAttachments": [],
      "Variants": [
        "AD_RMR_LM",
        "AD_RMR_LM_MosinMount",
        "AD_RMR_LM_B13"
        ]
    },
    {
      "ClassName": "AD_RMR_TM",
      "MaxPriceThreshold": 500,
      "MinPriceThreshold": 400,
      "SellPricePercent": -1,
      "MaxStockThreshold": 1,
      "MinStockThreshold": 1,
      "QuantityPercent": -1,
      "SpawnAttachments": [],
      "Variants": [
        "AD_RMR_TM_MosinMount",
        "AD_RMR_TM_B13"
        ]
    },
    {
      "ClassName": "AD_XPS34",
      "MaxPriceThreshold": 500,
      "MinPriceThreshold": 400,
      "SellPricePercent": -1,
      "MaxStockThreshold": 1,
      "MinStockThreshold": 1,
      "QuantityPercent": -1,
      "SpawnAttachments": [],
      "Variants": [
        "AD_XPS34_MosinMount",
        "AD_XPS34_B13"
        ]
    },
    {
      "ClassName": "AD_XPS34_HHS",
      "MaxPriceThreshold": 500,
      "MinPriceThreshold": 400,
      "SellPricePercent": -1,
      "MaxStockThreshold": 1,
      "MinStockThreshold": 1,
      "QuantityPercent": -1,
      "SpawnAttachments": [],
      "Variants": [
        "AD_XPS34_HHS_MosinMount",
        "AD_XPS34_HHS_B13"
        ]
    },
    {
      "ClassName": "AD_G33",
      "MaxPriceThreshold": 500,
      "MinPriceThreshold": 400,
      "SellPricePercent": -1,
      "MaxStockThreshold": 1,
      "MinStockThreshold": 1,
      "QuantityPercent": -1,
      "SpawnAttachments": [],
      "Variants": [
        "AD_G33_MosinMount",
        "AD_G33_B13"
        ]
    },
    {
      "ClassName": "AD_LeupoldMk4",
      "MaxPriceThreshold": 500,
      "MinPriceThreshold": 400,
      "SellPricePercent": -1,
      "MaxStockThreshold": 1,
      "MinStockThreshold": 1,
      "QuantityPercent": -1,
      "SpawnAttachments": [],
      "Variants": [
        "AD_LeupoldMk4_MosinMount",
        "AD_LeupoldMk4_B13"
        ]
    }
  ]
}