{
  "m_Version": 12,
  "DisplayName": "Payday Masks",
  "Icon": "Deliver",
  "Color": "FBFCFEFF",
  "IsExchange": 0,
  "InitStockPercent": 75,
  "Items": [
    {
      "ClassName": "PaydayMask_Wolf",
      "MaxPriceThreshold": 1000,
      "MinPriceThreshold": 1000,
      "SellPricePercent": 100,
      "MaxStockThreshold": 0,
      "MinStockThreshold": 0,
      "QuantityPercent": -1,
      "SpawnAttachments": [],
      "Variants": [
        "PaydayMask_Dallas",
        "PaydayMask_Hoxton",
        "PaydayMask_Chains"
      ]
    }
  ]
}