{
  "m_Version": 12,
  "DisplayName": "Animal Pelts",
  "Icon": "Deliver",
  "Color": "FBFCFEFF",
  "IsExchange": 0,
  "InitStockPercent": 75,
  "Items": [
    {
      "ClassName": "Radioactive_wolf_pelt",
      "MaxPriceThreshold": 7000,
      "MinPriceThreshold": 6000,
      "SellPricePercent": 100,
      "MaxStockThreshold": 1,
      "MinStockThreshold": 1,
      "QuantityPercent": -1,
      "SpawnAttachments": [],
      "Variants": []
    },
    {
      "ClassName": "Radioactive_bear_pelt",
      "MaxPriceThreshold": 8000,
      "MinPriceThreshold": 6500,
      "SellPricePercent": 100,
      "MaxStockThreshold": 1,
      "MinStockThreshold": 1,
      "QuantityPercent": -1,
      "SpawnAttachments": [],
      "Variants": []
    },
    {
      "ClassName": "CowPelt",
      "MaxPriceThreshold": 1500,
      "MinPriceThreshold": 1200,
      "SellPricePercent": 100,
      "MaxStockThreshold": 1,
      "MinStockThreshold": 1,
      "QuantityPercent": -1,
      "SpawnAttachments": [],
      "Variants": [
        "CowPelt_Brown",
        "CowPelt_White",
        "CowPelt_Spotted"
      ]
    },
    {
      "ClassName": "BearPelt",
      "MaxPriceThreshold": 5000,
      "MinPriceThreshold": 4000,
      "SellPricePercent": 100,
      "MaxStockThreshold": 1,
      "MinStockThreshold": 1,
      "QuantityPercent": -1,
      "SpawnAttachments": [],
      "Variants": []
    },
    {
      "ClassName": "WolfPelt",
      "MaxPriceThreshold": 3000,
      "MinPriceThreshold": 2000,
      "SellPricePercent": 100,
      "MaxStockThreshold": 1,
      "MinStockThreshold": 1,
      "QuantityPercent": -1,
      "SpawnAttachments": [],
      "Variants": [
        "WolfPelt_White",
        "WolfPelt_Grey"
      ]
    },
    {
      "ClassName": "WildboarPelt",
      "MaxPriceThreshold": 1200,
      "MinPriceThreshold": 800,
      "SellPricePercent": 100,
      "MaxStockThreshold": 1,
      "MinStockThreshold": 1,
      "QuantityPercent": -1,
      "SpawnAttachments": [],
      "Variants": []
    },
    {
      "ClassName": "SheepPelt",
      "MaxPriceThreshold": 1000,
      "MinPriceThreshold": 700,
      "SellPricePercent": 100,
      "MaxStockThreshold": 1,
      "MinStockThreshold": 1,
      "QuantityPercent": -1,
      "SpawnAttachments": [],
      "Variants": []
    },
    {
      "ClassName": "ReindeerPelt",
      "MaxPriceThreshold": 4000,
      "MinPriceThreshold": 3000,
      "SellPricePercent": 100,
      "MaxStockThreshold": 1,
      "MinStockThreshold": 1,
      "QuantityPercent": -1,
      "SpawnAttachments": [],
      "Variants": []
    },
    {
      "ClassName": "RabbitPelt",
      "MaxPriceThreshold": 1400,
      "MinPriceThreshold": 1200,
      "SellPricePercent": 100,
      "MaxStockThreshold": 1,
      "MinStockThreshold": 1,
      "QuantityPercent": -1,
      "SpawnAttachments": [],
      "Variants": []
    },
    {
      "ClassName": "PigPelt",
      "MaxPriceThreshold": 1000,
      "MinPriceThreshold": 800,
      "SellPricePercent": 100,
      "MaxStockThreshold": 1,
      "MinStockThreshold": 1,
      "QuantityPercent": -1,
      "SpawnAttachments": [],
      "Variants": []
    },
    {
      "ClassName": "GoatPelt",
      "MaxPriceThreshold": 1000,
      "MinPriceThreshold": 800,
      "SellPricePercent": 100,
      "MaxStockThreshold": 1,
      "MinStockThreshold": 1,
      "QuantityPercent": -1,
      "SpawnAttachments": [],
      "Variants": [
        "GoatPelt_White",
        "GoatPelt_Brown",
        "GoatPelt_Black",
        "GoatPelt_Spooky"
      ]
    },
    {
      "ClassName": "DeerPelt",
      "MaxPriceThreshold": 4500,
      "MinPriceThreshold": 3500,
      "SellPricePercent": 100,
      "MaxStockThreshold": 1,
      "MinStockThreshold": 1,
      "QuantityPercent": -1,
      "SpawnAttachments": [],
      "Variants": []
    },
    {
      "ClassName": "FoxPelt",
      "MaxPriceThreshold": 2500,
      "MinPriceThreshold": 1500,
      "SellPricePercent": 100,
      "MaxStockThreshold": 1,
      "MinStockThreshold": 1,
      "QuantityPercent": -1,
      "SpawnAttachments": [],
      "Variants": []
    }
  ]
}