{
  "m_Version": 12,
  "DisplayName": "Posters",
  "Icon": "Deliver",
  "Color": "FBFCFEFF",
  "IsExchange": 0,
  "InitStockPercent": 75,
  "Items": [
    {
      "ClassName": "RP_aclockworkorange",
      "MaxPriceThreshold": 500,
      "MinPriceThreshold": 500,
      "SellPricePercent": -1,
      "MaxStockThreshold": 1,
      "MinStockThreshold": 1,
      "QuantityPercent": -1,
      "SpawnAttachments": [],
      "Variants": [
        "RP_RetroCustom",
        "RP_captainamerica",
        "RP_ironman",
        "RP_hulk",
        "RP_batman",
        "RP_Ateam",
        "RP_knightrider",
        "RP_rambo",
        "RP_terminator",
        "RP_lockstock",
        "RP_scarymovie",
        "RP_Surburban",
        "RP_hoe",
        "RP_goodfellas",
        "RP_conair",
        "RP_billandted",
        "RP_jurrasicpark",
        "RP_boyznthehood",
        "RP_pulpfiction",
        "RP_spacejam",
        "RP_aceventura",
        "RP_thewarriors",
        "RP_gladiators",
        "RP_unclebuck",
        "RP_coolrunnings",
        "RP_Beetlejuice",
        "RP_Tron",
        "RP_Bladerunner",
        "RP_Turtles",
        "RP_Spaceballs",
        "RP_Ghostbusters",
        "RP_flashgordon",
        "RP_StarTrek",
        "RP_StarWars"
        ]
    }
  ]
}