{
  "m_Version": 12,
  "DisplayName": "Rusforma Historical parts",
  "Icon": "Deliver",
  "Color": "FBFCFEFF",
  "IsExchange": 0,
  "InitStockPercent": 75,
  "Items": [
    {
      "ClassName": "AEC_Matador_doors_driver",
      "MaxPriceThreshold": 100,
      "MinPriceThreshold": 50,
      "SellPricePercent": -1,
      "MaxStockThreshold": 1,
      "MinStockThreshold": 1,
      "QuantityPercent": -1,
      "SpawnAttachments": [],
      "Variants": [
        "AEC_Matador_doors_driver_camo"
      ]
    },
    {
      "ClassName": "AEC_Matador_doors_codriver",
      "MaxPriceThreshold": 100,
      "MinPriceThreshold": 50,
      "SellPricePercent": -1,
      "MaxStockThreshold": 1,
      "MinStockThreshold": 1,
      "QuantityPercent": -1,
      "SpawnAttachments": [],
      "Variants": [
        "AEC_Matador_doors_codriver_camo"
      ]
    },
    {
      "ClassName": "AEC_Matador_doors_cargo3",
      "MaxPriceThreshold": 100,
      "MinPriceThreshold": 50,
      "SellPricePercent": -1,
      "MaxStockThreshold": 1,
      "MinStockThreshold": 1,
      "QuantityPercent": -1,
      "SpawnAttachments": [],
      "Variants": []
    },
    {
      "ClassName": "AEC_Matado_tent",
      "MaxPriceThreshold": 100,
      "MinPriceThreshold": 50,
      "SellPricePercent": -1,
      "MaxStockThreshold": 1,
      "MinStockThreshold": 1,
      "QuantityPercent": -1,
      "SpawnAttachments": [],
      "Variants": []
    },
    {
      "ClassName": "AEC_Matador_doors_trunk",
      "MaxPriceThreshold": 100,
      "MinPriceThreshold": 50,
      "SellPricePercent": -1,
      "MaxStockThreshold": 1,
      "MinStockThreshold": 1,
      "QuantityPercent": -1,
      "SpawnAttachments": [],
      "Variants": [
        "AEC_Matador_doors_trunk_camo"
      ]
    },
    {
      "ClassName": "AEC_Matador_doors_hood",
      "MaxPriceThreshold": 100,
      "MinPriceThreshold": 50,
      "SellPricePercent": -1,
      "MaxStockThreshold": 1,
      "MinStockThreshold": 1,
      "QuantityPercent": -1,
      "SpawnAttachments": [],
      "Variants": [
        "AEC_Matador_doors_hood_camo"
      ]
    },
    {
      "ClassName": "AEC_Matador_wheel",
      "MaxPriceThreshold": 100,
      "MinPriceThreshold": 50,
      "SellPricePercent": -1,
      "MaxStockThreshold": 1,
      "MinStockThreshold": 1,
      "QuantityPercent": -1,
      "SpawnAttachments": [],
      "Variants": []
    },
    {
      "ClassName": "ZiS5_Benzovoz_wheel",
      "MaxPriceThreshold": 100,
      "MinPriceThreshold": 50,
      "SellPricePercent": -1,
      "MaxStockThreshold": 1,
      "MinStockThreshold": 1,
      "QuantityPercent": -1,
      "SpawnAttachments": [],
      "Variants": []
    },
    {
      "ClassName": "ZiS5_Benzovoz_WheelDouble",
      "MaxPriceThreshold": 100,
      "MinPriceThreshold": 50,
      "SellPricePercent": -1,
      "MaxStockThreshold": 1,
      "MinStockThreshold": 1,
      "QuantityPercent": -1,
      "SpawnAttachments": [],
      "Variants": []
    },
    {
      "ClassName": "ZiS5_Benzovoz_doors_driver",
      "MaxPriceThreshold": 100,
      "MinPriceThreshold": 50,
      "SellPricePercent": -1,
      "MaxStockThreshold": 1,
      "MinStockThreshold": 1,
      "QuantityPercent": -1,
      "SpawnAttachments": [],
      "Variants": []
    },
    {
      "ClassName": "ZiS5_Benzovoz_doors_codriver",
      "MaxPriceThreshold": 100,
      "MinPriceThreshold": 50,
      "SellPricePercent": -1,
      "MaxStockThreshold": 1,
      "MinStockThreshold": 1,
      "QuantityPercent": -1,
      "SpawnAttachments": [],
      "Variants": []
    },
    {
      "ClassName": "ZiS5_Benzovoz_doors_hood",
      "MaxPriceThreshold": 100,
      "MinPriceThreshold": 50,
      "SellPricePercent": -1,
      "MaxStockThreshold": 1,
      "MinStockThreshold": 1,
      "QuantityPercent": -1,
      "SpawnAttachments": [],
      "Variants": []
    },
    {
      "ClassName": "ZiS5_kung_tent",
      "MaxPriceThreshold": 100,
      "MinPriceThreshold": 50,
      "SellPricePercent": -1,
      "MaxStockThreshold": 1,
      "MinStockThreshold": 1,
      "QuantityPercent": -1,
      "SpawnAttachments": [],
      "Variants": []
    },
    {
      "ClassName": "M3A1_Scout_Car_wheel",
      "MaxPriceThreshold": 100,
      "MinPriceThreshold": 50,
      "SellPricePercent": -1,
      "MaxStockThreshold": 1,
      "MinStockThreshold": 1,
      "QuantityPercent": -1,
      "SpawnAttachments": [],
      "Variants": [
        "M3A1_Scout_Car_wheel_green"
      ]
    },
    {
      "ClassName": "M3A1_Scout_Car_doors_driver",
      "MaxPriceThreshold": 100,
      "MinPriceThreshold": 50,
      "SellPricePercent": -1,
      "MaxStockThreshold": 1,
      "MinStockThreshold": 1,
      "QuantityPercent": -1,
      "SpawnAttachments": [],
      "Variants": [
        "M3A1_Scout_Car_doors_driver_green",
        "M3A1_Scout_Car_doors_driver_camo"
      ]
    },
    {
      "ClassName": "M3A1_Scout_Car_doors_codriver",
      "MaxPriceThreshold": 100,
      "MinPriceThreshold": 50,
      "SellPricePercent": -1,
      "MaxStockThreshold": 1,
      "MinStockThreshold": 1,
      "QuantityPercent": -1,
      "SpawnAttachments": [],
      "Variants": [
        "M3A1_Scout_Car_doors_codriver_green",
        "M3A1_Scout_Car_doors_codriver_camo"
      ]
    },
    {
      "ClassName": "M3A1_Scout_Car_doors_cargo3",
      "MaxPriceThreshold": 100,
      "MinPriceThreshold": 50,
      "SellPricePercent": -1,
      "MaxStockThreshold": 1,
      "MinStockThreshold": 1,
      "QuantityPercent": -1,
      "SpawnAttachments": [],
      "Variants": [
        "M3A1_Scout_Car_doors_cargo3_green",
        "M3A1_Scout_Car_doors_cargo3_camo"
      ]
    },
    {
      "ClassName": "M3A1_Scout_Car_doors_trunk",
      "MaxPriceThreshold": 100,
      "MinPriceThreshold": 50,
      "SellPricePercent": -1,
      "MaxStockThreshold": 1,
      "MinStockThreshold": 1,
      "QuantityPercent": -1,
      "SpawnAttachments": [],
      "Variants": [
        "M3A1_Scout_Car_doors_trunk_green",
        "M3A1_Scout_Car_doors_trunk_camo"
      ]
    },
    {
      "ClassName": "M3A1_Scout_Car_doors_hood",
      "MaxPriceThreshold": 100,
      "MinPriceThreshold": 50,
      "SellPricePercent": -1,
      "MaxStockThreshold": 1,
      "MinStockThreshold": 1,
      "QuantityPercent": -1,
      "SpawnAttachments": [],
      "Variants": [
        "M3A1_Scout_Car_doors_hood_green",
        "M3A1_Scout_Car_doors_hood_camo"
      ]
    },
    {
      "ClassName": "Mercedes_G4_W31_wheel",
      "MaxPriceThreshold": 100,
      "MinPriceThreshold": 50,
      "SellPricePercent": -1,
      "MaxStockThreshold": 1,
      "MinStockThreshold": 1,
      "QuantityPercent": -1,
      "SpawnAttachments": [],
      "Variants": []
    },
    {
      "ClassName": "Mercedes_G4_W31_doors_driver",
      "MaxPriceThreshold": 100,
      "MinPriceThreshold": 50,
      "SellPricePercent": -1,
      "MaxStockThreshold": 1,
      "MinStockThreshold": 1,
      "QuantityPercent": -1,
      "SpawnAttachments": [],
      "Variants": [
        "Mercedes_G4_W31_doors_driver_yellow",
        "Mercedes_G4_W31_doors_driver_camo"
      ]
    },
    {
      "ClassName": "Mercedes_G4_W31_doors_codriver",
      "MaxPriceThreshold": 100,
      "MinPriceThreshold": 50,
      "SellPricePercent": -1,
      "MaxStockThreshold": 1,
      "MinStockThreshold": 1,
      "QuantityPercent": -1,
      "SpawnAttachments": [],
      "Variants": [
        "Mercedes_G4_W31_doors_codriver_yellow",
        "Mercedes_G4_W31_doors_codriver_camo"
      ]
    },
    {
      "ClassName": "Mercedes_G4_W31_doors_cargo1",
      "MaxPriceThreshold": 100,
      "MinPriceThreshold": 50,
      "SellPricePercent": -1,
      "MaxStockThreshold": 1,
      "MinStockThreshold": 1,
      "QuantityPercent": -1,
      "SpawnAttachments": [],
      "Variants": [
        "Mercedes_G4_W31_doors_cargo1_yellow",
        "Mercedes_G4_W31_doors_cargo1_camo"
      ]
    },
    {
      "ClassName": "Mercedes_G4_W31_doors_cargo2",
      "MaxPriceThreshold": 100,
      "MinPriceThreshold": 50,
      "SellPricePercent": -1,
      "MaxStockThreshold": 1,
      "MinStockThreshold": 1,
      "QuantityPercent": -1,
      "SpawnAttachments": [],
      "Variants": [
        "Mercedes_G4_W31_doors_cargo2_yellow",
        "Mercedes_G4_W31_doors_cargo2_camo"
      ]
    },
    {
      "ClassName": "Mercedes_G4_W31_doors_cargo3",
      "MaxPriceThreshold": 100,
      "MinPriceThreshold": 50,
      "SellPricePercent": -1,
      "MaxStockThreshold": 1,
      "MinStockThreshold": 1,
      "QuantityPercent": -1,
      "SpawnAttachments": [],
      "Variants": [
        "Mercedes_G4_W31_doors_cargo3_yellow",
        "Mercedes_G4_W31_doors_cargo3_camo"
      ]
    },
    {
      "ClassName": "Mercedes_G4_W31_doors_hood",
      "MaxPriceThreshold": 100,
      "MinPriceThreshold": 50,
      "SellPricePercent": -1,
      "MaxStockThreshold": 1,
      "MinStockThreshold": 1,
      "QuantityPercent": -1,
      "SpawnAttachments": [],
      "Variants": [
        "Mercedes_G4_W31_doors_hood_yellow",
        "Mercedes_G4_W31_doors_hood_camo"
      ]
    },
    {
      "ClassName": "Mercedes_G4_W31_doors_trunk",
      "MaxPriceThreshold": 100,
      "MinPriceThreshold": 50,
      "SellPricePercent": -1,
      "MaxStockThreshold": 1,
      "MinStockThreshold": 1,
      "QuantityPercent": -1,
      "SpawnAttachments": [],
      "Variants": [
        "Mercedes_G4_W31_doors_trunk_yellow",
        "Mercedes_G4_W31_doors_trunk_camo"
      ]
    },
    {
      "ClassName": "m4_tractor_wheel",
      "MaxPriceThreshold": 100,
      "MinPriceThreshold": 50,
      "SellPricePercent": -1,
      "MaxStockThreshold": 1,
      "MinStockThreshold": 1,
      "QuantityPercent": -1,
      "SpawnAttachments": [],
      "Variants": []
    },
    {
      "ClassName": "m4_tractor_doors_hood",
      "MaxPriceThreshold": 100,
      "MinPriceThreshold": 50,
      "SellPricePercent": -1,
      "MaxStockThreshold": 1,
      "MinStockThreshold": 1,
      "QuantityPercent": -1,
      "SpawnAttachments": [],
      "Variants": [
        "m4_tractor_doors_hood_usa",
        "m4_tractor_doors_hood_winter"
      ]
    },
    {
      "ClassName": "T_34_76_wheel",
      "MaxPriceThreshold": 100,
      "MinPriceThreshold": 50,
      "SellPricePercent": -1,
      "MaxStockThreshold": 1,
      "MinStockThreshold": 1,
      "QuantityPercent": -1,
      "SpawnAttachments": [],
      "Variants": [
        "T_34_76_wheel_camo",
        "T_34_76_wheel_camo2"
      ]
    },
    {
      "ClassName": "T_34_76_doors_driver",
      "MaxPriceThreshold": 100,
      "MinPriceThreshold": 50,
      "SellPricePercent": -1,
      "MaxStockThreshold": 1,
      "MinStockThreshold": 1,
      "QuantityPercent": -1,
      "SpawnAttachments": [],
      "Variants": [
        "T_34_76_doors_driver_camo",
        "T_34_76_doors_driver_camo2"
      ]
    },
    {
      "ClassName": "T_34_76_doors_cargo1",
      "MaxPriceThreshold": 100,
      "MinPriceThreshold": 50,
      "SellPricePercent": -1,
      "MaxStockThreshold": 1,
      "MinStockThreshold": 1,
      "QuantityPercent": -1,
      "SpawnAttachments": [],
      "Variants": [
        "T_34_76_doors_cargo1_camo",
        "T_34_76_doors_cargo1_camo2"
      ]
    },
    {
      "ClassName": "T_34_76_doors_cargo2",
      "MaxPriceThreshold": 100,
      "MinPriceThreshold": 50,
      "SellPricePercent": -1,
      "MaxStockThreshold": 1,
      "MinStockThreshold": 1,
      "QuantityPercent": -1,
      "SpawnAttachments": [],
      "Variants": [
        "T_34_76_doors_cargo2_camo",
        "T_34_76_doors_cargo2_camo2"
      ]
    },
    {
      "ClassName": "T_34_76_doors_trunk",
      "MaxPriceThreshold": 100,
      "MinPriceThreshold": 50,
      "SellPricePercent": -1,
      "MaxStockThreshold": 1,
      "MinStockThreshold": 1,
      "QuantityPercent": -1,
      "SpawnAttachments": [],
      "Variants": [
        "T_34_76_doors_trunk_camo",
        "T_34_76_doors_trunk_camo2"
      ]
    },
    {
      "ClassName": "PzKpfw_VI_Tiger_wheel",
      "MaxPriceThreshold": 100,
      "MinPriceThreshold": 50,
      "SellPricePercent": -1,
      "MaxStockThreshold": 1,
      "MinStockThreshold": 1,
      "QuantityPercent": -1,
      "SpawnAttachments": [],
      "Variants": [
        "PzKpfw_VI_Tiger_wheel_camo",
        "PzKpfw_VI_Tiger_wheel_camo2",
        "PzKpfw_VI_Tiger_wheel_camo3"
      ]
    },
    {
      "ClassName": "PzKpfw_VI_Tiger_doors_driver",
      "MaxPriceThreshold": 100,
      "MinPriceThreshold": 50,
      "SellPricePercent": -1,
      "MaxStockThreshold": 1,
      "MinStockThreshold": 1,
      "QuantityPercent": -1,
      "SpawnAttachments": [],
      "Variants": [
        "PzKpfw_VI_Tiger_doors_driver_camo",
        "PzKpfw_VI_Tiger_doors_driver_camo2",
        "PzKpfw_VI_Tiger_doors_driver_camo3"
      ]
    },
    {
      "ClassName": "PzKpfw_VI_Tiger_doors_codriver",
      "MaxPriceThreshold": 100,
      "MinPriceThreshold": 50,
      "SellPricePercent": -1,
      "MaxStockThreshold": 1,
      "MinStockThreshold": 1,
      "QuantityPercent": -1,
      "SpawnAttachments": [],
      "Variants": [
        "PzKpfw_VI_Tiger_doors_codriver_camo",
        "PzKpfw_VI_Tiger_doors_codriver_camo2",
        "PzKpfw_VI_Tiger_doors_codriver_camo3"
      ]
    },
    {
      "ClassName": "PzKpfw_VI_Tiger_doors_cargo1",
      "MaxPriceThreshold": 100,
      "MinPriceThreshold": 50,
      "SellPricePercent": -1,
      "MaxStockThreshold": 1,
      "MinStockThreshold": 1,
      "QuantityPercent": -1,
      "SpawnAttachments": [],
      "Variants": [
        "PzKpfw_VI_Tiger_doors_cargo1_camo",
        "PzKpfw_VI_Tiger_doors_cargo1_camo2",
        "PzKpfw_VI_Tiger_doors_cargo1_camo3"
      ]
    },
    {
      "ClassName": "PzKpfw_VI_Tiger_doors_cargo2",
      "MaxPriceThreshold": 100,
      "MinPriceThreshold": 50,
      "SellPricePercent": -1,
      "MaxStockThreshold": 1,
      "MinStockThreshold": 1,
      "QuantityPercent": -1,
      "SpawnAttachments": [],
      "Variants": [
        "PzKpfw_VI_Tiger_doors_cargo2_camo",
        "PzKpfw_VI_Tiger_doors_cargo2_camo2",
        "PzKpfw_VI_Tiger_doors_cargo2_camo3"
      ]
    },
    {
      "ClassName": "PzKpfw_VI_Tiger_doors_hood",
      "MaxPriceThreshold": 100,
      "MinPriceThreshold": 50,
      "SellPricePercent": -1,
      "MaxStockThreshold": 1,
      "MinStockThreshold": 1,
      "QuantityPercent": -1,
      "SpawnAttachments": [],
      "Variants": [
        "PzKpfw_VI_Tiger_doors_hood_camo",
        "PzKpfw_VI_Tiger_doors_hood_camo2",
        "PzKpfw_VI_Tiger_doors_hood_camo3"
      ]
    },
    {
      "ClassName": "PzKpfw_VI_Tiger_doors_trunk",
      "MaxPriceThreshold": 100,
      "MinPriceThreshold": 50,
      "SellPricePercent": -1,
      "MaxStockThreshold": 1,
      "MinStockThreshold": 1,
      "QuantityPercent": -1,
      "SpawnAttachments": [],
      "Variants": [
        "PzKpfw_VI_Tiger_doors_trunk_camo",
        "PzKpfw_VI_Tiger_doors_trunk_camo2",
        "PzKpfw_VI_Tiger_doors_trunk_camo3"
      ]
    }
  ]
}