{
  "m_Version": 12,
  "DisplayName": "Sleeping Bags",
  "Icon": "Deliver",
  "Color": "FBFCFEFF",
  "IsExchange": 0,
  "InitStockPercent": 75,
  "Items": [
    {
      "ClassName": "LBS_SleepingPacked_New_Camo",
      "MaxPriceThreshold": 100000,
      "MinPriceThreshold": 90000,
      "SellPricePercent": 10,
      "MaxStockThreshold": 1,
      "MinStockThreshold": 1,
      "QuantityPercent": 0,
      "SpawnAttachments": [],
      "Variants": [
        "LBS_SleepingPacked_New_Blue",
        "LBS_SleepingPacked_Old_Red",
        "LBS_SleepingPacked_Old_Blue",
        "LBS_SleepingPacked_Old_Brown",
        "LBS_SleepingPacked_Old_Green",
        "LBS_SleepingPacked_Old_LightPurple",
        "LBS_SleepingPacked_Old_Purple",
        "LBS_SleepingPacked_Old_Orange"
      ]
    }
  ]
}