{
  "m_Version": 12,
  "DisplayName": "Special Items",
  "Icon": "Deliver",
  "Color": "FBFCFEFF",
  "IsExchange": 0,
  "InitStockPercent": 75,
  "Items": [
    {
      "ClassName": "TG_SmokesMosin",
      "MaxPriceThreshold": 150000,
      "MinPriceThreshold": 150000,
      "SellPricePercent": 10,
      "MaxStockThreshold": 1,
      "MinStockThreshold": 1,
      "QuantityPercent": -1,
      "SpawnAttachments": [],
      "Variants": []
    },
    {
      "ClassName": "TG_SmokesSKS",
      "MaxPriceThreshold": 100000,
      "MinPriceThreshold": 100000,
      "SellPricePercent": 10,
      "MaxStockThreshold": 1,
      "MinStockThreshold": 1,
      "QuantityPercent": -1,
      "SpawnAttachments": [],
      "Variants": []
    },
    {
      "ClassName": "TG_SmokesRemington",
      "MaxPriceThreshold": 100000,
      "MinPriceThreshold": 100000,
      "SellPricePercent": 10,
      "MaxStockThreshold": 1,
      "MinStockThreshold": 1,
      "QuantityPercent": -1,
      "SpawnAttachments": [],
      "Variants": []
    },
    {
      "ClassName": "TG_MP133",
      "MaxPriceThreshold": 70000,
      "MinPriceThreshold": 70000,
      "SellPricePercent": 10,
      "MaxStockThreshold": 1,
      "MinStockThreshold": 1,
      "QuantityPercent": -1,
      "SpawnAttachments": [],
      "Variants": []
    },
    {
      "ClassName": "TG_SmokesMagnum",
      "MaxPriceThreshold": 100000,
      "MinPriceThreshold": 100000,
      "SellPricePercent": 10,
      "MaxStockThreshold": 1,
      "MinStockThreshold": 1,
      "QuantityPercent": -1,
      "SpawnAttachments": [],
      "Variants": []
    },
    {
      "ClassName": "TG_SmokesRepeater",
      "MaxPriceThreshold": 80000,
      "MinPriceThreshold": 70000,
      "SellPricePercent": 10,
      "MaxStockThreshold": 1,
      "MinStockThreshold": 1,
      "QuantityPercent": -1,
      "SpawnAttachments": [],
      "Variants": []
    },
    {
      "ClassName": "DAG_Reload_Case",
      "MaxPriceThreshold": 200000,
      "MinPriceThreshold": 200000,
      "SellPricePercent": 10,
      "MaxStockThreshold": 1,
      "MinStockThreshold": 1,
      "QuantityPercent": -1,
      "SpawnAttachments": [],
      "Variants": []
    },
    {
      "ClassName": "AYSA_blueFlareAmmo",
      "MaxPriceThreshold": 5000,
      "MinPriceThreshold": 5000,
      "SellPricePercent": 10,
      "MaxStockThreshold": 1,
      "MinStockThreshold": 1,
      "QuantityPercent": -1,
      "SpawnAttachments": [],
      "Variants": []
    },
    {
      "ClassName": "AYSA_greenFlareAmmo",
      "MaxPriceThreshold": 15000,
      "MinPriceThreshold": 15000,
      "SellPricePercent": 10,
      "MaxStockThreshold": 1,
      "MinStockThreshold": 1,
      "QuantityPercent": -1,
      "SpawnAttachments": [],
      "Variants": []
    }
  ]
}