{
  "m_Version": 12,
  "DisplayName": "THYER5 Stims",
  "Icon": "Deliver",
  "Color": "FBFCFEFF",
  "IsExchange": 0,
  "InitStockPercent": 75,
  "Items": [
    {
      "ClassName": "Stim_Blood",
      "MaxPriceThreshold": 2000,
      "MinPriceThreshold": 1000,
      "SellPricePercent": -1,
      "MaxStockThreshold": 1,
      "MinStockThreshold": 1,
      "QuantityPercent": -1,
      "SpawnAttachments": [],
      "Variants": [
        "Stim_Flu",
        "Stim_Health",
        "Stim_Hydration",
        "Stim_Immunity",
        "Stim_Infection",
        "Stim_Nutrition",
        "Stim_Shock",
        "Stim_Toxic",
        "Stim_Fractures",
        "Stim_Salmonella",
        "Stim_FoodPoisoning",
        "Stim_Kuru"
      ]
    },
    {
      "ClassName": "StimArmbandCase_Leather",
      "MaxPriceThreshold": 2000,
      "MinPriceThreshold": 1000,
      "SellPricePercent": -1,
      "MaxStockThreshold": 1,
      "MinStockThreshold": 1,
      "QuantityPercent": -1,
      "SpawnAttachments": [],
      "Variants": []
    }
  ]
}