{
  "m_Version": 12,
  "DisplayName": "Storage Lockers",
  "Icon": "Deliver",
  "Color": "FBFCFEFF",
  "IsExchange": 0,
  "InitStockPercent": 75,
  "Items": [
    {
      "ClassName": "mmg_equipment_locker_green_kit",
      "MaxPriceThreshold": 10000,
      "MinPriceThreshold": 7000,
      "SellPricePercent": -1,
      "MaxStockThreshold": 1,
      "MinStockThreshold": 1,
      "QuantityPercent": -1,
      "SpawnAttachments": [],
      "Variants": [
        "mmg_equipment_locker_black_kit",
        "mmg_equipment_locker_grey_kit"
      ]
    },
    {
      "ClassName": "mmg_locker02_blue_kit",
      "MaxPriceThreshold": 10000,
      "MinPriceThreshold": 7000,
      "SellPricePercent": -1,
      "MaxStockThreshold": 1,
      "MinStockThreshold": 1,
      "QuantityPercent": -1,
      "SpawnAttachments": [],
      "Variants": [
        "mmg_locker02_green_kit",
        "mmg_locker02_tan_kit"
      ]
    },
    {
      "ClassName": "mmg_solo_locker_yellow_kit",
      "MaxPriceThreshold": 10000,
      "MinPriceThreshold": 7000,
      "SellPricePercent": -1,
      "MaxStockThreshold": 1,
      "MinStockThreshold": 1,
      "QuantityPercent": -1,
      "SpawnAttachments": [],
      "Variants": [
        "mmg_solo_locker_blue_kit",
        "mmg_solo_locker_red_kit",
        "mmg_solo_locker_grey_kit",
        "mmg_solo_locker_purple_kit",
        "mmg_solo_locker_green_kit",
        "mmg_solo_locker_medic_kit"
      ]
    },
    {
      "ClassName": "rag_baseitems_mesh_locker_kit",
      "MaxPriceThreshold": 10000,
      "MinPriceThreshold": 7000,
      "SellPricePercent": -1,
      "MaxStockThreshold": 1,
      "MinStockThreshold": 1,
      "QuantityPercent": -1,
      "SpawnAttachments": [],
      "Variants": []
    },
    {
      "ClassName": "rag_baseitems_military_locker_big_kit",
      "MaxPriceThreshold": 10000,
      "MinPriceThreshold": 7000,
      "SellPricePercent": -1,
      "MaxStockThreshold": 1,
      "MinStockThreshold": 1,
      "QuantityPercent": -1,
      "SpawnAttachments": [],
      "Variants": []
    },
    {
      "ClassName": "rag_baseitems_military_locker_small_kit",
      "MaxPriceThreshold": 10000,
      "MinPriceThreshold": 7000,
      "SellPricePercent": -1,
      "MaxStockThreshold": 1,
      "MinStockThreshold": 1,
      "QuantityPercent": -1,
      "SpawnAttachments": [],
      "Variants": []
    },
    {
      "ClassName": "rag_baseitems_single_locker_kit",
      "MaxPriceThreshold": 10000,
      "MinPriceThreshold": 7000,
      "SellPricePercent": -1,
      "MaxStockThreshold": 1,
      "MinStockThreshold": 1,
      "QuantityPercent": -1,
      "SpawnAttachments": [],
      "Variants": [
        "rag_baseitems_single_locker_black_kit",
        "rag_baseitems_single_locker_green_kit",
        "rag_baseitems_single_locker_purple_kit",
        "rag_baseitems_single_locker_red_kit",
        "rag_baseitems_single_locker_yellow_kit"
      ]
    },
    {
      "ClassName": "rag_baseitems_triple_locker_kit",
      "MaxPriceThreshold": 10000,
      "MinPriceThreshold": 7000,
      "SellPricePercent": -1,
      "MaxStockThreshold": 1,
      "MinStockThreshold": 1,
      "QuantityPercent": -1,
      "SpawnAttachments": [],
      "Variants": [
        "rag_baseitems_triple_locker_black_kit",
        "rag_baseitems_triple_locker_green_kit",
        "rag_baseitems_triple_locker_purple_kit",
        "rag_baseitems_triple_locker_red_kit",
        "rag_baseitems_triple_locker_yellow_kit"
      ]
    },
    {
      "ClassName": "rag_baseitems_military_locker_threedoor_kit",
      "MaxPriceThreshold": 20000,
      "MinPriceThreshold": 17000,
      "SellPricePercent": -1,
      "MaxStockThreshold": 1,
      "MinStockThreshold": 1,
      "QuantityPercent": -1,
      "SpawnAttachments": [],
      "Variants": []
    }
  ]
}