{
  "m_Version": 12,
  "DisplayName": "Storage Cases",
  "Icon": "Deliver",
  "Color": "FBFCFEFF",
  "IsExchange": 0,
  "InitStockPercent": 75,
  "Items": [
    {
      "ClassName": "smallprotectorcase",
      "MaxPriceThreshold": 5670,
      "MinPriceThreshold": 3405,
      "SellPricePercent": -1,
      "MaxStockThreshold": 1,
      "MinStockThreshold": 1,
      "QuantityPercent": -1,
      "SpawnAttachments": [],
      "Variants": []
    },
    {
      "ClassName": "ammobox",
      "MaxPriceThreshold": 2000,
      "MinPriceThreshold": 2000,
      "SellPricePercent": -1,
      "MaxStockThreshold": 1,
      "MinStockThreshold": 1,
      "QuantityPercent": -1,
      "SpawnAttachments": [],
      "Variants": []
    },
    {
      "ClassName": "rag_baseitems_medic_box_kit",
      "MaxPriceThreshold": 5000,
      "MinPriceThreshold": 5000,
      "SellPricePercent": -1,
      "MaxStockThreshold": 1,
      "MinStockThreshold": 1,
      "QuantityPercent": -1,
      "SpawnAttachments": [],
      "Variants": []
    },
    {
      "ClassName": "mmg_crate04_olive",
      "MaxPriceThreshold": 2000,
      "MinPriceThreshold": 1000,
      "SellPricePercent": -1,
      "MaxStockThreshold": 1,
      "MinStockThreshold": 1,
      "QuantityPercent": -1,
      "SpawnAttachments": [],
      "Variants": [
        "mmg_crate04_black",
        "mmg_crate04_blue",
        "mmg_crate04_yellow",
        "mmg_crate04_red"
      ]
    },
    {
      "ClassName": "mmg_supply_crate_wood",
      "MaxPriceThreshold": 2500,
      "MinPriceThreshold": 2500,
      "SellPricePercent": -1,
      "MaxStockThreshold": 1,
      "MinStockThreshold": 1,
      "QuantityPercent": -1,
      "SpawnAttachments": [],
      "Variants": [
        "mmg_supply_crate_grey"
      ]
    },
    {
      "ClassName": "mmg_army_box_green",
      "MaxPriceThreshold": 5000,
      "MinPriceThreshold": 5000,
      "SellPricePercent": -1,
      "MaxStockThreshold": 1,
      "MinStockThreshold": 1,
      "QuantityPercent": -1,
      "SpawnAttachments": [],
      "Variants": [
        "mmg_army_box_medic",
        "mmg_army_box_medic_grey"
      ]
    },
    {
      "ClassName": "mmg_military_case_green",
      "MaxPriceThreshold": 5000,
      "MinPriceThreshold": 5000,
      "SellPricePercent": -1,
      "MaxStockThreshold": 1,
      "MinStockThreshold": 1,
      "QuantityPercent": -1,
      "SpawnAttachments": [],
      "Variants": []
    },
    {
      "ClassName": "mmg_weapon_crate_wood",
      "MaxPriceThreshold": 6000,
      "MinPriceThreshold": 6000,
      "SellPricePercent": -1,
      "MaxStockThreshold": 1,
      "MinStockThreshold": 1,
      "QuantityPercent": -1,
      "SpawnAttachments": [],
      "Variants": []
    },
    {
      "ClassName": "mmg_grenade_case_green",
      "MaxPriceThreshold": 5000,
      "MinPriceThreshold": 5000,
      "SellPricePercent": -1,
      "MaxStockThreshold": 1,
      "MinStockThreshold": 1,
      "QuantityPercent": -1,
      "SpawnAttachments": [],
      "Variants": []
    },
    {
      "ClassName": "Crate_Red_Kit",
      "MaxPriceThreshold": 5000,
      "MinPriceThreshold": 5000,
      "SellPricePercent": -1,
      "MaxStockThreshold": 1,
      "MinStockThreshold": 1,
      "QuantityPercent": -1,
      "SpawnAttachments": [],
      "Variants": [
        "Crate_Blue_Kit",
        "Crate_Green_Kit",
        "Crate_Brown_Kit",
        "Crate_Pink_Kit",
        "Crate_Orange_Kit",
        "CrateScifiRed_Kit",
        "CrateScifi_Kit"
      ]
    }
  ]
}