{
  "m_Version": 12,
  "DisplayName": "Tents",
  "Icon": "Deliver",
  "Color": "FBFCFEFF",
  "IsExchange": 0,
  "InitStockPercent": 75,
  "Items": [
    {
      "ClassName": "partytent",
      "MaxPriceThreshold": 5105,
      "MinPriceThreshold": 3060,
      "SellPricePercent": -1,
      "MaxStockThreshold": 1,
      "MinStockThreshold": 1,
      "QuantityPercent": -1,
      "SpawnAttachments": [],
      "Variants": [
        "partytent_blue",
        "partytent_brown",
        "partytent_lunapark"
      ]
    },
    {
      "ClassName": "partytent_blue",
      "MaxPriceThreshold": 5105,
      "MinPriceThreshold": 3060,
      "SellPricePercent": -1,
      "MaxStockThreshold": 1,
      "MinStockThreshold": 1,
      "QuantityPercent": -1,
      "SpawnAttachments": [],
      "Variants": []
    },
    {
      "ClassName": "partytent_brown",
      "MaxPriceThreshold": 5105,
      "MinPriceThreshold": 3060,
      "SellPricePercent": -1,
      "MaxStockThreshold": 1,
      "MinStockThreshold": 1,
      "QuantityPercent": -1,
      "SpawnAttachments": [],
      "Variants": []
    },
    {
      "ClassName": "partytent_lunapark",
      "MaxPriceThreshold": 6380,
      "MinPriceThreshold": 3830,
      "SellPricePercent": -1,
      "MaxStockThreshold": 1,
      "MinStockThreshold": 1,
      "QuantityPercent": -1,
      "SpawnAttachments": [],
      "Variants": []
    },
    {
      "ClassName": "mediumtent",
      "MaxPriceThreshold": 3925,
      "MinPriceThreshold": 2355,
      "SellPricePercent": -1,
      "MaxStockThreshold": 1,
      "MinStockThreshold": 1,
      "QuantityPercent": -1,
      "SpawnAttachments": [],
      "Variants": [
        "mediumtent_orange",
        "mediumtent_green"
      ]
    },
    {
      "ClassName": "mediumtent_orange",
      "MaxPriceThreshold": 3925,
      "MinPriceThreshold": 2355,
      "SellPricePercent": -1,
      "MaxStockThreshold": 1,
      "MinStockThreshold": 1,
      "QuantityPercent": -1,
      "SpawnAttachments": [],
      "Variants": []
    },
    {
      "ClassName": "mediumtent_green",
      "MaxPriceThreshold": 5025,
      "MinPriceThreshold": 3015,
      "SellPricePercent": -1,
      "MaxStockThreshold": 1,
      "MinStockThreshold": 1,
      "QuantityPercent": -1,
      "SpawnAttachments": [],
      "Variants": []
    },
    {
      "ClassName": "largetent",
      "MaxPriceThreshold": 19140,
      "MinPriceThreshold": 11485,
      "SellPricePercent": -1,
      "MaxStockThreshold": 1,
      "MinStockThreshold": 1,
      "QuantityPercent": -1,
      "SpawnAttachments": [],
      "Variants": []
    },
    {
      "ClassName": "cartent",
      "MaxPriceThreshold": 9250,
      "MinPriceThreshold": 5550,
      "SellPricePercent": -1,
      "MaxStockThreshold": 1,
      "MinStockThreshold": 1,
      "QuantityPercent": -1,
      "SpawnAttachments": [],
      "Variants": []
    },
    {
      "ClassName": "expansioncamotentkit",
      "MaxPriceThreshold": 5200,
      "MinPriceThreshold": 2600,
      "SellPricePercent": -1,
      "MaxStockThreshold": 1,
      "MinStockThreshold": 1,
      "QuantityPercent": -1,
      "SpawnAttachments": [],
      "Variants": []
    },
    {
      "ClassName": "expansioncamoboxkit",
      "MaxPriceThreshold": 5200,
      "MinPriceThreshold": 2600,
      "SellPricePercent": -1,
      "MaxStockThreshold": 1,
      "MinStockThreshold": 1,
      "QuantityPercent": -1,
      "SpawnAttachments": [],
      "Variants": []
    },
    {
      "ClassName": "rag_baseitems_celtic_shelter_kit",
      "MaxPriceThreshold": 10000,
      "MinPriceThreshold": 7000,
      "SellPricePercent": -1,
      "MaxStockThreshold": 1,
      "MinStockThreshold": 1,
      "QuantityPercent": -1,
      "SpawnAttachments": [],
      "Variants": []
    },
    {
      "ClassName": "viking_shelter_kit",
      "MaxPriceThreshold": 10000,
      "MinPriceThreshold": 7000,
      "SellPricePercent": -1,
      "MaxStockThreshold": 1,
      "MinStockThreshold": 1,
      "QuantityPercent": -1,
      "SpawnAttachments": [],
      "Variants": []
    },
    {
      "ClassName": "WG_AdventurerTent_Kit",
      "MaxPriceThreshold": 500,
      "MinPriceThreshold": 250,
      "SellPricePercent": -1,
      "MaxStockThreshold": 100,
      "MinStockThreshold": 1,
      "QuantityPercent": -1,
      "SpawnAttachments": [],
      "Variants": []
    },
    {
      "ClassName": "WG_CampingTent_Blue_Kit",
      "MaxPriceThreshold": 500,
      "MinPriceThreshold": 250,
      "SellPricePercent": -1,
      "MaxStockThreshold": 100,
      "MinStockThreshold": 1,
      "QuantityPercent": -1,
      "SpawnAttachments": [],
      "Variants": [
        "WG_CampingTent_Gray_Kit"
      ]
    },
    {
      "ClassName": "mmg_craftable_tent_kit",
      "MaxPriceThreshold": 10000,
      "MinPriceThreshold": 7000,
      "SellPricePercent": -1,
      "MaxStockThreshold": 1,
      "MinStockThreshold": 1,
      "QuantityPercent": -1,
      "SpawnAttachments": [],
      "Variants": []
    }
  ]
}