{
  "m_Version": 12,
  "DisplayName": "Tier 5 Weapons Damage Score: 200+",
  "Icon": "Deliver",
  "Color": "FBFCFEFF",
  "IsExchange": 0,
  "InitStockPercent": 75,
  "Items": [
    {
      "ClassName": "SNAFUAX50_GUN",
      "MaxPriceThreshold": 65000,
      "MinPriceThreshold": 55000,
      "SellPricePercent": -1,
      "MaxStockThreshold": 1,
      "MinStockThreshold": 1,
      "QuantityPercent": -1,
      "SpawnAttachments": [],
      "Variants": []
    },
    {
      "ClassName": "GCGN_M82_Barret",
      "MaxPriceThreshold": 65000,
      "MinPriceThreshold": 55000,
      "SellPricePercent": -1,
      "MaxStockThreshold": 1,
      "MinStockThreshold": 1,
      "QuantityPercent": -1,
      "SpawnAttachments": [],
      "Variants": []
    },
    {
      "ClassName": "SNAFU_AS50_GUN",
      "MaxPriceThreshold": 65000,
      "MinPriceThreshold": 55000,
      "SellPricePercent": -1,
      "MaxStockThreshold": 1,
      "MinStockThreshold": 1,
      "QuantityPercent": -1,
      "SpawnAttachments": [],
      "Variants": []
    },
    {
      "ClassName": "SNAFUGM6Lynx",
      "MaxPriceThreshold": 65000,
      "MinPriceThreshold": 55000,
      "SellPricePercent": -1,
      "MaxStockThreshold": 1,
      "MinStockThreshold": 1,
      "QuantityPercent": -1,
      "SpawnAttachments": [],
      "Variants": []
    },
    {
      "ClassName": "SNAFUAlligator",
      "MaxPriceThreshold": 65000,
      "MinPriceThreshold": 55000,
      "SellPricePercent": -1,
      "MaxStockThreshold": 1,
      "MinStockThreshold": 1,
      "QuantityPercent": -1,
      "SpawnAttachments": [],
      "Variants": []
    },
    {
      "ClassName": "SNAFUASh12",
      "MaxPriceThreshold": 65000,
      "MinPriceThreshold": 55000,
      "SellPricePercent": -1,
      "MaxStockThreshold": 1,
      "MinStockThreshold": 1,
      "QuantityPercent": -1,
      "SpawnAttachments": [],
      "Variants": []
    },
    {
      "ClassName": "SNAFUM96",
      "MaxPriceThreshold": 65000,
      "MinPriceThreshold": 55000,
      "SellPricePercent": -1,
      "MaxStockThreshold": 1,
      "MinStockThreshold": 1,
      "QuantityPercent": -1,
      "SpawnAttachments": [],
      "Variants": []
    },
    {
      "ClassName": "GCGN_M200",
      "MaxPriceThreshold": 65000,
      "MinPriceThreshold": 55000,
      "SellPricePercent": -1,
      "MaxStockThreshold": 1,
      "MinStockThreshold": 1,
      "QuantityPercent": -1,
      "SpawnAttachments": [],
      "Variants": [
        "GCGN_M200_Tan",
        "SNAFU_M200Green",
        "SNAFU_M200SNOW"
      ]
    },
    {
      "ClassName": "SNAFU_M300BK",
      "MaxPriceThreshold": 65000,
      "MinPriceThreshold": 55000,
      "SellPricePercent": -1,
      "MaxStockThreshold": 1,
      "MinStockThreshold": 1,
      "QuantityPercent": -1,
      "SpawnAttachments": [],
      "Variants": [
        "SNAFU_M300TAN",
        "SNAFU_M300Green"
      ]
    },
    {
      "ClassName": "SNAFUVSSK",
      "MaxPriceThreshold": 50000,
      "MinPriceThreshold": 45000,
      "SellPricePercent": -1,
      "MaxStockThreshold": 1,
      "MinStockThreshold": 1,
      "QuantityPercent": -1,
      "SpawnAttachments": [],
      "Variants": []
    },
    {
      "ClassName": "Paragon_VSSK",
      "MaxPriceThreshold": 65000,
      "MinPriceThreshold": 55000,
      "SellPricePercent": -1,
      "MaxStockThreshold": 1,
      "MinStockThreshold": 1,
      "QuantityPercent": -1,
      "SpawnAttachments": [],
      "Variants": []
    },
    {
      "ClassName": "Paragon_MRAD",
      "MaxPriceThreshold": 40000,
      "MinPriceThreshold": 35000,
      "SellPricePercent": -1,
      "MaxStockThreshold": 1,
      "MinStockThreshold": 1,
      "QuantityPercent": -1,
      "SpawnAttachments": [],
      "Variants": []
    },
    {
      "ClassName": "Paragon_Gevar",
      "MaxPriceThreshold": 40000,
      "MinPriceThreshold": 35000,
      "SellPricePercent": -1,
      "MaxStockThreshold": 1,
      "MinStockThreshold": 1,
      "QuantityPercent": -1,
      "SpawnAttachments": [],
      "Variants": []
    },
    {
      "ClassName": "Paragon_Delta_Black",
      "MaxPriceThreshold": 40000,
      "MinPriceThreshold": 35000,
      "SellPricePercent": -1,
      "MaxStockThreshold": 1,
      "MinStockThreshold": 1,
      "QuantityPercent": -1,
      "SpawnAttachments": [],
      "Variants": [
        "Paragon_Delta_Tan"
      ]
    },
    {
      "ClassName": "Paragon_Scar",
      "MaxPriceThreshold": 40000,
      "MinPriceThreshold": 35000,
      "SellPricePercent": -1,
      "MaxStockThreshold": 1,
      "MinStockThreshold": 1,
      "QuantityPercent": -1,
      "SpawnAttachments": [],
      "Variants": []
    },
    {
      "ClassName": "Paragon_MCX_Black",
      "MaxPriceThreshold": 40000,
      "MinPriceThreshold": 35000,
      "SellPricePercent": -1,
      "MaxStockThreshold": 1,
      "MinStockThreshold": 1,
      "QuantityPercent": -1,
      "SpawnAttachments": [],
      "Variants": [
        "Paragon_MCX_Tan"
      ]
    },
    {
      "ClassName": "Paragon_HT",
      "MaxPriceThreshold": 40000,
      "MinPriceThreshold": 35000,
      "SellPricePercent": -1,
      "MaxStockThreshold": 1,
      "MinStockThreshold": 1,
      "QuantityPercent": -1,
      "SpawnAttachments": [],
      "Variants": []
    },
    {
      "ClassName": "Paragon_SnowOwl",
      "MaxPriceThreshold": 65000,
      "MinPriceThreshold": 55000,
      "SellPricePercent": -1,
      "MaxStockThreshold": 1,
      "MinStockThreshold": 1,
      "QuantityPercent": -1,
      "SpawnAttachments": [],
      "Variants": []
    },
    {
      "ClassName": "Paragon_SRS",
      "MaxPriceThreshold": 65000,
      "MinPriceThreshold": 55000,
      "SellPricePercent": -1,
      "MaxStockThreshold": 1,
      "MinStockThreshold": 1,
      "QuantityPercent": -1,
      "SpawnAttachments": [],
      "Variants": []
    },
    {
      "ClassName": "Paragon_M100",
      "MaxPriceThreshold": 65000,
      "MinPriceThreshold": 55000,
      "SellPricePercent": -1,
      "MaxStockThreshold": 1,
      "MinStockThreshold": 1,
      "QuantityPercent": -1,
      "SpawnAttachments": [],
      "Variants": [
        "Paragon_M100_Black"
      ]
    },
    {
      "ClassName": "Paragon_M200_Black",
      "MaxPriceThreshold": 65000,
      "MinPriceThreshold": 55000,
      "SellPricePercent": -1,
      "MaxStockThreshold": 1,
      "MinStockThreshold": 1,
      "QuantityPercent": -1,
      "SpawnAttachments": [],
      "Variants": [
        "Paragon_M200_Grey",
        "Paragon_M200_White"
      ]
    },
    {
      "ClassName": "Paragon_M300",
      "MaxPriceThreshold": 65000,
      "MinPriceThreshold": 55000,
      "SellPricePercent": -1,
      "MaxStockThreshold": 1,
      "MinStockThreshold": 1,
      "QuantityPercent": -1,
      "SpawnAttachments": [],
      "Variants": [
        "Paragon_M300_Grey",
        "Paragon_M300_Black"
      ]
    },
    {
      "ClassName": "Paragon_Rogue",
      "MaxPriceThreshold": 65000,
      "MinPriceThreshold": 55000,
      "SellPricePercent": -1,
      "MaxStockThreshold": 1,
      "MinStockThreshold": 1,
      "QuantityPercent": -1,
      "SpawnAttachments": [],
      "Variants": []
    },
    {
      "ClassName": "Paragon_Remington_Black",
      "MaxPriceThreshold": 65000,
      "MinPriceThreshold": 55000,
      "SellPricePercent": -1,
      "MaxStockThreshold": 1,
      "MinStockThreshold": 1,
      "QuantityPercent": -1,
      "SpawnAttachments": [],
      "Variants": [
        "Paragon_Remington_Blue",
        "Paragon_Remington_Tan"
      ]
    },
    {
      "ClassName": "Paragon_R700",
      "MaxPriceThreshold": 65000,
      "MinPriceThreshold": 55000,
      "SellPricePercent": -1,
      "MaxStockThreshold": 1,
      "MinStockThreshold": 1,
      "QuantityPercent": -1,
      "SpawnAttachments": [],
      "Variants": []
    },
    {
      "ClassName": "Paragon_SV98",
      "MaxPriceThreshold": 65000,
      "MinPriceThreshold": 55000,
      "SellPricePercent": -1,
      "MaxStockThreshold": 1,
      "MinStockThreshold": 1,
      "QuantityPercent": -1,
      "SpawnAttachments": [],
      "Variants": []
    },
    {
      "ClassName": "Paragon_DVL10S",
      "MaxPriceThreshold": 65000,
      "MinPriceThreshold": 55000,
      "SellPricePercent": -1,
      "MaxStockThreshold": 1,
      "MinStockThreshold": 1,
      "QuantityPercent": -1,
      "SpawnAttachments": [],
      "Variants": []
    },
    {
      "ClassName": "Paragon_DVL10",
      "MaxPriceThreshold": 65000,
      "MinPriceThreshold": 55000,
      "SellPricePercent": -1,
      "MaxStockThreshold": 1,
      "MinStockThreshold": 1,
      "QuantityPercent": -1,
      "SpawnAttachments": [],
      "Variants": []
    },
    {
      "ClassName": "Paragon_Blaze_Blue",
      "MaxPriceThreshold": 65000,
      "MinPriceThreshold": 55000,
      "SellPricePercent": -1,
      "MaxStockThreshold": 1,
      "MinStockThreshold": 1,
      "QuantityPercent": -1,
      "SpawnAttachments": [],
      "Variants": [
        "Paragon_Blaze_Red",
        "Paragon_Blaze_Black"
      ]
    },
    {
      "ClassName": "Paragon_M82_Black",
      "MaxPriceThreshold": 65000,
      "MinPriceThreshold": 55000,
      "SellPricePercent": -1,
      "MaxStockThreshold": 1,
      "MinStockThreshold": 1,
      "QuantityPercent": -1,
      "SpawnAttachments": [],
      "Variants": [
        "Paragon_M82_Grey",
        "Paragon_M82_Green",
        "Paragon_M82_Tan"
      ]
    },
    {
      "ClassName": "Paragon_AX50_Black",
      "MaxPriceThreshold": 65000,
      "MinPriceThreshold": 55000,
      "SellPricePercent": -1,
      "MaxStockThreshold": 1,
      "MinStockThreshold": 1,
      "QuantityPercent": -1,
      "SpawnAttachments": [],
      "Variants": [
        "Paragon_AX50_Grey",
        "Paragon_AX50_Tan"
      ]
    },
    {
      "ClassName": "Paragon_AXMC",
      "MaxPriceThreshold": 65000,
      "MinPriceThreshold": 55000,
      "SellPricePercent": -1,
      "MaxStockThreshold": 1,
      "MinStockThreshold": 1,
      "QuantityPercent": -1,
      "SpawnAttachments": [],
      "Variants": []
    },
    {
      "ClassName": "Paragon_AS50",
      "MaxPriceThreshold": 65000,
      "MinPriceThreshold": 55000,
      "SellPricePercent": -1,
      "MaxStockThreshold": 1,
      "MinStockThreshold": 1,
      "QuantityPercent": -1,
      "SpawnAttachments": [],
      "Variants": []
    },
    {
      "ClassName": "Paragon_Lynx_Black",
      "MaxPriceThreshold": 65000,
      "MinPriceThreshold": 55000,
      "SellPricePercent": -1,
      "MaxStockThreshold": 1,
      "MinStockThreshold": 1,
      "QuantityPercent": -1,
      "SpawnAttachments": [],
      "Variants": []
    },
    {
      "ClassName": "Paragon_Alligator",
      "MaxPriceThreshold": 70000,
      "MinPriceThreshold": 60000,
      "SellPricePercent": -1,
      "MaxStockThreshold": 1,
      "MinStockThreshold": 1,
      "QuantityPercent": -1,
      "SpawnAttachments": [],
      "Variants": [
        "Paragon_Alligator_Black"
      ]
    },
    {
      "ClassName": "Paragon_NTW",
      "MaxPriceThreshold": 70000,
      "MinPriceThreshold": 60000,
      "SellPricePercent": -1,
      "MaxStockThreshold": 1,
      "MinStockThreshold": 1,
      "QuantityPercent": -1,
      "SpawnAttachments": [],
      "Variants": []
    },
    {
      "ClassName": "Paragon_Anzio",
      "MaxPriceThreshold": 70000,
      "MinPriceThreshold": 60000,
      "SellPricePercent": -1,
      "MaxStockThreshold": 1,
      "MinStockThreshold": 1,
      "QuantityPercent": -1,
      "SpawnAttachments": [],
      "Variants": [
        "Paragon_Anzio_Black"
      ]
    },
    {
      "ClassName": "Paragon_AR50",
      "MaxPriceThreshold": 70000,
      "MinPriceThreshold": 60000,
      "SellPricePercent": -1,
      "MaxStockThreshold": 1,
      "MinStockThreshold": 1,
      "QuantityPercent": -1,
      "SpawnAttachments": [],
      "Variants": []
    },
    {
      "ClassName": "Paragon_CSR",
      "MaxPriceThreshold": 70000,
      "MinPriceThreshold": 60000,
      "SellPricePercent": -1,
      "MaxStockThreshold": 1,
      "MinStockThreshold": 1,
      "QuantityPercent": -1,
      "SpawnAttachments": [],
      "Variants": [
        "Paragon_CSR_Black"
      ]
    },
    {
      "ClassName": "Paragon_PTRD41",
      "MaxPriceThreshold": 70000,
      "MinPriceThreshold": 60000,
      "SellPricePercent": -1,
      "MaxStockThreshold": 1,
      "MinStockThreshold": 1,
      "QuantityPercent": -1,
      "SpawnAttachments": [],
      "Variants": []
    },
    {
      "ClassName": "Paragon_CDX",
      "MinPriceThreshold": 55000,
      "MaxPriceThreshold": 65000,
      "SellPricePercent": -1,
      "MaxStockThreshold": 1,
      "MinStockThreshold": 1,
      "QuantityPercent": -1,
      "SpawnAttachments": [],
      "Variants": []
    },
    {
      "ClassName": "Paragon_TTS",
      "MaxPriceThreshold": 65000,
      "MinPriceThreshold": 55000,
      "SellPricePercent": -1,
      "MaxStockThreshold": 1,
      "MinStockThreshold": 1,
      "QuantityPercent": -1,
      "SpawnAttachments": [],
      "Variants": []
    },
    {
      "ClassName": "Paragon_Beowulf",
      "MaxPriceThreshold": 65000,
      "MinPriceThreshold": 55000,
      "SellPricePercent": -1,
      "MaxStockThreshold": 1,
      "MinStockThreshold": 1,
      "QuantityPercent": -1,
      "SpawnAttachments": [],
      "Variants": []
    },
    {
      "ClassName": "Paragon_PopeChey",
      "MaxPriceThreshold": 65000,
      "MinPriceThreshold": 55000,
      "SellPricePercent": -1,
      "MaxStockThreshold": 1,
      "MinStockThreshold": 1,
      "QuantityPercent": -1,
      "SpawnAttachments": [],
      "Variants": [
        "Paragon_PopeChey_Grey"
      ]
    },
    {
      "ClassName": "M79",
      "MaxPriceThreshold": 65000,
      "MinPriceThreshold": 55000,
      "SellPricePercent": -1,
      "MaxStockThreshold": 1,
      "MinStockThreshold": 1,
      "QuantityPercent": -1,
      "SpawnAttachments": [],
      "Variants": []
    },
    {
      "ClassName": "ExpansionRPG7",
      "MaxPriceThreshold": 65000,
      "MinPriceThreshold": 55000,
      "SellPricePercent": -1,
      "MaxStockThreshold": 1,
      "MinStockThreshold": 1,
      "QuantityPercent": -1,
      "SpawnAttachments": [],
      "Variants": []
    },
    {
      "ClassName": "ExpansionLAW",
      "MaxPriceThreshold": 65000,
      "MinPriceThreshold": 55000,
      "SellPricePercent": -1,
      "MaxStockThreshold": 1,
      "MinStockThreshold": 1,
      "QuantityPercent": -1,
      "SpawnAttachments": [],
      "Variants": []
    }
  ]
}