{
  "m_Version": 12,
  "DisplayName": "Tier 3 Weapons Damage Score: 75 - 90",
  "Icon": "Deliver",
  "Color": "FBFCFEFF",
  "IsExchange": 0,
  "InitStockPercent": 75,
  "Items": [
    {
      "ClassName": "AA12_Gun",
      "MaxPriceThreshold": 15000,
      "MinPriceThreshold": 12000,
      "SellPricePercent": -1,
      "MaxStockThreshold": 1,
      "MinStockThreshold": 1,
      "QuantityPercent": -1,
      "SpawnAttachments": [],
      "Variants": []
    },
    {
      "ClassName": "Izh43Shotgun",
      "MaxPriceThreshold": 15000,
      "MinPriceThreshold": 12000,
      "SellPricePercent": -1,
      "MaxStockThreshold": 1,
      "MinStockThreshold": 1,
      "QuantityPercent": -1,
      "SpawnAttachments": [],
      "Variants": [
        "SawedoffIzh43Shotgun"
      ]
    },
    {
      "ClassName": "Mp133Shotgun",
      "MaxPriceThreshold": 15000,
      "MinPriceThreshold": 12000,
      "SellPricePercent": -1,
      "MaxStockThreshold": 1,
      "MinStockThreshold": 1,
      "QuantityPercent": -1,
      "SpawnAttachments": [],
      "Variants": []
    },
    {
      "ClassName": "Saiga",
      "MaxPriceThreshold": 15000,
      "MinPriceThreshold": 12000,
      "SellPricePercent": -1,
      "MaxStockThreshold": 1,
      "MinStockThreshold": 1,
      "QuantityPercent": -1,
      "SpawnAttachments": [],
      "Variants": []
    },
    {
      "ClassName": "Spas12_Gun",
      "MaxPriceThreshold": 15000,
      "MinPriceThreshold": 12000,
      "SellPricePercent": -1,
      "MaxStockThreshold": 1,
      "MinStockThreshold": 1,
      "QuantityPercent": -1,
      "SpawnAttachments": [],
      "Variants": []
    },
    {
      "ClassName": "VR80_Gun",
      "MaxPriceThreshold": 15000,
      "MinPriceThreshold": 12000,
      "SellPricePercent": -1,
      "MaxStockThreshold": 1,
      "MinStockThreshold": 1,
      "QuantityPercent": -1,
      "SpawnAttachments": [],
      "Variants": []
    },
    {
      "ClassName": "SN_Auto_Shotgun",
      "MaxPriceThreshold": 15000,
      "MinPriceThreshold": 12000,
      "SellPricePercent": -1,
      "MaxStockThreshold": 1,
      "MinStockThreshold": 1,
      "QuantityPercent": -1,
      "SpawnAttachments": [],
      "Variants": []
    },
    {
      "ClassName": "SN_M870",
      "MaxPriceThreshold": 15000,
      "MinPriceThreshold": 12000,
      "SellPricePercent": -1,
      "MaxStockThreshold": 1,
      "MinStockThreshold": 1,
      "QuantityPercent": -1,
      "SpawnAttachments": [],
      "Variants": []
    },
    {
      "ClassName": "SNAFU_Trenchgun",
      "MaxPriceThreshold": 15000,
      "MinPriceThreshold": 12000,
      "SellPricePercent": -1,
      "MaxStockThreshold": 1,
      "MinStockThreshold": 1,
      "QuantityPercent": -1,
      "SpawnAttachments": [],
      "Variants": []
    },
    {
      "ClassName": "GCGN_BenelliM4",
      "MaxPriceThreshold": 15000,
      "MinPriceThreshold": 12000,
      "SellPricePercent": -1,
      "MaxStockThreshold": 1,
      "MinStockThreshold": 1,
      "QuantityPercent": -1,
      "SpawnAttachments": [],
      "Variants": []
    },
    {
      "ClassName": "Expansion_M14",
      "MaxPriceThreshold": 15000,
      "MinPriceThreshold": 12000,
      "SellPricePercent": -1,
      "MaxStockThreshold": 1,
      "MinStockThreshold": 1,
      "QuantityPercent": -1,
      "SpawnAttachments": [],
      "Variants": []
    },
    {
      "ClassName": "M14",
      "MaxPriceThreshold": 15000,
      "MinPriceThreshold": 12000,
      "SellPricePercent": -1,
      "MaxStockThreshold": 1,
      "MinStockThreshold": 1,
      "QuantityPercent": -1,
      "SpawnAttachments": [],
      "Variants": []
    },
    {
      "ClassName": "SNAFU_M14",
      "MaxPriceThreshold": 15000,
      "MinPriceThreshold": 12000,
      "SellPricePercent": -1,
      "MaxStockThreshold": 1,
      "MinStockThreshold": 1,
      "QuantityPercent": -1,
      "SpawnAttachments": [],
      "Variants": []
    },
    {
      "ClassName": "SNAFU_FRF2",
      "MaxPriceThreshold": 15000,
      "MinPriceThreshold": 12000,
      "SellPricePercent": -1,
      "MaxStockThreshold": 1,
      "MinStockThreshold": 1,
      "QuantityPercent": -1,
      "SpawnAttachments": [],
      "Variants": []
    },
    {
      "ClassName": "B95",
      "MaxPriceThreshold": 15000,
      "MinPriceThreshold": 12000,
      "SellPricePercent": -1,
      "MaxStockThreshold": 1,
      "MinStockThreshold": 1,
      "QuantityPercent": -1,
      "SpawnAttachments": [],
      "Variants": [
        "B95_Black",
        "B95_Green",
        "SawedoffB95"
      ]
    },
    {
      "ClassName": "FAL",
      "MaxPriceThreshold": 15000,
      "MinPriceThreshold": 12000,
      "SellPricePercent": -1,
      "MaxStockThreshold": 1,
      "MinStockThreshold": 1,
      "QuantityPercent": -1,
      "SpawnAttachments": [],
      "Variants": []
    },
    {
      "ClassName": "Winchester70",
      "MaxPriceThreshold": 15000,
      "MinPriceThreshold": 12000,
      "SellPricePercent": -1,
      "MaxStockThreshold": 1,
      "MinStockThreshold": 1,
      "QuantityPercent": -1,
      "SpawnAttachments": [],
      "Variants": [
        "Winchester70_Black",
        "Winchester70_Green"
      ]
    },
    {
      "ClassName": "LongHorn",
      "MaxPriceThreshold": 15000,
      "MinPriceThreshold": 12000,
      "SellPricePercent": -1,
      "MaxStockThreshold": 1,
      "MinStockThreshold": 1,
      "QuantityPercent": -1,
      "SpawnAttachments": [],
      "Variants": []
    },
    {
      "ClassName": "SNHK417_Gun",
      "MaxPriceThreshold": 15000,
      "MinPriceThreshold": 12000,
      "SellPricePercent": -1,
      "MaxStockThreshold": 1,
      "MinStockThreshold": 1,
      "QuantityPercent": -1,
      "SpawnAttachments": [],
      "Variants": []
    },
    {
      "ClassName": "SNAFU_AK308",
      "MaxPriceThreshold": 15000,
      "MinPriceThreshold": 12000,
      "SellPricePercent": -1,
      "MaxStockThreshold": 1,
      "MinStockThreshold": 1,
      "QuantityPercent": -1,
      "SpawnAttachments": [],
      "Variants": []
    },
    {
      "ClassName": "SNAFUM1A_Black",
      "MaxPriceThreshold": 15000,
      "MinPriceThreshold": 12000,
      "SellPricePercent": -1,
      "MaxStockThreshold": 1,
      "MinStockThreshold": 1,
      "QuantityPercent": -1,
      "SpawnAttachments": [],
      "Variants": [
        "SNAFUM1A_Green",
        "SNAFUM1A_Tan"
      ]
    },
    {
      "ClassName": "SNAFU_M76",
      "MaxPriceThreshold": 15000,
      "MinPriceThreshold": 12000,
      "SellPricePercent": -1,
      "MaxStockThreshold": 1,
      "MinStockThreshold": 1,
      "QuantityPercent": -1,
      "SpawnAttachments": [],
      "Variants": []
    },
    {
      "ClassName": "SNAFU_M48",
      "MaxPriceThreshold": 15000,
      "MinPriceThreshold": 12000,
      "SellPricePercent": -1,
      "MaxStockThreshold": 1,
      "MinStockThreshold": 1,
      "QuantityPercent": -1,
      "SpawnAttachments": [],
      "Variants": []
    },
    {
      "ClassName": "GCGN_M110_Black",
      "MaxPriceThreshold": 15000,
      "MinPriceThreshold": 12000,
      "SellPricePercent": -1,
      "MaxStockThreshold": 1,
      "MinStockThreshold": 1,
      "QuantityPercent": -1,
      "SpawnAttachments": [],
      "Variants": [
        "GCGN_M110_Green",
        "GCGN_M110_Tan"
      ]
    },
    {
      "ClassName": "GCGN_M700",
      "MaxPriceThreshold": 15000,
      "MinPriceThreshold": 12000,
      "SellPricePercent": -1,
      "MaxStockThreshold": 1,
      "MinStockThreshold": 1,
      "QuantityPercent": -1,
      "SpawnAttachments": [],
      "Variants": []
    },
    {
      "ClassName": "SNSA58_Gun",
      "MaxPriceThreshold": 15000,
      "MinPriceThreshold": 12000,
      "SellPricePercent": -1,
      "MaxStockThreshold": 1,
      "MinStockThreshold": 1,
      "QuantityPercent": -1,
      "SpawnAttachments": [],
      "Variants": []
    },
    {
      "ClassName": "SNAFURSASS_Wood_GUN",
      "MaxPriceThreshold": 15000,
      "MinPriceThreshold": 12000,
      "SellPricePercent": -1,
      "MaxStockThreshold": 1,
      "MinStockThreshold": 1,
      "QuantityPercent": -1,
      "SpawnAttachments": [],
      "Variants": [
        "SNAFURSASS_od_GUN",
        "SNAFURSASS_dkmc_GUN"
      ]
    },
    {
      "ClassName": "SNAFU_SR25_Gun",
      "MaxPriceThreshold": 15000,
      "MinPriceThreshold": 12000,
      "SellPricePercent": -1,
      "MaxStockThreshold": 1,
      "MinStockThreshold": 1,
      "QuantityPercent": -1,
      "SpawnAttachments": [],
      "Variants": []
    },
    {
      "ClassName": "SNAFUDSASA58_Gun",
      "MaxPriceThreshold": 15000,
      "MinPriceThreshold": 12000,
      "SellPricePercent": -1,
      "MaxStockThreshold": 1,
      "MinStockThreshold": 1,
      "QuantityPercent": -1,
      "SpawnAttachments": [],
      "Variants": []
    },
    {
      "ClassName": "SNAFU_Saint_Gun",
      "MaxPriceThreshold": 15000,
      "MinPriceThreshold": 12000,
      "SellPricePercent": -1,
      "MaxStockThreshold": 1,
      "MinStockThreshold": 1,
      "QuantityPercent": -1,
      "SpawnAttachments": [],
      "Variants": []
    },
    {
      "ClassName": "Snafu_ScarH_Black_GUN",
      "MaxPriceThreshold": 15000,
      "MinPriceThreshold": 12000,
      "SellPricePercent": -1,
      "MaxStockThreshold": 1,
      "MinStockThreshold": 1,
      "QuantityPercent": -1,
      "SpawnAttachments": [],
      "Variants": [
        "Snafu_ScarH_DKMC_GUN",
        "Snafu_ScarH_OD_GUN",
        "Snafu_ScarH_Snow_GUN",
        "Snafu_ScarH_Tan_GUN"
      ]
    },
    {
      "ClassName": "SVD",
      "MaxPriceThreshold": 15000,
      "MinPriceThreshold": 12000,
      "SellPricePercent": -1,
      "MaxStockThreshold": 1,
      "MinStockThreshold": 1,
      "QuantityPercent": -1,
      "SpawnAttachments": [],
      "Variants": []
    },
    {
      "ClassName": "Mosin9130",
      "MaxPriceThreshold": 15000,
      "MinPriceThreshold": 12000,
      "SellPricePercent": -1,
      "MaxStockThreshold": 1,
      "MinStockThreshold": 1,
      "QuantityPercent": -1,
      "SpawnAttachments": [],
      "Variants": [
        "Mosin9130_Black",
        "Mosin9130_Green",
        "Mosin9130_Camo"
      ]
    },
    {
      "ClassName": "SawedoffMosin9130",
      "MaxPriceThreshold": 15000,
      "MinPriceThreshold": 12000,
      "SellPricePercent": -1,
      "MaxStockThreshold": 1,
      "MinStockThreshold": 1,
      "QuantityPercent": -1,
      "SpawnAttachments": [],
      "Variants": [
        "SawedoffMosin9130_Black",
        "SawedoffMosin9130_Green",
        "SawedoffMosin9130_Camo"
      ]
    },
    {
      "ClassName": "Paragon_Scar_H",
      "MaxPriceThreshold": 25000,
      "MinPriceThreshold": 20000,
      "SellPricePercent": -1,
      "MaxStockThreshold": 1,
      "MinStockThreshold": 1,
      "QuantityPercent": -1,
      "SpawnAttachments": [],
      "Variants": []
    },
    {
      "ClassName": "Paragon_SA58",
      "MaxPriceThreshold": 25000,
      "MinPriceThreshold": 20000,
      "SellPricePercent": -1,
      "MaxStockThreshold": 1,
      "MinStockThreshold": 1,
      "QuantityPercent": -1,
      "SpawnAttachments": [],
      "Variants": []
    },
    {
      "ClassName": "Paragon_MK14_Black",
      "MaxPriceThreshold": 25000,
      "MinPriceThreshold": 20000,
      "SellPricePercent": -1,
      "MaxStockThreshold": 1,
      "MinStockThreshold": 1,
      "QuantityPercent": -1,
      "SpawnAttachments": [],
      "Variants": [
        "Paragon_MK14_White"
      ]
    },
    {
      "ClassName": "Paragon_HK",
      "MaxPriceThreshold": 25000,
      "MinPriceThreshold": 20000,
      "SellPricePercent": -1,
      "MaxStockThreshold": 1,
      "MinStockThreshold": 1,
      "QuantityPercent": -1,
      "SpawnAttachments": [],
      "Variants": []
    },
    {
      "ClassName": "Paragon_SR25_Black",
      "MaxPriceThreshold": 25000,
      "MinPriceThreshold": 20000,
      "SellPricePercent": -1,
      "MaxStockThreshold": 1,
      "MinStockThreshold": 1,
      "QuantityPercent": -1,
      "SpawnAttachments": [],
      "Variants": [
        "Paragon_SR25_Tan",
        "Paragon_SR25_Green"
      ]
    },
    {
      "ClassName": "Paragon_M110_Black",
      "MaxPriceThreshold": 25000,
      "MinPriceThreshold": 20000,
      "SellPricePercent": -1,
      "MaxStockThreshold": 1,
      "MinStockThreshold": 1,
      "QuantityPercent": -1,
      "SpawnAttachments": [],
      "Variants": [
        "Paragon_M110_Tan"
      ]
    },
    {
      "ClassName": "B95",
      "MaxPriceThreshold": 15000,
      "MinPriceThreshold": 12000,
      "SellPricePercent": -1,
      "MaxStockThreshold": 1,
      "MinStockThreshold": 1,
      "QuantityPercent": -1,
      "SpawnAttachments": [],
      "Variants": []
    },
    {
      "ClassName": "CZ550",
      "MaxPriceThreshold": 15000,
      "MinPriceThreshold": 12000,
      "SellPricePercent": -1,
      "MaxStockThreshold": 1,
      "MinStockThreshold": 1,
      "QuantityPercent": -1,
      "SpawnAttachments": [],
      "Variants": []
    },
    {
      "ClassName": "SV98",
      "MaxPriceThreshold": 15000,
      "MinPriceThreshold": 12000,
      "SellPricePercent": -1,
      "MaxStockThreshold": 1,
      "MinStockThreshold": 1,
      "QuantityPercent": -1,
      "SpawnAttachments": [],
      "Variants": []
    },
    {
      "ClassName": "SVD",
      "MaxPriceThreshold": 15000,
      "MinPriceThreshold": 12000,
      "SellPricePercent": -1,
      "MaxStockThreshold": 1,
      "MinStockThreshold": 1,
      "QuantityPercent": -1,
      "SpawnAttachments": [],
      "Variants": [
        "SVD_Wooden"
      ]
    },
    {
      "ClassName": "Expansion_M1A",
      "MaxPriceThreshold": 15000,
      "MinPriceThreshold": 12000,
      "SellPricePercent": -1,
      "MaxStockThreshold": 1,
      "MinStockThreshold": 1,
      "QuantityPercent": -1,
      "SpawnAttachments": [],
      "Variants": []
    },
    {
      "ClassName": "Expansion_DT11",
      "MaxPriceThreshold": 15000,
      "MinPriceThreshold": 12000,
      "SellPricePercent": -1,
      "MaxStockThreshold": 1,
      "MinStockThreshold": 1,
      "QuantityPercent": -1,
      "SpawnAttachments": [],
      "Variants": []
    },
    {
      "ClassName": "Expansion_BenelliM4",
      "MaxPriceThreshold": 15000,
      "MinPriceThreshold": 12000,
      "SellPricePercent": -1,
      "MaxStockThreshold": 1,
      "MinStockThreshold": 1,
      "QuantityPercent": -1,
      "SpawnAttachments": [],
      "Variants": []
    },
    {
      "ClassName": "Expansion_Kar98",
      "MaxPriceThreshold": 15000,
      "MinPriceThreshold": 12000,
      "SellPricePercent": -1,
      "MaxStockThreshold": 1,
      "MinStockThreshold": 1,
      "QuantityPercent": -1,
      "SpawnAttachments": [],
      "Variants": []
    }
  ]
}