{
  "m_Version": 12,
  "DisplayName": "Tier 2 Weapons Damage Score: 55 - 75",
  "Icon": "Deliver",
  "Color": "FBFCFEFF",
  "IsExchange": 0,
  "InitStockPercent": 75,
  "Items": [
    {
      "ClassName": "SNAFUMagnum500",
      "MaxPriceThreshold": 4500,
      "MinPriceThreshold": 3500,
      "SellPricePercent": -1,
      "MaxStockThreshold": 1,
      "MinStockThreshold": 1,
      "QuantityPercent": -1,
      "SpawnAttachments": [],
      "Variants": []
    },
    {
      "ClassName": "Repeater",
      "MaxPriceThreshold": 5000,
      "MinPriceThreshold": 4000,
      "SellPricePercent": -1,
      "MaxStockThreshold": 1,
      "MinStockThreshold": 1,
      "QuantityPercent": -1,
      "SpawnAttachments": [],
      "Variants": []
    },
    {
      "ClassName": "OCP_Auto9",
      "MaxPriceThreshold": 7000,
      "MinPriceThreshold": 5000,
      "SellPricePercent": -1,
      "MaxStockThreshold": 1,
      "MinStockThreshold": 1,
      "QuantityPercent": -1,
      "SpawnAttachments": [],
      "Variants": []
    },
    {
      "ClassName": "SNAFUChiappaRhino",
      "MaxPriceThreshold": 4500,
      "MinPriceThreshold": 3500,
      "SellPricePercent": -1,
      "MaxStockThreshold": 1,
      "MinStockThreshold": 1,
      "QuantityPercent": -1,
      "SpawnAttachments": [],
      "Variants": []
    },
    {
      "ClassName": "SNAFUSWM629",
      "MaxPriceThreshold": 5000,
      "MinPriceThreshold": 4000,
      "SellPricePercent": -1,
      "MaxStockThreshold": 1,
      "MinStockThreshold": 1,
      "QuantityPercent": -1,
      "SpawnAttachments": [],
      "Variants": []
    },
    {
      "ClassName": "Deagle",
      "MaxPriceThreshold": 4000,
      "MinPriceThreshold": 3000,
      "SellPricePercent": -1,
      "MaxStockThreshold": 1,
      "MinStockThreshold": 1,
      "QuantityPercent": -1,
      "SpawnAttachments": [],
      "Variants": []
    },
    {
      "ClassName": "Magnum",
      "MaxPriceThreshold": 4000,
      "MinPriceThreshold": 3000,
      "SellPricePercent": -1,
      "MaxStockThreshold": 1,
      "MinStockThreshold": 1,
      "QuantityPercent": -1,
      "SpawnAttachments": [],
      "Variants": [
        "SawedoffMagnum"
      ]
    },
    {
      "ClassName": "SNAFU_AK12A",
      "MaxPriceThreshold": 5500,
      "MinPriceThreshold": 4500,
      "SellPricePercent": -1,
      "MaxStockThreshold": 1,
      "MinStockThreshold": 1,
      "QuantityPercent": -1,
      "SpawnAttachments": [],
      "Variants": []
    },
    {
      "ClassName": "AK74",
      "MaxPriceThreshold": 5000,
      "MinPriceThreshold": 4000,
      "SellPricePercent": -1,
      "MaxStockThreshold": 1,
      "MinStockThreshold": 1,
      "QuantityPercent": -1,
      "SpawnAttachments": [],
      "Variants": []
    },
    {
      "ClassName": "AKS74U",
      "MaxPriceThreshold": 5000,
      "MinPriceThreshold": 4000,
      "SellPricePercent": -1,
      "MaxStockThreshold": 1,
      "MinStockThreshold": 1,
      "QuantityPercent": -1,
      "SpawnAttachments": [],
      "Variants": [
        "AKS74U_Black",
        "AKS74U_Green"
      ]
    },
    {
      "ClassName": "SNAFU_RPK16_Black",
      "MaxPriceThreshold": 6000,
      "MinPriceThreshold": 5000,
      "SellPricePercent": -1,
      "MaxStockThreshold": 1,
      "MinStockThreshold": 1,
      "QuantityPercent": -1,
      "SpawnAttachments": [],
      "Variants": [
        "SNAFU_RPK16_Green",
        "SNAFU_RPK16_Tan"
      ]
    },
    {
      "ClassName": "SNAFU_AEK545_Gun",
      "MaxPriceThreshold": 5500,
      "MinPriceThreshold": 4500,
      "SellPricePercent": -1,
      "MaxStockThreshold": 1,
      "MinStockThreshold": 1,
      "QuantityPercent": -1,
      "SpawnAttachments": [],
      "Variants": []
    },
    {
      "ClassName": "AK74_Black",
      "MaxPriceThreshold": 5000,
      "MinPriceThreshold": 4000,
      "SellPricePercent": -1,
      "MaxStockThreshold": 1,
      "MinStockThreshold": 1,
      "QuantityPercent": -1,
      "SpawnAttachments": [],
      "Variants": [
        "AK74_Green"
      ]
    },
    {
      "ClassName": "M4A1",
      "MaxPriceThreshold": 5000,
      "MinPriceThreshold": 4000,
      "SellPricePercent": -1,
      "MaxStockThreshold": 1,
      "MinStockThreshold": 1,
      "QuantityPercent": -1,
      "SpawnAttachments": [],
      "Variants": [
        "M4A1_Green",
        "M4A1_Black"
      ]
    },
    {
      "ClassName": "Scout",
      "MaxPriceThreshold": 5000,
      "MinPriceThreshold": 4000,
      "SellPricePercent": -1,
      "MaxStockThreshold": 1,
      "MinStockThreshold": 1,
      "QuantityPercent": -1,
      "SpawnAttachments": [],
      "Variants": [
        "Scout_Chernarus",
        "Scout_Livonia"
      ]
    },
    {
      "ClassName": "Trumpet",
      "MaxPriceThreshold": 5000,
      "MinPriceThreshold": 4000,
      "SellPricePercent": -1,
      "MaxStockThreshold": 1,
      "MinStockThreshold": 1,
      "QuantityPercent": -1,
      "SpawnAttachments": [],
      "Variants": []
    },
    {
      "ClassName": "AK101",
      "MaxPriceThreshold": 5500,
      "MinPriceThreshold": 4500,
      "SellPricePercent": -1,
      "MaxStockThreshold": 1,
      "MinStockThreshold": 1,
      "QuantityPercent": -1,
      "SpawnAttachments": [],
      "Variants": [
        "AK101_Black",
        "AK101_Green"
      ]
    },
    {
      "ClassName": "Aug",
      "MaxPriceThreshold": 5000,
      "MinPriceThreshold": 4000,
      "SellPricePercent": -1,
      "MaxStockThreshold": 1,
      "MinStockThreshold": 1,
      "QuantityPercent": -1,
      "SpawnAttachments": [],
      "Variants": []
    },
    {
      "ClassName": "AugShort",
      "MaxPriceThreshold": 5000,
      "MinPriceThreshold": 4000,
      "SellPricePercent": -1,
      "MaxStockThreshold": 1,
      "MinStockThreshold": 1,
      "QuantityPercent": -1,
      "SpawnAttachments": [],
      "Variants": []
    },
    {
      "ClassName": "ACR_Gun",
      "MaxPriceThreshold": 5000,
      "MinPriceThreshold": 4000,
      "SellPricePercent": -1,
      "MaxStockThreshold": 1,
      "MinStockThreshold": 1,
      "QuantityPercent": -1,
      "SpawnAttachments": [],
      "Variants": []
    },
    {
      "ClassName": "HK416_Gun",
      "MaxPriceThreshold": 5000,
      "MinPriceThreshold": 4000,
      "SellPricePercent": -1,
      "MaxStockThreshold": 1,
      "MinStockThreshold": 1,
      "QuantityPercent": -1,
      "SpawnAttachments": [],
      "Variants": []
    },
    {
      "ClassName": "IA2_Gun",
      "MaxPriceThreshold": 5000,
      "MinPriceThreshold": 4000,
      "SellPricePercent": -1,
      "MaxStockThreshold": 1,
      "MinStockThreshold": 1,
      "QuantityPercent": -1,
      "SpawnAttachments": [],
      "Variants": []
    },
    {
      "ClassName": "MK18_Gun",
      "MaxPriceThreshold": 5000,
      "MinPriceThreshold": 4000,
      "SellPricePercent": -1,
      "MaxStockThreshold": 1,
      "MinStockThreshold": 1,
      "QuantityPercent": -1,
      "SpawnAttachments": [],
      "Variants": []
    },
    {
      "ClassName": "SCAR_Gun",
      "MaxPriceThreshold": 5000,
      "MinPriceThreshold": 4000,
      "SellPricePercent": -1,
      "MaxStockThreshold": 1,
      "MinStockThreshold": 1,
      "QuantityPercent": -1,
      "SpawnAttachments": [],
      "Variants": []
    },
    {
      "ClassName": "SG550_Gun",
      "MaxPriceThreshold": 5000,
      "MinPriceThreshold": 4000,
      "SellPricePercent": -1,
      "MaxStockThreshold": 1,
      "MinStockThreshold": 1,
      "QuantityPercent": -1,
      "SpawnAttachments": [],
      "Variants": []
    },
    {
      "ClassName": "SG552_Gun",
      "MaxPriceThreshold": 5000,
      "MinPriceThreshold": 4000,
      "SellPricePercent": -1,
      "MaxStockThreshold": 1,
      "MinStockThreshold": 1,
      "QuantityPercent": -1,
      "SpawnAttachments": [],
      "Variants": []
    },
    {
      "ClassName": "SNAFU_AK19",
      "MaxPriceThreshold": 5500,
      "MinPriceThreshold": 4500,
      "SellPricePercent": -1,
      "MaxStockThreshold": 1,
      "MinStockThreshold": 1,
      "QuantityPercent": -1,
      "SpawnAttachments": [],
      "Variants": []
    },
    {
      "ClassName": "SNAFU_CZ805_Gun",
      "MaxPriceThreshold": 5500,
      "MinPriceThreshold": 4500,
      "SellPricePercent": -1,
      "MaxStockThreshold": 1,
      "MinStockThreshold": 1,
      "QuantityPercent": -1,
      "SpawnAttachments": [],
      "Variants": []
    },
    {
      "ClassName": "SNAFUAUG",
      "MaxPriceThreshold": 5500,
      "MinPriceThreshold": 4500,
      "SellPricePercent": -1,
      "MaxStockThreshold": 1,
      "MinStockThreshold": 1,
      "QuantityPercent": -1,
      "SpawnAttachments": [],
      "Variants": [
        "SNAFUAUG_BK"
      ]
    },
    {
      "ClassName": "SNAFUFAMAS",
      "MaxPriceThreshold": 5500,
      "MinPriceThreshold": 4500,
      "SellPricePercent": -1,
      "MaxStockThreshold": 1,
      "MinStockThreshold": 1,
      "QuantityPercent": -1,
      "SpawnAttachments": [],
      "Variants": []
    },
    {
      "ClassName": "FAMAS",
      "MaxPriceThreshold": 5000,
      "MinPriceThreshold": 4000,
      "SellPricePercent": -1,
      "MaxStockThreshold": 1,
      "MinStockThreshold": 1,
      "QuantityPercent": -1,
      "SpawnAttachments": [],
      "Variants": [
        "SawedoffFAMAS"
      ]
    },
    {
      "ClassName": "SNAFUMk12",
      "MaxPriceThreshold": 5500,
      "MinPriceThreshold": 4500,
      "SellPricePercent": -1,
      "MaxStockThreshold": 1,
      "MinStockThreshold": 1,
      "QuantityPercent": -1,
      "SpawnAttachments": [],
      "Variants": []
    },
    {
      "ClassName": "SNAFUSA80",
      "MaxPriceThreshold": 5500,
      "MinPriceThreshold": 4500,
      "SellPricePercent": -1,
      "MaxStockThreshold": 1,
      "MinStockThreshold": 1,
      "QuantityPercent": -1,
      "SpawnAttachments": [],
      "Variants": []
    },
    {
      "ClassName": "GCGN_HK416",
      "MaxPriceThreshold": 5500,
      "MinPriceThreshold": 4500,
      "SellPricePercent": -1,
      "MaxStockThreshold": 1,
      "MinStockThreshold": 1,
      "QuantityPercent": -1,
      "SpawnAttachments": [],
      "Variants": []
    },
    {
      "ClassName": "SNAFU_CALI_GUN",
      "MaxPriceThreshold": 5500,
      "MinPriceThreshold": 4500,
      "SellPricePercent": -1,
      "MaxStockThreshold": 1,
      "MinStockThreshold": 1,
      "QuantityPercent": -1,
      "SpawnAttachments": [],
      "Variants": []
    },
    {
      "ClassName": "SNAFU_ADAR_Modular16_GUN",
      "MaxPriceThreshold": 6000,
      "MinPriceThreshold": 5000,
      "SellPricePercent": -1,
      "MaxStockThreshold": 1,
      "MinStockThreshold": 1,
      "QuantityPercent": -1,
      "SpawnAttachments": [],
      "Variants": []
    },
    {
      "ClassName": "SNAFU_AR15_Modular16_GUN",
      "MaxPriceThreshold": 6000,
      "MinPriceThreshold": 5000,
      "SellPricePercent": -1,
      "MaxStockThreshold": 1,
      "MinStockThreshold": 1,
      "QuantityPercent": -1,
      "SpawnAttachments": [],
      "Variants": []
    },
    {
      "ClassName": "SNAFU_LVOA556_GUN",
      "MaxPriceThreshold": 5500,
      "MinPriceThreshold": 4500,
      "SellPricePercent": -1,
      "MaxStockThreshold": 1,
      "MinStockThreshold": 1,
      "QuantityPercent": -1,
      "SpawnAttachments": [],
      "Variants": []
    },
    {
      "ClassName": "SNAFU_M4556_Modular10_GUN",
      "MaxPriceThreshold": 5500,
      "MinPriceThreshold": 4500,
      "SellPricePercent": -1,
      "MaxStockThreshold": 1,
      "MinStockThreshold": 1,
      "QuantityPercent": -1,
      "SpawnAttachments": [],
      "Variants": []
    },
    {
      "ClassName": "M4_6933_Gun",
      "MaxPriceThreshold": 5000,
      "MinPriceThreshold": 4000,
      "SellPricePercent": -1,
      "MaxStockThreshold": 1,
      "MinStockThreshold": 1,
      "QuantityPercent": -1,
      "SpawnAttachments": [],
      "Variants": []
    },
    {
      "ClassName": "SNAFU_M4556_Modular14_GUN",
      "MaxPriceThreshold": 6000,
      "MinPriceThreshold": 5000,
      "SellPricePercent": -1,
      "MaxStockThreshold": 1,
      "MinStockThreshold": 1,
      "QuantityPercent": -1,
      "SpawnAttachments": [],
      "Variants": [
        "SNAFU_M4556_Modular14DV_GUN",
        "SNAFU_M4556_Modular16_GUN",
        "SNAFU_M4556_Modular10_GUN"
      ]
    },
    {
      "ClassName": "GCGN_M4A1",
      "MaxPriceThreshold": 6000,
      "MinPriceThreshold": 5000,
      "SellPricePercent": -1,
      "MaxStockThreshold": 1,
      "MinStockThreshold": 1,
      "QuantityPercent": -1,
      "SpawnAttachments": [],
      "Variants": []
    },
    {
      "ClassName": "SNAFU_Saint556_Gun",
      "MaxPriceThreshold": 6000,
      "MinPriceThreshold": 5000,
      "SellPricePercent": -1,
      "MaxStockThreshold": 1,
      "MinStockThreshold": 1,
      "QuantityPercent": -1,
      "SpawnAttachments": [],
      "Variants": []
    },
    {
      "ClassName": "SNAFUTAR21_Black",
      "MaxPriceThreshold": 6000,
      "MinPriceThreshold": 5000,
      "SellPricePercent": -1,
      "MaxStockThreshold": 1,
      "MinStockThreshold": 1,
      "QuantityPercent": -1,
      "SpawnAttachments": [],
      "Variants": [
        "SNAFUTAR21_Tan",
        "SNAFUTAR21_Green"
      ]
    },
    {
      "ClassName": "GCGN_M1Garand",
      "MaxPriceThreshold": 5000,
      "MinPriceThreshold": 4000,
      "SellPricePercent": -1,
      "MaxStockThreshold": 1,
      "MinStockThreshold": 1,
      "QuantityPercent": -1,
      "SpawnAttachments": [],
      "Variants": []
    },
    {
      "ClassName": "SNAFUP90",
      "MaxPriceThreshold": 5000,
      "MinPriceThreshold": 4000,
      "SellPricePercent": -1,
      "MaxStockThreshold": 1,
      "MinStockThreshold": 1,
      "QuantityPercent": -1,
      "SpawnAttachments": [],
      "Variants": []
    },
    {
      "ClassName": "GCGN_MP7",
      "MaxPriceThreshold": 5000,
      "MinPriceThreshold": 4000,
      "SellPricePercent": -1,
      "MaxStockThreshold": 1,
      "MinStockThreshold": 1,
      "QuantityPercent": -1,
      "SpawnAttachments": [],
      "Variants": []
    },
    {
      "ClassName": "SNAFUMarlin1895",
      "MaxPriceThreshold": 5000,
      "MinPriceThreshold": 4000,
      "SellPricePercent": -1,
      "MaxStockThreshold": 1,
      "MinStockThreshold": 1,
      "QuantityPercent": -1,
      "SpawnAttachments": [],
      "Variants": []
    },
    {
      "ClassName": "GCGN_Vepr",
      "MaxPriceThreshold": 6000,
      "MinPriceThreshold": 5000,
      "SellPricePercent": -1,
      "MaxStockThreshold": 1,
      "MinStockThreshold": 1,
      "QuantityPercent": -1,
      "SpawnAttachments": [],
      "Variants": []
    },
    {
      "ClassName": "SNAFU_AK103A",
      "MaxPriceThreshold": 6000,
      "MinPriceThreshold": 5000,
      "SellPricePercent": -1,
      "MaxStockThreshold": 1,
      "MinStockThreshold": 1,
      "QuantityPercent": -1,
      "SpawnAttachments": [],
      "Variants": []
    },
    {
      "ClassName": "SN_AKM",
      "MaxPriceThreshold": 6000,
      "MinPriceThreshold": 5000,
      "SellPricePercent": -1,
      "MaxStockThreshold": 1,
      "MinStockThreshold": 1,
      "QuantityPercent": -1,
      "SpawnAttachments": [],
      "Variants": []
    },
    {
      "ClassName": "SNAFU_M70",
      "MaxPriceThreshold": 5500,
      "MinPriceThreshold": 4500,
      "SellPricePercent": -1,
      "MaxStockThreshold": 1,
      "MinStockThreshold": 1,
      "QuantityPercent": -1,
      "SpawnAttachments": [],
      "Variants": []
    },
    {
      "ClassName": "SNAFU_MK4710Gun",
      "MaxPriceThreshold": 5500,
      "MinPriceThreshold": 4500,
      "SellPricePercent": -1,
      "MaxStockThreshold": 1,
      "MinStockThreshold": 1,
      "QuantityPercent": -1,
      "SpawnAttachments": [],
      "Variants": []
    },
    {
      "ClassName": "SNAFU_MK4716Gun",
      "MaxPriceThreshold": 5500,
      "MinPriceThreshold": 4500,
      "SellPricePercent": -1,
      "MaxStockThreshold": 1,
      "MinStockThreshold": 1,
      "QuantityPercent": -1,
      "SpawnAttachments": [],
      "Variants": []
    },
    {
      "ClassName": "SNAFUPPSKN",
      "MaxPriceThreshold": 5500,
      "MinPriceThreshold": 4500,
      "SellPricePercent": -1,
      "MaxStockThreshold": 1,
      "MinStockThreshold": 1,
      "QuantityPercent": -1,
      "SpawnAttachments": [],
      "Variants": []
    },
    {
      "ClassName": "SNAFU_SKS",
      "MaxPriceThreshold": 5500,
      "MinPriceThreshold": 4500,
      "SellPricePercent": -1,
      "MaxStockThreshold": 1,
      "MinStockThreshold": 1,
      "QuantityPercent": -1,
      "SpawnAttachments": [],
      "Variants": []
    },
    {
      "ClassName": "AKM",
      "MaxPriceThreshold": 5000,
      "MinPriceThreshold": 4000,
      "SellPricePercent": -1,
      "MaxStockThreshold": 1,
      "MinStockThreshold": 1,
      "QuantityPercent": -1,
      "SpawnAttachments": [],
      "Variants": []
    },
    {
      "ClassName": "CZ527",
      "MaxPriceThreshold": 5000,
      "MinPriceThreshold": 4000,
      "SellPricePercent": -1,
      "MaxStockThreshold": 1,
      "MinStockThreshold": 1,
      "QuantityPercent": -1,
      "SpawnAttachments": [],
      "Variants": [
        "CZ527_Black",
        "CZ527_Green",
        "CZ527_Camo"
      ]
    },
    {
      "ClassName": "Izh18",
      "MaxPriceThreshold": 5000,
      "MinPriceThreshold": 4000,
      "SellPricePercent": -1,
      "MaxStockThreshold": 1,
      "MinStockThreshold": 1,
      "QuantityPercent": -1,
      "SpawnAttachments": [],
      "Variants": [
        "SawedoffIzh18"
      ]
    },
    {
      "ClassName": "SKS",
      "MaxPriceThreshold": 5000,
      "MinPriceThreshold": 4000,
      "SellPricePercent": -1,
      "MaxStockThreshold": 1,
      "MinStockThreshold": 1,
      "QuantityPercent": -1,
      "SpawnAttachments": [],
      "Variants": [
        "SKS_Black",
        "SKS_Green"
      ]
    },
    {
      "ClassName": "SNAFU_KAC_Gun",
      "MaxPriceThreshold": 5500,
      "MinPriceThreshold": 4500,
      "SellPricePercent": -1,
      "MaxStockThreshold": 1,
      "MinStockThreshold": 1,
      "QuantityPercent": -1,
      "SpawnAttachments": [],
      "Variants": []
    },
    {
      "ClassName": "SNAFUHoneyBadger_Black",
      "MaxPriceThreshold": 5500,
      "MinPriceThreshold": 4500,
      "SellPricePercent": -1,
      "MaxStockThreshold": 1,
      "MinStockThreshold": 1,
      "QuantityPercent": -1,
      "SpawnAttachments": [],
      "Variants": [
        "SNAFUHoneyBadger_Tan"
      ]
    },
    {
      "ClassName": "SNAFU_M4300AC_10_GUN",
      "MaxPriceThreshold": 5500,
      "MinPriceThreshold": 4500,
      "SellPricePercent": -1,
      "MaxStockThreshold": 1,
      "MinStockThreshold": 1,
      "QuantityPercent": -1,
      "SpawnAttachments": [],
      "Variants": [
        "SNAFU_M4300AC_14_GUN",
        "SNAFU_M4300AC_16_GUN",
        "SNAFU_M4300AC_14DV_GUN"
      ]
    },
    {
      "ClassName": "SNAFU_AR15SPRBK",
      "MaxPriceThreshold": 5500,
      "MinPriceThreshold": 4500,
      "SellPricePercent": -1,
      "MaxStockThreshold": 1,
      "MinStockThreshold": 1,
      "QuantityPercent": -1,
      "SpawnAttachments": [],
      "Variants": [
        "SNAFU_AR15SPRTAN"
      ]
    },
    {
      "ClassName": "SNAFUAR15_SPR_Black_GUN",
      "MaxPriceThreshold": 5500,
      "MinPriceThreshold": 4500,
      "SellPricePercent": -1,
      "MaxStockThreshold": 1,
      "MinStockThreshold": 1,
      "QuantityPercent": -1,
      "SpawnAttachments": [],
      "Variants": [
        "SNAFUAR15_SPR_Tan_GUN"
      ]
    },
    {
      "ClassName": "Paragon_Scar_L",
      "MaxPriceThreshold": 15000,
      "MinPriceThreshold": 14000,
      "SellPricePercent": -1,
      "MaxStockThreshold": 1,
      "MinStockThreshold": 1,
      "QuantityPercent": -1,
      "SpawnAttachments": [],
      "Variants": []
    },
    {
      "ClassName": "Paragon_Vector_Black",
      "MaxPriceThreshold": 15000,
      "MinPriceThreshold": 14000,
      "SellPricePercent": -1,
      "MaxStockThreshold": 1,
      "MinStockThreshold": 1,
      "QuantityPercent": -1,
      "SpawnAttachments": [],
      "Variants": [
        "Paragon_Vector_Tan"
      ]
    },
    {
      "ClassName": "Paragon_AR15",
      "MaxPriceThreshold": 15000,
      "MinPriceThreshold": 14000,
      "SellPricePercent": -1,
      "MaxStockThreshold": 1,
      "MinStockThreshold": 1,
      "QuantityPercent": -1,
      "SpawnAttachments": [],
      "Variants": []
    },
    {
      "ClassName": "Paragon_MDR_Tan",
      "MaxPriceThreshold": 15000,
      "MinPriceThreshold": 14000,
      "SellPricePercent": -1,
      "MaxStockThreshold": 1,
      "MinStockThreshold": 1,
      "QuantityPercent": -1,
      "SpawnAttachments": [],
      "Variants": [
        "Paragon_MDR_Black"
      ]
    },
    {
      "ClassName": "Paragon_Aero",
      "MaxPriceThreshold": 15000,
      "MinPriceThreshold": 14000,
      "SellPricePercent": -1,
      "MaxStockThreshold": 1,
      "MinStockThreshold": 1,
      "QuantityPercent": -1,
      "SpawnAttachments": [],
      "Variants": []
    },
    {
      "ClassName": "AK74",
      "MaxPriceThreshold": 5000,
      "MinPriceThreshold": 4000,
      "SellPricePercent": -1,
      "MaxStockThreshold": 1,
      "MinStockThreshold": 1,
      "QuantityPercent": -1,
      "SpawnAttachments": [],
      "Variants": [
        "AK74_Black",
        "AK74_Green"
      ]
    },
    {
      "ClassName": "AK101",
      "MaxPriceThreshold": 5000,
      "MinPriceThreshold": 4000,
      "SellPricePercent": -1,
      "MaxStockThreshold": 1,
      "MinStockThreshold": 1,
      "QuantityPercent": -1,
      "SpawnAttachments": [],
      "Variants": [
        "AK101_Black",
        "AK101_Green"
      ]
    },
    {
      "ClassName": "AKM",
      "MaxPriceThreshold": 5000,
      "MinPriceThreshold": 4000,
      "SellPricePercent": -1,
      "MaxStockThreshold": 1,
      "MinStockThreshold": 1,
      "QuantityPercent": -1,
      "SpawnAttachments": [],
      "Variants": []
    },
    {
      "ClassName": "AKS74U",
      "MaxPriceThreshold": 5000,
      "MinPriceThreshold": 4000,
      "SellPricePercent": -1,
      "MaxStockThreshold": 1,
      "MinStockThreshold": 1,
      "QuantityPercent": -1,
      "SpawnAttachments": [],
      "Variants": [
        "AKS74U_Black",
        "AKS74U_Green"
      ]
    },
    {
      "ClassName": "Aug",
      "MaxPriceThreshold": 5000,
      "MinPriceThreshold": 4000,
      "SellPricePercent": -1,
      "MaxStockThreshold": 1,
      "MinStockThreshold": 1,
      "QuantityPercent": -1,
      "SpawnAttachments": [],
      "Variants": [
        "AugShort"
      ]
    },
    {
      "ClassName": "CZ527",
      "MaxPriceThreshold": 5000,
      "MinPriceThreshold": 4000,
      "SellPricePercent": -1,
      "MaxStockThreshold": 1,
      "MinStockThreshold": 1,
      "QuantityPercent": -1,
      "SpawnAttachments": [],
      "Variants": []
    },
    {
      "ClassName": "Crossbow_Autumn",
      "MaxPriceThreshold": 4000,
      "MinPriceThreshold": 3000,
      "SellPricePercent": -1,
      "MaxStockThreshold": 1,
      "MinStockThreshold": 1,
      "QuantityPercent": -1,
      "SpawnAttachments": [],
      "Variants": [
        "Crossbow_Black",
        "Crossbow_Summer",
        "Crossbow_Wood"
      ]
    },
    {
      "ClassName": "M16A2",
      "MaxPriceThreshold": 5000,
      "MinPriceThreshold": 4000,
      "SellPricePercent": -1,
      "MaxStockThreshold": 1,
      "MinStockThreshold": 1,
      "QuantityPercent": -1,
      "SpawnAttachments": [],
      "Variants": []
    },
    {
      "ClassName": "SSG82",
      "MaxPriceThreshold": 5000,
      "MinPriceThreshold": 4000,
      "SellPricePercent": -1,
      "MaxStockThreshold": 1,
      "MinStockThreshold": 1,
      "QuantityPercent": -1,
      "SpawnAttachments": [],
      "Variants": []
    },
    {
      "ClassName": "Expansion_Crossbow",
      "MaxPriceThreshold": 4000,
      "MinPriceThreshold": 3000,
      "SellPricePercent": -1,
      "MaxStockThreshold": 1,
      "MinStockThreshold": 1,
      "QuantityPercent": -1,
      "SpawnAttachments": [],
      "Variants": []
    },
    {
      "ClassName": "Expansion_G36",
      "MaxPriceThreshold": 5000,
      "MinPriceThreshold": 4000,
      "SellPricePercent": -1,
      "MaxStockThreshold": 1,
      "MinStockThreshold": 1,
      "QuantityPercent": -1,
      "SpawnAttachments": [],
      "Variants": []
    },
    {
      "ClassName": "Expansion_M16",
      "MaxPriceThreshold": 5000,
      "MinPriceThreshold": 4000,
      "SellPricePercent": -1,
      "MaxStockThreshold": 1,
      "MinStockThreshold": 1,
      "QuantityPercent": -1,
      "SpawnAttachments": [],
      "Variants": []
    }
  ]
}