{
  "m_Version": 12,
  "DisplayName": "Tops - Black Market",
  "Icon": "Deliver",
  "Color": "FBFCFEFF",
  "IsExchange": 0,
  "InitStockPercent": 75,
  "Items": [
    {
      "ClassName": "Paragon_TacJacket_Digital_Flora",
      "MaxPriceThreshold": 12080,
      "MinPriceThreshold": 12080,
      "SellPricePercent": -1,
      "MaxStockThreshold": 1,
      "MinStockThreshold": 1,
      "QuantityPercent": -1,
      "SpawnAttachments": [],
      "Variants": [
        "Paragon_TacJacket_Digital_Desert",
        "Paragon_TacJacket_Black",
        "Paragon_TacJacket_Desert",
        "Paragon_TacJacket_Blue",
        "Paragon_TacJacket_White",
        "Paragon_TacJacket_Green",
        "Paragon_TacJacket_Fatigue",
        "Paragon_TacJacket_Navy",
        "Paragon_TacJacket_WL"
      ]
    },
    {
      "ClassName": "MMG_operatorshirt_black",
      "MaxPriceThreshold": 1280,
      "MinPriceThreshold": 765,
      "SellPricePercent": -1,
      "MaxStockThreshold": 1,
      "MinStockThreshold": 1,
      "QuantityPercent": -1,
      "SpawnAttachments": [],
      "Variants": [
        "MMG_operatorshirt_green",
        "MMG_operatorshirt_tan",
        "MMG_operatorshirt_erdl",
        "MMG_operatorshirt_multicamblack",
        "MMG_operatorshirt_multicam",
        "MMG_operatorshirt_dark_woodland",
        "MMG_operatorshirt_alpine",
        "MMG_operatorshirt_ucp",
        "MMG_operatorshirt_multicam_tropic",
        "MMG_operatorshirt_atacs"
      ]
    },
    {
      "ClassName": "MMG_tactical_shirt_ucp",
      "MaxPriceThreshold": 1280,
      "MinPriceThreshold": 765,
      "SellPricePercent": -1,
      "MaxStockThreshold": 1,
      "MinStockThreshold": 1,
      "QuantityPercent": -1,
      "SpawnAttachments": [],
      "Variants": [
        "MMG_tactical_shirt_black",
        "MMG_tactical_shirt_green",
        "MMG_tactical_shirt_tan",
        "MMG_tactical_shirt_multicamblack",
        "MMG_tactical_shirt_erdl",
        "MMG_tactical_shirt_dark_wl",
        "MMG_tactical_shirt_alpine",
        "MMG_tactical_shirt_multicam",
        "MMG_tactical_shirt_multicam_tropic",
        "MMG_tactical_shirt_atacs"
      ]
    }
  ]
}