{
  "m_Version": 12,
  "DisplayName": "Animal Trophys",
  "Icon": "Deliver",
  "Color": "FBFCFEFF",
  "IsExchange": 0,
  "InitStockPercent": 75,
  "Items": [
    {
      "ClassName": "BearSkinRug",
      "MaxPriceThreshold": 7000,
      "MinPriceThreshold": 6000,
      "SellPricePercent": 100,
      "MaxStockThreshold": 1,
      "MinStockThreshold": 1,
      "QuantityPercent": -1,
      "SpawnAttachments": [],
      "Variants": []
    },
    {
      "ClassName": "CowSkinRug",
      "MaxPriceThreshold": 2500,
      "MinPriceThreshold": 2300,
      "SellPricePercent": 100,
      "MaxStockThreshold": 1,
      "MinStockThreshold": 1,
      "QuantityPercent": -1,
      "SpawnAttachments": [],
      "Variants": [
        "CowSkinRug_Brown",
        "CowSkinRug_Spotted",
        "CowSkinRug_White"
      ]
    },
    {
      "ClassName": "DeerSkinRug",
      "MaxPriceThreshold": 6000,
      "MinPriceThreshold": 5500,
      "SellPricePercent": 100,
      "MaxStockThreshold": 1,
      "MinStockThreshold": 1,
      "QuantityPercent": -1,
      "SpawnAttachments": [],
      "Variants": []
    },
    {
      "ClassName": "RedDeerSkinRug",
      "MaxPriceThreshold": 6000,
      "MinPriceThreshold": 5500,
      "SellPricePercent": 100,
      "MaxStockThreshold": 1,
      "MinStockThreshold": 1,
      "QuantityPercent": -1,
      "SpawnAttachments": [],
      "Variants": []
    },
    {
      "ClassName": "GoatSkinRug",
      "MaxPriceThreshold": 2000,
      "MinPriceThreshold": 1500,
      "SellPricePercent": 100,
      "MaxStockThreshold": 1,
      "MinStockThreshold": 1,
      "QuantityPercent": -1,
      "SpawnAttachments": [],
      "Variants": [
        "GoatSkinRug_White",
        "GoatSkinRug_Brown",
        "GoatSkinRug_Black",
        "GoatSkinRug_Spooky"
      ]
    },
    {
      "ClassName": "SheepSkinRug",
      "MaxPriceThreshold": 1400,
      "MinPriceThreshold": 1350,
      "SellPricePercent": 100,
      "MaxStockThreshold": 1,
      "MinStockThreshold": 1,
      "QuantityPercent": -1,
      "SpawnAttachments": [],
      "Variants": []
    },
    {
      "ClassName": "WildboarSkinRug",
      "MaxPriceThreshold": 2000,
      "MinPriceThreshold": 1800,
      "SellPricePercent": 100,
      "MaxStockThreshold": 1,
      "MinStockThreshold": 1,
      "QuantityPercent": -1,
      "SpawnAttachments": [],
      "Variants": []
    },
    {
      "ClassName": "WolfSkinRug",
      "MaxPriceThreshold": 4000,
      "MinPriceThreshold": 3800,
      "SellPricePercent": 100,
      "MaxStockThreshold": 1,
      "MinStockThreshold": 1,
      "QuantityPercent": -1,
      "SpawnAttachments": [],
      "Variants": [
        "WolfSkinRug_White",
        "WolfSkinRug_Grey"
      ]
    },
    {
      "ClassName": "Head_Pig",
      "MaxPriceThreshold": 200,
      "MinPriceThreshold": 150,
      "SellPricePercent": 100,
      "MaxStockThreshold": 1,
      "MinStockThreshold": 1,
      "QuantityPercent": -1,
      "SpawnAttachments": [],
      "Variants": []
    },
    {
      "ClassName": "Head_Deer",
      "MaxPriceThreshold": 350,
      "MinPriceThreshold": 300,
      "SellPricePercent": 100,
      "MaxStockThreshold": 1,
      "MinStockThreshold": 1,
      "QuantityPercent": -1,
      "SpawnAttachments": [],
      "Variants": []
    },
    {
      "ClassName": "Head_RedDeer",
      "MaxPriceThreshold": 350,
      "MinPriceThreshold": 300,
      "SellPricePercent": 100,
      "MaxStockThreshold": 1,
      "MinStockThreshold": 1,
      "QuantityPercent": -1,
      "SpawnAttachments": [],
      "Variants": []
    },
    {
      "ClassName": "Head_Bear",
      "MaxPriceThreshold": 750,
      "MinPriceThreshold": 600,
      "SellPricePercent": 100,
      "MaxStockThreshold": 1,
      "MinStockThreshold": 1,
      "QuantityPercent": -1,
      "SpawnAttachments": [],
      "Variants": []
    },
    {
      "ClassName": "Head_Bull",
      "MaxPriceThreshold": 250,
      "MinPriceThreshold": 200,
      "SellPricePercent": 100,
      "MaxStockThreshold": 1,
      "MinStockThreshold": 1,
      "QuantityPercent": -1,
      "SpawnAttachments": [],
      "Variants": [
        "Head_Bull_White",
        "Head_Bull_Spotted",
        "Head_Bull_Brown"
      ]
    },
    {
      "ClassName": "Head_Wolf",
      "MaxPriceThreshold": 450,
      "MinPriceThreshold": 350,
      "SellPricePercent": 100,
      "MaxStockThreshold": 1,
      "MinStockThreshold": 1,
      "QuantityPercent": -1,
      "SpawnAttachments": [],
      "Variants": [
        "Head_Wolf_White",
        "Head_Wolf_Grey"
      ]
    },
    {
      "ClassName": "Head_Goat",
      "MaxPriceThreshold": 250,
      "MinPriceThreshold": 200,
      "SellPricePercent": 100,
      "MaxStockThreshold": 1,
      "MinStockThreshold": 1,
      "QuantityPercent": -1,
      "SpawnAttachments": [],
      "Variants": [
        "Head_Goat_White",
        "Head_Goat_Brown",
        "Head_Goat_Black",
        "Head_Goat_Spooky"
      ]
    },
    {
      "ClassName": "Head_Wildboar",
      "MaxPriceThreshold": 350,
      "MinPriceThreshold": 300,
      "SellPricePercent": 100,
      "MaxStockThreshold": 1,
      "MinStockThreshold": 1,
      "QuantityPercent": -1,
      "SpawnAttachments": [],
      "Variants": []
    },
    {
      "ClassName": "Head_Sheep",
      "MaxPriceThreshold": 250,
      "MinPriceThreshold": 200,
      "SellPricePercent": 100,
      "MaxStockThreshold": 1,
      "MinStockThreshold": 1,
      "QuantityPercent": -1,
      "SpawnAttachments": [],
      "Variants": []
    },
    {
      "ClassName": "Head_Fox",
      "MaxPriceThreshold": 250,
      "MinPriceThreshold": 200,
      "SellPricePercent": 100,
      "MaxStockThreshold": 1,
      "MinStockThreshold": 1,
      "QuantityPercent": -1,
      "SpawnAttachments": [],
      "Variants": []
    },
    {
      "ClassName": "Mount_Pig",
      "MaxPriceThreshold": 400,
      "MinPriceThreshold": 300,
      "SellPricePercent": 100,
      "MaxStockThreshold": 1,
      "MinStockThreshold": 1,
      "QuantityPercent": -1,
      "SpawnAttachments": [],
      "Variants": []
    },
    {
      "ClassName": "Mount_Deer",
      "MaxPriceThreshold": 650,
      "MinPriceThreshold": 550,
      "SellPricePercent": 100,
      "MaxStockThreshold": 1,
      "MinStockThreshold": 1,
      "QuantityPercent": -1,
      "SpawnAttachments": [],
      "Variants": []
    },
    {
      "ClassName": "Mount_RedDeer",
      "MaxPriceThreshold": 650,
      "MinPriceThreshold": 550,
      "SellPricePercent": 100,
      "MaxStockThreshold": 1,
      "MinStockThreshold": 1,
      "QuantityPercent": -1,
      "SpawnAttachments": [],
      "Variants": []
    },
    {
      "ClassName": "Mount_Bear",
      "MaxPriceThreshold": 1250,
      "MinPriceThreshold": 1000,
      "SellPricePercent": 100,
      "MaxStockThreshold": 1,
      "MinStockThreshold": 1,
      "QuantityPercent": -1,
      "SpawnAttachments": [],
      "Variants": []
    },
    {
      "ClassName": "Mount_Bull",
      "MaxPriceThreshold": 500,
      "MinPriceThreshold": 400,
      "SellPricePercent": 100,
      "MaxStockThreshold": 1,
      "MinStockThreshold": 1,
      "QuantityPercent": -1,
      "SpawnAttachments": [],
      "Variants": [
        "Mount_Bull_White",
        "Mount_Bull_Spotted",
        "Mount_Bull_Brown"
      ]
    },
    {
      "ClassName": "Mount_Wolf",
      "MaxPriceThreshold": 900,
      "MinPriceThreshold": 750,
      "SellPricePercent": 100,
      "MaxStockThreshold": 1,
      "MinStockThreshold": 1,
      "QuantityPercent": -1,
      "SpawnAttachments": [],
      "Variants": [
        "Mount_Wolf_White",
        "Mount_Wolf_Grey"
      ]
    },
    {
      "ClassName": "Mount_Goat",
      "MaxPriceThreshold": 500,
      "MinPriceThreshold": 400,
      "SellPricePercent": 100,
      "MaxStockThreshold": 1,
      "MinStockThreshold": 1,
      "QuantityPercent": -1,
      "SpawnAttachments": [],
      "Variants": [
        "Mount_Goat_Brown",
        "Mount_Goat_Black",
        "Mount_Goat_White"
      ]
    },
    {
      "ClassName": "Mount_Wildboar",
      "MaxPriceThreshold": 750,
      "MinPriceThreshold": 600,
      "SellPricePercent": 100,
      "MaxStockThreshold": 1,
      "MinStockThreshold": 1,
      "QuantityPercent": -1,
      "SpawnAttachments": [],
      "Variants": []
    },
    {
      "ClassName": "Mount_Sheep",
      "MaxPriceThreshold": 500,
      "MinPriceThreshold": 400,
      "SellPricePercent": 100,
      "MaxStockThreshold": 1,
      "MinStockThreshold": 1,
      "QuantityPercent": -1,
      "SpawnAttachments": [],
      "Variants": []
    },
    {
      "ClassName": "Mount_Fox",
      "MaxPriceThreshold": 500,
      "MinPriceThreshold": 400,
      "SellPricePercent": 100,
      "MaxStockThreshold": 1,
      "MinStockThreshold": 1,
      "QuantityPercent": -1,
      "SpawnAttachments": [],
      "Variants": []
    },
    {
      "ClassName": "Mount_Carp",
      "MaxPriceThreshold": 350,
      "MinPriceThreshold": 300,
      "SellPricePercent": 100,
      "MaxStockThreshold": 1,
      "MinStockThreshold": 1,
      "QuantityPercent": -1,
      "SpawnAttachments": [],
      "Variants": []
    },
    {
      "ClassName": "Mount_Mackerel",
      "MaxPriceThreshold": 450,
      "MinPriceThreshold": 400,
      "SellPricePercent": 100,
      "MaxStockThreshold": 1,
      "MinStockThreshold": 1,
      "QuantityPercent": -1,
      "SpawnAttachments": [],
      "Variants": []
    }
  ]
}