{
  "m_Version": 12,
  "DisplayName": "Vests - Black Market",
  "Icon": "Deliver",
  "Color": "FBFCFEFF",
  "IsExchange": 0,
  "InitStockPercent": 75,
  "Items": [
    {
      "ClassName": "MMG_MK_III_Armor_black",
      "MaxPriceThreshold": 15000,
      "MinPriceThreshold": 15000,
      "SellPricePercent": -1,
      "MaxStockThreshold": 1,
      "MinStockThreshold": 1,
      "QuantityPercent": -1,
      "SpawnAttachments": [],
      "Variants": [
        "MMG_MK_III_Armor_green",
        "MMG_MK_III_Armor_tan",
        "MMG_MK_III_Armor_tan",
        "MMG_MK_III_Armor_multicam",
        "MMG_MK_III_Armor_erdl",
        "MMG_MK_III_Armor_alpine",
        "MMG_MK_III_Armor_dark_woodland",
        "MMG_MK_III_Armor_ucp",
        "MMG_MK_III_Armor_multicam_tropic",
        "MMG_MK_III_Armor_atacs",
        "MMG_MK_III_Armor_multicamblack"
      ]
    },
    {
      "ClassName": "MMG_MK_V_Armor_black",
      "MaxPriceThreshold": 15000,
      "MinPriceThreshold": 15000,
      "SellPricePercent": -1,
      "MaxStockThreshold": 1,
      "MinStockThreshold": 1,
      "QuantityPercent": -1,
      "SpawnAttachments": [],
      "Variants": [
        "MMG_MK_V_Armor_green",
        "MMG_MK_V_Armor_tan",
        "MMG_MK_V_Armor_multicamblack",
        "MMG_MK_V_Armor_multicam",
        "MMG_MK_V_Armor_alpine",
        "MMG_MK_V_Armor_dark_woodland",
        "MMG_MK_V_Armor_erdl",
        "MMG_MK_V_Armor_ucp",
        "MMG_MK_V_Armor_multicam_tropic",
        "MMG_MK_V_Armor_atacs"
      ]
    },
    {
      "ClassName": "Paragon_6B43_Flora",
      "MaxPriceThreshold": 15000,
      "MinPriceThreshold": 15000,
      "SellPricePercent": -1,
      "MaxStockThreshold": 1,
      "MinStockThreshold": 1,
      "QuantityPercent": -1,
      "SpawnAttachments": [],
      "Variants": [
        "Paragon_6B43_Digital_Flora",
        "Paragon_6B43_Digital_Desert",
        "Paragon_6B43_Black",
        "Paragon_6B43_Fatigue",
        "Paragon_6B43_Blue",
        "Paragon_6B43_White",
        "Paragon_6B43_Navy",
        "Paragon_6B43_Desert",
        "Paragon_6B43_Black_WL",
        "Paragon_6B43_WL"
      ]
    },
    {
      "ClassName": "Paragon_6B13_Black",
      "MaxPriceThreshold": 15000,
      "MinPriceThreshold": 15000,
      "SellPricePercent": -1,
      "MaxStockThreshold": 1,
      "MinStockThreshold": 1,
      "QuantityPercent": -1,
      "SpawnAttachments": [],
      "Variants": [
        "Paragon_6B13_Blue",
        "Paragon_6B13_Desert",
        "Paragon_6B13_Green",
        "Paragon_6B13_White",
        "Paragon_6B13_Fatigue",
        "Paragon_6B13_Navy",
        "Paragon_6B13_Black_WL",
        "Paragon_6B13_WL"
      ]
    },
    {
      "ClassName": "Paragon_TacticalVest_Black",
      "MaxPriceThreshold": 15000,
      "MinPriceThreshold": 15000,
      "SellPricePercent": -1,
      "MaxStockThreshold": 1,
      "MinStockThreshold": 1,
      "QuantityPercent": -1,
      "SpawnAttachments": [],
      "Variants": [
        "Paragon_TacticalVest_Blue",
        "Paragon_TacticalVest_Desert",
        "Paragon_TacticalVest_Green",
        "Paragon_TacticalVest_White",
        "Paragon_TacticalVest_Fatigue",
        "Paragon_TacticalVest_Navy",
        "Paragon_TacticalVest_Black_WL",
        "Paragon_TacticalVest_WL"
      ]
    },
    {
      "ClassName": "Paragon_Slick_Black",
      "MaxPriceThreshold": 15000,
      "MinPriceThreshold": 15000,
      "SellPricePercent": -1,
      "MaxStockThreshold": 1,
      "MinStockThreshold": 1,
      "QuantityPercent": -1,
      "SpawnAttachments": [],
      "Variants": [
        "Paragon_Slick_Blue",
        "Paragon_Slick_Desert",
        "Paragon_Slick_White",
        "Paragon_Slick_Green",
        "Paragon_Slick_Fatigue",
        "Paragon_Slick_Navy",
        "Paragon_Slick_Black_WL",
        "Paragon_Slick_WL"
      ]
    },
    {
      "ClassName": "Paragon_IOTV_Black",
      "MaxPriceThreshold": 15000,
      "MinPriceThreshold": 15000,
      "SellPricePercent": -1,
      "MaxStockThreshold": 1,
      "MinStockThreshold": 1,
      "QuantityPercent": -1,
      "SpawnAttachments": [],
      "Variants": [
        "Paragon_IOTV_Blue",
        "Paragon_IOTV_Desert",
        "Paragon_IOTV_Green",
        "Paragon_IOTV_White",
        "Paragon_IOTV_Fatigue",
        "Paragon_IOTV_Navy",
        "Paragon_IOTV_Black_WL",
        "Paragon_IOTV_WL"
      ]
    },
    {
      "ClassName": "Paragon_DCS_Black",
      "MaxPriceThreshold": 15000,
      "MinPriceThreshold": 15000,
      "SellPricePercent": -1,
      "MaxStockThreshold": 1,
      "MinStockThreshold": 1,
      "QuantityPercent": -1,
      "SpawnAttachments": [],
      "Variants": [
        "Paragon_DCS_Blue",
        "Paragon_DCS_Desert",
        "Paragon_DCS_Green",
        "Paragon_DCS_White",
        "Paragon_DCS_Fatigue",
        "Paragon_DCS_Navy",
        "Paragon_DCS_Black_WL",
        "Paragon_DCS_WL"
      ]
    },
    {
      "ClassName": "Paragon_Soviet_Black",
      "MaxPriceThreshold": 15000,
      "MinPriceThreshold": 15000,
      "SellPricePercent": -1,
      "MaxStockThreshold": 1,
      "MinStockThreshold": 1,
      "QuantityPercent": -1,
      "SpawnAttachments": [],
      "Variants": [
        "Paragon_Soviet_Desert",
        "Paragon_Soviet_Green",
        "Paragon_Soviet_Blue",
        "Paragon_Soviet_White",
        "Paragon_Soviet_Fatigue",
        "Paragon_Soviet_Navy",
        "Paragon_Soviet_Black_WL",
        "Paragon_Soviet_WL"
      ]
    },
    {
      "ClassName": "Paragon_TacTec_Black",
      "MaxPriceThreshold": 15000,
      "MinPriceThreshold": 15000,
      "SellPricePercent": -1,
      "MaxStockThreshold": 1,
      "MinStockThreshold": 1,
      "QuantityPercent": -1,
      "SpawnAttachments": [],
      "Variants": [
        "Paragon_TacTec_Blue",
        "Paragon_TacTec_Desert",
        "Paragon_TacTec_White",
        "Paragon_TacTec_Green",
        "Paragon_TacTec_Fatigue",
        "Paragon_TacTec_Navy",
        "Paragon_TacTec_Black_WL",
        "Paragon_TacTec_WL"
      ]
    },
    {
      "ClassName": "Paragon_DCS_L_Black",
      "MaxPriceThreshold": 15000,
      "MinPriceThreshold": 15000,
      "SellPricePercent": -1,
      "MaxStockThreshold": 1,
      "MinStockThreshold": 1,
      "QuantityPercent": -1,
      "SpawnAttachments": [],
      "Variants": [
        "Paragon_DCS_L_Blue",
        "Paragon_DCS_L_Desert",
        "Paragon_DCS_L_Green",
        "Paragon_DCS_L_White",
        "Paragon_DCS_L_Fatigue",
        "Paragon_DCS_L_Navy",
        "Paragon_DCS_L_Black_WL",
        "Paragon_DCS_L_WL"
      ]
    },
    {
      "ClassName": "Paragon_JPC_Black",
      "MaxPriceThreshold": 15000,
      "MinPriceThreshold": 15000,
      "SellPricePercent": -1,
      "MaxStockThreshold": 1,
      "MinStockThreshold": 1,
      "QuantityPercent": -1,
      "SpawnAttachments": [],
      "Variants": [
        "Paragon_JPC_Blue",
        "Paragon_JPC_Desert",
        "Paragon_JPC_White",
        "Paragon_JPC_Green",
        "Paragon_JPC_Fatigue",
        "Paragon_JPC_Navy",
        "Paragon_JPC_Black_WL",
        "Paragon_JPC_WL"
      ]
    },
    {
      "ClassName": "Paragon_C6B43_Flora",
      "MaxPriceThreshold": 15000,
      "MinPriceThreshold": 15000,
      "SellPricePercent": -1,
      "MaxStockThreshold": 1,
      "MinStockThreshold": 1,
      "QuantityPercent": -1,
      "SpawnAttachments": [],
      "Variants": [
        "Paragon_C6B43_Digital_Flora",
        "Paragon_C6B43_Digital_Desert",
        "Paragon_C6B43_Desert",
        "Paragon_C6B43_Black",
        "Paragon_C6B43_Fatigue",
        "Paragon_C6B43_Blue",
        "Paragon_C6B43_White",
        "Paragon_C6B43_Navy",
        "Paragon_C6B43_Black_WL",
        "Paragon_C6B43_WL"
      ]
    },
    {
      "ClassName": "FOG_Vest_MMAC_MC",
      "MaxPriceThreshold": 15000,
      "MinPriceThreshold": 15000,
      "SellPricePercent": -1,
      "MaxStockThreshold": 1,
      "MinStockThreshold": 1,
      "QuantityPercent": -1,
      "SpawnAttachments": [],
      "Variants": [
        "FOG_Vest_MMAC_CB",
        "FOG_Vest_MMAC_Black",
        "FOG_Vest_MMAC_RG",
        "FOG_Vest_MMAC_AOR2"
      ]
    },
    {
      "ClassName": "FOG_Vest_TV110T_Tan",
      "MaxPriceThreshold": 15000,
      "MinPriceThreshold": 15000,
      "SellPricePercent": -1,
      "MaxStockThreshold": 1,
      "MinStockThreshold": 1,
      "QuantityPercent": -1,
      "SpawnAttachments": [],
      "Variants": [
        "FOG_Vest_TV110T_CB",
        "FOG_Vest_TV110T_Black",
        "FOG_Vest_TV110T_RG",
        "FOG_Vest_TV110T_AU",
        "FOG_Vest_TV110T_FG",
        "FOG_Vest_TV110T_MC"
      ]
    },
    {
      "ClassName": "FOG_Vest_FCPC_RG",
      "MaxPriceThreshold": 15000,
      "MinPriceThreshold": 15000,
      "SellPricePercent": -1,
      "MaxStockThreshold": 1,
      "MinStockThreshold": 1,
      "QuantityPercent": -1,
      "SpawnAttachments": [],
      "Variants": [
        "FOG_Vest_FCPC_CB",
        "FOG_Vest_FCPC_Black",
        "FOG_Vest_FCPC_Grey",
        "FOG_Vest_FCPC_MC",
        "FOG_Vest_FCPC_MCB",
        "FOG_Vest_FCPC_MCAL",
        "FOG_Vest_FCPC_MCA",
        "FOG_Vest_FCPC_MCT",
        "FOG_Vest_FCPC_AOR1",
        "FOG_Vest_FCPC_AOR2",
        "FOG_Vest_FCPC_M81"
      ]
    },
    {
      "ClassName": "FOG_Vest_LV119_CB",
      "MaxPriceThreshold": 15000,
      "MinPriceThreshold": 15000,
      "SellPricePercent": -1,
      "MaxStockThreshold": 1,
      "MinStockThreshold": 1,
      "QuantityPercent": -1,
      "SpawnAttachments": [],
      "Variants": [
        "FOG_Vest_LV119_RG",
        "FOG_Vest_LV119_OD",
        "FOG_Vest_LV119_Black",
        "FOG_Vest_LV119_MC",
        "FOG_Vest_LV119_MCB",
        "FOG_Vest_LV119_M81"
      ]
    },
    {
      "ClassName": "FOG_Vest_LVMBAV_CB",
      "MaxPriceThreshold": 15000,
      "MinPriceThreshold": 15000,
      "SellPricePercent": -1,
      "MaxStockThreshold": 1,
      "MinStockThreshold": 1,
      "QuantityPercent": -1,
      "SpawnAttachments": [],
      "Variants": [
        "FOG_Vest_LVMBAV_RG",
        "FOG_Vest_LVMBAV_Black",
        "FOG_Vest_LVMBAV_Tan"
      ]
    },
    {
      "ClassName": "FOG_Vest_PACA_Black",
      "MaxPriceThreshold": 15000,
      "MinPriceThreshold": 15000,
      "SellPricePercent": -1,
      "MaxStockThreshold": 1,
      "MinStockThreshold": 1,
      "QuantityPercent": -1,
      "SpawnAttachments": [],
      "Variants": [

      ]
    },
    {
      "ClassName": "FOG_Vest_Thor_Tan",
      "MaxPriceThreshold": 15000,
      "MinPriceThreshold": 15000,
      "SellPricePercent": -1,
      "MaxStockThreshold": 1,
      "MinStockThreshold": 1,
      "QuantityPercent": -1,
      "SpawnAttachments": [],
      "Variants": [
        "FOG_Vest_Thor_Black",
        "FOG_Vest_Thor_Green",
        "FOG_Vest_Thor_EMR",
        "FOG_Vest_Thor_MC",
        "FOG_Vest_Thor_MCB",
        "FOG_Vest_Thor_M81"
      ]
    },
    {
      "ClassName": "FOG_Vest_Osprey_RG",
      "MaxPriceThreshold": 15000,
      "MinPriceThreshold": 15000,
      "SellPricePercent": -1,
      "MaxStockThreshold": 1,
      "MinStockThreshold": 1,
      "QuantityPercent": -1,
      "SpawnAttachments": [],
      "Variants": [
        "FOG_Vest_Osprey_Grey",
        "FOG_Vest_Osprey_CB",
        "FOG_Vest_Osprey_Black",
        "FOG_Vest_Osprey_MC",
        "FOG_Vest_Osprey_MC_Black",
        "FOG_Vest_Osprey_MCT",
        "FOG_Vest_Osprey_MCB",
        "FOG_Vest_Osprey_MCAL",
        "FOG_Vest_Osprey_M81"
      ]
    },
    {
      "ClassName": "FOG_Vest_Gen4_Black",
      "MaxPriceThreshold": 15000,
      "MinPriceThreshold": 15000,
      "SellPricePercent": -1,
      "MaxStockThreshold": 1,
      "MinStockThreshold": 1,
      "QuantityPercent": -1,
      "SpawnAttachments": [],
      "Variants": [
        "FOG_Vest_Gen4_Green",
        "FOG_Vest_Gen4_Tan",
        "FOG_Vest_Gen4_EMR",
        "FOG_Vest_Gen4_UCP",
        "FOG_Vest_Gen4_NWU",
        "FOG_Vest_Gen4_MARPAT"
      ]
    },
    {
      "ClassName": "FOG_Vest_SSMK4_CB",
      "MaxPriceThreshold": 15000,
      "MinPriceThreshold": 15000,
      "SellPricePercent": -1,
      "MaxStockThreshold": 1,
      "MinStockThreshold": 1,
      "QuantityPercent": -1,
      "SpawnAttachments": [],
      "Variants": [
        "FOG_Vest_SSMK4_RG",
        "FOG_Vest_SSMK4_Black",
        "FOG_Vest_SSMK4_Grey",
        "FOG_Vest_SSMK4_MC",
        "FOG_Vest_SSMK4_MCA",
        "FOG_Vest_SSMK4_MCT",
        "FOG_Vest_SSMK4_M81"
      ]
    },
    {
      "ClassName": "FOG_Vest_D3CRX_CB",
      "MaxPriceThreshold": 15000,
      "MinPriceThreshold": 15000,
      "SellPricePercent": -1,
      "MaxStockThreshold": 1,
      "MinStockThreshold": 1,
      "QuantityPercent": -1,
      "SpawnAttachments": [],
      "Variants": [
        "FOG_Vest_D3CRX_RG",
        "FOG_Vest_D3CRX_Black",
        "FOG_Vest_D3CRX_Grey"
      ]
    }
  ]
}