{
  "m_Version": 12,
  "DisplayName": "Vikikng Coins",
  "Icon": "Deliver",
  "Color": "FBFCFEFF",
  "IsExchange": 1,
  "InitStockPercent": 75,
  "Items": [
    {
      "ClassName": "rag_viking_coin_1",
      "MaxPriceThreshold": 1,
      "MinPriceThreshold": 1,
      "SellPricePercent": 100,
      "MaxStockThreshold": 1,
      "MinStockThreshold": 1,
      "SpawnAttachments": [],
      "Variants": []
    },
    {
      "ClassName": "rag_viking_coin_5",
      "MaxPriceThreshold": 5,
      "MinPriceThreshold": 5,
      "SellPricePercent": 100,
      "MaxStockThreshold": 1,
      "MinStockThreshold": 1,
      "SpawnAttachments": [],
      "Variants": []
    },
    {
      "ClassName": "rag_viking_coin_10",
      "MaxPriceThreshold": 10,
      "MinPriceThreshold": 10,
      "SellPricePercent": 100,
      "MaxStockThreshold": 1,
      "MinStockThreshold": 1,
      "SpawnAttachments": [],
      "Variants": []
    },
    {
      "ClassName": "rag_viking_coin_25",
      "MaxPriceThreshold": 25,
      "MinPriceThreshold": 25,
      "SellPricePercent": 100,
      "MaxStockThreshold": 1,
      "MinStockThreshold": 1,
      "SpawnAttachments": [],
      "Variants": []
    },
    {
      "ClassName": "rag_viking_coin_50",
      "MaxPriceThreshold": 50,
      "MinPriceThreshold": 50,
      "SellPricePercent": 100,
      "MaxStockThreshold": 1,
      "MinStockThreshold": 1,
      "SpawnAttachments": [],
      "Variants": []
    },
    {
      "ClassName": "rag_viking_coin_100",
      "MaxPriceThreshold": 100,
      "MinPriceThreshold": 100,
      "SellPricePercent": 100,
      "MaxStockThreshold": 1,
      "MinStockThreshold": 1,
      "SpawnAttachments": [],
      "Variants": []
    },
    {
      "ClassName": "rag_viking_coin_500",
      "MaxPriceThreshold": 500,
      "MinPriceThreshold": 500,
      "SellPricePercent": 100,
      "MaxStockThreshold": 1,
      "MinStockThreshold": 1,
      "SpawnAttachments": [],
      "Variants": []
    },
    {
      "ClassName": "rag_viking_coin_1000",
      "MaxPriceThreshold": 1000,
      "MinPriceThreshold": 1000,
      "SellPricePercent": 100,
      "MaxStockThreshold": 1,
      "MinStockThreshold": 1,
      "SpawnAttachments": [],
      "Variants": []
    },
    {
      "ClassName": "rag_viking_coin_10000",
      "MaxPriceThreshold": 10000,
      "MinPriceThreshold": 10000,
      "SellPricePercent": 100,
      "MaxStockThreshold": 1,
      "MinStockThreshold": 1,
      "SpawnAttachments": [],
      "Variants": []
    },
    {
      "ClassName": "rag_coin",
      "MaxPriceThreshold": 25000,
      "MinPriceThreshold": 25000,
      "SellPricePercent": 100,
      "MaxStockThreshold": 1,
      "MinStockThreshold": 1,
      "SpawnAttachments": [],
      "Variants": []
    }
  ]
}