{
  "Settings": [
    {
      "Config_Version": 2,
      "Minimum_Players": 1,
      "Bots_Timeout_Radius": 150,
      "Bots_Timeout_Time": 300,
      "Cleanup_Radius_Startup": 50,
      "Cleanup_Radius_Running": 100,
      "Cleanup_Time_Running": 300,
      "Missions_Max_Concurrent": 1,
      "Mission_Start_Delay": 600,
      "Mission_Starting_Failed_Retry_Delay": 120,
      "Mission_Time_Between": 2700,
      "Mission_Time_Limit": 2700,
      "Mission_Time_Extension_Limit": 900,
      "Mission_Inner_Radius": 500,
      "Mission_AI_Spawn_Radius": 1200,
      "Reward_Loot_Weapons_Minimum": 1,
      "Reward_Loot_Weapons_Maximum": 2,
      "Reward_Loot_Weapons_Multiplier": 0.75,
      "Reward_Loot_Armour_Minimum": 1,
      "Reward_Loot_Armour_Maximum": 2,
      "Reward_Loot_Armour_Multiplier": 0.5,
      "Reward_Loot_Misc_Minimum": 1,
      "Reward_Loot_Misc_Maximum": 4,
      "Reward_Loot_Misc_Multiplier": 0.5,
      "Text_MissionTitle": "AI Mission",
      "Notification_StartMessage": "Mission '%1' starting! Eliminate all threats to claim the loot!",
      "Notification_WinMessage": "Mission '%1' completed! All threats were eliminated!",
      "Notification_LoseMessage": "Mission '%1' failed! You ran out of time!",
      "Notification_Time": 10,
      "Notification_Icon": "Soldier",
      "Marker3D_LB_Path": "LBmaster_Groups\\gui\\icons\\player.paa",
      "Markers_Icon": "Ambush",
      "Markers_Show2D": 1,
      "Markers_Show3D": 1,
      "Markers_ColourAlpha": 255,
      "Markers_ColourRed": 0,
      "Markers_ColourGreen": 191,
      "Markers_ColourBlue": 255,
      "Markers_CircleRadius": 350,
      "Debug_Logging_Enabled": 1,
      "Debug_Disable_Notifications": 0,
      "Debug_Disable_Markers": 0,
      "Debug_Force_Win": 0,
      "Debug_QuickMode": 0,
      "Debug_Ignore_Player_Radius": 0
    }
  ],
  "Missions": [
    {
      "Name": "PayDay Squad Hiding at Dubrovka Farm",
      "Position": [
        10277.257813,
        168.132477,
        9506
      ],
      "Bots_Count_Minimum": 5,
      "Bots_Count_Maximum": 7,
      "Bots_Expansion_Loadout": "",
      "Bots_Loadout_ID": 1,
      "Bots_Range": 800,
      "Bots_Accuracy": 0.4399999976158142,
      "Bots_Damage_Done_Multiplier": 1,
      "Bots_Damage_Taken_Multiplier": 1,
      "Bots_Drop_Loot": 1,
      "Bots_Drop_Weapon": 1,
      "Is_NBC_Mission": 0,
      "Allow_Crate_Reward": 1,
      "Allow_Vehicle_Reward": 0,
      "Allow_Helicopter_Reward": 0,
      "Static_Objects": []
    },
    {
      "Name": "PayDay Squad Spotted in Kamensk",
      "Position": [
        7105.1611328125,
        355.0124816894531,
        14582.7626953125
      ],
      "Bots_Count_Minimum": 5,
      "Bots_Count_Maximum": 7,
      "Bots_Expansion_Loadout": "",
      "Bots_Loadout_ID": 1,
      "Bots_Range": 800,
      "Bots_Accuracy": 0.4000000059604645,
      "Bots_Damage_Done_Multiplier": 1,
      "Bots_Damage_Taken_Multiplier": 1,
      "Bots_Drop_Loot": 1,
      "Bots_Drop_Weapon": 1,
      "Is_NBC_Mission": 0,
      "Allow_Crate_Reward": 1,
      "Allow_Vehicle_Reward": 0,
      "Allow_Helicopter_Reward": 0,
      "Static_Objects": []
    },
    {
      "Name": "PayDay Squad Taking The Prison",
      "Position": [
        2615.030029296875,
        22.195510864257812,
        1306.739990234375
      ],
      "Bots_Count_Minimum": 5,
      "Bots_Count_Maximum": 7,
      "Bots_Expansion_Loadout": "",
      "Bots_Loadout_ID": 1,
      "Bots_Range": 800,
      "Bots_Accuracy": 0.4399999976158142,
      "Bots_Damage_Done_Multiplier": 1,
      "Bots_Damage_Taken_Multiplier": 1,
      "Bots_Drop_Loot": 1,
      "Bots_Drop_Weapon": 1,
      "Is_NBC_Mission": 0,
      "Allow_Crate_Reward": 1,
      "Allow_Vehicle_Reward": 0,
      "Allow_Helicopter_Reward": 0,
      "Static_Objects": []
    },
    {
      "Name": "PayDay Squad Spotted at Rog",
      "Position": [
        11253.046875,
        290.345978,
        4296.137207
      ],
      "Bots_Count_Minimum": 5,
      "Bots_Count_Maximum": 7,
      "Bots_Expansion_Loadout": "",
      "Bots_Loadout_ID": 1,
      "Bots_Range": 800,
      "Bots_Accuracy": 0.4399999976158142,
      "Bots_Damage_Done_Multiplier": 1,
      "Bots_Damage_Taken_Multiplier": 1,
      "Bots_Drop_Loot": 1,
      "Bots_Drop_Weapon": 1,
      "Is_NBC_Mission": 0,
      "Allow_Crate_Reward": 1,
      "Allow_Vehicle_Reward": 0,
      "Allow_Helicopter_Reward": 0,
      "Static_Objects": []
    },
    {
      "Name": "PayDay Squad Spotted",
      "Position": [
        13679.099609375,
        45.16400146484375,
        2958.97998046875
      ],
      "Bots_Count_Minimum": 5,
      "Bots_Count_Maximum": 7,
      "Bots_Expansion_Loadout": "",
      "Bots_Loadout_ID": 1,
      "Bots_Range": 800,
      "Bots_Accuracy": 0.4399999976158142,
      "Bots_Damage_Done_Multiplier": 1,
      "Bots_Damage_Taken_Multiplier": 1,
      "Bots_Drop_Loot": 1,
      "Bots_Drop_Weapon": 1,
      "Is_NBC_Mission": 0,
      "Allow_Crate_Reward": 1,
      "Allow_Vehicle_Reward": 0,
      "Allow_Helicopter_Reward": 0,
      "Static_Objects": []
    },
    {
      "Name": "PayDay Squad Spotted at Lopatino",
      "Position": [
        2854.95,
        268.676,
        9692.25
      ],
      "Bots_Count_Minimum": 5,
      "Bots_Count_Maximum": 7,
      "Bots_Expansion_Loadout": "",
      "Bots_Loadout_ID": 1,
      "Bots_Range": 800,
      "Bots_Accuracy": 0.5,
      "Bots_Damage_Done_Multiplier": 1,
      "Bots_Damage_Taken_Multiplier": 1,
      "Bots_Drop_Loot": 1,
      "Bots_Drop_Weapon": 1,
      "Is_NBC_Mission": 0,
      "Allow_Crate_Reward": 1,
      "Allow_Vehicle_Reward": 0,
      "Allow_Helicopter_Reward": 0,
      "Static_Objects": []
    },
    {
      "Name": "Downed Helicopter",
      "Position": [
        144.31246948242188,
        319.55841064453125,
        8073.83740234375
      ],
      "Bots_Count_Minimum": 5,
      "Bots_Count_Maximum": 7,
      "Bots_Expansion_Loadout": "",
      "Bots_Loadout_ID": 1,
      "Bots_Range": 400,
      "Bots_Accuracy": 0.5,
      "Bots_Damage_Done_Multiplier": 1,
      "Bots_Damage_Taken_Multiplier": 1,
      "Bots_Drop_Loot": 1,
      "Bots_Drop_Weapon": 1,
      "Is_NBC_Mission": 0,
      "Allow_Crate_Reward": 1,
      "Allow_Vehicle_Reward": 0,
      "Allow_Helicopter_Reward": 0,
      "Static_Objects": [
        {
          "ClassName": "StaticObj_Wreck_Mi8_Crashed",
          "Scale": 1,
          "Position": [
            144.06399536132812,
            321.1470031738281,
            8068.35986328125
          ],
          "Rotation": [
            -69.11962890625,
            0,
            0
          ]
        }
      ]
    },
    {
      "Name": "PayDay Squad Spotted at Grishino",
      "Position": [
        5947.35,
        278.932,
        10116.2
      ],
      "Bots_Count_Minimum": 5,
      "Bots_Count_Maximum": 7,
      "Bots_Expansion_Loadout": "",
      "Bots_Loadout_ID": 2,
      "Bots_Range": 400,
      "Bots_Accuracy": 0.5,
      "Bots_Damage_Done_Multiplier": 1,
      "Bots_Damage_Taken_Multiplier": 1,
      "Bots_Drop_Loot": 1,
      "Bots_Drop_Weapon": 1,
      "Is_NBC_Mission": 0,
      "Allow_Crate_Reward": 1,
      "Allow_Vehicle_Reward": 0,
      "Allow_Helicopter_Reward": 0,
      "Static_Objects": []
    },
    {
      "Name": "PayDay Squad Spotted at VMC",
      "Position": [
        4517.41015625,
        316.1653747558594,
        8278.7001953125
      ],
      "Bots_Count_Minimum": 5,
      "Bots_Count_Maximum": 7,
      "Bots_Expansion_Loadout": "",
      "Bots_Loadout_ID": 2,
      "Bots_Range": 400,
      "Bots_Accuracy": 0.5,
      "Bots_Damage_Done_Multiplier": 1,
      "Bots_Damage_Taken_Multiplier": 1,
      "Bots_Drop_Loot": 1,
      "Bots_Drop_Weapon": 1,
      "Is_NBC_Mission": 0,
      "Allow_Crate_Reward": 1,
      "Allow_Vehicle_Reward": 0,
      "Allow_Helicopter_Reward": 0,
      "Static_Objects": []
    },
    {
      "Name": "PayDay Squad Spotted at North East Airfield",
      "Position": [
        12289.599609375,
        140,
        12553.3603515625
      ],
      "Bots_Count_Minimum": 5,
      "Bots_Count_Maximum": 7,
      "Bots_Expansion_Loadout": "",
      "Bots_Loadout_ID": 2,
      "Bots_Range": 400,
      "Bots_Accuracy": 0.5,
      "Bots_Damage_Done_Multiplier": 1,
      "Bots_Damage_Taken_Multiplier": 1,
      "Bots_Drop_Loot": 1,
      "Bots_Drop_Weapon": 1,
      "Is_NBC_Mission": 0,
      "Allow_Crate_Reward": 1,
      "Allow_Vehicle_Reward": 0,
      "Allow_Helicopter_Reward": 0,
      "Static_Objects": []
    },
    {
      "Name": "PayDay Squad Spotted at Krona Castle",
      "Position": [
        1503.31,
        298.804,
        9157.48
      ],
      "Bots_Count_Minimum": 5,
      "Bots_Count_Maximum": 7,
      "Bots_Expansion_Loadout": "",
      "Bots_Loadout_ID": 2,
      "Bots_Range": 400,
      "Bots_Accuracy": 0.5,
      "Bots_Damage_Done_Multiplier": 1,
      "Bots_Damage_Taken_Multiplier": 1,
      "Bots_Drop_Loot": 1,
      "Bots_Drop_Weapon": 1,
      "Is_NBC_Mission": 0,
      "Allow_Crate_Reward": 1,
      "Allow_Vehicle_Reward": 0,
      "Allow_Helicopter_Reward": 0,
      "Static_Objects": []
    },
    {
      "Name": "PayDay Squad Spotted at Novy Sobor",
      "Position": [
        6919.83,
        296.014,
        7788.43
      ],
      "Bots_Count_Minimum": 5,
      "Bots_Count_Maximum": 7,
      "Bots_Expansion_Loadout": "",
      "Bots_Loadout_ID": 2,
      "Bots_Range": 400,
      "Bots_Accuracy": 0.5,
      "Bots_Damage_Done_Multiplier": 1,
      "Bots_Damage_Taken_Multiplier": 1,
      "Bots_Drop_Loot": 1,
      "Bots_Drop_Weapon": 1,
      "Is_NBC_Mission": 0,
      "Allow_Crate_Reward": 1,
      "Allow_Vehicle_Reward": 0,
      "Allow_Helicopter_Reward": 0,
      "Static_Objects": []
    },
    {
      "Name": "PayDay Squad Spotted at SKVSCH Areana",
      "Position": [
        541.518,
        421.672,
        11103.9
      ],
      "Bots_Count_Minimum": 5,
      "Bots_Count_Maximum": 7,
      "Bots_Expansion_Loadout": "",
      "Bots_Loadout_ID": 2,
      "Bots_Range": 400,
      "Bots_Accuracy": 0.5,
      "Bots_Damage_Done_Multiplier": 1,
      "Bots_Damage_Taken_Multiplier": 1,
      "Bots_Drop_Loot": 1,
      "Bots_Drop_Weapon": 1,
      "Is_NBC_Mission": 0,
      "Allow_Crate_Reward": 1,
      "Allow_Vehicle_Reward": 0,
      "Allow_Helicopter_Reward": 0,
      "Static_Objects": []
    },
    {
      "Name": "PayDay Squad Spotted at Zelenogorsk Military",
      "Position": [
        2480.849853515625,
        193.25210571289062,
        5111.97509765625
      ],
      "Bots_Count_Minimum": 5,
      "Bots_Count_Maximum": 7,
      "Bots_Expansion_Loadout": "",
      "Bots_Loadout_ID": 2,
      "Bots_Range": 400,
      "Bots_Accuracy": 0.5,
      "Bots_Damage_Done_Multiplier": 1,
      "Bots_Damage_Taken_Multiplier": 1,
      "Bots_Drop_Loot": 1,
      "Bots_Drop_Weapon": 1,
      "Is_NBC_Mission": 0,
      "Allow_Crate_Reward": 1,
      "Allow_Vehicle_Reward": 0,
      "Allow_Helicopter_Reward": 0,
      "Static_Objects": []
    },
    {
      "Name": "PayDay Squad Spotted at Staroye Tents",
      "Position": [
        10432.8896484375,
        283.0583801269531,
        5961.2900390625
      ],
      "Bots_Count_Minimum": 5,
      "Bots_Count_Maximum": 7,
      "Bots_Expansion_Loadout": "",
      "Bots_Loadout_ID": 2,
      "Bots_Range": 100,
      "Bots_Accuracy": 0.5,
      "Bots_Damage_Done_Multiplier": 1,
      "Bots_Damage_Taken_Multiplier": 1,
      "Bots_Drop_Loot": 1,
      "Bots_Drop_Weapon": 1,
      "Is_NBC_Mission": 0,
      "Allow_Crate_Reward": 1,
      "Allow_Vehicle_Reward": 0,
      "Allow_Helicopter_Reward": 0,
      "Static_Objects": []
    }
  ],
  "Loadouts": [
    {
      "AI_Loot_Misc_Max": 3,
      "AI_Loot_Special_Max": 1,
      "Shirts": [
        "Military_Sweater",
        "Military_Sweater_Red",
        "Military_Sweater_Blue",
        "Military_Sweater_Green",
        "Military_Sweater_White",
        "Military_Sweater_Black"
      ],
      "Pants": [
        "MMG_combatpants_olive",
        "MMG_combatpants_black",
        "MMG_combatpants_tan",
        "MMG_combatpants_alpine",
        "MMG_combatpants_erdl",
        "MMG_combatpants_multicamblack",
        "MMG_combatpants_multicam",
        "MMG_combatpants_erdl",
        "MMG_combatpants_dark_woodland",
        "MMG_combatpants_ucp",
        "MMG_combatpants_multicam_tropic",
        "MMG_combatpants_police",
        "MMG_combatpants_atacs"
      ],
      "Shoes": [
        "jungleboots_beige",
        "jungleboots_black",
        "jungleboots_brown",
        "jungleboots_green",
        "jungleboots_olive"
      ],
      "BackPacks": [
        "HipPack_Black"
      ],
      "Gloves": [
        "mmg_tactical_gloves_black",
        "mmg_tactical_gloves_green",
        "mmg_tactical_gloves_tan",
        "mmg_tactical_gloves_multicam",
        "mmg_tactical_gloves_multicamblack",
        "mmg_tactical_gloves_erdl",
        "mmg_tactical_gloves_alpine",
        "mmg_tactical_gloves_dark_woodland",
        "mmg_tactical_gloves_ucp",
        "mmg_tactical_gloves_multicam_tropic",
        "mmg_tactical_gloves_atacs"
      ],
      "Belts": [],
      "NBC_Loadout": [
        "Renegade_BlackCamo_NBC_Gloves",
        "Renegade_BlackCamo_NBC_Jacket",
        "Renegade_BlackCamo_NBC_Pants",
        "Renegade_BlackCamo_NBC_Boots",
        "Renegade_BlackCamo_NBC_Hood",
        "GasMask"
      ],
      "AI_Loot_Misc": [
        "WeaponCleaningKit",
        "RGD5Grenade",
        "WeaponCleaningKit",
        "Stim_Flu",
        "Stim_Health",
        "Stim_Hydration",
        "Stim_Immunity",
        "Stim_Infection",
        "Stim_Nutrition",
        "Stim_Blood",
        "Stim_Shock",
        "Stim_Toxic",
        "Stim_Fractures",
        "Stim_Salmonella",
        "Stim_FoodPoisoning",
        "Stim_Kuru"
      ],
      "AI_Loot_Special": [
        "PunchedCard",
        "LB_LC_Key1_Black",
        "LB_LC_Key1_Blue",
        "LB_LC_Key1_Green",
        "LB_LC_Key1_Grey",
        "DNA_KeyCard_Red_Inactive",
        "DNA_KeyCard_Purple_Inactive",
        "DNA_KeyCard_Blue_Inactive",
        "DNA_KeyCard_Green_Inactive",
        "DNA_KeyCard_Yellow_Inactive",
        "DNA_KeyCard_Blank",
        "DNA_KeyCard_BlisterPackChip_Red",
        "DNA_KeyCard_BlisterPackChip_Purple",
        "DNA_KeyCard_BlisterPackChip_Blue",
        "DNA_KeyCard_BlisterPackChip_Green",
        "DNA_KeyCard_BlisterPackChip_Yellow",
        "mmg_ca_card_novo",
        "mmg_ca_card_cherno",
        "mmg_ca_card_severo",
        "mmg_ca_card_elektro",
        "mmg_ca_card_fnx45",
        "mmg_ca_card_mlock19",
        "mmg_ca_card_skg5",
        "mmg_ca_card_usg45",
        "mmg_ca_card_akm",
        "mmg_ca_card_akm",
        "mmg_ca_card_aur",
        "mmg_ca_card_bk43",
        "mmg_ca_card_blaze",
        "mmg_ca_card_m4",
        "mmg_ca_card_mosin",
        "mmg_ca_card_savanna",
        "mmg_ca_card_tundra",
        "mmg_ca_card_deagle",
        "mmg_ca_card_lar",
        "mmg_card_display",
        "mmg_newspaper_one",
        "mmg_floppy_disc_one",
        "mmg_floppy_disc_two",
        "mmg_floppy_disc_three",
        "mmg_tactical_watch_black",
        "mmg_tactical_watch_green",
        "mmg_tactical_watch_tan",
        "Paragon_GunSling_Black",
        "Paragon_Rush_24_Bag_Black",
        "Paragon_Compact_Black",
        "Paragon_Tactical_Bag_Black",
        "Paragon_Deployment_Bag_Black",
        "Paragon_Duffle_Black",
        "Paragon_Rubicon_Black",
        "Paragon_US_Military_Black",
        "Paragon_GunBag_Black",
        "Paragon_RaidBag_Black",
        "Redos_RifleBags_Black"
      ],
      "Weapons": [
        {
          "Loadout_ID": 1,
          "Weapon_ClassName": "SKS",
          "Magazine_ClassName": "Ammo_762x39Tracer",
          "Attach": [
            "PUScopeOptic"
          ]
        },
        {
          "Loadout_ID": 1,
          "Weapon_ClassName": "MP133Shotgun",
          "Magazine_ClassName": "Ammo_00buck",
          "Attach": []
        },
        {
          "Loadout_ID": 1,
          "Weapon_ClassName": "Winchester70",
          "Magazine_ClassName": "AmmoBox_308WinTracer",
          "Attach": [
            "HuntingOptic"
          ]
        },
        {
          "Loadout_ID": 1,
          "Weapon_ClassName": "Mosin9130",
          "Magazine_ClassName": "Ammo_762x54Tracer",
          "Attach": [
            "PUScopeOptic"
          ]
        },
        {
          "Loadout_ID": 1,
          "Weapon_ClassName": "M16A2",
          "Magazine_ClassName": "Mag_CMAG_40Rnd_Green",
          "Attach": [
            "ACOGOptic_6x"
          ]
        },
        {
          "Loadout_ID": 1,
          "Weapon_ClassName": "M14",
          "Magazine_ClassName": "Mag_M14_20Rnd",
          "Attach": [
            "ACOGOptic_6x"
          ]
        },
        {
          "Loadout_ID": 1,
          "Weapon_ClassName": "SSG82",
          "Magazine_ClassName": "Mag_SSG82_5rnd",
          "Attach": []
        },
        {
          "Loadout_ID": 1,
          "Weapon_ClassName": "Izh43Shotgun",
          "Magazine_ClassName": "Ammo_00buck",
          "Attach": []
        },
        {
          "Loadout_ID": 1,
          "Weapon_ClassName": "Aug",
          "Magazine_ClassName": "Mag_Aug_30Rnd",
          "Attach": []
        },
        {
          "Loadout_ID": 1,
          "Weapon_ClassName": "VSS",
          "Magazine_ClassName": "Mag_Vikhr_30Rnd",
          "Attach": [
            "PSO11Optic"
          ]
        },
        {
          "Loadout_ID": 1,
          "Weapon_ClassName": "Vikhr",
          "Magazine_ClassName": "Mag_Vikhr_30Rnd",
          "Attach": []
        },
        {
          "Loadout_ID": 1,
          "Weapon_ClassName": "SV98",
          "Magazine_ClassName": "Mag_SV98_10Rnd",
          "Attach": []
        },
        {
          "Loadout_ID": 2,
          "Weapon_ClassName": "Vikhr",
          "Magazine_ClassName": "Mag_Vikhr_30Rnd",
          "Attach": []
        },
        {
          "Loadout_ID": 2,
          "Weapon_ClassName": "SV98",
          "Magazine_ClassName": "Mag_SV98_10Rnd",
          "Attach": []
        },
        {
          "Loadout_ID": 2,
          "Weapon_ClassName": "M14",
          "Magazine_ClassName": "Mag_M14_20Rnd",
          "Attach": [
            "ACOGOptic_6x"
          ]
        },
        {
          "Loadout_ID": 2,
          "Weapon_ClassName": "SSG82",
          "Magazine_ClassName": "Mag_SSG82_5rnd",
          "Attach": []
        }
      ],
      "Armour": [
        {
          "Loadout_ID": 2,
          "Armour_ClassName": "MMG_JPC_Vest_alpine",
          "Attach": [],
          "Contents": []
        },
        {
          "Loadout_ID": 1,
          "Armour_ClassName": "MMG_JPC_Vest_alpine",
          "Attach": [],
          "Contents": []
        },
        {
          "Loadout_ID": 2,
          "Armour_ClassName": "MMG_JPC_Vest_alpine",
          "Attach": [],
          "Contents": []
        }
      ],
      "Headgear": [
        {
          "Loadout_ID": 1,
          "Helmet_ClassName": "PaydayMask_Hoxton",
          "Give_NVG": 1
        },
        {
          "Loadout_ID": 1,
          "Helmet_ClassName": "PaydayMask_Chains",
          "Give_NVG": 1
        },
        {
          "Loadout_ID": 1,
          "Helmet_ClassName": "PaydayMask_Dallas",
          "Give_NVG": 1
        },
        {
          "Loadout_ID": 1,
          "Helmet_ClassName": "PaydayMask_Wolf",
          "Give_NVG": 1
        },
        {
          "Loadout_ID": 2,
          "Helmet_ClassName": "MMG_tactical_helmet_black",
          "Give_NVG": 1
        },
        {
          "Loadout_ID": 2,
          "Helmet_ClassName": "MMG_tactical_helmet_multicamblack",
          "Give_NVG": 1
        }
      ]
    }
  ],
  "RewardObjects": [
    {
      "Reward_Type": 1,
      "ClassName": "SeaChest",
      "Replace_ClassName": "",
      "Loot_Initial": [],
      "Loot_Win": [
        "FoXyLuckyBlock_Pink",
        "FoXyLuckyBlock"
      ]
    },
    {
      "Reward_Type": 1,
      "ClassName": "Barrel_Blue",
      "Replace_ClassName": "",
      "Loot_Initial": [],
      "Loot_Win": [
        "FoXyLuckyBlock_Pink",
        "FoXyLuckyBlock"
      ]
    }
  ],
  "Loot": [
    {
      "Weapons": [
        {
          "ClassName": "FAL",
          "Magazine_ClassName": "Mag_FAL_20Rnd",
          "Attach": [
            "Fal_OeBttsck",
            "ACOGOptic"
          ],
          "Loot": [
            "Mag_FAL_20Rnd",
            "Mag_FAL_20Rnd"
          ]
        },
        {
          "ClassName": "SVD",
          "Magazine_ClassName": "Mag_SVD_10Rnd",
          "Attach": [
            "PSO1Optic"
          ],
          "Loot": [
            "Mag_SVD_10Rnd",
            "Mag_SVD_10Rnd"
          ]
        },
        {
          "ClassName": "M4A1",
          "Magazine_ClassName": "Mag_CMAG_40Rnd",
          "Attach": [
            "M4_RISHndgrd",
            "M4_MPBttstck",
            "ACOGOptic",
            "M4_Suppressor"
          ],
          "Loot": [
            "Mag_CMAG_40Rnd",
            "Mag_CMAG_40Rnd"
          ]
        },
        {
          "ClassName": "Snafu_pkp_Black_GUN",
          "Magazine_ClassName": "Snafu_pkp_250RND_Mag",
          "Attach": [
            "SNAFU_AKTrijicon"
          ],
          "Loot": [
            "Snafu_pkp_250RND_Mag"
          ]
        },
        {
          "ClassName": "GCGN_M82_Barret",
          "Magazine_ClassName": "GCGN_M82_Mag",
          "Attach": [
            "SNAFU_Nightforce"
          ],
          "Loot": [
            "GCGN_M82_Mag",
            "GCGN_M82_Mag"
          ]
        },
        {
          "ClassName": "SNAFUAlligator",
          "Magazine_ClassName": "SNAFUAlligator_5rdMag",
          "Attach": [
            "SNAFU_Nightforce"
          ],
          "Loot": [
            "SNAFUAlligator_5rdMag",
            "SNAFUAlligator_5rdMag",
            "SNAFUAlligator_5rdMag",
            "SNAFUAlligator_5rdMag"
          ]
        },
        {
          "ClassName": "SNAFUVSSK",
          "Magazine_ClassName": "SNAFUVSSK_5rdMag",
          "Attach": [
            "SNAFU_Nightforce"
          ],
          "Loot": [
            "SNAFUVSSK_5rdMag",
            "SNAFUVSSK_5rdMag"
          ]
        }
      ],
      "Armour": [
        {
          "ClassName": "MMG_MK_III_Armor_black",
          "Attach": [],
          "Contents": []
        },
        {
          "ClassName": "MMG_MK_III_Armor_green",
          "Attach": [],
          "Contents": []
        },
        {
          "ClassName": "MMG_MK_III_Armor_tan",
          "Attach": [],
          "Contents": []
        },
        {
          "ClassName": "MMG_MK_III_Armor_tan",
          "Attach": [],
          "Contents": []
        },
        {
          "ClassName": "MMG_MK_III_Armor_multicam",
          "Attach": [],
          "Contents": []
        },
        {
          "ClassName": "MMG_MK_III_Armor_erdl",
          "Attach": [],
          "Contents": []
        },
        {
          "ClassName": "MMG_MK_III_Armor_alpine",
          "Attach": [],
          "Contents": []
        },
        {
          "ClassName": "MMG_MK_III_Armor_dark_woodland",
          "Attach": [],
          "Contents": []
        },
        {
          "ClassName": "MMG_MK_III_Armor_ucp",
          "Attach": [],
          "Contents": []
        },
        {
          "ClassName": "MMG_MK_III_Armor_multicam_tropic",
          "Attach": [],
          "Contents": []
        },
        {
          "ClassName": "MMG_MK_III_Armor_atacs",
          "Attach": [],
          "Contents": []
        },
        {
          "ClassName": "MMG_MK_V_Armor_black",
          "Attach": [],
          "Contents": []
        },
        {
          "ClassName": "MMG_MK_V_Armor_green",
          "Attach": [],
          "Contents": []
        },
        {
          "ClassName": "MMG_MK_V_Armor_tan",
          "Attach": [],
          "Contents": []
        },
        {
          "ClassName": "MMG_MK_V_Armor_multicamblack",
          "Attach": [],
          "Contents": []
        },
        {
          "ClassName": "MMG_MK_V_Armor_multicam",
          "Attach": [],
          "Contents": []
        },
        {
          "ClassName": "MMG_MK_V_Armor_alpine",
          "Attach": [],
          "Contents": []
        },
        {
          "ClassName": "MMG_MK_V_Armor_erdl",
          "Attach": [],
          "Contents": []
        },
        {
          "ClassName": "MMG_MK_V_Armor_dark_woodland",
          "Attach": [],
          "Contents": []
        },
        {
          "ClassName": "MMG_MK_V_Armor_ucp",
          "Attach": [],
          "Contents": []
        },
        {
          "ClassName": "MMG_MK_V_Armor_multicam_tropic",
          "Attach": [],
          "Contents": []
        },
        {
          "ClassName": "MMG_MK_V_Armor_atacs",
          "Attach": [],
          "Contents": []
        },
        {
          "ClassName": "Paragon_6B43_Flora",
          "Attach": [],
          "Contents": []
        },
        {
          "ClassName": "Paragon_6B43_Digital_Flora",
          "Attach": [],
          "Contents": []
        },
        {
          "ClassName": "Paragon_6B43_Digital_Desert",
          "Attach": [],
          "Contents": []
        },
        {
          "ClassName": "Paragon_6B43_Black",
          "Attach": [],
          "Contents": []
        },
        {
          "ClassName": "Paragon_6B43_Fatigue",
          "Attach": [],
          "Contents": []
        },
        {
          "ClassName": "Paragon_6B43_Blue",
          "Attach": [],
          "Contents": []
        },
        {
          "ClassName": "Paragon_6B43_White",
          "Attach": [],
          "Contents": []
        },
        {
          "ClassName": "Paragon_6B43_Navy",
          "Attach": [],
          "Contents": []
        },
        {
          "ClassName": "Paragon_6B43_Desert",
          "Attach": [],
          "Contents": []
        },
        {
          "ClassName": "Paragon_6B43_Black_WL",
          "Attach": [],
          "Contents": []
        },
        {
          "ClassName": "Paragon_6B43_WL",
          "Attach": [],
          "Contents": []
        },
        {
          "ClassName": "Paragon_6B13_Black",
          "Attach": [],
          "Contents": []
        },
        {
          "ClassName": "Paragon_6B13_Blue",
          "Attach": [],
          "Contents": []
        },
        {
          "ClassName": "Paragon_6B13_Desert",
          "Attach": [],
          "Contents": []
        },
        {
          "ClassName": "Paragon_6B13_Green",
          "Attach": [],
          "Contents": []
        },
        {
          "ClassName": "Paragon_6B13_White",
          "Attach": [],
          "Contents": []
        },
        {
          "ClassName": "Paragon_6B13_Fatigue",
          "Attach": [],
          "Contents": []
        },
        {
          "ClassName": "Paragon_6B13_Navy",
          "Attach": [],
          "Contents": []
        },
        {
          "ClassName": "Paragon_6B13_Black_WL",
          "Attach": [],
          "Contents": []
        },
        {
          "ClassName": "Paragon_6B13_WL",
          "Attach": [],
          "Contents": []
        },
        {
          "ClassName": "Paragon_TacticalVest_Black",
          "Attach": [],
          "Contents": []
        },
        {
          "ClassName": "Paragon_TacticalVest_Blue",
          "Attach": [],
          "Contents": []
        },
        {
          "ClassName": "Paragon_TacticalVest_Desert",
          "Attach": [],
          "Contents": []
        },
        {
          "ClassName": "Paragon_TacticalVest_Green",
          "Attach": [],
          "Contents": []
        },
        {
          "ClassName": "Paragon_TacticalVest_White",
          "Attach": [],
          "Contents": []
        },
        {
          "ClassName": "Paragon_TacticalVest_Fatigue",
          "Attach": [],
          "Contents": []
        },
        {
          "ClassName": "Paragon_TacticalVest_Navy",
          "Attach": [],
          "Contents": []
        },
        {
          "ClassName": "Paragon_TacticalVest_Black_WL",
          "Attach": [],
          "Contents": []
        },
        {
          "ClassName": "Paragon_TacticalVest_WL",
          "Attach": [],
          "Contents": []
        },
        {
          "ClassName": "Paragon_Slick_Black",
          "Attach": [],
          "Contents": []
        },
        {
          "ClassName": "Paragon_Slick_Blue",
          "Attach": [],
          "Contents": []
        },
        {
          "ClassName": "Paragon_Slick_Desert",
          "Attach": [],
          "Contents": []
        },
        {
          "ClassName": "Paragon_Slick_White",
          "Attach": [],
          "Contents": []
        },
        {
          "ClassName": "Paragon_Slick_Green",
          "Attach": [],
          "Contents": []
        },
        {
          "ClassName": "Paragon_Slick_Fatigue",
          "Attach": [],
          "Contents": []
        },
        {
          "ClassName": "Paragon_Slick_Navy",
          "Attach": [],
          "Contents": []
        },
        {
          "ClassName": "Paragon_Slick_Black_WL",
          "Attach": [],
          "Contents": []
        },
        {
          "ClassName": "Paragon_Slick_WL",
          "Attach": [],
          "Contents": []
        },
        {
          "ClassName": "Paragon_IOTV_Black",
          "Attach": [],
          "Contents": []
        },
        {
          "ClassName": "Paragon_IOTV_Blue",
          "Attach": [],
          "Contents": []
        },
        {
          "ClassName": "Paragon_IOTV_Desert",
          "Attach": [],
          "Contents": []
        },
        {
          "ClassName": "Paragon_IOTV_Green",
          "Attach": [],
          "Contents": []
        },
        {
          "ClassName": "Paragon_IOTV_White",
          "Attach": [],
          "Contents": []
        },
        {
          "ClassName": "Paragon_IOTV_Fatigue",
          "Attach": [],
          "Contents": []
        },
        {
          "ClassName": "Paragon_IOTV_Navy",
          "Attach": [],
          "Contents": []
        },
        {
          "ClassName": "Paragon_IOTV_Black_WL",
          "Attach": [],
          "Contents": []
        },
        {
          "ClassName": "Paragon_IOTV_WL",
          "Attach": [],
          "Contents": []
        },
        {
          "ClassName": "Paragon_DCS_Black",
          "Attach": [],
          "Contents": []
        },
        {
          "ClassName": "Paragon_DCS_Blue",
          "Attach": [],
          "Contents": []
        },
        {
          "ClassName": "Paragon_DCS_Desert",
          "Attach": [],
          "Contents": []
        },
        {
          "ClassName": "Paragon_DCS_Green",
          "Attach": [],
          "Contents": []
        },
        {
          "ClassName": "Paragon_DCS_White",
          "Attach": [],
          "Contents": []
        },
        {
          "ClassName": "Paragon_DCS_Fatigue",
          "Attach": [],
          "Contents": []
        },
        {
          "ClassName": "Paragon_DCS_Navy",
          "Attach": [],
          "Contents": []
        },
        {
          "ClassName": "Paragon_DCS_Black_WL",
          "Attach": [],
          "Contents": []
        },
        {
          "ClassName": "Paragon_DCS_WL",
          "Attach": [],
          "Contents": []
        },
        {
          "ClassName": "Paragon_Soviet_Black",
          "Attach": [],
          "Contents": []
        },
        {
          "ClassName": "Paragon_Soviet_Desert",
          "Attach": [],
          "Contents": []
        },
        {
          "ClassName": "Paragon_Soviet_Green",
          "Attach": [],
          "Contents": []
        },
        {
          "ClassName": "Paragon_Soviet_Blue",
          "Attach": [],
          "Contents": []
        },
        {
          "ClassName": "Paragon_Soviet_White",
          "Attach": [],
          "Contents": []
        },
        {
          "ClassName": "Paragon_Soviet_Fatigue",
          "Attach": [],
          "Contents": []
        },
        {
          "ClassName": "Paragon_Soviet_Navy",
          "Attach": [],
          "Contents": []
        },
        {
          "ClassName": "Paragon_Soviet_Black_WL",
          "Attach": [],
          "Contents": []
        },
        {
          "ClassName": "Paragon_Soviet_WL",
          "Attach": [],
          "Contents": []
        },
        {
          "ClassName": "Paragon_TacTec_Black",
          "Attach": [],
          "Contents": []
        },
        {
          "ClassName": "Paragon_TacTec_Blue",
          "Attach": [],
          "Contents": []
        },
        {
          "ClassName": "Paragon_TacTec_Desert",
          "Attach": [],
          "Contents": []
        },
        {
          "ClassName": "Paragon_TacTec_Desert",
          "Attach": [],
          "Contents": []
        },
        {
          "ClassName": "Paragon_TacTec_Green",
          "Attach": [],
          "Contents": []
        },
        {
          "ClassName": "Paragon_TacTec_Fatigue",
          "Attach": [],
          "Contents": []
        },
        {
          "ClassName": "Paragon_TacTec_Navy",
          "Attach": [],
          "Contents": []
        },
        {
          "ClassName": "Paragon_TacTec_Black_WL",
          "Attach": [],
          "Contents": []
        },
        {
          "ClassName": "Paragon_TacTec_WL",
          "Attach": [],
          "Contents": []
        },
        {
          "ClassName": "Paragon_DCS_L_Black",
          "Attach": [],
          "Contents": []
        },
        {
          "ClassName": "Paragon_DCS_L_Blue",
          "Attach": [],
          "Contents": []
        },
        {
          "ClassName": "Paragon_DCS_L_Desert",
          "Attach": [],
          "Contents": []
        },
        {
          "ClassName": "Paragon_DCS_L_Green",
          "Attach": [],
          "Contents": []
        },
        {
          "ClassName": "Paragon_DCS_L_White",
          "Attach": [],
          "Contents": []
        },
        {
          "ClassName": "Paragon_DCS_L_Fatigue",
          "Attach": [],
          "Contents": []
        },
        {
          "ClassName": "Paragon_DCS_L_Navy",
          "Attach": [],
          "Contents": []
        },
        {
          "ClassName": "Paragon_DCS_L_Black_WL",
          "Attach": [],
          "Contents": []
        },
        {
          "ClassName": "Paragon_DCS_L_WL",
          "Attach": [],
          "Contents": []
        },
        {
          "ClassName": "Paragon_JPC_Black",
          "Attach": [],
          "Contents": []
        },
        {
          "ClassName": "Paragon_JPC_Blue",
          "Attach": [],
          "Contents": []
        },
        {
          "ClassName": "Paragon_JPC_Desert",
          "Attach": [],
          "Contents": []
        },
        {
          "ClassName": "Paragon_JPC_White",
          "Attach": [],
          "Contents": []
        },
        {
          "ClassName": "Paragon_JPC_Green",
          "Attach": [],
          "Contents": []
        },
        {
          "ClassName": "Paragon_JPC_Fatigue",
          "Attach": [],
          "Contents": []
        },
        {
          "ClassName": "Paragon_JPC_Navy",
          "Attach": [],
          "Contents": []
        },
        {
          "ClassName": "Paragon_JPC_Black_WL",
          "Attach": [],
          "Contents": []
        },
        {
          "ClassName": "Paragon_JPC_WL",
          "Attach": [],
          "Contents": []
        },
        {
          "ClassName": "Paragon_C6B43_Flora",
          "Attach": [],
          "Contents": []
        },
        {
          "ClassName": "Paragon_C6B43_Digital_Flora",
          "Attach": [],
          "Contents": []
        },
        {
          "ClassName": "Paragon_C6B43_Digital_Desert",
          "Attach": [],
          "Contents": []
        },
        {
          "ClassName": "Paragon_C6B43_Desert",
          "Attach": [],
          "Contents": []
        },
        {
          "ClassName": "Paragon_C6B43_Black",
          "Attach": [],
          "Contents": []
        },
        {
          "ClassName": "Paragon_C6B43_Fatigue",
          "Attach": [],
          "Contents": []
        },
        {
          "ClassName": "Paragon_C6B43_Blue",
          "Attach": [],
          "Contents": []
        },
        {
          "ClassName": "Paragon_C6B43_White",
          "Attach": [],
          "Contents": []
        },
        {
          "ClassName": "Paragon_C6B43_Navy",
          "Attach": [],
          "Contents": []
        },
        {
          "ClassName": "Paragon_C6B43_Black_WL",
          "Attach": [],
          "Contents": []
        },
        {
          "ClassName": "Paragon_C6B43_WL",
          "Attach": [],
          "Contents": []
        }
      ],
      "Misc": [
        {
          "ClassName": "BandageDressing",
          "Attach": [],
          "Contents": []
        },
        {
          "ClassName": "PainkillerTablets",
          "Attach": [],
          "Contents": []
        },
        {
          "ClassName": "Morphine",
          "Attach": [],
          "Contents": []
        },
        {
          "ClassName": "SledgeHammer",
          "Attach": [],
          "Contents": []
        },
        {
          "ClassName": "NailBox",
          "Attach": [],
          "Contents": []
        },
        {
          "ClassName": "Hatchet",
          "Attach": [],
          "Contents": []
        },
        {
          "ClassName": "MetalPlate",
          "Attach": [],
          "Contents": []
        },
        {
          "ClassName": "Paragon_TacPants_Digital_Flora",
          "Attach": [],
          "Contents": []
        },
        {
          "ClassName": "Paragon_TacPants_Digital_Desert",
          "Attach": [],
          "Contents": []
        },
        {
          "ClassName": "Paragon_TacPants_Black",
          "Attach": [],
          "Contents": []
        },
        {
          "ClassName": "Paragon_TacPants_Blue",
          "Attach": [],
          "Contents": []
        },
        {
          "ClassName": "Paragon_TacPants_Desert",
          "Attach": [],
          "Contents": []
        },
        {
          "ClassName": "Paragon_TacPants_Green",
          "Attach": [],
          "Contents": []
        },
        {
          "ClassName": "Paragon_TacPants_White",
          "Attach": [],
          "Contents": []
        },
        {
          "ClassName": "Paragon_TacPants_WL",
          "Attach": [],
          "Contents": []
        },
        {
          "ClassName": "Paragon_TacPants_Fatigue",
          "Attach": [],
          "Contents": []
        },
        {
          "ClassName": "Paragon_TacPants_Navy",
          "Attach": [],
          "Contents": []
        },
        {
          "ClassName": "Paragon_TacPants_Black_WL",
          "Attach": [],
          "Contents": []
        },
        {
          "ClassName": "Paragon_CombatPants_Digital_Flora",
          "Attach": [],
          "Contents": []
        },
        {
          "ClassName": "Paragon_CombatPants_Digital_Desert",
          "Attach": [],
          "Contents": []
        },
        {
          "ClassName": "Paragon_CombatPants_Black",
          "Attach": [],
          "Contents": []
        },
        {
          "ClassName": "Paragon_CombatPants_Blue",
          "Attach": [],
          "Contents": []
        },
        {
          "ClassName": "Paragon_CombatPants_Desert",
          "Attach": [],
          "Contents": []
        },
        {
          "ClassName": "Paragon_CombatPants_Green",
          "Attach": [],
          "Contents": []
        },
        {
          "ClassName": "Paragon_CombatPants_White",
          "Attach": [],
          "Contents": []
        },
        {
          "ClassName": "Paragon_CombatPants_WL",
          "Attach": [],
          "Contents": []
        },
        {
          "ClassName": "Paragon_CombatPants_Fatigue",
          "Attach": [],
          "Contents": []
        },
        {
          "ClassName": "Paragon_CombatPants_Navy",
          "Attach": [],
          "Contents": []
        },
        {
          "ClassName": "Paragon_CombatPants_Black_WL",
          "Attach": [],
          "Contents": []
        },
        {
          "ClassName": "Paragon_TacJacket_Digital_Flora",
          "Attach": [],
          "Contents": []
        },
        {
          "ClassName": "Paragon_TacJacket_Digital_Desert",
          "Attach": [],
          "Contents": []
        },
        {
          "ClassName": "Paragon_TacJacket_Black",
          "Attach": [],
          "Contents": []
        },
        {
          "ClassName": "Paragon_TacJacket_Desert",
          "Attach": [],
          "Contents": []
        },
        {
          "ClassName": "Paragon_TacJacket_Blue",
          "Attach": [],
          "Contents": []
        },
        {
          "ClassName": "Paragon_TacJacket_White",
          "Attach": [],
          "Contents": []
        },
        {
          "ClassName": "Paragon_TacJacket_Green",
          "Attach": [],
          "Contents": []
        },
        {
          "ClassName": "Paragon_TacJacket_Fatigue",
          "Attach": [],
          "Contents": []
        },
        {
          "ClassName": "Paragon_TacJacket_Navy",
          "Attach": [],
          "Contents": []
        },
        {
          "ClassName": "Paragon_TacJacket_WL",
          "Attach": [],
          "Contents": []
        },
        {
          "ClassName": "MMG_operatorshirt_black",
          "Attach": [],
          "Contents": []
        },
        {
          "ClassName": "MMG_operatorshirt_green",
          "Attach": [],
          "Contents": []
        },
        {
          "ClassName": "MMG_operatorshirt_tan",
          "Attach": [],
          "Contents": []
        },
        {
          "ClassName": "MMG_operatorshirt_erdl",
          "Attach": [],
          "Contents": []
        },
        {
          "ClassName": "MMG_operatorshirt_multicamblack",
          "Attach": [],
          "Contents": []
        },
        {
          "ClassName": "MMG_operatorshirt_multicam",
          "Attach": [],
          "Contents": []
        },
        {
          "ClassName": "MMG_operatorshirt_dark_woodland",
          "Attach": [],
          "Contents": []
        },
        {
          "ClassName": "MMG_operatorshirt_alpine",
          "Attach": [],
          "Contents": []
        },
        {
          "ClassName": "MMG_operatorshirt_ucp",
          "Attach": [],
          "Contents": []
        },
        {
          "ClassName": "MMG_operatorshirt_multicam_tropic",
          "Attach": [],
          "Contents": []
        },
        {
          "ClassName": "MMG_operatorshirt_atacs",
          "Attach": [],
          "Contents": []
        },
        {
          "ClassName": "MMG_tactical_shirt_ucp",
          "Attach": [],
          "Contents": []
        },
        {
          "ClassName": "MMG_tactical_shirt_black",
          "Attach": [],
          "Contents": []
        },
        {
          "ClassName": "MMG_tactical_shirt_green",
          "Attach": [],
          "Contents": []
        },
        {
          "ClassName": "MMG_tactical_shirt_tan",
          "Attach": [],
          "Contents": []
        },
        {
          "ClassName": "MMG_tactical_shirt_multicamblack",
          "Attach": [],
          "Contents": []
        },
        {
          "ClassName": "MMG_tactical_shirt_erdl",
          "Attach": [],
          "Contents": []
        },
        {
          "ClassName": "MMG_tactical_shirt_dark_wl",
          "Attach": [],
          "Contents": []
        },
        {
          "ClassName": "MMG_tactical_shirt_alpine",
          "Attach": [],
          "Contents": []
        },
        {
          "ClassName": "MMG_tactical_shirt_multicam",
          "Attach": [],
          "Contents": []
        },
        {
          "ClassName": "MMG_tactical_shirt_multicam_tropic",
          "Attach": [],
          "Contents": []
        },
        {
          "ClassName": "MMG_tactical_shirt_atacs",
          "Attach": [],
          "Contents": []
        },
        {
          "ClassName": "Paragon_BodyBelt_Black",
          "Attach": [],
          "Contents": []
        },
        {
          "ClassName": "Paragon_BodyBelt_Blue",
          "Attach": [],
          "Contents": []
        },
        {
          "ClassName": "Paragon_BodyBelt_Desert",
          "Attach": [],
          "Contents": []
        },
        {
          "ClassName": "Paragon_BodyBelt_Green",
          "Attach": [],
          "Contents": []
        },
        {
          "ClassName": "Paragon_BodyBelt_Fatigue",
          "Attach": [],
          "Contents": []
        },
        {
          "ClassName": "Paragon_BodyBelt_Navy",
          "Attach": [],
          "Contents": []
        },
        {
          "ClassName": "Paragon_BodyBelt_Black_WL",
          "Attach": [],
          "Contents": []
        },
        {
          "ClassName": "Paragon_HP_Black",
          "Attach": [],
          "Contents": []
        },
        {
          "ClassName": "Paragon_HP_Blue",
          "Attach": [],
          "Contents": []
        },
        {
          "ClassName": "Paragon_HP_Desert",
          "Attach": [],
          "Contents": []
        },
        {
          "ClassName": "Paragon_HP_Green",
          "Attach": [],
          "Contents": []
        },
        {
          "ClassName": "Paragon_NVG_Black_P",
          "Attach": [],
          "Contents": []
        },
        {
          "ClassName": "Paragon_NVG_Black_B",
          "Attach": [],
          "Contents": []
        },
        {
          "ClassName": "Paragon_NVG_Green_B",
          "Attach": [],
          "Contents": []
        },
        {
          "ClassName": "Paragon_NVG_Green_P",
          "Attach": [],
          "Contents": []
        },
        {
          "ClassName": "Paragon_NVG_Blue_B",
          "Attach": [],
          "Contents": []
        },
        {
          "ClassName": "Paragon_NVG_Green_G",
          "Attach": [],
          "Contents": []
        },
        {
          "ClassName": "Paragon_Bottle_Black",
          "Attach": [],
          "Contents": []
        },
        {
          "ClassName": "Paragon_TacticalGloves_Digital_Flora",
          "Attach": [],
          "Contents": []
        },
        {
          "ClassName": "Paragon_TacticalGloves_Digital_Desert",
          "Attach": [],
          "Contents": []
        },
        {
          "ClassName": "Paragon_TacticalGloves_Black",
          "Attach": [],
          "Contents": []
        },
        {
          "ClassName": "Paragon_TacticalGloves_Black_WL",
          "Attach": [],
          "Contents": []
        },
        {
          "ClassName": "Paragon_TacticalGloves_Blue",
          "Attach": [],
          "Contents": []
        },
        {
          "ClassName": "Paragon_TacticalGloves_Desert",
          "Attach": [],
          "Contents": []
        },
        {
          "ClassName": "Paragon_TacticalGloves_Green",
          "Attach": [],
          "Contents": []
        },
        {
          "ClassName": "Paragon_TacticalGloves_Navy",
          "Attach": [],
          "Contents": []
        },
        {
          "ClassName": "Paragon_TacticalGloves_Fatigue",
          "Attach": [],
          "Contents": []
        },
        {
          "ClassName": "Paragon_TacticalGloves_WL",
          "Attach": [],
          "Contents": []
        },
        {
          "ClassName": "SNAFUVSSK_5rdMag",
          "Attach": [],
          "Contents": []
        },
        {
          "ClassName": "GCGN_M82_Mag",
          "Attach": [],
          "Contents": []
        },
        {
          "ClassName": "Snafu_pkp_250RND_Mag",
          "Attach": [],
          "Contents": []
        }
      ]
    }
  ]
}