{
  "ClassName": "",
  "Chance": 1,
  "Quantity": {
    "Min": 0,
    "Max": 0
  },
  "Health": [],
  "InventoryAttachments": [
    {
      "SlotName": "Body",
      "Items": [
        {
          "ClassName": "Paragon_TacTec_Desert",
          "Chance": 1,
          "Quantity": {
            "Min": 0,
            "Max": 0
          },
          "Health": [
            {
              "Min": 1,
              "Max": 1,
              "Zone": ""
            }
          ],
          "InventoryAttachments": [],
          "InventoryCargo": [
            {
              "ClassName": "Ammo_308WinTracer",
              "Chance": 1,
              "Quantity": {
                "Min": 20,
                "Max": 100
              },
              "Health": [],
              "InventoryAttachments": [],
              "InventoryCargo": [],
              "ConstructionPartsBuilt": [],
              "Sets": []
            },
            {
              "ClassName": "Ammo_762x39Tracer",
              "Chance": 1,
              "Quantity": {
                "Min": 20,
                "Max": 100
              },
              "Health": [],
              "InventoryAttachments": [],
              "InventoryCargo": [],
              "ConstructionPartsBuilt": [],
              "Sets": []
            },
            {
              "ClassName": "Ammo_308WinTracer",
              "Chance": 1,
              "Quantity": {
                "Min": 20,
                "Max": 100
              },
              "Health": [],
              "InventoryAttachments": [],
              "InventoryCargo": [],
              "ConstructionPartsBuilt": [],
              "Sets": []
            },
            {
              "ClassName": "Ammo_762x39Tracer",
              "Chance": 1,
              "Quantity": {
                "Min": 20,
                "Max": 100
              },
              "Health": [],
              "InventoryAttachments": [],
              "InventoryCargo": [],
              "ConstructionPartsBuilt": [],
              "Sets": []
            },
            {
              "ClassName": "Ammo_308WinTracer",
              "Chance": 1,
              "Quantity": {
                "Min": 20,
                "Max": 100
              },
              "Health": [],
              "InventoryAttachments": [],
              "InventoryCargo": [],
              "ConstructionPartsBuilt": [],
              "Sets": []
            },
            {
              "ClassName": "Ammo_762x39Tracer",
              "Chance": 1,
              "Quantity": {
                "Min": 20,
                "Max": 100
              },
              "Health": [],
              "InventoryAttachments": [],
              "InventoryCargo": [],
              "ConstructionPartsBuilt": [],
              "Sets": []
            }
          ],
          "ConstructionPartsBuilt": [],
          "Sets": []
        }
      ]
    },
    {
      "SlotName": "Legs",
      "Items": [
        {
          "ClassName": "Paragon_TacPants_Desert",
          "Chance": 1,
          "Quantity": {
            "Min": 0,
            "Max": 0
          },
          "Health": [
            {
              "Min": 1,
              "Max": 1,
              "Zone": ""
            }
          ],
          "InventoryAttachments": [],
          "InventoryCargo": [
            {
              "ClassName": "Ammo_308WinTracer",
              "Chance": 1,
              "Quantity": {
                "Min": 20,
                "Max": 100
              },
              "Health": [],
              "InventoryAttachments": [],
              "InventoryCargo": [],
              "ConstructionPartsBuilt": [],
              "Sets": []
            },
            {
              "ClassName": "Ammo_762x39Tracer",
              "Chance": 1,
              "Quantity": {
                "Min": 20,
                "Max": 100
              },
              "Health": [],
              "InventoryAttachments": [],
              "InventoryCargo": [],
              "ConstructionPartsBuilt": [],
              "Sets": []
            },
            {
              "ClassName": "Ammo_308WinTracer",
              "Chance": 1,
              "Quantity": {
                "Min": 20,
                "Max": 100
              },
              "Health": [],
              "InventoryAttachments": [],
              "InventoryCargo": [],
              "ConstructionPartsBuilt": [],
              "Sets": []
            },
            {
              "ClassName": "Ammo_762x39Tracer",
              "Chance": 1,
              "Quantity": {
                "Min": 20,
                "Max": 100
              },
              "Health": [],
              "InventoryAttachments": [],
              "InventoryCargo": [],
              "ConstructionPartsBuilt": [],
              "Sets": []
            },
            {
              "ClassName": "Ammo_308WinTracer",
              "Chance": 1,
              "Quantity": {
                "Min": 20,
                "Max": 100
              },
              "Health": [],
              "InventoryAttachments": [],
              "InventoryCargo": [],
              "ConstructionPartsBuilt": [],
              "Sets": []
            },
            {
              "ClassName": "Ammo_762x39Tracer",
              "Chance": 1,
              "Quantity": {
                "Min": 20,
                "Max": 100
              },
              "Health": [],
              "InventoryAttachments": [],
              "InventoryCargo": [],
              "ConstructionPartsBuilt": [],
              "Sets": []
            }
          ],
          "ConstructionPartsBuilt": [],
          "Sets": []
        }
      ]
    },
    {
      "SlotName": "Feet",
      "Items": [
        {
          "ClassName": "CombatBoots_Black",
          "Chance": 1,
          "Quantity": {
            "Min": 0,
            "Max": 0
          },
          "Health": [
            {
              "Min": 1,
              "Max": 1,
              "Zone": ""
            }
          ],
          "InventoryAttachments": [],
          "InventoryCargo": [],
          "ConstructionPartsBuilt": [],
          "Sets": []
        }
      ]
    },
    {
      "SlotName": "Back",
      "Items": [
        {
          "ClassName": "SmershBag",
          "Chance": 1,
          "Quantity": {
            "Min": 0,
            "Max": 0
          },
          "Health": [
            {
              "Min": 0.699999988079071,
              "Max": 1,
              "Zone": ""
            }
          ],
          "InventoryAttachments": [],
          "InventoryCargo": [
            {
              "ClassName": "Ammo_308WinTracer",
              "Chance": 1,
              "Quantity": {
                "Min": 20,
                "Max": 100
              },
              "Health": [],
              "InventoryAttachments": [],
              "InventoryCargo": [],
              "ConstructionPartsBuilt": [],
              "Sets": []
            },
            {
              "ClassName": "Ammo_762x39Tracer",
              "Chance": 1,
              "Quantity": {
                "Min": 20,
                "Max": 100
              },
              "Health": [],
              "InventoryAttachments": [],
              "InventoryCargo": [],
              "ConstructionPartsBuilt": [],
              "Sets": []
            }
          ],
          "ConstructionPartsBuilt": [],
          "Sets": []
        }
      ]
    },
    {
      "SlotName": "Vest",
      "Items": [
        {
          "ClassName": "Paragon_6B43_White",
          "Chance": 1,
          "Quantity": {
            "Min": 0,
            "Max": 0
          },
          "Health": [
            {
              "Min": 1,
              "Max": 1,
              "Zone": ""
            }
          ],
          "InventoryAttachments": [],
          "InventoryCargo": [
            {
              "ClassName": "Ammo_308WinTracer",
              "Chance": 1,
              "Quantity": {
                "Min": 20,
                "Max": 100
              },
              "Health": [],
              "InventoryAttachments": [],
              "InventoryCargo": [],
              "ConstructionPartsBuilt": [],
              "Sets": []
            },
            {
              "ClassName": "Ammo_762x39Tracer",
              "Chance": 1,
              "Quantity": {
                "Min": 20,
                "Max": 100
              },
              "Health": [],
              "InventoryAttachments": [],
              "InventoryCargo": [],
              "ConstructionPartsBuilt": [],
              "Sets": []
            }
          ],
          "ConstructionPartsBuilt": [],
          "Sets": []
        }
      ]
    },
    {
      "SlotName": "Headgear",
      "Items": [
        {
          "ClassName": "Paragon_Ballistic_H_Black",
          "Chance": 1,
          "Quantity": {
            "Min": 0,
            "Max": 0
          },
          "Health": [
            {
              "Min": 0.699999988079071,
              "Max": 1,
              "Zone": ""
            }
          ],
          "InventoryAttachments": [],
          "InventoryCargo": [],
          "ConstructionPartsBuilt": [],
          "Sets": []
        }
      ]
    },
    {
      "SlotName": "Gloves",
      "Items": [
        {
          "ClassName": "Paragon_TacticalGloves_Desert",
          "Chance": 1,
          "Quantity": {
            "Min": 0,
            "Max": 0
          },
          "Health": [
            {
              "Min": 1,
              "Max": 1,
              "Zone": ""
            }
          ],
          "InventoryAttachments": [],
          "InventoryCargo": [],
          "ConstructionPartsBuilt": [],
          "Sets": []
        }
      ]
    },
    {
      "SlotName": "Hips",
      "Items": [
        {
          "ClassName": "CivilianBelt",
          "Chance": 1,
          "Quantity": {
            "Min": 0,
            "Max": 0
          },
          "Health": [
            {
              "Min": 0.699999988079071,
              "Max": 1,
              "Zone": ""
            }
          ],
          "InventoryAttachments": [],
          "InventoryCargo": [],
          "ConstructionPartsBuilt": [],
          "Sets": []
        }
      ]
    },
    {
      "SlotName": "Melee",
      "Items": []
    }
  ],
  "InventoryCargo": [
    {
      "ClassName": "armband_yellow",
      "Include": "",
      "Chance": 1,
      "Quantity": {
        "Min": 0,
        "Max": 0
      },
      "Health": [
        {
          "Min": 1,
          "Max": 1,
          "Zone": ""
        }
      ],
      "InventoryAttachments": [],
      "InventoryCargo": [],
      "ConstructionPartsBuilt": [],
      "Sets": []
    }
  ],
  "ConstructionPartsBuilt": [],
  "Sets": [
    {
      "ClassName": "WEAPON",
      "Chance": 1,
      "Quantity": {
        "Min": 0,
        "Max": 0
      },
      "Health": [],
      "InventoryAttachments": [
        {
          "SlotName": "Shoulder",
          "Items": [
            {
              "ClassName": "Winchester70",
              "Chance": 1,
              "Quantity": {
                "Min": 1,
                "Max": 1
              },
              "Health": [],
              "InventoryAttachments": [],
              "InventoryCargo": [
                {
                  "ClassName": "Ammo_308WinTracer",
                  "Chance": 1,
                  "Quantity": {
                    "Min": 0,
                    "Max": 0
                  },
                  "Health": [],
                  "InventoryAttachments": [],
                  "InventoryCargo": [],
                  "ConstructionPartsBuilt": [],
                  "Sets": []
                }
              ],
              "ConstructionPartsBuilt": [],
              "Sets": []
            }
          ]
        }
      ],
      "InventoryCargo": [
        {
          "ClassName": "Ammo_308WinTracer",
          "Chance": 1,
          "Quantity": {
            "Min": 1,
            "Max": 5
          },
          "Health": [],
          "InventoryAttachments": [],
          "InventoryCargo": [],
          "ConstructionPartsBuilt": [],
          "Sets": []
        },
        {
          "ClassName": "Ammo_308WinTracer",
          "Chance": 1,
          "Quantity": {
            "Min": 1,
            "Max": 5
          },
          "Health": [],
          "InventoryAttachments": [],
          "InventoryCargo": [],
          "ConstructionPartsBuilt": [],
          "Sets": []
        },
        {
          "ClassName": "Ammo_308WinTracer",
          "Chance": 1,
          "Quantity": {
            "Min": 1,
            "Max": 5
          },
          "Health": [],
          "InventoryAttachments": [],
          "InventoryCargo": [],
          "ConstructionPartsBuilt": [],
          "Sets": []
        }
      ],
      "ConstructionPartsBuilt": [],
      "Sets": []
    },
    {
      "ClassName": "WEAPON",
      "Chance": 1,
      "Quantity": {
        "Min": 0,
        "Max": 0
      },
      "Health": [],
      "InventoryAttachments": [
        {
          "SlotName": "Shoulder",
          "Items": [
            {
              "ClassName": "SKS",
              "Chance": 1,
              "Quantity": {
                "Min": 1,
                "Max": 1
              },
              "Health": [],
              "InventoryAttachments": [],
              "InventoryCargo": [
                {
                  "ClassName": "Ammo_762x39Tracer",
                  "Chance": 1,
                  "Quantity": {
                    "Min": 0,
                    "Max": 0
                  },
                  "Health": [],
                  "InventoryAttachments": [],
                  "InventoryCargo": [],
                  "ConstructionPartsBuilt": [],
                  "Sets": []
                }
              ],
              "ConstructionPartsBuilt": [],
              "Sets": []
            }
          ]
        }
      ],
      "InventoryCargo": [
        {
          "ClassName": "Ammo_762x39Tracer",
          "Chance": 1,
          "Quantity": {
            "Min": 1,
            "Max": 5
          },
          "Health": [],
          "InventoryAttachments": [],
          "InventoryCargo": [],
          "ConstructionPartsBuilt": [],
          "Sets": []
        },
        {
          "ClassName": "Ammo_762x39Tracer",
          "Chance": 1,
          "Quantity": {
            "Min": 1,
            "Max": 5
          },
          "Health": [],
          "InventoryAttachments": [],
          "InventoryCargo": [],
          "ConstructionPartsBuilt": [],
          "Sets": []
        },
        {
          "ClassName": "Ammo_762x39Tracer",
          "Chance": 1,
          "Quantity": {
            "Min": 1,
            "Max": 5
          },
          "Health": [],
          "InventoryAttachments": [],
          "InventoryCargo": [],
          "ConstructionPartsBuilt": [],
          "Sets": []
        }
      ],
      "ConstructionPartsBuilt": [],
      "Sets": []
    }
  ]
}