{
  "ClassName": "",
  "Include": "",
  "Chance": 1,
  "Quantity": {
    "Min": 0,
    "Max": 0
  },
  "Health": [],
  "InventoryAttachments": [
    {
      "SlotName": "Body",
      "Items": [
        {
          "ClassName": "FirefighterJacket_Beige",
          "Include": "",
          "Chance": 1,
          "Quantity": {
            "Min": 0,
            "Max": 0
          },
          "Health": [
            {
              "Min": 0.699999988079071,
              "Max": 1,
              "Zone": ""
            }
          ],
          "InventoryAttachments": [],
          "InventoryCargo": [],
          "ConstructionPartsBuilt": [],
          "Sets": []
        },
        {
          "ClassName": "FirefighterJacket_Black",
          "Include": "",
          "Chance": 1,
          "Quantity": {
            "Min": 0,
            "Max": 0
          },
          "Health": [
            {
              "Min": 0.699999988079071,
              "Max": 1,
              "Zone": ""
            }
          ],
          "InventoryAttachments": [],
          "InventoryCargo": [],
          "ConstructionPartsBuilt": [],
          "Sets": []
        }
      ]
    },
    {
      "SlotName": "Legs",
      "Items": [
        {
          "ClassName": "FirefightersPants_Beige",
          "Include": "",
          "Chance": 1,
          "Quantity": {
            "Min": 0,
            "Max": 0
          },
          "Health": [
            {
              "Min": 0.699999988079071,
              "Max": 1,
              "Zone": ""
            }
          ],
          "InventoryAttachments": [],
          "InventoryCargo": [
            {
              "ClassName": "armband_yellow",
              "Include": "",
              "Chance": 1,
              "Quantity": {
                "Min": 0,
                "Max": 0
              },
              "Health": [
                {
                  "Min": 1,
                  "Max": 1,
                  "Zone": ""
                }
              ],
              "InventoryAttachments": [],
              "InventoryCargo": [],
              "ConstructionPartsBuilt": [],
              "Sets": []
            }
          ],
          "ConstructionPartsBuilt": [],
          "Sets": []
        },
        {
          "ClassName": "FirefightersPants_Black",
          "Include": "",
          "Chance": 1,
          "Quantity": {
            "Min": 0,
            "Max": 0
          },
          "Health": [
            {
              "Min": 0.699999988079071,
              "Max": 1,
              "Zone": ""
            }
          ],
          "InventoryAttachments": [],
          "InventoryCargo": [],
          "ConstructionPartsBuilt": [],
          "Sets": []
        }
      ]
    },
    {
      "SlotName": "Feet",
      "Items": [
        {
          "ClassName": "WorkingBoots_Beige",
          "Include": "",
          "Chance": 1,
          "Quantity": {
            "Min": 0,
            "Max": 0
          },
          "Health": [
            {
              "Min": 0.699999988079071,
              "Max": 1,
              "Zone": ""
            }
          ],
          "InventoryAttachments": [],
          "InventoryCargo": [],
          "ConstructionPartsBuilt": [],
          "Sets": []
        },
        {
          "ClassName": "WorkingBoots_Grey",
          "Include": "",
          "Chance": 1,
          "Quantity": {
            "Min": 0,
            "Max": 0
          },
          "Health": [
            {
              "Min": 0.699999988079071,
              "Max": 1,
              "Zone": ""
            }
          ],
          "InventoryAttachments": [],
          "InventoryCargo": [],
          "ConstructionPartsBuilt": [],
          "Sets": []
        },
        {
          "ClassName": "WorkingBoots_Yellow",
          "Include": "",
          "Chance": 1,
          "Quantity": {
            "Min": 0,
            "Max": 0
          },
          "Health": [
            {
              "Min": 0.699999988079071,
              "Max": 1,
              "Zone": ""
            }
          ],
          "InventoryAttachments": [],
          "InventoryCargo": [],
          "ConstructionPartsBuilt": [],
          "Sets": []
        }
      ]
    },
    {
      "SlotName": "Vest",
      "Items": [
        {
          "ClassName": "fog_vest_avs_alp",
          "Include": "",
          "Chance": 0.10000000149011612,
          "Quantity": {
            "Min": 0,
            "Max": 0
          },
          "Health": [
            {
              "Min": 0.699999988079071,
              "Max": 1,
              "Zone": ""
            }
          ],
          "InventoryAttachments": [],
          "InventoryCargo": [],
          "ConstructionPartsBuilt": [],
          "Sets": []
        }
      ]
    },
    {
      "SlotName": "Headgear",
      "Items": [
        {
          "ClassName": "FirefightersHelmet_Red",
          "Include": "",
          "Chance": 1,
          "Quantity": {
            "Min": 0,
            "Max": 0
          },
          "Health": [
            {
              "Min": 0.699999988079071,
              "Max": 1,
              "Zone": ""
            }
          ],
          "InventoryAttachments": [],
          "InventoryCargo": [],
          "ConstructionPartsBuilt": [],
          "Sets": []
        },
        {
          "ClassName": "FirefightersHelmet_White",
          "Include": "",
          "Chance": 1,
          "Quantity": {
            "Min": 0,
            "Max": 0
          },
          "Health": [
            {
              "Min": 0.699999988079071,
              "Max": 1,
              "Zone": ""
            }
          ],
          "InventoryAttachments": [],
          "InventoryCargo": [],
          "ConstructionPartsBuilt": [],
          "Sets": []
        },
        {
          "ClassName": "FirefightersHelmet_Yellow",
          "Include": "",
          "Chance": 1,
          "Quantity": {
            "Min": 0,
            "Max": 0
          },
          "Health": [
            {
              "Min": 0.699999988079071,
              "Max": 1,
              "Zone": ""
            }
          ],
          "InventoryAttachments": [],
          "InventoryCargo": [],
          "ConstructionPartsBuilt": [],
          "Sets": []
        }
      ]
    },
    {
      "SlotName": "Gloves",
      "Items": [
        {
          "ClassName": "WorkingGloves_Beige",
          "Include": "",
          "Chance": 1,
          "Quantity": {
            "Min": 0,
            "Max": 0
          },
          "Health": [
            {
              "Min": 0.699999988079071,
              "Max": 1,
              "Zone": ""
            }
          ],
          "InventoryAttachments": [],
          "InventoryCargo": [],
          "ConstructionPartsBuilt": [],
          "Sets": []
        },
        {
          "ClassName": "WorkingGloves_Black",
          "Include": "",
          "Chance": 1,
          "Quantity": {
            "Min": 0,
            "Max": 0
          },
          "Health": [
            {
              "Min": 0.699999988079071,
              "Max": 1,
              "Zone": ""
            }
          ],
          "InventoryAttachments": [],
          "InventoryCargo": [],
          "ConstructionPartsBuilt": [],
          "Sets": []
        },
        {
          "ClassName": "WorkingGloves_Brown",
          "Include": "",
          "Chance": 1,
          "Quantity": {
            "Min": 0,
            "Max": 0
          },
          "Health": [
            {
              "Min": 0.699999988079071,
              "Max": 1,
              "Zone": ""
            }
          ],
          "InventoryAttachments": [],
          "InventoryCargo": [],
          "ConstructionPartsBuilt": [],
          "Sets": []
        },
        {
          "ClassName": "WorkingGloves_Yellow",
          "Include": "",
          "Chance": 1,
          "Quantity": {
            "Min": 0,
            "Max": 0
          },
          "Health": [
            {
              "Min": 0.699999988079071,
              "Max": 1,
              "Zone": ""
            }
          ],
          "InventoryAttachments": [],
          "InventoryCargo": [],
          "ConstructionPartsBuilt": [],
          "Sets": []
        }
      ]
    },
    {
      "SlotName": "Hips",
      "Items": [
        {
          "ClassName": "CivilianBelt",
          "Include": "",
          "Chance": 1,
          "Quantity": {
            "Min": 0,
            "Max": 0
          },
          "Health": [
            {
              "Min": 0.699999988079071,
              "Max": 1,
              "Zone": ""
            }
          ],
          "InventoryAttachments": [],
          "InventoryCargo": [],
          "ConstructionPartsBuilt": [],
          "Sets": []
        }
      ]
    },
    {
      "SlotName": "Melee",
      "Items": [
        {
          "ClassName": "FirefighterAxe",
          "Include": "",
          "Chance": 0.30000001192092896,
          "Quantity": {
            "Min": 0,
            "Max": 0
          },
          "Health": [
            {
              "Min": 0.699999988079071,
              "Max": 1,
              "Zone": ""
            }
          ],
          "InventoryAttachments": [],
          "InventoryCargo": [],
          "ConstructionPartsBuilt": [],
          "Sets": []
        },
        {
          "ClassName": "Crowbar",
          "Include": "",
          "Chance": 0.10000000149011612,
          "Quantity": {
            "Min": 0,
            "Max": 0
          },
          "Health": [
            {
              "Min": 0.699999988079071,
              "Max": 1,
              "Zone": ""
            }
          ],
          "InventoryAttachments": [],
          "InventoryCargo": [],
          "ConstructionPartsBuilt": [],
          "Sets": []
        }
      ]
    }
  ],
  "InventoryCargo": [],
  "ConstructionPartsBuilt": [],
  "Sets": []
}