{
  "ClassName": "",
  "Include": "",
  "Chance": 1,
  "Quantity": {
    "Min": 0,
    "Max": 0
  },
  "Health": [],
  "InventoryAttachments": [
    {
      "SlotName": "Body",
      "Items": [
        {
          "ClassName": "TacticalShirt_Black",
          "Include": "",
          "Chance": 1,
          "Quantity": {
            "Min": 0,
            "Max": 0
          },
          "Health": [
            {
              "Min": 0.699999988079071,
              "Max": 1,
              "Zone": ""
            }
          ],
          "InventoryAttachments": [],
          "InventoryCargo": [],
          "ConstructionPartsBuilt": [],
          "Sets": []
        }
      ]
    },
    {
      "SlotName": "Legs",
      "Items": [
        {
          "ClassName": "CargoPants_Black",
          "Include": "",
          "Chance": 1,
          "Quantity": {
            "Min": 0,
            "Max": 0
          },
          "Health": [
            {
              "Min": 0.699999988079071,
              "Max": 1,
              "Zone": ""
            }
          ],
          "InventoryAttachments": [],
          "InventoryCargo": [],
          "ConstructionPartsBuilt": [],
          "Sets": []
        }
      ]
    },
    {
      "SlotName": "Feet",
      "Items": [
        {
          "ClassName": "CombatBoots_Black",
          "Include": "",
          "Chance": 1,
          "Quantity": {
            "Min": 0,
            "Max": 0
          },
          "Health": [
            {
              "Min": 0.699999988079071,
              "Max": 1,
              "Zone": ""
            }
          ],
          "InventoryAttachments": [],
          "InventoryCargo": [],
          "ConstructionPartsBuilt": [],
          "Sets": []
        },
        {
          "ClassName": "CombatBoots_Grey",
          "Include": "",
          "Chance": 1,
          "Quantity": {
            "Min": 0,
            "Max": 0
          },
          "Health": [
            {
              "Min": 0.699999988079071,
              "Max": 1,
              "Zone": ""
            }
          ],
          "InventoryAttachments": [],
          "InventoryCargo": [],
          "ConstructionPartsBuilt": [],
          "Sets": []
        }
      ]
    },
    {
      "SlotName": "Hips",
      "Items": [
        {
          "ClassName": "MilitaryBelt",
          "Include": "",
          "Chance": 0.20000000298023224,
          "Quantity": {
            "Min": 0,
            "Max": 0
          },
          "Health": [
            {
              "Min": 0.699999988079071,
              "Max": 1,
              "Zone": ""
            }
          ],
          "InventoryAttachments": [],
          "InventoryCargo": [],
          "ConstructionPartsBuilt": [],
          "Sets": []
        },
        {
          "ClassName": "CivilianBelt",
          "Include": "",
          "Chance": 1,
          "Quantity": {
            "Min": 0,
            "Max": 0
          },
          "Health": [
            {
              "Min": 0.699999988079071,
              "Max": 1,
              "Zone": ""
            }
          ],
          "InventoryAttachments": [],
          "InventoryCargo": [],
          "ConstructionPartsBuilt": [],
          "Sets": []
        }
      ]
    },
    {
      "SlotName": "Vest",
      "Items": [
        {
          "ClassName": "fog_vest_avs_alp",
          "Include": "",
          "Chance": 1,
          "Quantity": {
            "Min": 0,
            "Max": 0
          },
          "Health": [
            {
              "Min": 0.699999988079071,
              "Max": 1,
              "Zone": ""
            }
          ],
          "InventoryAttachments": [],
          "InventoryCargo": [],
          "ConstructionPartsBuilt": [],
          "Sets": []
        }
      ]
    },
    {
      "SlotName": "Headgear",
      "Items": [
        {
          "ClassName": "BallisticHelmet_Black",
          "Include": "",
          "Chance": 1,
          "Quantity": {
            "Min": 0,
            "Max": 0
          },
          "Health": [
            {
              "Min": 0.699999988079071,
              "Max": 1,
              "Zone": ""
            }
          ],
          "InventoryAttachments": [
            {
              "SlotName": "Glass",
              "Items": [
                {
                  "ClassName": "TacticalGoggles",
                  "Include": "",
                  "Chance": 1,
                  "Quantity": {
                    "Min": 0,
                    "Max": 0
                  },
                  "Health": [
                    {
                      "Min": 0.699999988079071,
                      "Max": 1,
                      "Zone": ""
                    }
                  ],
                  "InventoryAttachments": [],
                  "InventoryCargo": [],
                  "ConstructionPartsBuilt": [],
                  "Sets": []
                }
              ]
            }
          ],
          "InventoryCargo": [],
          "ConstructionPartsBuilt": [],
          "Sets": []
        }
      ]
    },
    {
      "SlotName": "Gloves",
      "Items": [
        {
          "ClassName": "TacticalGloves_Black",
          "Include": "",
          "Chance": 1,
          "Quantity": {
            "Min": 0,
            "Max": 0
          },
          "Health": [
            {
              "Min": 0.699999988079071,
              "Max": 1,
              "Zone": ""
            }
          ],
          "InventoryAttachments": [],
          "InventoryCargo": [],
          "ConstructionPartsBuilt": [],
          "Sets": []
        },
        {
          "ClassName": "WoolGloves_Black",
          "Include": "",
          "Chance": 1,
          "Quantity": {
            "Min": 0,
            "Max": 0
          },
          "Health": [
            {
              "Min": 0.699999988079071,
              "Max": 1,
              "Zone": ""
            }
          ],
          "InventoryAttachments": [],
          "InventoryCargo": [],
          "ConstructionPartsBuilt": [],
          "Sets": []
        }
      ]
    }
  ],
  "InventoryCargo": [
    {
      "ClassName": "armband_yellow",
      "Include": "",
      "Chance": 1,
      "Quantity": {
        "Min": 0,
        "Max": 0
      },
      "Health": [
        {
          "Min": 1,
          "Max": 1,
          "Zone": ""
        }
      ],
      "InventoryAttachments": [],
      "InventoryCargo": [],
      "ConstructionPartsBuilt": [],
      "Sets": []
    }
  ],
  "ConstructionPartsBuilt": [],
  "Sets": [
    {
      "ClassName": "WEAPON",
      "Include": "",
      "Chance": 1,
      "Quantity": {
        "Min": 0,
        "Max": 0
      },
      "Health": [],
      "InventoryAttachments": [
        {
          "SlotName": "Shoulder",
          "Items": [
            {
              "ClassName": "AK101",
              "Include": "",
              "Chance": 1,
              "Quantity": {
                "Min": 0,
                "Max": 0
              },
              "Health": [],
              "InventoryAttachments": [
                {
                  "SlotName": "",
                  "Items": [
                    {
                      "ClassName": "Mag_AK101_30Rnd",
                      "Include": "",
                      "Chance": 1,
                      "Quantity": {
                        "Min": 0,
                        "Max": 0
                      },
                      "Health": [],
                      "InventoryAttachments": [],
                      "InventoryCargo": [],
                      "ConstructionPartsBuilt": [],
                      "Sets": []
                    },
                    {
                      "ClassName": "AK_PlasticBttstck",
                      "Include": "",
                      "Chance": 0.30000001192092896,
                      "Quantity": {
                        "Min": 0,
                        "Max": 0
                      },
                      "Health": [],
                      "InventoryAttachments": [],
                      "InventoryCargo": [],
                      "ConstructionPartsBuilt": [],
                      "Sets": []
                    },
                    {
                      "ClassName": "AK_FoldingBttstck",
                      "Include": "",
                      "Chance": 0.30000001192092896,
                      "Quantity": {
                        "Min": 0,
                        "Max": 0
                      },
                      "Health": [],
                      "InventoryAttachments": [],
                      "InventoryCargo": [],
                      "ConstructionPartsBuilt": [],
                      "Sets": []
                    },
                    {
                      "ClassName": "AK74_WoodBttstck",
                      "Include": "",
                      "Chance": 0.10000000149011612,
                      "Quantity": {
                        "Min": 0,
                        "Max": 0
                      },
                      "Health": [],
                      "InventoryAttachments": [],
                      "InventoryCargo": [],
                      "ConstructionPartsBuilt": [],
                      "Sets": []
                    },
                    {
                      "ClassName": "AK_WoodBttstck",
                      "Include": "",
                      "Chance": 1,
                      "Quantity": {
                        "Min": 0,
                        "Max": 0
                      },
                      "Health": [],
                      "InventoryAttachments": [],
                      "InventoryCargo": [],
                      "ConstructionPartsBuilt": [],
                      "Sets": []
                    },
                    {
                      "ClassName": "AK_PlasticHndgrd",
                      "Include": "",
                      "Chance": 1,
                      "Quantity": {
                        "Min": 0,
                        "Max": 0
                      },
                      "Health": [],
                      "InventoryAttachments": [],
                      "InventoryCargo": [],
                      "ConstructionPartsBuilt": [],
                      "Sets": []
                    },
                    {
                      "ClassName": "AK_WoodHndgrd",
                      "Include": "",
                      "Chance": 1,
                      "Quantity": {
                        "Min": 0,
                        "Max": 0
                      },
                      "Health": [],
                      "InventoryAttachments": [],
                      "InventoryCargo": [],
                      "ConstructionPartsBuilt": [],
                      "Sets": []
                    },
                    {
                      "ClassName": "KashtanOptic",
                      "Include": "",
                      "Chance": 0.10000000149011612,
                      "Quantity": {
                        "Min": 0,
                        "Max": 0
                      },
                      "Health": [],
                      "InventoryAttachments": [],
                      "InventoryCargo": [],
                      "ConstructionPartsBuilt": [],
                      "Sets": []
                    },
                    {
                      "ClassName": "KobraOptic",
                      "Include": "",
                      "Chance": 0.20000000298023224,
                      "Quantity": {
                        "Min": 0,
                        "Max": 0
                      },
                      "Health": [],
                      "InventoryAttachments": [
                        {
                          "SlotName": "",
                          "Items": [
                            {
                              "ClassName": "Battery9V",
                              "Include": "",
                              "Chance": 1,
                              "Quantity": {
                                "Min": 0,
                                "Max": 0
                              },
                              "Health": [],
                              "InventoryAttachments": [],
                              "InventoryCargo": [],
                              "ConstructionPartsBuilt": [],
                              "Sets": []
                            }
                          ]
                        }
                      ],
                      "InventoryCargo": [],
                      "ConstructionPartsBuilt": [],
                      "Sets": []
                    },
                    {
                      "ClassName": "PSO1Optic",
                      "Include": "",
                      "Chance": 0.20000000298023224,
                      "Quantity": {
                        "Min": 0,
                        "Max": 0
                      },
                      "Health": [],
                      "InventoryAttachments": [
                        {
                          "SlotName": "",
                          "Items": [
                            {
                              "ClassName": "Battery9V",
                              "Include": "",
                              "Chance": 1,
                              "Quantity": {
                                "Min": 0,
                                "Max": 0
                              },
                              "Health": [],
                              "InventoryAttachments": [],
                              "InventoryCargo": [],
                              "ConstructionPartsBuilt": [],
                              "Sets": []
                            }
                          ]
                        }
                      ],
                      "InventoryCargo": [],
                      "ConstructionPartsBuilt": [],
                      "Sets": []
                    }
                  ]
                }
              ],
              "InventoryCargo": [],
              "ConstructionPartsBuilt": [],
              "Sets": []
            }
          ]
        }
      ],
      "InventoryCargo": [
        {
          "ClassName": "Mag_AK101_30Rnd",
          "Include": "",
          "Chance": 1,
          "Quantity": {
            "Min": 0,
            "Max": 0
          },
          "Health": [],
          "InventoryAttachments": [],
          "InventoryCargo": [],
          "ConstructionPartsBuilt": [],
          "Sets": []
        },
        {
          "ClassName": "Mag_AK101_30Rnd",
          "Include": "",
          "Chance": 0.15000000596046448,
          "Quantity": {
            "Min": 0,
            "Max": 0
          },
          "Health": [],
          "InventoryAttachments": [],
          "InventoryCargo": [],
          "ConstructionPartsBuilt": [],
          "Sets": []
        }
      ],
      "ConstructionPartsBuilt": [],
      "Sets": []
    },
    {
      "ClassName": "WEAPON",
      "Include": "",
      "Chance": 1,
      "Quantity": {
        "Min": 0,
        "Max": 0
      },
      "Health": [],
      "InventoryAttachments": [
        {
          "SlotName": "Shoulder",
          "Items": [
            {
              "ClassName": "AK74",
              "Include": "",
              "Chance": 1,
              "Quantity": {
                "Min": 0,
                "Max": 0
              },
              "Health": [],
              "InventoryAttachments": [
                {
                  "SlotName": "",
                  "Items": [
                    {
                      "ClassName": "Mag_AK74_30Rnd",
                      "Include": "",
                      "Chance": 1,
                      "Quantity": {
                        "Min": 0,
                        "Max": 0
                      },
                      "Health": [],
                      "InventoryAttachments": [],
                      "InventoryCargo": [],
                      "ConstructionPartsBuilt": [],
                      "Sets": []
                    },
                    {
                      "ClassName": "AK_PlasticBttstck",
                      "Include": "",
                      "Chance": 0.30000001192092896,
                      "Quantity": {
                        "Min": 0,
                        "Max": 0
                      },
                      "Health": [],
                      "InventoryAttachments": [],
                      "InventoryCargo": [],
                      "ConstructionPartsBuilt": [],
                      "Sets": []
                    },
                    {
                      "ClassName": "AK_FoldingBttstck",
                      "Include": "",
                      "Chance": 0.30000001192092896,
                      "Quantity": {
                        "Min": 0,
                        "Max": 0
                      },
                      "Health": [],
                      "InventoryAttachments": [],
                      "InventoryCargo": [],
                      "ConstructionPartsBuilt": [],
                      "Sets": []
                    },
                    {
                      "ClassName": "AK74_WoodBttstck",
                      "Include": "",
                      "Chance": 0.10000000149011612,
                      "Quantity": {
                        "Min": 0,
                        "Max": 0
                      },
                      "Health": [],
                      "InventoryAttachments": [],
                      "InventoryCargo": [],
                      "ConstructionPartsBuilt": [],
                      "Sets": []
                    },
                    {
                      "ClassName": "AK_WoodBttstck",
                      "Include": "",
                      "Chance": 1,
                      "Quantity": {
                        "Min": 0,
                        "Max": 0
                      },
                      "Health": [],
                      "InventoryAttachments": [],
                      "InventoryCargo": [],
                      "ConstructionPartsBuilt": [],
                      "Sets": []
                    },
                    {
                      "ClassName": "AK74_Hndgrd",
                      "Include": "",
                      "Chance": 1,
                      "Quantity": {
                        "Min": 0,
                        "Max": 0
                      },
                      "Health": [],
                      "InventoryAttachments": [],
                      "InventoryCargo": [],
                      "ConstructionPartsBuilt": [],
                      "Sets": []
                    },
                    {
                      "ClassName": "AK_PlasticHndgrd",
                      "Include": "",
                      "Chance": 1,
                      "Quantity": {
                        "Min": 0,
                        "Max": 0
                      },
                      "Health": [],
                      "InventoryAttachments": [],
                      "InventoryCargo": [],
                      "ConstructionPartsBuilt": [],
                      "Sets": []
                    },
                    {
                      "ClassName": "AK_WoodHndgrd",
                      "Include": "",
                      "Chance": 1,
                      "Quantity": {
                        "Min": 0,
                        "Max": 0
                      },
                      "Health": [],
                      "InventoryAttachments": [],
                      "InventoryCargo": [],
                      "ConstructionPartsBuilt": [],
                      "Sets": []
                    },
                    {
                      "ClassName": "KashtanOptic",
                      "Include": "",
                      "Chance": 0.10000000149011612,
                      "Quantity": {
                        "Min": 0,
                        "Max": 0
                      },
                      "Health": [],
                      "InventoryAttachments": [],
                      "InventoryCargo": [],
                      "ConstructionPartsBuilt": [],
                      "Sets": []
                    },
                    {
                      "ClassName": "KobraOptic",
                      "Include": "",
                      "Chance": 0.20000000298023224,
                      "Quantity": {
                        "Min": 0,
                        "Max": 0
                      },
                      "Health": [],
                      "InventoryAttachments": [
                        {
                          "SlotName": "",
                          "Items": [
                            {
                              "ClassName": "Battery9V",
                              "Include": "",
                              "Chance": 1,
                              "Quantity": {
                                "Min": 0,
                                "Max": 0
                              },
                              "Health": [],
                              "InventoryAttachments": [],
                              "InventoryCargo": [],
                              "ConstructionPartsBuilt": [],
                              "Sets": []
                            }
                          ]
                        }
                      ],
                      "InventoryCargo": [],
                      "ConstructionPartsBuilt": [],
                      "Sets": []
                    },
                    {
                      "ClassName": "PSO1Optic",
                      "Include": "",
                      "Chance": 0.20000000298023224,
                      "Quantity": {
                        "Min": 0,
                        "Max": 0
                      },
                      "Health": [],
                      "InventoryAttachments": [
                        {
                          "SlotName": "",
                          "Items": [
                            {
                              "ClassName": "Battery9V",
                              "Include": "",
                              "Chance": 1,
                              "Quantity": {
                                "Min": 0,
                                "Max": 0
                              },
                              "Health": [],
                              "InventoryAttachments": [],
                              "InventoryCargo": [],
                              "ConstructionPartsBuilt": [],
                              "Sets": []
                            }
                          ]
                        }
                      ],
                      "InventoryCargo": [],
                      "ConstructionPartsBuilt": [],
                      "Sets": []
                    }
                  ]
                }
              ],
              "InventoryCargo": [],
              "ConstructionPartsBuilt": [],
              "Sets": []
            }
          ]
        }
      ],
      "InventoryCargo": [
        {
          "ClassName": "Mag_AK74_30Rnd",
          "Include": "",
          "Chance": 1,
          "Quantity": {
            "Min": 0,
            "Max": 0
          },
          "Health": [],
          "InventoryAttachments": [],
          "InventoryCargo": [],
          "ConstructionPartsBuilt": [],
          "Sets": []
        },
        {
          "ClassName": "Mag_AK74_30Rnd",
          "Include": "",
          "Chance": 0.15000000596046448,
          "Quantity": {
            "Min": 0,
            "Max": 0
          },
          "Health": [],
          "InventoryAttachments": [],
          "InventoryCargo": [],
          "ConstructionPartsBuilt": [],
          "Sets": []
        }
      ],
      "ConstructionPartsBuilt": [],
      "Sets": []
    },
    {
      "ClassName": "WEAPON",
      "Include": "",
      "Chance": 1,
      "Quantity": {
        "Min": 0,
        "Max": 0
      },
      "Health": [],
      "InventoryAttachments": [
        {
          "SlotName": "Shoulder",
          "Items": [
            {
              "ClassName": "AKS74U",
              "Include": "",
              "Chance": 1,
              "Quantity": {
                "Min": 0,
                "Max": 0
              },
              "Health": [],
              "InventoryAttachments": [
                {
                  "SlotName": "",
                  "Items": [
                    {
                      "ClassName": "Mag_AK74_30Rnd",
                      "Include": "",
                      "Chance": 1,
                      "Quantity": {
                        "Min": 0,
                        "Max": 0
                      },
                      "Health": [],
                      "InventoryAttachments": [],
                      "InventoryCargo": [],
                      "ConstructionPartsBuilt": [],
                      "Sets": []
                    },
                    {
                      "ClassName": "AKS74U_Bttstck",
                      "Include": "",
                      "Chance": 1,
                      "Quantity": {
                        "Min": 0,
                        "Max": 0
                      },
                      "Health": [],
                      "InventoryAttachments": [],
                      "InventoryCargo": [],
                      "ConstructionPartsBuilt": [],
                      "Sets": []
                    },
                    {
                      "ClassName": "KobraOptic",
                      "Include": "",
                      "Chance": 0.10000000149011612,
                      "Quantity": {
                        "Min": 0,
                        "Max": 0
                      },
                      "Health": [],
                      "InventoryAttachments": [
                        {
                          "SlotName": "",
                          "Items": [
                            {
                              "ClassName": "Battery9V",
                              "Include": "",
                              "Chance": 1,
                              "Quantity": {
                                "Min": 0,
                                "Max": 0
                              },
                              "Health": [],
                              "InventoryAttachments": [],
                              "InventoryCargo": [],
                              "ConstructionPartsBuilt": [],
                              "Sets": []
                            }
                          ]
                        }
                      ],
                      "InventoryCargo": [],
                      "ConstructionPartsBuilt": [],
                      "Sets": []
                    }
                  ]
                }
              ],
              "InventoryCargo": [],
              "ConstructionPartsBuilt": [],
              "Sets": []
            }
          ]
        }
      ],
      "InventoryCargo": [
        {
          "ClassName": "Mag_AK74_30Rnd",
          "Include": "",
          "Chance": 1,
          "Quantity": {
            "Min": 0,
            "Max": 0
          },
          "Health": [],
          "InventoryAttachments": [],
          "InventoryCargo": [],
          "ConstructionPartsBuilt": [],
          "Sets": []
        },
        {
          "ClassName": "Mag_AK74_30Rnd",
          "Include": "",
          "Chance": 0.15000000596046448,
          "Quantity": {
            "Min": 0,
            "Max": 0
          },
          "Health": [],
          "InventoryAttachments": [],
          "InventoryCargo": [],
          "ConstructionPartsBuilt": [],
          "Sets": []
        }
      ],
      "ConstructionPartsBuilt": [],
      "Sets": []
    },
    {
      "ClassName": "WEAPON",
      "Include": "",
      "Chance": 1,
      "Quantity": {
        "Min": 0,
        "Max": 0
      },
      "Health": [],
      "InventoryAttachments": [
        {
          "SlotName": "Shoulder",
          "Items": [
            {
              "ClassName": "AKM",
              "Include": "",
              "Chance": 1,
              "Quantity": {
                "Min": 0,
                "Max": 0
              },
              "Health": [],
              "InventoryAttachments": [
                {
                  "SlotName": "",
                  "Items": [
                    {
                      "ClassName": "Mag_AKM_30Rnd",
                      "Include": "",
                      "Chance": 0.8999999761581421,
                      "Quantity": {
                        "Min": 0,
                        "Max": 0
                      },
                      "Health": [],
                      "InventoryAttachments": [],
                      "InventoryCargo": [],
                      "ConstructionPartsBuilt": [],
                      "Sets": []
                    },
                    {
                      "ClassName": "Mag_AKM_Drum75Rnd",
                      "Include": "",
                      "Chance": 0.10000000149011612,
                      "Quantity": {
                        "Min": 0,
                        "Max": 0
                      },
                      "Health": [],
                      "InventoryAttachments": [],
                      "InventoryCargo": [],
                      "ConstructionPartsBuilt": [],
                      "Sets": []
                    },
                    {
                      "ClassName": "AK_PlasticBttstck",
                      "Include": "",
                      "Chance": 0.30000001192092896,
                      "Quantity": {
                        "Min": 0,
                        "Max": 0
                      },
                      "Health": [],
                      "InventoryAttachments": [],
                      "InventoryCargo": [],
                      "ConstructionPartsBuilt": [],
                      "Sets": []
                    },
                    {
                      "ClassName": "AK_FoldingBttstck",
                      "Include": "",
                      "Chance": 0.30000001192092896,
                      "Quantity": {
                        "Min": 0,
                        "Max": 0
                      },
                      "Health": [],
                      "InventoryAttachments": [],
                      "InventoryCargo": [],
                      "ConstructionPartsBuilt": [],
                      "Sets": []
                    },
                    {
                      "ClassName": "AK74_WoodBttstck",
                      "Include": "",
                      "Chance": 0.10000000149011612,
                      "Quantity": {
                        "Min": 0,
                        "Max": 0
                      },
                      "Health": [],
                      "InventoryAttachments": [],
                      "InventoryCargo": [],
                      "ConstructionPartsBuilt": [],
                      "Sets": []
                    },
                    {
                      "ClassName": "AK_WoodBttstck",
                      "Include": "",
                      "Chance": 1,
                      "Quantity": {
                        "Min": 0,
                        "Max": 0
                      },
                      "Health": [],
                      "InventoryAttachments": [],
                      "InventoryCargo": [],
                      "ConstructionPartsBuilt": [],
                      "Sets": []
                    },
                    {
                      "ClassName": "AK_PlasticHndgrd",
                      "Include": "",
                      "Chance": 1,
                      "Quantity": {
                        "Min": 0,
                        "Max": 0
                      },
                      "Health": [],
                      "InventoryAttachments": [],
                      "InventoryCargo": [],
                      "ConstructionPartsBuilt": [],
                      "Sets": []
                    },
                    {
                      "ClassName": "AK_WoodHndgrd",
                      "Include": "",
                      "Chance": 1,
                      "Quantity": {
                        "Min": 0,
                        "Max": 0
                      },
                      "Health": [],
                      "InventoryAttachments": [],
                      "InventoryCargo": [],
                      "ConstructionPartsBuilt": [],
                      "Sets": []
                    },
                    {
                      "ClassName": "KashtanOptic",
                      "Include": "",
                      "Chance": 0.10000000149011612,
                      "Quantity": {
                        "Min": 0,
                        "Max": 0
                      },
                      "Health": [],
                      "InventoryAttachments": [],
                      "InventoryCargo": [],
                      "ConstructionPartsBuilt": [],
                      "Sets": []
                    },
                    {
                      "ClassName": "KobraOptic",
                      "Include": "",
                      "Chance": 0.20000000298023224,
                      "Quantity": {
                        "Min": 0,
                        "Max": 0
                      },
                      "Health": [],
                      "InventoryAttachments": [
                        {
                          "SlotName": "",
                          "Items": [
                            {
                              "ClassName": "Battery9V",
                              "Include": "",
                              "Chance": 1,
                              "Quantity": {
                                "Min": 0,
                                "Max": 0
                              },
                              "Health": [],
                              "InventoryAttachments": [],
                              "InventoryCargo": [],
                              "ConstructionPartsBuilt": [],
                              "Sets": []
                            }
                          ]
                        }
                      ],
                      "InventoryCargo": [],
                      "ConstructionPartsBuilt": [],
                      "Sets": []
                    },
                    {
                      "ClassName": "PSO1Optic",
                      "Include": "",
                      "Chance": 0.20000000298023224,
                      "Quantity": {
                        "Min": 0,
                        "Max": 0
                      },
                      "Health": [],
                      "InventoryAttachments": [
                        {
                          "SlotName": "",
                          "Items": [
                            {
                              "ClassName": "Battery9V",
                              "Include": "",
                              "Chance": 1,
                              "Quantity": {
                                "Min": 0,
                                "Max": 0
                              },
                              "Health": [],
                              "InventoryAttachments": [],
                              "InventoryCargo": [],
                              "ConstructionPartsBuilt": [],
                              "Sets": []
                            }
                          ]
                        }
                      ],
                      "InventoryCargo": [],
                      "ConstructionPartsBuilt": [],
                      "Sets": []
                    }
                  ]
                }
              ],
              "InventoryCargo": [],
              "ConstructionPartsBuilt": [],
              "Sets": []
            }
          ]
        }
      ],
      "InventoryCargo": [
        {
          "ClassName": "Mag_AKM_30Rnd",
          "Include": "",
          "Chance": 1,
          "Quantity": {
            "Min": 0,
            "Max": 0
          },
          "Health": [],
          "InventoryAttachments": [],
          "InventoryCargo": [],
          "ConstructionPartsBuilt": [],
          "Sets": []
        },
        {
          "ClassName": "Mag_AKM_30Rnd",
          "Include": "",
          "Chance": 0.15000000596046448,
          "Quantity": {
            "Min": 0,
            "Max": 0
          },
          "Health": [],
          "InventoryAttachments": [],
          "InventoryCargo": [],
          "ConstructionPartsBuilt": [],
          "Sets": []
        }
      ],
      "ConstructionPartsBuilt": [],
      "Sets": []
    },
    {
      "ClassName": "WEAPON",
      "Include": "",
      "Chance": 1,
      "Quantity": {
        "Min": 0,
        "Max": 0
      },
      "Health": [],
      "InventoryAttachments": [
        {
          "SlotName": "Shoulder",
          "Items": [
            {
              "ClassName": "MP5K",
              "Include": "",
              "Chance": 1,
              "Quantity": {
                "Min": 0,
                "Max": 0
              },
              "Health": [],
              "InventoryAttachments": [
                {
                  "SlotName": "",
                  "Items": [
                    {
                      "ClassName": "Mag_MP5_30Rnd",
                      "Include": "",
                      "Chance": 0.800000011920929,
                      "Quantity": {
                        "Min": 0,
                        "Max": 0
                      },
                      "Health": [],
                      "InventoryAttachments": [],
                      "InventoryCargo": [],
                      "ConstructionPartsBuilt": [],
                      "Sets": []
                    },
                    {
                      "ClassName": "Mag_MP5_15Rnd",
                      "Include": "",
                      "Chance": 1,
                      "Quantity": {
                        "Min": 0,
                        "Max": 0
                      },
                      "Health": [],
                      "InventoryAttachments": [],
                      "InventoryCargo": [],
                      "ConstructionPartsBuilt": [],
                      "Sets": []
                    },
                    {
                      "ClassName": "MP5k_StockBttstck",
                      "Include": "",
                      "Chance": 0.800000011920929,
                      "Quantity": {
                        "Min": 0,
                        "Max": 0
                      },
                      "Health": [],
                      "InventoryAttachments": [],
                      "InventoryCargo": [],
                      "ConstructionPartsBuilt": [],
                      "Sets": []
                    },
                    {
                      "ClassName": "MP5_PlasticHndgrd",
                      "Include": "",
                      "Chance": 0.800000011920929,
                      "Quantity": {
                        "Min": 0,
                        "Max": 0
                      },
                      "Health": [],
                      "InventoryAttachments": [],
                      "InventoryCargo": [],
                      "ConstructionPartsBuilt": [],
                      "Sets": []
                    },
                    {
                      "ClassName": "MP5_RailHndgrd",
                      "Include": "",
                      "Chance": 1,
                      "Quantity": {
                        "Min": 0,
                        "Max": 0
                      },
                      "Health": [],
                      "InventoryAttachments": [],
                      "InventoryCargo": [],
                      "ConstructionPartsBuilt": [],
                      "Sets": []
                    },
                    {
                      "ClassName": "MP5_Compensator",
                      "Include": "",
                      "Chance": 0.20000000298023224,
                      "Quantity": {
                        "Min": 0,
                        "Max": 0
                      },
                      "Health": [],
                      "InventoryAttachments": [],
                      "InventoryCargo": [],
                      "ConstructionPartsBuilt": [],
                      "Sets": []
                    },
                    {
                      "ClassName": "ReflexOptic",
                      "Include": "",
                      "Chance": 0.10000000149011612,
                      "Quantity": {
                        "Min": 0,
                        "Max": 0
                      },
                      "Health": [],
                      "InventoryAttachments": [
                        {
                          "SlotName": "",
                          "Items": [
                            {
                              "ClassName": "Battery9V",
                              "Include": "",
                              "Chance": 1,
                              "Quantity": {
                                "Min": 0,
                                "Max": 0
                              },
                              "Health": [],
                              "InventoryAttachments": [],
                              "InventoryCargo": [],
                              "ConstructionPartsBuilt": [],
                              "Sets": []
                            }
                          ]
                        }
                      ],
                      "InventoryCargo": [],
                      "ConstructionPartsBuilt": [],
                      "Sets": []
                    }
                  ]
                }
              ],
              "InventoryCargo": [],
              "ConstructionPartsBuilt": [],
              "Sets": []
            }
          ]
        }
      ],
      "InventoryCargo": [
        {
          "ClassName": "Mag_MP5_15Rnd",
          "Include": "",
          "Chance": 0.5,
          "Quantity": {
            "Min": 0,
            "Max": 0
          },
          "Health": [],
          "InventoryAttachments": [],
          "InventoryCargo": [],
          "ConstructionPartsBuilt": [],
          "Sets": []
        },
        {
          "ClassName": "Mag_MP5_15Rnd",
          "Include": "",
          "Chance": 0.5,
          "Quantity": {
            "Min": 0,
            "Max": 0
          },
          "Health": [],
          "InventoryAttachments": [],
          "InventoryCargo": [],
          "ConstructionPartsBuilt": [],
          "Sets": []
        },
        {
          "ClassName": "Mag_MP5_30Rnd",
          "Include": "",
          "Chance": 0.15000000596046448,
          "Quantity": {
            "Min": 0,
            "Max": 0
          },
          "Health": [],
          "InventoryAttachments": [],
          "InventoryCargo": [],
          "ConstructionPartsBuilt": [],
          "Sets": []
        }
      ],
      "ConstructionPartsBuilt": [],
      "Sets": []
    },
    {
      "ClassName": "WEAPON",
      "Include": "",
      "Chance": 1,
      "Quantity": {
        "Min": 0,
        "Max": 0
      },
      "Health": [],
      "InventoryAttachments": [
        {
          "SlotName": "Shoulder",
          "Items": [
            {
              "ClassName": "Mosin9130",
              "Include": "",
              "Chance": 1,
              "Quantity": {
                "Min": 0,
                "Max": 0
              },
              "Health": [],
              "InventoryAttachments": [
                {
                  "SlotName": "",
                  "Items": [
                    {
                      "ClassName": "PUScopeOptic",
                      "Include": "",
                      "Chance": 0.4000000059604645,
                      "Quantity": {
                        "Min": 0,
                        "Max": 0
                      },
                      "Health": [],
                      "InventoryAttachments": [],
                      "InventoryCargo": [],
                      "ConstructionPartsBuilt": [],
                      "Sets": []
                    }
                  ]
                }
              ],
              "InventoryCargo": [],
              "ConstructionPartsBuilt": [],
              "Sets": []
            }
          ]
        }
      ],
      "InventoryCargo": [
        {
          "ClassName": "Ammo_762x54",
          "Include": "",
          "Chance": 1,
          "Quantity": {
            "Min": 0,
            "Max": 0
          },
          "Health": [],
          "InventoryAttachments": [],
          "InventoryCargo": [],
          "ConstructionPartsBuilt": [],
          "Sets": []
        },
        {
          "ClassName": "Ammo_762x54",
          "Include": "",
          "Chance": 1,
          "Quantity": {
            "Min": 0,
            "Max": 0
          },
          "Health": [],
          "InventoryAttachments": [],
          "InventoryCargo": [],
          "ConstructionPartsBuilt": [],
          "Sets": []
        },
        {
          "ClassName": "Ammo_762x54",
          "Include": "",
          "Chance": 0.15000000596046448,
          "Quantity": {
            "Min": 0,
            "Max": 0
          },
          "Health": [],
          "InventoryAttachments": [],
          "InventoryCargo": [],
          "ConstructionPartsBuilt": [],
          "Sets": []
        }
      ],
      "ConstructionPartsBuilt": [],
      "Sets": []
    },
    {
      "ClassName": "WEAPON",
      "Include": "",
      "Chance": 1,
      "Quantity": {
        "Min": 0,
        "Max": 0
      },
      "Health": [],
      "InventoryAttachments": [
        {
          "SlotName": "Shoulder",
          "Items": [
            {
              "ClassName": "SKS",
              "Include": "",
              "Chance": 1,
              "Quantity": {
                "Min": 0,
                "Max": 0
              },
              "Health": [],
              "InventoryAttachments": [
                {
                  "SlotName": "",
                  "Items": [
                    {
                      "ClassName": "PUScopeOptic",
                      "Include": "",
                      "Chance": 0.30000001192092896,
                      "Quantity": {
                        "Min": 0,
                        "Max": 0
                      },
                      "Health": [],
                      "InventoryAttachments": [],
                      "InventoryCargo": [],
                      "ConstructionPartsBuilt": [],
                      "Sets": []
                    }
                  ]
                }
              ],
              "InventoryCargo": [],
              "ConstructionPartsBuilt": [],
              "Sets": []
            }
          ]
        }
      ],
      "InventoryCargo": [
        {
          "ClassName": "Ammo_762x39",
          "Include": "",
          "Chance": 1,
          "Quantity": {
            "Min": 0,
            "Max": 0
          },
          "Health": [],
          "InventoryAttachments": [],
          "InventoryCargo": [],
          "ConstructionPartsBuilt": [],
          "Sets": []
        },
        {
          "ClassName": "Ammo_762x39",
          "Include": "",
          "Chance": 1,
          "Quantity": {
            "Min": 0,
            "Max": 0
          },
          "Health": [],
          "InventoryAttachments": [],
          "InventoryCargo": [],
          "ConstructionPartsBuilt": [],
          "Sets": []
        },
        {
          "ClassName": "Ammo_762x39",
          "Include": "",
          "Chance": 0.15000000596046448,
          "Quantity": {
            "Min": 0,
            "Max": 0
          },
          "Health": [],
          "InventoryAttachments": [],
          "InventoryCargo": [],
          "ConstructionPartsBuilt": [],
          "Sets": []
        }
      ],
      "ConstructionPartsBuilt": [],
      "Sets": []
    },
    {
      "ClassName": "WEAPON",
      "Include": "",
      "Chance": 1,
      "Quantity": {
        "Min": 0,
        "Max": 0
      },
      "Health": [],
      "InventoryAttachments": [
        {
          "SlotName": "Shoulder",
          "Items": [
            {
              "ClassName": "Ruger1022",
              "Include": "",
              "Chance": 1,
              "Quantity": {
                "Min": 0,
                "Max": 0
              },
              "Health": [],
              "InventoryAttachments": [
                {
                  "SlotName": "",
                  "Items": [
                    {
                      "ClassName": "Mag_Ruger1022_30Rnd",
                      "Include": "",
                      "Chance": 0.4000000059604645,
                      "Quantity": {
                        "Min": 0,
                        "Max": 0
                      },
                      "Health": [],
                      "InventoryAttachments": [],
                      "InventoryCargo": [],
                      "ConstructionPartsBuilt": [],
                      "Sets": []
                    },
                    {
                      "ClassName": "Mag_Ruger1022_15Rnd",
                      "Include": "",
                      "Chance": 1,
                      "Quantity": {
                        "Min": 0,
                        "Max": 0
                      },
                      "Health": [],
                      "InventoryAttachments": [],
                      "InventoryCargo": [],
                      "ConstructionPartsBuilt": [],
                      "Sets": []
                    }
                  ]
                }
              ],
              "InventoryCargo": [],
              "ConstructionPartsBuilt": [],
              "Sets": []
            }
          ]
        }
      ],
      "InventoryCargo": [
        {
          "ClassName": "Mag_Ruger1022_15Rnd",
          "Include": "",
          "Chance": 0.5,
          "Quantity": {
            "Min": 0,
            "Max": 0
          },
          "Health": [],
          "InventoryAttachments": [],
          "InventoryCargo": [],
          "ConstructionPartsBuilt": [],
          "Sets": []
        },
        {
          "ClassName": "Mag_Ruger1022_15Rnd",
          "Include": "",
          "Chance": 0.5,
          "Quantity": {
            "Min": 0,
            "Max": 0
          },
          "Health": [],
          "InventoryAttachments": [],
          "InventoryCargo": [],
          "ConstructionPartsBuilt": [],
          "Sets": []
        },
        {
          "ClassName": "Mag_Ruger1022_30Rnd",
          "Include": "",
          "Chance": 0.15000000596046448,
          "Quantity": {
            "Min": 0,
            "Max": 0
          },
          "Health": [],
          "InventoryAttachments": [],
          "InventoryCargo": [],
          "ConstructionPartsBuilt": [],
          "Sets": []
        }
      ],
      "ConstructionPartsBuilt": [],
      "Sets": []
    },
    {
      "ClassName": "WEAPON",
      "Include": "",
      "Chance": 1,
      "Quantity": {
        "Min": 0,
        "Max": 0
      },
      "Health": [],
      "InventoryAttachments": [
        {
          "SlotName": "Shoulder",
          "Items": [
            {
              "ClassName": "CZ550",
              "Include": "",
              "Chance": 1,
              "Quantity": {
                "Min": 0,
                "Max": 0
              },
              "Health": [],
              "InventoryAttachments": [
                {
                  "SlotName": "",
                  "Items": [
                    {
                      "ClassName": "Mag_CZ550_4rnd",
                      "Include": "",
                      "Chance": 0.6000000238418579,
                      "Quantity": {
                        "Min": 0,
                        "Max": 0
                      },
                      "Health": [],
                      "InventoryAttachments": [],
                      "InventoryCargo": [],
                      "ConstructionPartsBuilt": [],
                      "Sets": []
                    },
                    {
                      "ClassName": "Mag_CZ550_10rnd",
                      "Include": "",
                      "Chance": 1,
                      "Quantity": {
                        "Min": 0,
                        "Max": 0
                      },
                      "Health": [],
                      "InventoryAttachments": [],
                      "InventoryCargo": [],
                      "ConstructionPartsBuilt": [],
                      "Sets": []
                    },
                    {
                      "ClassName": "HuntingOptic",
                      "Include": "",
                      "Chance": 0.4000000059604645,
                      "Quantity": {
                        "Min": 0,
                        "Max": 0
                      },
                      "Health": [],
                      "InventoryAttachments": [],
                      "InventoryCargo": [],
                      "ConstructionPartsBuilt": [],
                      "Sets": []
                    }
                  ]
                }
              ],
              "InventoryCargo": [],
              "ConstructionPartsBuilt": [],
              "Sets": []
            }
          ]
        }
      ],
      "InventoryCargo": [
        {
          "ClassName": "Mag_CZ550_10rnd",
          "Include": "",
          "Chance": 1,
          "Quantity": {
            "Min": 0,
            "Max": 0
          },
          "Health": [],
          "InventoryAttachments": [],
          "InventoryCargo": [],
          "ConstructionPartsBuilt": [],
          "Sets": []
        },
        {
          "ClassName": "Mag_CZ550_10rnd",
          "Include": "",
          "Chance": 0.15000000596046448,
          "Quantity": {
            "Min": 0,
            "Max": 0
          },
          "Health": [],
          "InventoryAttachments": [],
          "InventoryCargo": [],
          "ConstructionPartsBuilt": [],
          "Sets": []
        }
      ],
      "ConstructionPartsBuilt": [],
      "Sets": []
    },
    {
      "ClassName": "WEAPON",
      "Include": "",
      "Chance": 1,
      "Quantity": {
        "Min": 0,
        "Max": 0
      },
      "Health": [],
      "InventoryAttachments": [
        {
          "SlotName": "Hands",
          "Items": [
            {
              "ClassName": "P1",
              "Include": "",
              "Chance": 1,
              "Quantity": {
                "Min": 0,
                "Max": 0
              },
              "Health": [],
              "InventoryAttachments": [
                {
                  "SlotName": "",
                  "Items": [
                    {
                      "ClassName": "Mag_P1_8Rnd",
                      "Include": "",
                      "Chance": 1,
                      "Quantity": {
                        "Min": 0,
                        "Max": 0
                      },
                      "Health": [],
                      "InventoryAttachments": [],
                      "InventoryCargo": [],
                      "ConstructionPartsBuilt": [],
                      "Sets": []
                    }
                  ]
                }
              ],
              "InventoryCargo": [],
              "ConstructionPartsBuilt": [],
              "Sets": []
            }
          ]
        }
      ],
      "InventoryCargo": [
        {
          "ClassName": "Mag_P1_8Rnd",
          "Include": "",
          "Chance": 1,
          "Quantity": {
            "Min": 0,
            "Max": 0
          },
          "Health": [],
          "InventoryAttachments": [],
          "InventoryCargo": [],
          "ConstructionPartsBuilt": [],
          "Sets": []
        },
        {
          "ClassName": "Mag_P1_8Rnd",
          "Include": "",
          "Chance": 0.15000000596046448,
          "Quantity": {
            "Min": 0,
            "Max": 0
          },
          "Health": [],
          "InventoryAttachments": [],
          "InventoryCargo": [],
          "ConstructionPartsBuilt": [],
          "Sets": []
        }
      ],
      "ConstructionPartsBuilt": [],
      "Sets": []
    },
    {
      "ClassName": "WEAPON",
      "Include": "",
      "Chance": 1,
      "Quantity": {
        "Min": 0,
        "Max": 0
      },
      "Health": [],
      "InventoryAttachments": [
        {
          "SlotName": "Shoulder",
          "Items": [
            {
              "ClassName": "Mp133Shotgun",
              "Include": "",
              "Chance": 1,
              "Quantity": {
                "Min": 0,
                "Max": 0
              },
              "Health": [],
              "InventoryAttachments": [],
              "InventoryCargo": [],
              "ConstructionPartsBuilt": [],
              "Sets": []
            }
          ]
        }
      ],
      "InventoryCargo": [
        {
          "ClassName": "Ammo_12gaSlug",
          "Include": "",
          "Chance": 1,
          "Quantity": {
            "Min": 0,
            "Max": 0
          },
          "Health": [],
          "InventoryAttachments": [],
          "InventoryCargo": [],
          "ConstructionPartsBuilt": [],
          "Sets": []
        },
        {
          "ClassName": "Ammo_12gaPellets",
          "Include": "",
          "Chance": 1,
          "Quantity": {
            "Min": 0,
            "Max": 0
          },
          "Health": [],
          "InventoryAttachments": [],
          "InventoryCargo": [],
          "ConstructionPartsBuilt": [],
          "Sets": []
        },
        {
          "ClassName": "Ammo_12gaSlug",
          "Include": "",
          "Chance": 0.5,
          "Quantity": {
            "Min": 0,
            "Max": 0
          },
          "Health": [],
          "InventoryAttachments": [],
          "InventoryCargo": [],
          "ConstructionPartsBuilt": [],
          "Sets": []
        },
        {
          "ClassName": "Ammo_12gaPellets",
          "Include": "",
          "Chance": 0.5,
          "Quantity": {
            "Min": 0,
            "Max": 0
          },
          "Health": [],
          "InventoryAttachments": [],
          "InventoryCargo": [],
          "ConstructionPartsBuilt": [],
          "Sets": []
        }
      ],
      "ConstructionPartsBuilt": [],
      "Sets": []
    },
    {
      "ClassName": "WEAPON",
      "Include": "",
      "Chance": 1,
      "Quantity": {
        "Min": 0,
        "Max": 0
      },
      "Health": [],
      "InventoryAttachments": [
        {
          "SlotName": "Shoulder",
          "Items": [
            {
              "ClassName": "CZ527",
              "Include": "",
              "Chance": 1,
              "Quantity": {
                "Min": 0,
                "Max": 0
              },
              "Health": [],
              "InventoryAttachments": [
                {
                  "SlotName": "",
                  "Items": [
                    {
                      "ClassName": "Mag_CZ527_5rnd",
                      "Include": "",
                      "Chance": 1,
                      "Quantity": {
                        "Min": 0,
                        "Max": 0
                      },
                      "Health": [],
                      "InventoryAttachments": [],
                      "InventoryCargo": [],
                      "ConstructionPartsBuilt": [],
                      "Sets": []
                    },
                    {
                      "ClassName": "HuntingOptic",
                      "Include": "",
                      "Chance": 0.5,
                      "Quantity": {
                        "Min": 0,
                        "Max": 0
                      },
                      "Health": [],
                      "InventoryAttachments": [],
                      "InventoryCargo": [],
                      "ConstructionPartsBuilt": [],
                      "Sets": []
                    }
                  ]
                }
              ],
              "InventoryCargo": [],
              "ConstructionPartsBuilt": [],
              "Sets": []
            }
          ]
        }
      ],
      "InventoryCargo": [
        {
          "ClassName": "Mag_CZ527_5rnd",
          "Include": "",
          "Chance": 1,
          "Quantity": {
            "Min": 0,
            "Max": 0
          },
          "Health": [],
          "InventoryAttachments": [],
          "InventoryCargo": [],
          "ConstructionPartsBuilt": [],
          "Sets": []
        },
        {
          "ClassName": "Mag_CZ527_5rnd",
          "Include": "",
          "Chance": 0.15000000596046448,
          "Quantity": {
            "Min": 0,
            "Max": 0
          },
          "Health": [],
          "InventoryAttachments": [],
          "InventoryCargo": [],
          "ConstructionPartsBuilt": [],
          "Sets": []
        }
      ],
      "ConstructionPartsBuilt": [],
      "Sets": []
    },
    {
      "ClassName": "WEAPON",
      "Include": "",
      "Chance": 1,
      "Quantity": {
        "Min": 0,
        "Max": 0
      },
      "Health": [],
      "InventoryAttachments": [
        {
          "SlotName": "Shoulder",
          "Items": [
            {
              "ClassName": "UMP45",
              "Include": "",
              "Chance": 1,
              "Quantity": {
                "Min": 0,
                "Max": 0
              },
              "Health": [],
              "InventoryAttachments": [
                {
                  "SlotName": "",
                  "Items": [
                    {
                      "ClassName": "Mag_UMP_25Rnd",
                      "Include": "",
                      "Chance": 1,
                      "Quantity": {
                        "Min": 0,
                        "Max": 0
                      },
                      "Health": [],
                      "InventoryAttachments": [],
                      "InventoryCargo": [],
                      "ConstructionPartsBuilt": [],
                      "Sets": []
                    },
                    {
                      "ClassName": "ReflexOptic",
                      "Include": "",
                      "Chance": 0.10000000149011612,
                      "Quantity": {
                        "Min": 0,
                        "Max": 0
                      },
                      "Health": [],
                      "InventoryAttachments": [
                        {
                          "SlotName": "",
                          "Items": [
                            {
                              "ClassName": "Battery9V",
                              "Include": "",
                              "Chance": 1,
                              "Quantity": {
                                "Min": 0,
                                "Max": 0
                              },
                              "Health": [],
                              "InventoryAttachments": [],
                              "InventoryCargo": [],
                              "ConstructionPartsBuilt": [],
                              "Sets": []
                            }
                          ]
                        }
                      ],
                      "InventoryCargo": [],
                      "ConstructionPartsBuilt": [],
                      "Sets": []
                    }
                  ]
                }
              ],
              "InventoryCargo": [],
              "ConstructionPartsBuilt": [],
              "Sets": []
            }
          ]
        }
      ],
      "InventoryCargo": [
        {
          "ClassName": "Mag_UMP_25Rnd",
          "Include": "",
          "Chance": 1,
          "Quantity": {
            "Min": 0,
            "Max": 0
          },
          "Health": [],
          "InventoryAttachments": [],
          "InventoryCargo": [],
          "ConstructionPartsBuilt": [],
          "Sets": []
        },
        {
          "ClassName": "Mag_UMP_25Rnd",
          "Include": "",
          "Chance": 0.15000000596046448,
          "Quantity": {
            "Min": 0,
            "Max": 0
          },
          "Health": [],
          "InventoryAttachments": [],
          "InventoryCargo": [],
          "ConstructionPartsBuilt": [],
          "Sets": []
        }
      ],
      "ConstructionPartsBuilt": [],
      "Sets": []
    },
    {
      "ClassName": "WEAPON",
      "Include": "",
      "Chance": 1,
      "Quantity": {
        "Min": 0,
        "Max": 0
      },
      "Health": [],
      "InventoryAttachments": [
        {
          "SlotName": "Shoulder",
          "Items": [
            {
              "ClassName": "CZ61",
              "Include": "",
              "Chance": 1,
              "Quantity": {
                "Min": 0,
                "Max": 0
              },
              "Health": [],
              "InventoryAttachments": [
                {
                  "SlotName": "",
                  "Items": [
                    {
                      "ClassName": "Mag_CZ61_20Rnd",
                      "Include": "",
                      "Chance": 1,
                      "Quantity": {
                        "Min": 0,
                        "Max": 0
                      },
                      "Health": [],
                      "InventoryAttachments": [],
                      "InventoryCargo": [],
                      "ConstructionPartsBuilt": [],
                      "Sets": []
                    }
                  ]
                }
              ],
              "InventoryCargo": [],
              "ConstructionPartsBuilt": [],
              "Sets": []
            }
          ]
        }
      ],
      "InventoryCargo": [
        {
          "ClassName": "Mag_CZ61_20Rnd",
          "Include": "",
          "Chance": 1,
          "Quantity": {
            "Min": 0,
            "Max": 0
          },
          "Health": [],
          "InventoryAttachments": [],
          "InventoryCargo": [],
          "ConstructionPartsBuilt": [],
          "Sets": []
        },
        {
          "ClassName": "Mag_CZ61_20Rnd",
          "Include": "",
          "Chance": 0.15000000596046448,
          "Quantity": {
            "Min": 0,
            "Max": 0
          },
          "Health": [],
          "InventoryAttachments": [],
          "InventoryCargo": [],
          "ConstructionPartsBuilt": [],
          "Sets": []
        }
      ],
      "ConstructionPartsBuilt": [],
      "Sets": []
    },
    {
      "ClassName": "WEAPON",
      "Include": "",
      "Chance": 1,
      "Quantity": {
        "Min": 0,
        "Max": 0
      },
      "Health": [],
      "InventoryAttachments": [
        {
          "SlotName": "Hands",
          "Items": [
            {
              "ClassName": "FNX45",
              "Include": "",
              "Chance": 1,
              "Quantity": {
                "Min": 0,
                "Max": 0
              },
              "Health": [],
              "InventoryAttachments": [
                {
                  "SlotName": "",
                  "Items": [
                    {
                      "ClassName": "Mag_FNX45_15Rnd",
                      "Include": "",
                      "Chance": 1,
                      "Quantity": {
                        "Min": 0,
                        "Max": 0
                      },
                      "Health": [],
                      "InventoryAttachments": [],
                      "InventoryCargo": [],
                      "ConstructionPartsBuilt": [],
                      "Sets": []
                    }
                  ]
                }
              ],
              "InventoryCargo": [],
              "ConstructionPartsBuilt": [],
              "Sets": []
            }
          ]
        }
      ],
      "InventoryCargo": [
        {
          "ClassName": "Mag_FNX45_15Rnd",
          "Include": "",
          "Chance": 1,
          "Quantity": {
            "Min": 0,
            "Max": 0
          },
          "Health": [],
          "InventoryAttachments": [],
          "InventoryCargo": [],
          "ConstructionPartsBuilt": [],
          "Sets": []
        },
        {
          "ClassName": "Mag_FNX45_15Rnd",
          "Include": "",
          "Chance": 0.15000000596046448,
          "Quantity": {
            "Min": 0,
            "Max": 0
          },
          "Health": [],
          "InventoryAttachments": [],
          "InventoryCargo": [],
          "ConstructionPartsBuilt": [],
          "Sets": []
        }
      ],
      "ConstructionPartsBuilt": [],
      "Sets": []
    },
    {
      "ClassName": "WEAPON",
      "Include": "",
      "Chance": 1,
      "Quantity": {
        "Min": 0,
        "Max": 0
      },
      "Health": [],
      "InventoryAttachments": [
        {
          "SlotName": "Hands",
          "Items": [
            {
              "ClassName": "MKII",
              "Include": "",
              "Chance": 1,
              "Quantity": {
                "Min": 0,
                "Max": 0
              },
              "Health": [],
              "InventoryAttachments": [
                {
                  "SlotName": "",
                  "Items": [
                    {
                      "ClassName": "Mag_MKII_10Rnd",
                      "Include": "",
                      "Chance": 1,
                      "Quantity": {
                        "Min": 0,
                        "Max": 0
                      },
                      "Health": [],
                      "InventoryAttachments": [],
                      "InventoryCargo": [],
                      "ConstructionPartsBuilt": [],
                      "Sets": []
                    }
                  ]
                }
              ],
              "InventoryCargo": [],
              "ConstructionPartsBuilt": [],
              "Sets": []
            }
          ]
        }
      ],
      "InventoryCargo": [
        {
          "ClassName": "Mag_MKII_10Rnd",
          "Include": "",
          "Chance": 1,
          "Quantity": {
            "Min": 0,
            "Max": 0
          },
          "Health": [],
          "InventoryAttachments": [],
          "InventoryCargo": [],
          "ConstructionPartsBuilt": [],
          "Sets": []
        },
        {
          "ClassName": "Mag_MKII_10Rnd",
          "Include": "",
          "Chance": 0.15000000596046448,
          "Quantity": {
            "Min": 0,
            "Max": 0
          },
          "Health": [],
          "InventoryAttachments": [],
          "InventoryCargo": [],
          "ConstructionPartsBuilt": [],
          "Sets": []
        }
      ],
      "ConstructionPartsBuilt": [],
      "Sets": []
    },
    {
      "ClassName": "WEAPON",
      "Include": "",
      "Chance": 1,
      "Quantity": {
        "Min": 0,
        "Max": 0
      },
      "Health": [],
      "InventoryAttachments": [
        {
          "SlotName": "Hands",
          "Items": [
            {
              "ClassName": "CZ75",
              "Include": "",
              "Chance": 1,
              "Quantity": {
                "Min": 0,
                "Max": 0
              },
              "Health": [],
              "InventoryAttachments": [
                {
                  "SlotName": "",
                  "Items": [
                    {
                      "ClassName": "Mag_CZ75_15Rnd",
                      "Include": "",
                      "Chance": 1,
                      "Quantity": {
                        "Min": 0,
                        "Max": 0
                      },
                      "Health": [],
                      "InventoryAttachments": [],
                      "InventoryCargo": [],
                      "ConstructionPartsBuilt": [],
                      "Sets": []
                    }
                  ]
                }
              ],
              "InventoryCargo": [],
              "ConstructionPartsBuilt": [],
              "Sets": []
            }
          ]
        }
      ],
      "InventoryCargo": [
        {
          "ClassName": "Mag_CZ75_15Rnd",
          "Include": "",
          "Chance": 1,
          "Quantity": {
            "Min": 0,
            "Max": 0
          },
          "Health": [],
          "InventoryAttachments": [],
          "InventoryCargo": [],
          "ConstructionPartsBuilt": [],
          "Sets": []
        },
        {
          "ClassName": "Mag_CZ75_15Rnd",
          "Include": "",
          "Chance": 0.15000000596046448,
          "Quantity": {
            "Min": 0,
            "Max": 0
          },
          "Health": [],
          "InventoryAttachments": [],
          "InventoryCargo": [],
          "ConstructionPartsBuilt": [],
          "Sets": []
        }
      ],
      "ConstructionPartsBuilt": [],
      "Sets": []
    },
    {
      "ClassName": "WEAPON",
      "Include": "",
      "Chance": 1,
      "Quantity": {
        "Min": 0,
        "Max": 0
      },
      "Health": [],
      "InventoryAttachments": [
        {
          "SlotName": "Hands",
          "Items": [
            {
              "ClassName": "MakarovIJ70",
              "Include": "",
              "Chance": 1,
              "Quantity": {
                "Min": 0,
                "Max": 0
              },
              "Health": [],
              "InventoryAttachments": [
                {
                  "SlotName": "",
                  "Items": [
                    {
                      "ClassName": "Mag_IJ70_8Rnd",
                      "Include": "",
                      "Chance": 1,
                      "Quantity": {
                        "Min": 0,
                        "Max": 0
                      },
                      "Health": [],
                      "InventoryAttachments": [],
                      "InventoryCargo": [],
                      "ConstructionPartsBuilt": [],
                      "Sets": []
                    }
                  ]
                }
              ],
              "InventoryCargo": [],
              "ConstructionPartsBuilt": [],
              "Sets": []
            }
          ]
        }
      ],
      "InventoryCargo": [
        {
          "ClassName": "Mag_IJ70_8Rnd",
          "Include": "",
          "Chance": 1,
          "Quantity": {
            "Min": 0,
            "Max": 0
          },
          "Health": [],
          "InventoryAttachments": [],
          "InventoryCargo": [],
          "ConstructionPartsBuilt": [],
          "Sets": []
        },
        {
          "ClassName": "Mag_IJ70_8Rnd",
          "Include": "",
          "Chance": 0.15000000596046448,
          "Quantity": {
            "Min": 0,
            "Max": 0
          },
          "Health": [],
          "InventoryAttachments": [],
          "InventoryCargo": [],
          "ConstructionPartsBuilt": [],
          "Sets": []
        }
      ],
      "ConstructionPartsBuilt": [],
      "Sets": []
    },
    {
      "ClassName": "WEAPON",
      "Include": "",
      "Chance": 1,
      "Quantity": {
        "Min": 0,
        "Max": 0
      },
      "Health": [],
      "InventoryAttachments": [
        {
          "SlotName": "Hands",
          "Items": [
            {
              "ClassName": "Glock19",
              "Include": "",
              "Chance": 1,
              "Quantity": {
                "Min": 0,
                "Max": 0
              },
              "Health": [],
              "InventoryAttachments": [
                {
                  "SlotName": "",
                  "Items": [
                    {
                      "ClassName": "Mag_Glock_15Rnd",
                      "Include": "",
                      "Chance": 1,
                      "Quantity": {
                        "Min": 0,
                        "Max": 0
                      },
                      "Health": [],
                      "InventoryAttachments": [],
                      "InventoryCargo": [],
                      "ConstructionPartsBuilt": [],
                      "Sets": []
                    }
                  ]
                }
              ],
              "InventoryCargo": [],
              "ConstructionPartsBuilt": [],
              "Sets": []
            }
          ]
        }
      ],
      "InventoryCargo": [
        {
          "ClassName": "Mag_Glock_15Rnd",
          "Include": "",
          "Chance": 1,
          "Quantity": {
            "Min": 0,
            "Max": 0
          },
          "Health": [],
          "InventoryAttachments": [],
          "InventoryCargo": [],
          "ConstructionPartsBuilt": [],
          "Sets": []
        },
        {
          "ClassName": "Mag_Glock_15Rnd",
          "Include": "",
          "Chance": 0.15000000596046448,
          "Quantity": {
            "Min": 0,
            "Max": 0
          },
          "Health": [],
          "InventoryAttachments": [],
          "InventoryCargo": [],
          "ConstructionPartsBuilt": [],
          "Sets": []
        }
      ],
      "ConstructionPartsBuilt": [],
      "Sets": []
    }
  ]
}