{
  "ClassName": "",
  "Include": "",
  "Chance": 1,
  "Quantity": {
    "Min": 0,
    "Max": 0
  },
  "Health": [],
  "InventoryAttachments": [
    {
      "SlotName": "Body",
      "Items": [
        {
          "ClassName": "FOG_Jacket_SoftShell_Grey",
          "Include": "",
          "Chance": 1,
          "Quantity": {
            "Min": 0,
            "Max": 0
          },
          "Health": [
            {
              "Min": 1,
              "Max": 1,
              "Zone": ""
            }
          ],
          "InventoryAttachments": [],
          "InventoryCargo": [],
          "ConstructionPartsBuilt": [],
          "Sets": []
        }
      ]
    },
    {
      "SlotName": "Legs",
      "Items": [
        {
          "ClassName": "FOG_Pants_Crye_G3_ALPF",
          "Include": "",
          "Chance": 1,
          "Quantity": {
            "Min": 0,
            "Max": 0
          },
          "Health": [
            {
              "Min": 1,
              "Max": 1,
              "Zone": ""
            }
          ],
          "InventoryAttachments": [],
          "InventoryCargo": [],
          "ConstructionPartsBuilt": [],
          "Sets": []
        }
      ]
    },
    {
      "SlotName": "Feet",
      "Items": [
        {
          "ClassName": "FOG_Combat_HikingBoots_Grey",
          "Include": "",
          "Chance": 1,
          "Quantity": {
            "Min": 0,
            "Max": 0
          },
          "Health": [
            {
              "Min": 1,
              "Max": 1,
              "Zone": ""
            }
          ],
          "InventoryAttachments": [],
          "InventoryCargo": [],
          "ConstructionPartsBuilt": [],
          "Sets": []
        }
      ]
    },
    {
      "SlotName": "Back",
      "Items": [
        {
          "ClassName": "FOG_Bag_DrawBridge_Grey",
          "Include": "",
          "Chance": 1,
          "Quantity": {
            "Min": 0,
            "Max": 0
          },
          "Health": [
            {
              "Min": 1,
              "Max": 1,
              "Zone": ""
            }
          ],
          "InventoryAttachments": [],
          "InventoryCargo": [
            {
              "ClassName": "FangeKnife",
              "Include": "",
              "Chance": 1,
              "Quantity": {
                "Min": 1,
                "Max": 1
              },
              "Health": [],
              "InventoryAttachments": [],
              "InventoryCargo": [],
              "ConstructionPartsBuilt": [],
              "Sets": []
            },
            {
              "ClassName": "AmmoBox_762x39Tracer_20Rnd",
              "Include": "",
              "Chance": 1,
              "Quantity": {
                "Min": 1,
                "Max": 1
              },
              "Health": [],
              "InventoryAttachments": [],
              "InventoryCargo": [],
              "ConstructionPartsBuilt": [],
              "Sets": []
            },
            {
              "ClassName": "AmmoBox_762x39Tracer_20Rnd",
              "Include": "",
              "Chance": 1,
              "Quantity": {
                "Min": 1,
                "Max": 1
              },
              "Health": [],
              "InventoryAttachments": [],
              "InventoryCargo": [],
              "ConstructionPartsBuilt": [],
              "Sets": []
            },
            {
              "ClassName": "TacticalBaconCan_Opened",
              "Include": "",
              "Chance": 1,
              "Quantity": {
                "Min": 1,
                "Max": 1
              },
              "Health": [],
              "InventoryAttachments": [],
              "InventoryCargo": [],
              "ConstructionPartsBuilt": [],
              "Sets": []
            },
            {
              "ClassName": "Canteen",
              "Include": "",
              "Chance": 1,
              "Quantity": {
                "Min": 1,
                "Max": 1
              },
              "Health": [],
              "InventoryAttachments": [],
              "InventoryCargo": [],
              "ConstructionPartsBuilt": [],
              "Sets": []
            },
            {
              "ClassName": "Colt1911_Black",
              "Include": "",
              "Chance": 1,
              "Quantity": {
                "Min": 1,
                "Max": 1
              },
              "Health": [],
              "InventoryAttachments": [],
              "InventoryCargo": [],
              "ConstructionPartsBuilt": [],
              "Sets": []
            },
            {
              "ClassName": "Mag_1911_7Rnd",
              "Include": "",
              "Chance": 1,
              "Quantity": {
                "Min": 2,
                "Max": 2
              },
              "Health": [],
              "InventoryAttachments": [],
              "InventoryCargo": [],
              "ConstructionPartsBuilt": [],
              "Sets": []
            },
            {
              "ClassName": "Mag_1911_7Rnd",
              "Include": "",
              "Chance": 1,
              "Quantity": {
                "Min": 2,
                "Max": 2
              },
              "Health": [],
              "InventoryAttachments": [],
              "InventoryCargo": [],
              "ConstructionPartsBuilt": [],
              "Sets": []
            },
            {
              "ClassName": "BandageDressing",
              "Include": "",
              "Chance": 1,
              "Quantity": {
                "Min": 1,
                "Max": 1
              },
              "Health": [],
              "InventoryAttachments": [],
              "InventoryCargo": [],
              "ConstructionPartsBuilt": [],
              "Sets": []
            }
          ],
          "ConstructionPartsBuilt": [],
          "Sets": []
        }
      ]
    },
    {
      "SlotName": "Gloves",
      "Items": [
        {
          "ClassName": "LeatherGloves_Black",
          "Include": "",
          "Chance": 1,
          "Quantity": {
            "Min": 0,
            "Max": 0
          },
          "Health": [
            {
              "Min": 1,
              "Max": 1,
              "Zone": ""
            }
          ],
          "InventoryAttachments": [],
          "InventoryCargo": [],
          "ConstructionPartsBuilt": [],
          "Sets": []
        }
      ]
    },
    {
      "SlotName": "Shoulder",
      "Items": [
        {
          "ClassName": "SKS",
          "Include": "",
          "Chance": 1,
          "Quantity": {
            "Min": 0,
            "Max": 0
          },
          "Health": [],
          "InventoryAttachments": [
            {
              "SlotName": "",
              "Items": []
            }
          ],
          "InventoryCargo": [
            {
              "ClassName": "Ammo_762x39Tracer",
              "Include": "",
              "Chance": 1,
              "Quantity": {
                "Min": 20,
                "Max": 40
              },
              "Health": [],
              "InventoryAttachments": [],
              "InventoryCargo": [],
              "ConstructionPartsBuilt": [],
              "Sets": []
            }
          ],
          "ConstructionPartsBuilt": [],
          "Sets": []
        }
      ]
    }
  ],
  "InventoryCargo": [],
  "ConstructionPartsBuilt": [],
  "Sets": []
}