{
  "ClassName": "",
  "Include": "",
  "Chance": 1,
  "Quantity": {
    "Min": 0,
    "Max": 0
  },
  "Health": [],
  "InventoryAttachments": [
    {
      "SlotName": "Body",
      "Items": [
        {
          "ClassName": "PoliceJacket",
          "Include": "",
          "Chance": 1,
          "Quantity": {
            "Min": 0,
            "Max": 0
          },
          "Health": [
            {
              "Min": 0.699999988079071,
              "Max": 1,
              "Zone": ""
            }
          ],
          "InventoryAttachments": [],
          "InventoryCargo": [],
          "ConstructionPartsBuilt": [],
          "Sets": []
        },
        {
          "ClassName": "PoliceJacketOrel",
          "Include": "",
          "Chance": 1,
          "Quantity": {
            "Min": 0,
            "Max": 0
          },
          "Health": [
            {
              "Min": 0.699999988079071,
              "Max": 1,
              "Zone": ""
            }
          ],
          "InventoryAttachments": [],
          "InventoryCargo": [],
          "ConstructionPartsBuilt": [],
          "Sets": []
        }
      ]
    },
    {
      "SlotName": "Legs",
      "Items": [
        {
          "ClassName": "PolicePants",
          "Include": "",
          "Chance": 1,
          "Quantity": {
            "Min": 0,
            "Max": 0
          },
          "Health": [
            {
              "Min": 0.699999988079071,
              "Max": 1,
              "Zone": ""
            }
          ],
          "InventoryAttachments": [],
          "InventoryCargo": [],
          "ConstructionPartsBuilt": [],
          "Sets": []
        },
        {
          "ClassName": "PolicePantsOrel",
          "Include": "",
          "Chance": 1,
          "Quantity": {
            "Min": 0,
            "Max": 0
          },
          "Health": [
            {
              "Min": 0.699999988079071,
              "Max": 1,
              "Zone": ""
            }
          ],
          "InventoryAttachments": [],
          "InventoryCargo": [],
          "ConstructionPartsBuilt": [],
          "Sets": []
        }
      ]
    },
    {
      "SlotName": "Feet",
      "Items": [
        {
          "ClassName": "CombatBoots_Black",
          "Include": "",
          "Chance": 1,
          "Quantity": {
            "Min": 0,
            "Max": 0
          },
          "Health": [
            {
              "Min": 0.699999988079071,
              "Max": 1,
              "Zone": ""
            }
          ],
          "InventoryAttachments": [],
          "InventoryCargo": [],
          "ConstructionPartsBuilt": [],
          "Sets": []
        },
        {
          "ClassName": "CombatBoots_Brown",
          "Include": "",
          "Chance": 1,
          "Quantity": {
            "Min": 0,
            "Max": 0
          },
          "Health": [
            {
              "Min": 0.699999988079071,
              "Max": 1,
              "Zone": ""
            }
          ],
          "InventoryAttachments": [],
          "InventoryCargo": [],
          "ConstructionPartsBuilt": [],
          "Sets": []
        },
        {
          "ClassName": "CombatBoots_Grey",
          "Include": "",
          "Chance": 1,
          "Quantity": {
            "Min": 0,
            "Max": 0
          },
          "Health": [
            {
              "Min": 0.699999988079071,
              "Max": 1,
              "Zone": ""
            }
          ],
          "InventoryAttachments": [],
          "InventoryCargo": [],
          "ConstructionPartsBuilt": [],
          "Sets": []
        }
      ]
    },
    {
      "SlotName": "Headgear",
      "Items": [
        {
          "ClassName": "PoliceCap",
          "Include": "",
          "Chance": 1,
          "Quantity": {
            "Min": 0,
            "Max": 0
          },
          "Health": [
            {
              "Min": 0.699999988079071,
              "Max": 1,
              "Zone": ""
            }
          ],
          "InventoryAttachments": [],
          "InventoryCargo": [],
          "ConstructionPartsBuilt": [],
          "Sets": []
        },
        {
          "ClassName": "DirtBikeHelmet_Police",
          "Include": "",
          "Chance": 1,
          "Quantity": {
            "Min": 0,
            "Max": 0
          },
          "Health": [
            {
              "Min": 0.699999988079071,
              "Max": 1,
              "Zone": ""
            }
          ],
          "InventoryAttachments": [],
          "InventoryCargo": [],
          "ConstructionPartsBuilt": [],
          "Sets": []
        }
      ]
    },
    {
      "SlotName": "Gloves",
      "Items": [
        {
          "ClassName": "SurgicalGloves_Blue",
          "Include": "",
          "Chance": 1,
          "Quantity": {
            "Min": 0,
            "Max": 0
          },
          "Health": [
            {
              "Min": 0.699999988079071,
              "Max": 1,
              "Zone": ""
            }
          ],
          "InventoryAttachments": [],
          "InventoryCargo": [],
          "ConstructionPartsBuilt": [],
          "Sets": []
        }
      ]
    },
    {
      "SlotName": "Hips",
      "Items": [
        {
          "ClassName": "CivilianBelt",
          "Include": "",
          "Chance": 1,
          "Quantity": {
            "Min": 0,
            "Max": 0
          },
          "Health": [
            {
              "Min": 0.699999988079071,
              "Max": 1,
              "Zone": ""
            }
          ],
          "InventoryAttachments": [],
          "InventoryCargo": [],
          "ConstructionPartsBuilt": [],
          "Sets": []
        }
      ]
    },
    {
      "SlotName": "Melee",
      "Items": [
        {
          "ClassName": "StunBaton",
          "Include": "",
          "Chance": 0.800000011920929,
          "Quantity": {
            "Min": 0,
            "Max": 0
          },
          "Health": [
            {
              "Min": 0.699999988079071,
              "Max": 1,
              "Zone": ""
            }
          ],
          "InventoryAttachments": [
            {
              "SlotName": "",
              "Items": [
                {
                  "ClassName": "Battery9V",
                  "Include": "",
                  "Chance": 0.800000011920929,
                  "Quantity": {
                    "Min": 0,
                    "Max": 0
                  },
                  "Health": [],
                  "InventoryAttachments": [],
                  "InventoryCargo": [],
                  "ConstructionPartsBuilt": [],
                  "Sets": []
                }
              ]
            }
          ],
          "InventoryCargo": [],
          "ConstructionPartsBuilt": [],
          "Sets": []
        }
      ]
    }
  ],
  "InventoryCargo": [
    {
      "ClassName": "Apple",
      "Include": "",
      "Chance": 0.10000000149011612,
      "Quantity": {
        "Min": 0,
        "Max": 0
      },
      "Health": [],
      "InventoryAttachments": [],
      "InventoryCargo": [],
      "ConstructionPartsBuilt": [],
      "Sets": []
    },
    {
      "ClassName": "Handcuffs",
      "Include": "",
      "Chance": 0.15000000596046448,
      "Quantity": {
        "Min": 0,
        "Max": 0
      },
      "Health": [],
      "InventoryAttachments": [],
      "InventoryCargo": [],
      "ConstructionPartsBuilt": [],
      "Sets": []
    },
    {
      "ClassName": "HandcuffKeys",
      "Include": "",
      "Chance": 0.15000000596046448,
      "Quantity": {
        "Min": 0,
        "Max": 0
      },
      "Health": [],
      "InventoryAttachments": [],
      "InventoryCargo": [],
      "ConstructionPartsBuilt": [],
      "Sets": []
    },
    {
      "ClassName": "armband_yellow",
      "Include": "",
      "Chance": 1,
      "Quantity": {
        "Min": 0,
        "Max": 0
      },
      "Health": [
        {
          "Min": 1,
          "Max": 1,
          "Zone": ""
        }
      ],
      "InventoryAttachments": [],
      "InventoryCargo": [],
      "ConstructionPartsBuilt": [],
      "Sets": []
    }
  ],
  "ConstructionPartsBuilt": [],
  "Sets": [
    {
      "ClassName": "WEAPON",
      "Include": "",
      "Chance": 1,
      "Quantity": {
        "Min": 0,
        "Max": 0
      },
      "Health": [],
      "InventoryAttachments": [
        {
          "SlotName": "Shoulder",
          "Items": [
            {
              "ClassName": "MP5K",
              "Include": "",
              "Chance": 1,
              "Quantity": {
                "Min": 0,
                "Max": 0
              },
              "Health": [],
              "InventoryAttachments": [
                {
                  "SlotName": "",
                  "Items": [
                    {
                      "ClassName": "Mag_MP5_30Rnd",
                      "Include": "",
                      "Chance": 0.800000011920929,
                      "Quantity": {
                        "Min": 0,
                        "Max": 0
                      },
                      "Health": [],
                      "InventoryAttachments": [],
                      "InventoryCargo": [],
                      "ConstructionPartsBuilt": [],
                      "Sets": []
                    },
                    {
                      "ClassName": "Mag_MP5_15Rnd",
                      "Include": "",
                      "Chance": 1,
                      "Quantity": {
                        "Min": 0,
                        "Max": 0
                      },
                      "Health": [],
                      "InventoryAttachments": [],
                      "InventoryCargo": [],
                      "ConstructionPartsBuilt": [],
                      "Sets": []
                    },
                    {
                      "ClassName": "MP5k_StockBttstck",
                      "Include": "",
                      "Chance": 0.800000011920929,
                      "Quantity": {
                        "Min": 0,
                        "Max": 0
                      },
                      "Health": [],
                      "InventoryAttachments": [],
                      "InventoryCargo": [],
                      "ConstructionPartsBuilt": [],
                      "Sets": []
                    },
                    {
                      "ClassName": "MP5_PlasticHndgrd",
                      "Include": "",
                      "Chance": 0.800000011920929,
                      "Quantity": {
                        "Min": 0,
                        "Max": 0
                      },
                      "Health": [],
                      "InventoryAttachments": [],
                      "InventoryCargo": [],
                      "ConstructionPartsBuilt": [],
                      "Sets": []
                    },
                    {
                      "ClassName": "MP5_RailHndgrd",
                      "Include": "",
                      "Chance": 1,
                      "Quantity": {
                        "Min": 0,
                        "Max": 0
                      },
                      "Health": [],
                      "InventoryAttachments": [],
                      "InventoryCargo": [],
                      "ConstructionPartsBuilt": [],
                      "Sets": []
                    },
                    {
                      "ClassName": "MP5_Compensator",
                      "Include": "",
                      "Chance": 0.20000000298023224,
                      "Quantity": {
                        "Min": 0,
                        "Max": 0
                      },
                      "Health": [],
                      "InventoryAttachments": [],
                      "InventoryCargo": [],
                      "ConstructionPartsBuilt": [],
                      "Sets": []
                    },
                    {
                      "ClassName": "ReflexOptic",
                      "Include": "",
                      "Chance": 0.10000000149011612,
                      "Quantity": {
                        "Min": 0,
                        "Max": 0
                      },
                      "Health": [],
                      "InventoryAttachments": [
                        {
                          "SlotName": "",
                          "Items": [
                            {
                              "ClassName": "Battery9V",
                              "Include": "",
                              "Chance": 1,
                              "Quantity": {
                                "Min": 0,
                                "Max": 0
                              },
                              "Health": [],
                              "InventoryAttachments": [],
                              "InventoryCargo": [],
                              "ConstructionPartsBuilt": [],
                              "Sets": []
                            }
                          ]
                        }
                      ],
                      "InventoryCargo": [],
                      "ConstructionPartsBuilt": [],
                      "Sets": []
                    }
                  ]
                }
              ],
              "InventoryCargo": [],
              "ConstructionPartsBuilt": [],
              "Sets": []
            }
          ]
        }
      ],
      "InventoryCargo": [
        {
          "ClassName": "Mag_MP5_30Rnd",
          "Include": "",
          "Chance": 0.5,
          "Quantity": {
            "Min": 0,
            "Max": 0
          },
          "Health": [],
          "InventoryAttachments": [],
          "InventoryCargo": [],
          "ConstructionPartsBuilt": [],
          "Sets": []
        },
        {
          "ClassName": "Mag_MP5_30Rnd",
          "Include": "",
          "Chance": 0.5,
          "Quantity": {
            "Min": 0,
            "Max": 0
          },
          "Health": [],
          "InventoryAttachments": [],
          "InventoryCargo": [],
          "ConstructionPartsBuilt": [],
          "Sets": []
        },
        {
          "ClassName": "Mag_MP5_15Rnd",
          "Include": "",
          "Chance": 0.15000000596046448,
          "Quantity": {
            "Min": 0,
            "Max": 0
          },
          "Health": [],
          "InventoryAttachments": [],
          "InventoryCargo": [],
          "ConstructionPartsBuilt": [],
          "Sets": []
        }
      ],
      "ConstructionPartsBuilt": [],
      "Sets": []
    },
    {
      "ClassName": "WEAPON",
      "Include": "",
      "Chance": 1,
      "Quantity": {
        "Min": 0,
        "Max": 0
      },
      "Health": [],
      "InventoryAttachments": [
        {
          "SlotName": "Shoulder",
          "Items": [
            {
              "ClassName": "Mp133Shotgun",
              "Include": "",
              "Chance": 1,
              "Quantity": {
                "Min": 0,
                "Max": 0
              },
              "Health": [],
              "InventoryAttachments": [],
              "InventoryCargo": [],
              "ConstructionPartsBuilt": [],
              "Sets": []
            }
          ]
        }
      ],
      "InventoryCargo": [
        {
          "ClassName": "Ammo_12gaRubberSlug",
          "Include": "",
          "Chance": 1,
          "Quantity": {
            "Min": 0,
            "Max": 0
          },
          "Health": [],
          "InventoryAttachments": [],
          "InventoryCargo": [],
          "ConstructionPartsBuilt": [],
          "Sets": []
        },
        {
          "ClassName": "Ammo_12gaRubberSlug",
          "Include": "",
          "Chance": 1,
          "Quantity": {
            "Min": 0,
            "Max": 0
          },
          "Health": [],
          "InventoryAttachments": [],
          "InventoryCargo": [],
          "ConstructionPartsBuilt": [],
          "Sets": []
        },
        {
          "ClassName": "Ammo_12gaRubberSlug",
          "Include": "",
          "Chance": 0.15000000596046448,
          "Quantity": {
            "Min": 0,
            "Max": 0
          },
          "Health": [],
          "InventoryAttachments": [],
          "InventoryCargo": [],
          "ConstructionPartsBuilt": [],
          "Sets": []
        }
      ],
      "ConstructionPartsBuilt": [],
      "Sets": []
    },
    {
      "ClassName": "WEAPON",
      "Include": "",
      "Chance": 1,
      "Quantity": {
        "Min": 0,
        "Max": 0
      },
      "Health": [],
      "InventoryAttachments": [
        {
          "SlotName": "Shoulder",
          "Items": [
            {
              "ClassName": "CZ61",
              "Include": "",
              "Chance": 1,
              "Quantity": {
                "Min": 0,
                "Max": 0
              },
              "Health": [],
              "InventoryAttachments": [
                {
                  "SlotName": "",
                  "Items": [
                    {
                      "ClassName": "Mag_CZ61_20Rnd",
                      "Include": "",
                      "Chance": 1,
                      "Quantity": {
                        "Min": 0,
                        "Max": 0
                      },
                      "Health": [],
                      "InventoryAttachments": [],
                      "InventoryCargo": [],
                      "ConstructionPartsBuilt": [],
                      "Sets": []
                    }
                  ]
                }
              ],
              "InventoryCargo": [],
              "ConstructionPartsBuilt": [],
              "Sets": []
            }
          ]
        }
      ],
      "InventoryCargo": [
        {
          "ClassName": "Mag_CZ61_20Rnd",
          "Include": "",
          "Chance": 1,
          "Quantity": {
            "Min": 0,
            "Max": 0
          },
          "Health": [],
          "InventoryAttachments": [],
          "InventoryCargo": [],
          "ConstructionPartsBuilt": [],
          "Sets": []
        },
        {
          "ClassName": "Mag_CZ61_20Rnd",
          "Include": "",
          "Chance": 0.15000000596046448,
          "Quantity": {
            "Min": 0,
            "Max": 0
          },
          "Health": [],
          "InventoryAttachments": [],
          "InventoryCargo": [],
          "ConstructionPartsBuilt": [],
          "Sets": []
        }
      ],
      "ConstructionPartsBuilt": [],
      "Sets": []
    },
    {
      "ClassName": "WEAPON",
      "Include": "",
      "Chance": 1,
      "Quantity": {
        "Min": 0,
        "Max": 0
      },
      "Health": [],
      "InventoryAttachments": [
        {
          "SlotName": "Hands",
          "Items": [
            {
              "ClassName": "MakarovIJ70",
              "Include": "",
              "Chance": 1,
              "Quantity": {
                "Min": 0,
                "Max": 0
              },
              "Health": [],
              "InventoryAttachments": [
                {
                  "SlotName": "",
                  "Items": [
                    {
                      "ClassName": "Mag_IJ70_8Rnd",
                      "Include": "",
                      "Chance": 1,
                      "Quantity": {
                        "Min": 0,
                        "Max": 0
                      },
                      "Health": [],
                      "InventoryAttachments": [],
                      "InventoryCargo": [],
                      "ConstructionPartsBuilt": [],
                      "Sets": []
                    }
                  ]
                }
              ],
              "InventoryCargo": [],
              "ConstructionPartsBuilt": [],
              "Sets": []
            }
          ]
        }
      ],
      "InventoryCargo": [
        {
          "ClassName": "Mag_IJ70_8Rnd",
          "Include": "",
          "Chance": 1,
          "Quantity": {
            "Min": 0,
            "Max": 0
          },
          "Health": [],
          "InventoryAttachments": [],
          "InventoryCargo": [],
          "ConstructionPartsBuilt": [],
          "Sets": []
        },
        {
          "ClassName": "Mag_IJ70_8Rnd",
          "Include": "",
          "Chance": 0.15000000596046448,
          "Quantity": {
            "Min": 0,
            "Max": 0
          },
          "Health": [],
          "InventoryAttachments": [],
          "InventoryCargo": [],
          "ConstructionPartsBuilt": [],
          "Sets": []
        }
      ],
      "ConstructionPartsBuilt": [],
      "Sets": []
    },
    {
      "ClassName": "WEAPON",
      "Include": "",
      "Chance": 1,
      "Quantity": {
        "Min": 0,
        "Max": 0
      },
      "Health": [],
      "InventoryAttachments": [
        {
          "SlotName": "Hands",
          "Items": [
            {
              "ClassName": "Glock19",
              "Include": "",
              "Chance": 1,
              "Quantity": {
                "Min": 0,
                "Max": 0
              },
              "Health": [],
              "InventoryAttachments": [
                {
                  "SlotName": "",
                  "Items": [
                    {
                      "ClassName": "Mag_Glock_15Rnd",
                      "Include": "",
                      "Chance": 1,
                      "Quantity": {
                        "Min": 0,
                        "Max": 0
                      },
                      "Health": [],
                      "InventoryAttachments": [],
                      "InventoryCargo": [],
                      "ConstructionPartsBuilt": [],
                      "Sets": []
                    }
                  ]
                }
              ],
              "InventoryCargo": [],
              "ConstructionPartsBuilt": [],
              "Sets": []
            }
          ]
        }
      ],
      "InventoryCargo": [
        {
          "ClassName": "Mag_Glock_15Rnd",
          "Include": "",
          "Chance": 1,
          "Quantity": {
            "Min": 0,
            "Max": 0
          },
          "Health": [],
          "InventoryAttachments": [],
          "InventoryCargo": [],
          "ConstructionPartsBuilt": [],
          "Sets": []
        },
        {
          "ClassName": "Mag_Glock_15Rnd",
          "Include": "",
          "Chance": 0.15000000596046448,
          "Quantity": {
            "Min": 0,
            "Max": 0
          },
          "Health": [],
          "InventoryAttachments": [],
          "InventoryCargo": [],
          "ConstructionPartsBuilt": [],
          "Sets": []
        }
      ],
      "ConstructionPartsBuilt": [],
      "Sets": []
    }
  ]
}