{
  "ClassName": "",
  "Include": "",
  "Chance": 1,
  "Quantity": {
    "Min": 0,
    "Max": 0
  },
  "Health": [],
  "InventoryAttachments": [
    {
      "SlotName": "Body",
      "Items": [
        {
          "ClassName": "USMCJacket_Desert",
          "Include": "",
          "Chance": 1,
          "Quantity": {
            "Min": 0,
            "Max": 0
          },
          "Health": [
            {
              "Min": 0.699999988079071,
              "Max": 1,
              "Zone": ""
            }
          ],
          "InventoryAttachments": [],
          "InventoryCargo": [],
          "ConstructionPartsBuilt": [],
          "Sets": []
        },
        {
          "ClassName": "USMCJacket_Woodland",
          "Include": "",
          "Chance": 1,
          "Quantity": {
            "Min": 0,
            "Max": 0
          },
          "Health": [
            {
              "Min": 0.699999988079071,
              "Max": 1,
              "Zone": ""
            }
          ],
          "InventoryAttachments": [],
          "InventoryCargo": [],
          "ConstructionPartsBuilt": [],
          "Sets": []
        }
      ]
    },
    {
      "SlotName": "Legs",
      "Items": [
        {
          "ClassName": "USMCPants_Desert",
          "Include": "",
          "Chance": 1,
          "Quantity": {
            "Min": 0,
            "Max": 0
          },
          "Health": [
            {
              "Min": 0.699999988079071,
              "Max": 1,
              "Zone": ""
            }
          ],
          "InventoryAttachments": [],
          "InventoryCargo": [],
          "ConstructionPartsBuilt": [],
          "Sets": []
        },
        {
          "ClassName": "USMCPants_Woodland",
          "Include": "",
          "Chance": 1,
          "Quantity": {
            "Min": 0,
            "Max": 0
          },
          "Health": [
            {
              "Min": 0.699999988079071,
              "Max": 1,
              "Zone": ""
            }
          ],
          "InventoryAttachments": [],
          "InventoryCargo": [],
          "ConstructionPartsBuilt": [],
          "Sets": []
        }
      ]
    },
    {
      "SlotName": "Feet",
      "Items": [
        {
          "ClassName": "CombatBoots_Beige",
          "Include": "",
          "Chance": 1,
          "Quantity": {
            "Min": 0,
            "Max": 0
          },
          "Health": [
            {
              "Min": 0.699999988079071,
              "Max": 1,
              "Zone": ""
            }
          ],
          "InventoryAttachments": [],
          "InventoryCargo": [],
          "ConstructionPartsBuilt": [],
          "Sets": []
        },
        {
          "ClassName": "CombatBoots_Black",
          "Include": "",
          "Chance": 1,
          "Quantity": {
            "Min": 0,
            "Max": 0
          },
          "Health": [
            {
              "Min": 0.699999988079071,
              "Max": 1,
              "Zone": ""
            }
          ],
          "InventoryAttachments": [],
          "InventoryCargo": [],
          "ConstructionPartsBuilt": [],
          "Sets": []
        },
        {
          "ClassName": "CombatBoots_Brown",
          "Include": "",
          "Chance": 1,
          "Quantity": {
            "Min": 0,
            "Max": 0
          },
          "Health": [
            {
              "Min": 0.699999988079071,
              "Max": 1,
              "Zone": ""
            }
          ],
          "InventoryAttachments": [],
          "InventoryCargo": [],
          "ConstructionPartsBuilt": [],
          "Sets": []
        },
        {
          "ClassName": "CombatBoots_Green",
          "Include": "",
          "Chance": 1,
          "Quantity": {
            "Min": 0,
            "Max": 0
          },
          "Health": [
            {
              "Min": 0.699999988079071,
              "Max": 1,
              "Zone": ""
            }
          ],
          "InventoryAttachments": [],
          "InventoryCargo": [],
          "ConstructionPartsBuilt": [],
          "Sets": []
        },
        {
          "ClassName": "CombatBoots_Grey",
          "Include": "",
          "Chance": 1,
          "Quantity": {
            "Min": 0,
            "Max": 0
          },
          "Health": [
            {
              "Min": 0.699999988079071,
              "Max": 1,
              "Zone": ""
            }
          ],
          "InventoryAttachments": [],
          "InventoryCargo": [],
          "ConstructionPartsBuilt": [],
          "Sets": []
        }
      ]
    },
    {
      "SlotName": "Back",
      "Items": [
        {
          "ClassName": "CoyoteBag_Brown",
          "Include": "",
          "Chance": 0.6000000238418579,
          "Quantity": {
            "Min": 0,
            "Max": 0
          },
          "Health": [
            {
              "Min": 0.699999988079071,
              "Max": 1,
              "Zone": ""
            }
          ],
          "InventoryAttachments": [],
          "InventoryCargo": [
            {
              "ClassName": "BandageDressing",
              "Include": "",
              "Chance": 0.10000000149011612,
              "Quantity": {
                "Min": 0,
                "Max": 0
              },
              "Health": [],
              "InventoryAttachments": [],
              "InventoryCargo": [],
              "ConstructionPartsBuilt": [],
              "Sets": []
            },
            {
              "ClassName": "BandageDressing",
              "Include": "",
              "Chance": 0.10000000149011612,
              "Quantity": {
                "Min": 0,
                "Max": 0
              },
              "Health": [],
              "InventoryAttachments": [],
              "InventoryCargo": [],
              "ConstructionPartsBuilt": [],
              "Sets": []
            },
            {
              "ClassName": "Chemlight_Green",
              "Include": "",
              "Chance": 0.10000000149011612,
              "Quantity": {
                "Min": 0,
                "Max": 0
              },
              "Health": [],
              "InventoryAttachments": [],
              "InventoryCargo": [],
              "ConstructionPartsBuilt": [],
              "Sets": []
            },
            {
              "ClassName": "Chemlight_Green",
              "Include": "",
              "Chance": 0.10000000149011612,
              "Quantity": {
                "Min": 0,
                "Max": 0
              },
              "Health": [],
              "InventoryAttachments": [],
              "InventoryCargo": [],
              "ConstructionPartsBuilt": [],
              "Sets": []
            }
          ],
          "ConstructionPartsBuilt": [],
          "Sets": []
        },
        {
          "ClassName": "CoyoteBag_Green",
          "Include": "",
          "Chance": 1,
          "Quantity": {
            "Min": 0,
            "Max": 0
          },
          "Health": [
            {
              "Min": 0.699999988079071,
              "Max": 1,
              "Zone": ""
            }
          ],
          "InventoryAttachments": [],
          "InventoryCargo": [
            {
              "ClassName": "BandageDressing",
              "Include": "",
              "Chance": 0.10000000149011612,
              "Quantity": {
                "Min": 0,
                "Max": 0
              },
              "Health": [],
              "InventoryAttachments": [],
              "InventoryCargo": [],
              "ConstructionPartsBuilt": [],
              "Sets": []
            },
            {
              "ClassName": "BandageDressing",
              "Include": "",
              "Chance": 0.10000000149011612,
              "Quantity": {
                "Min": 0,
                "Max": 0
              },
              "Health": [],
              "InventoryAttachments": [],
              "InventoryCargo": [],
              "ConstructionPartsBuilt": [],
              "Sets": []
            },
            {
              "ClassName": "Chemlight_Green",
              "Include": "",
              "Chance": 0.10000000149011612,
              "Quantity": {
                "Min": 0,
                "Max": 0
              },
              "Health": [],
              "InventoryAttachments": [],
              "InventoryCargo": [],
              "ConstructionPartsBuilt": [],
              "Sets": []
            },
            {
              "ClassName": "Chemlight_Green",
              "Include": "",
              "Chance": 0.10000000149011612,
              "Quantity": {
                "Min": 0,
                "Max": 0
              },
              "Health": [],
              "InventoryAttachments": [],
              "InventoryCargo": [],
              "ConstructionPartsBuilt": [],
              "Sets": []
            }
          ],
          "ConstructionPartsBuilt": [],
          "Sets": []
        }
      ]
    },
    {
      "SlotName": "Vest",
      "Items": [
        {
          "ClassName": "fog_vest_avs_alp",
          "Include": "",
          "Chance": 1,
          "Quantity": {
            "Min": 0,
            "Max": 0
          },
          "Health": [
            {
              "Min": 0.699999988079071,
              "Max": 1,
              "Zone": ""
            }
          ],
          "InventoryAttachments": [],
          "InventoryCargo": [],
          "ConstructionPartsBuilt": [],
          "Sets": []
        }
      ]
    },
    {
      "SlotName": "Headgear",
      "Items": [
        {
          "ClassName": "BallisticHelmet_Black",
          "Include": "",
          "Chance": 1,
          "Quantity": {
            "Min": 0,
            "Max": 0
          },
          "Health": [
            {
              "Min": 0.699999988079071,
              "Max": 1,
              "Zone": ""
            }
          ],
          "InventoryAttachments": [],
          "InventoryCargo": [],
          "ConstructionPartsBuilt": [],
          "Sets": []
        },
        {
          "ClassName": "BallisticHelmet_Green",
          "Include": "",
          "Chance": 1,
          "Quantity": {
            "Min": 0,
            "Max": 0
          },
          "Health": [
            {
              "Min": 0.699999988079071,
              "Max": 1,
              "Zone": ""
            }
          ],
          "InventoryAttachments": [],
          "InventoryCargo": [],
          "ConstructionPartsBuilt": [],
          "Sets": []
        },
        {
          "ClassName": "Mich2001Helmet",
          "Include": "",
          "Chance": 1,
          "Quantity": {
            "Min": 0,
            "Max": 0
          },
          "Health": [
            {
              "Min": 0.699999988079071,
              "Max": 1,
              "Zone": ""
            }
          ],
          "InventoryAttachments": [
            {
              "SlotName": "Headgear",
              "Items": [
                {
                  "ClassName": "NVGoggles",
                  "Include": "",
                  "Chance": 0.4000000059604645,
                  "Quantity": {
                    "Min": 0,
                    "Max": 0
                  },
                  "Health": [
                    {
                      "Min": 0.699999988079071,
                      "Max": 1,
                      "Zone": ""
                    }
                  ],
                  "InventoryAttachments": [
                    {
                      "SlotName": "",
                      "Items": [
                        {
                          "ClassName": "Battery9V",
                          "Include": "",
                          "Chance": 1,
                          "Quantity": {
                            "Min": 0,
                            "Max": 0
                          },
                          "Health": [],
                          "InventoryAttachments": [],
                          "InventoryCargo": [],
                          "ConstructionPartsBuilt": [],
                          "Sets": []
                        }
                      ]
                    }
                  ],
                  "InventoryCargo": [],
                  "ConstructionPartsBuilt": [],
                  "Sets": []
                }
              ]
            }
          ],
          "InventoryCargo": [],
          "ConstructionPartsBuilt": [],
          "Sets": []
        }
      ]
    },
    {
      "SlotName": "Gloves",
      "Items": [
        {
          "ClassName": "TacticalGloves_Beige",
          "Include": "",
          "Chance": 1,
          "Quantity": {
            "Min": 0,
            "Max": 0
          },
          "Health": [
            {
              "Min": 0.699999988079071,
              "Max": 1,
              "Zone": ""
            }
          ],
          "InventoryAttachments": [],
          "InventoryCargo": [],
          "ConstructionPartsBuilt": [],
          "Sets": []
        },
        {
          "ClassName": "TacticalGloves_Black",
          "Include": "",
          "Chance": 1,
          "Quantity": {
            "Min": 0,
            "Max": 0
          },
          "Health": [
            {
              "Min": 0.699999988079071,
              "Max": 1,
              "Zone": ""
            }
          ],
          "InventoryAttachments": [],
          "InventoryCargo": [],
          "ConstructionPartsBuilt": [],
          "Sets": []
        },
        {
          "ClassName": "TacticalGloves_Green",
          "Include": "",
          "Chance": 1,
          "Quantity": {
            "Min": 0,
            "Max": 0
          },
          "Health": [
            {
              "Min": 0.699999988079071,
              "Max": 1,
              "Zone": ""
            }
          ],
          "InventoryAttachments": [],
          "InventoryCargo": [],
          "ConstructionPartsBuilt": [],
          "Sets": []
        }
      ]
    },
    {
      "SlotName": "Hips",
      "Items": [
        {
          "ClassName": "MilitaryBelt",
          "Include": "",
          "Chance": 1,
          "Quantity": {
            "Min": 0,
            "Max": 0
          },
          "Health": [
            {
              "Min": 0.699999988079071,
              "Max": 1,
              "Zone": ""
            }
          ],
          "InventoryAttachments": [],
          "InventoryCargo": [],
          "ConstructionPartsBuilt": [],
          "Sets": []
        }
      ]
    }
  ],
  "InventoryCargo": [
    {
      "ClassName": "Apple",
      "Include": "",
      "Chance": 0.10000000149011612,
      "Quantity": {
        "Min": 0,
        "Max": 0
      },
      "Health": [],
      "InventoryAttachments": [],
      "InventoryCargo": [],
      "ConstructionPartsBuilt": [],
      "Sets": []
    },
    {
      "ClassName": "BandageDressing",
      "Include": "",
      "Chance": 0.15000000596046448,
      "Quantity": {
        "Min": 0,
        "Max": 0
      },
      "Health": [],
      "InventoryAttachments": [],
      "InventoryCargo": [],
      "ConstructionPartsBuilt": [],
      "Sets": []
    }
  ],
  "ConstructionPartsBuilt": [],
  "Sets": [
    {
      "ClassName": "WEAPON",
      "Include": "",
      "Chance": 1,
      "Quantity": {
        "Min": 0,
        "Max": 0
      },
      "Health": [],
      "InventoryAttachments": [
        {
          "SlotName": "Shoulder",
          "Items": [
            {
              "ClassName": "Scout",
              "Include": "",
              "Chance": 1,
              "Quantity": {
                "Min": 0,
                "Max": 0
              },
              "Health": [
                {
                  "Min": 0.699999988079071,
                  "Max": 1,
                  "Zone": ""
                }
              ],
              "InventoryAttachments": [
                {
                  "SlotName": "",
                  "Items": [
                    {
                      "ClassName": "Mag_Scout_5Rnd",
                      "Include": "",
                      "Chance": 1,
                      "Quantity": {
                        "Min": 0,
                        "Max": 0
                      },
                      "Health": [],
                      "InventoryAttachments": [],
                      "InventoryCargo": [],
                      "ConstructionPartsBuilt": [],
                      "Sets": []
                    },
                    {
                      "ClassName": "ACOGOptic",
                      "Include": "",
                      "Chance": 0.30000001192092896,
                      "Quantity": {
                        "Min": 0,
                        "Max": 0
                      },
                      "Health": [],
                      "InventoryAttachments": [],
                      "InventoryCargo": [],
                      "ConstructionPartsBuilt": [],
                      "Sets": []
                    },
                    {
                      "ClassName": "ACOGOptic_6x",
                      "Include": "",
                      "Chance": 0.15000000596046448,
                      "Quantity": {
                        "Min": 0,
                        "Max": 0
                      },
                      "Health": [],
                      "InventoryAttachments": [],
                      "InventoryCargo": [],
                      "ConstructionPartsBuilt": [],
                      "Sets": []
                    },
                    {
                      "ClassName": "ReflexOptic",
                      "Include": "",
                      "Chance": 0.07500000298023224,
                      "Quantity": {
                        "Min": 0,
                        "Max": 0
                      },
                      "Health": [],
                      "InventoryAttachments": [
                        {
                          "SlotName": "",
                          "Items": [
                            {
                              "ClassName": "Battery9V",
                              "Include": "",
                              "Chance": 1,
                              "Quantity": {
                                "Min": 0,
                                "Max": 0
                              },
                              "Health": [],
                              "InventoryAttachments": [],
                              "InventoryCargo": [],
                              "ConstructionPartsBuilt": [],
                              "Sets": []
                            }
                          ]
                        }
                      ],
                      "InventoryCargo": [],
                      "ConstructionPartsBuilt": [],
                      "Sets": []
                    },
                    {
                      "ClassName": "M68Optic",
                      "Include": "",
                      "Chance": 0.07500000298023224,
                      "Quantity": {
                        "Min": 0,
                        "Max": 0
                      },
                      "Health": [],
                      "InventoryAttachments": [
                        {
                          "SlotName": "",
                          "Items": [
                            {
                              "ClassName": "Battery9V",
                              "Include": "",
                              "Chance": 1,
                              "Quantity": {
                                "Min": 0,
                                "Max": 0
                              },
                              "Health": [],
                              "InventoryAttachments": [],
                              "InventoryCargo": [],
                              "ConstructionPartsBuilt": [],
                              "Sets": []
                            }
                          ]
                        }
                      ],
                      "InventoryCargo": [],
                      "ConstructionPartsBuilt": [],
                      "Sets": []
                    },
                    {
                      "ClassName": "StarlightOptic",
                      "Include": "",
                      "Chance": 0.05000000074505806,
                      "Quantity": {
                        "Min": 0,
                        "Max": 0
                      },
                      "Health": [],
                      "InventoryAttachments": [
                        {
                          "SlotName": "",
                          "Items": [
                            {
                              "ClassName": "Battery9V",
                              "Include": "",
                              "Chance": 1,
                              "Quantity": {
                                "Min": 0,
                                "Max": 0
                              },
                              "Health": [],
                              "InventoryAttachments": [],
                              "InventoryCargo": [],
                              "ConstructionPartsBuilt": [],
                              "Sets": []
                            }
                          ]
                        }
                      ],
                      "InventoryCargo": [],
                      "ConstructionPartsBuilt": [],
                      "Sets": []
                    }
                  ]
                }
              ],
              "InventoryCargo": [],
              "ConstructionPartsBuilt": [],
              "Sets": []
            }
          ]
        }
      ],
      "InventoryCargo": [
        {
          "ClassName": "Mag_Scout_5Rnd",
          "Include": "",
          "Chance": 1,
          "Quantity": {
            "Min": 0,
            "Max": 0
          },
          "Health": [],
          "InventoryAttachments": [],
          "InventoryCargo": [],
          "ConstructionPartsBuilt": [],
          "Sets": []
        },
        {
          "ClassName": "Mag_Scout_5Rnd",
          "Include": "",
          "Chance": 0.15000000596046448,
          "Quantity": {
            "Min": 0,
            "Max": 0
          },
          "Health": [],
          "InventoryAttachments": [],
          "InventoryCargo": [],
          "ConstructionPartsBuilt": [],
          "Sets": []
        }
      ],
      "ConstructionPartsBuilt": [],
      "Sets": []
    },
    {
      "ClassName": "WEAPON",
      "Include": "",
      "Chance": 1,
      "Quantity": {
        "Min": 0,
        "Max": 0
      },
      "Health": [],
      "InventoryAttachments": [
        {
          "SlotName": "Shoulder",
          "Items": [
            {
              "ClassName": "FAMAS",
              "Include": "",
              "Chance": 1,
              "Quantity": {
                "Min": 0,
                "Max": 0
              },
              "Health": [
                {
                  "Min": 0.699999988079071,
                  "Max": 1,
                  "Zone": ""
                }
              ],
              "InventoryAttachments": [
                {
                  "SlotName": "",
                  "Items": [
                    {
                      "ClassName": "Mag_FAMAS_25Rnd",
                      "Include": "",
                      "Chance": 1,
                      "Quantity": {
                        "Min": 0,
                        "Max": 0
                      },
                      "Health": [],
                      "InventoryAttachments": [],
                      "InventoryCargo": [],
                      "ConstructionPartsBuilt": [],
                      "Sets": []
                    }
                  ]
                }
              ],
              "InventoryCargo": [],
              "ConstructionPartsBuilt": [],
              "Sets": []
            }
          ]
        }
      ],
      "InventoryCargo": [
        {
          "ClassName": "Mag_FAMAS_25Rnd",
          "Include": "",
          "Chance": 1,
          "Quantity": {
            "Min": 0,
            "Max": 0
          },
          "Health": [],
          "InventoryAttachments": [],
          "InventoryCargo": [],
          "ConstructionPartsBuilt": [],
          "Sets": []
        },
        {
          "ClassName": "Mag_FAMAS_25Rnd",
          "Include": "",
          "Chance": 0.15000000596046448,
          "Quantity": {
            "Min": 0,
            "Max": 0
          },
          "Health": [],
          "InventoryAttachments": [],
          "InventoryCargo": [],
          "ConstructionPartsBuilt": [],
          "Sets": []
        }
      ],
      "ConstructionPartsBuilt": [],
      "Sets": []
    },
    {
      "ClassName": "WEAPON",
      "Include": "",
      "Chance": 1,
      "Quantity": {
        "Min": 0,
        "Max": 0
      },
      "Health": [],
      "InventoryAttachments": [
        {
          "SlotName": "Shoulder",
          "Items": [
            {
              "ClassName": "M4A1",
              "Include": "",
              "Chance": 1,
              "Quantity": {
                "Min": 0,
                "Max": 0
              },
              "Health": [
                {
                  "Min": 0.699999988079071,
                  "Max": 1,
                  "Zone": ""
                }
              ],
              "InventoryAttachments": [
                {
                  "SlotName": "",
                  "Items": [
                    {
                      "ClassName": "Mag_STANAG_30Rnd",
                      "Include": "",
                      "Chance": 0.6000000238418579,
                      "Quantity": {
                        "Min": 0,
                        "Max": 0
                      },
                      "Health": [],
                      "InventoryAttachments": [],
                      "InventoryCargo": [],
                      "ConstructionPartsBuilt": [],
                      "Sets": []
                    },
                    {
                      "ClassName": "Mag_STANAG_60Rnd",
                      "Include": "",
                      "Chance": 0.10000000149011612,
                      "Quantity": {
                        "Min": 0,
                        "Max": 0
                      },
                      "Health": [],
                      "InventoryAttachments": [],
                      "InventoryCargo": [],
                      "ConstructionPartsBuilt": [],
                      "Sets": []
                    },
                    {
                      "ClassName": "Mag_CMAG_10Rnd",
                      "Include": "",
                      "Chance": 0.05000000074505806,
                      "Quantity": {
                        "Min": 0,
                        "Max": 0
                      },
                      "Health": [],
                      "InventoryAttachments": [],
                      "InventoryCargo": [],
                      "ConstructionPartsBuilt": [],
                      "Sets": []
                    },
                    {
                      "ClassName": "Mag_CMAG_20Rnd",
                      "Include": "",
                      "Chance": 0.05000000074505806,
                      "Quantity": {
                        "Min": 0,
                        "Max": 0
                      },
                      "Health": [],
                      "InventoryAttachments": [],
                      "InventoryCargo": [],
                      "ConstructionPartsBuilt": [],
                      "Sets": []
                    },
                    {
                      "ClassName": "Mag_CMAG_30Rnd",
                      "Include": "",
                      "Chance": 0.05000000074505806,
                      "Quantity": {
                        "Min": 0,
                        "Max": 0
                      },
                      "Health": [],
                      "InventoryAttachments": [],
                      "InventoryCargo": [],
                      "ConstructionPartsBuilt": [],
                      "Sets": []
                    },
                    {
                      "ClassName": "Mag_CMAG_40Rnd",
                      "Include": "",
                      "Chance": 0.05000000074505806,
                      "Quantity": {
                        "Min": 0,
                        "Max": 0
                      },
                      "Health": [],
                      "InventoryAttachments": [],
                      "InventoryCargo": [],
                      "ConstructionPartsBuilt": [],
                      "Sets": []
                    },
                    {
                      "ClassName": "M4_CQBBttstck",
                      "Include": "",
                      "Chance": 0.33000001311302185,
                      "Quantity": {
                        "Min": 0,
                        "Max": 0
                      },
                      "Health": [],
                      "InventoryAttachments": [],
                      "InventoryCargo": [],
                      "ConstructionPartsBuilt": [],
                      "Sets": []
                    },
                    {
                      "ClassName": "M4_MPBttstck",
                      "Include": "",
                      "Chance": 0.33000001311302185,
                      "Quantity": {
                        "Min": 0,
                        "Max": 0
                      },
                      "Health": [],
                      "InventoryAttachments": [],
                      "InventoryCargo": [],
                      "ConstructionPartsBuilt": [],
                      "Sets": []
                    },
                    {
                      "ClassName": "M4_OEBttstck",
                      "Include": "",
                      "Chance": 1,
                      "Quantity": {
                        "Min": 0,
                        "Max": 0
                      },
                      "Health": [],
                      "InventoryAttachments": [],
                      "InventoryCargo": [],
                      "ConstructionPartsBuilt": [],
                      "Sets": []
                    },
                    {
                      "ClassName": "M4_MPHndgrd",
                      "Include": "",
                      "Chance": 0.33000001311302185,
                      "Quantity": {
                        "Min": 0,
                        "Max": 0
                      },
                      "Health": [],
                      "InventoryAttachments": [],
                      "InventoryCargo": [],
                      "ConstructionPartsBuilt": [],
                      "Sets": []
                    },
                    {
                      "ClassName": "M4_PlasticHndgrd",
                      "Include": "",
                      "Chance": 1,
                      "Quantity": {
                        "Min": 0,
                        "Max": 0
                      },
                      "Health": [],
                      "InventoryAttachments": [],
                      "InventoryCargo": [],
                      "ConstructionPartsBuilt": [],
                      "Sets": []
                    },
                    {
                      "ClassName": "M4_RISHndgrd",
                      "Include": "",
                      "Chance": 0.33000001311302185,
                      "Quantity": {
                        "Min": 0,
                        "Max": 0
                      },
                      "Health": [],
                      "InventoryAttachments": [],
                      "InventoryCargo": [],
                      "ConstructionPartsBuilt": [],
                      "Sets": []
                    },
                    {
                      "ClassName": "ACOGOptic",
                      "Include": "",
                      "Chance": 0.30000001192092896,
                      "Quantity": {
                        "Min": 0,
                        "Max": 0
                      },
                      "Health": [],
                      "InventoryAttachments": [],
                      "InventoryCargo": [],
                      "ConstructionPartsBuilt": [],
                      "Sets": []
                    },
                    {
                      "ClassName": "ACOGOptic_6x",
                      "Include": "",
                      "Chance": 0.05000000074505806,
                      "Quantity": {
                        "Min": 0,
                        "Max": 0
                      },
                      "Health": [],
                      "InventoryAttachments": [],
                      "InventoryCargo": [],
                      "ConstructionPartsBuilt": [],
                      "Sets": []
                    },
                    {
                      "ClassName": "ReflexOptic",
                      "Include": "",
                      "Chance": 0.10000000149011612,
                      "Quantity": {
                        "Min": 0,
                        "Max": 0
                      },
                      "Health": [],
                      "InventoryAttachments": [
                        {
                          "SlotName": "",
                          "Items": [
                            {
                              "ClassName": "Battery9V",
                              "Include": "",
                              "Chance": 1,
                              "Quantity": {
                                "Min": 0,
                                "Max": 0
                              },
                              "Health": [],
                              "InventoryAttachments": [],
                              "InventoryCargo": [],
                              "ConstructionPartsBuilt": [],
                              "Sets": []
                            }
                          ]
                        }
                      ],
                      "InventoryCargo": [],
                      "ConstructionPartsBuilt": [],
                      "Sets": []
                    },
                    {
                      "ClassName": "M68Optic",
                      "Include": "",
                      "Chance": 0.10000000149011612,
                      "Quantity": {
                        "Min": 0,
                        "Max": 0
                      },
                      "Health": [],
                      "InventoryAttachments": [
                        {
                          "SlotName": "",
                          "Items": [
                            {
                              "ClassName": "Battery9V",
                              "Include": "",
                              "Chance": 1,
                              "Quantity": {
                                "Min": 0,
                                "Max": 0
                              },
                              "Health": [],
                              "InventoryAttachments": [],
                              "InventoryCargo": [],
                              "ConstructionPartsBuilt": [],
                              "Sets": []
                            }
                          ]
                        }
                      ],
                      "InventoryCargo": [],
                      "ConstructionPartsBuilt": [],
                      "Sets": []
                    },
                    {
                      "ClassName": "M4_T3NRDSOptic",
                      "Include": "",
                      "Chance": 0.10000000149011612,
                      "Quantity": {
                        "Min": 0,
                        "Max": 0
                      },
                      "Health": [],
                      "InventoryAttachments": [
                        {
                          "SlotName": "",
                          "Items": [
                            {
                              "ClassName": "Battery9V",
                              "Include": "",
                              "Chance": 1,
                              "Quantity": {
                                "Min": 0,
                                "Max": 0
                              },
                              "Health": [],
                              "InventoryAttachments": [],
                              "InventoryCargo": [],
                              "ConstructionPartsBuilt": [],
                              "Sets": []
                            }
                          ]
                        }
                      ],
                      "InventoryCargo": [],
                      "ConstructionPartsBuilt": [],
                      "Sets": []
                    },
                    {
                      "ClassName": "StarlightOptic",
                      "Include": "",
                      "Chance": 0.009999999776482582,
                      "Quantity": {
                        "Min": 0,
                        "Max": 0
                      },
                      "Health": [],
                      "InventoryAttachments": [
                        {
                          "SlotName": "",
                          "Items": [
                            {
                              "ClassName": "Battery9V",
                              "Include": "",
                              "Chance": 1,
                              "Quantity": {
                                "Min": 0,
                                "Max": 0
                              },
                              "Health": [],
                              "InventoryAttachments": [],
                              "InventoryCargo": [],
                              "ConstructionPartsBuilt": [],
                              "Sets": []
                            }
                          ]
                        }
                      ],
                      "InventoryCargo": [],
                      "ConstructionPartsBuilt": [],
                      "Sets": []
                    },
                    {
                      "ClassName": "M4_CarryHandleOptic",
                      "Include": "",
                      "Chance": 1,
                      "Quantity": {
                        "Min": 0,
                        "Max": 0
                      },
                      "Health": [],
                      "InventoryAttachments": [],
                      "InventoryCargo": [],
                      "ConstructionPartsBuilt": [],
                      "Sets": []
                    }
                  ]
                }
              ],
              "InventoryCargo": [],
              "ConstructionPartsBuilt": [],
              "Sets": []
            }
          ]
        }
      ],
      "InventoryCargo": [
        {
          "ClassName": "Mag_STANAG_30Rnd",
          "Include": "",
          "Chance": 1,
          "Quantity": {
            "Min": 0,
            "Max": 0
          },
          "Health": [],
          "InventoryAttachments": [],
          "InventoryCargo": [],
          "ConstructionPartsBuilt": [],
          "Sets": []
        },
        {
          "ClassName": "Mag_STANAG_30Rnd",
          "Include": "",
          "Chance": 0.15000000596046448,
          "Quantity": {
            "Min": 0,
            "Max": 0
          },
          "Health": [],
          "InventoryAttachments": [],
          "InventoryCargo": [],
          "ConstructionPartsBuilt": [],
          "Sets": []
        }
      ],
      "ConstructionPartsBuilt": [],
      "Sets": []
    },
    {
      "ClassName": "WEAPON",
      "Include": "",
      "Chance": 1,
      "Quantity": {
        "Min": 0,
        "Max": 0
      },
      "Health": [],
      "InventoryAttachments": [
        {
          "SlotName": "Shoulder",
          "Items": [
            {
              "ClassName": "Aug",
              "Include": "",
              "Chance": 1,
              "Quantity": {
                "Min": 0,
                "Max": 0
              },
              "Health": [
                {
                  "Min": 0.699999988079071,
                  "Max": 1,
                  "Zone": ""
                }
              ],
              "InventoryAttachments": [
                {
                  "SlotName": "",
                  "Items": [
                    {
                      "ClassName": "Mag_Aug_30Rnd",
                      "Include": "",
                      "Chance": 1,
                      "Quantity": {
                        "Min": 0,
                        "Max": 0
                      },
                      "Health": [],
                      "InventoryAttachments": [],
                      "InventoryCargo": [],
                      "ConstructionPartsBuilt": [],
                      "Sets": []
                    }
                  ]
                }
              ],
              "InventoryCargo": [],
              "ConstructionPartsBuilt": [],
              "Sets": []
            }
          ]
        }
      ],
      "InventoryCargo": [
        {
          "ClassName": "Mag_Aug_30Rnd",
          "Include": "",
          "Chance": 1,
          "Quantity": {
            "Min": 0,
            "Max": 0
          },
          "Health": [],
          "InventoryAttachments": [],
          "InventoryCargo": [],
          "ConstructionPartsBuilt": [],
          "Sets": []
        },
        {
          "ClassName": "Mag_Aug_30Rnd",
          "Include": "",
          "Chance": 0.15000000596046448,
          "Quantity": {
            "Min": 0,
            "Max": 0
          },
          "Health": [],
          "InventoryAttachments": [],
          "InventoryCargo": [],
          "ConstructionPartsBuilt": [],
          "Sets": []
        }
      ],
      "ConstructionPartsBuilt": [],
      "Sets": []
    },
    {
      "ClassName": "WEAPON",
      "Include": "",
      "Chance": 1,
      "Quantity": {
        "Min": 0,
        "Max": 0
      },
      "Health": [],
      "InventoryAttachments": [
        {
          "SlotName": "Shoulder",
          "Items": [
            {
              "ClassName": "AugShort",
              "Include": "",
              "Chance": 1,
              "Quantity": {
                "Min": 0,
                "Max": 0
              },
              "Health": [
                {
                  "Min": 0.699999988079071,
                  "Max": 1,
                  "Zone": ""
                }
              ],
              "InventoryAttachments": [
                {
                  "SlotName": "",
                  "Items": [
                    {
                      "ClassName": "Mag_Aug_30Rnd",
                      "Include": "",
                      "Chance": 1,
                      "Quantity": {
                        "Min": 0,
                        "Max": 0
                      },
                      "Health": [],
                      "InventoryAttachments": [],
                      "InventoryCargo": [],
                      "ConstructionPartsBuilt": [],
                      "Sets": []
                    },
                    {
                      "ClassName": "ACOGOptic",
                      "Include": "",
                      "Chance": 0.30000001192092896,
                      "Quantity": {
                        "Min": 0,
                        "Max": 0
                      },
                      "Health": [],
                      "InventoryAttachments": [],
                      "InventoryCargo": [],
                      "ConstructionPartsBuilt": [],
                      "Sets": []
                    },
                    {
                      "ClassName": "ACOGOptic_6x",
                      "Include": "",
                      "Chance": 0.05000000074505806,
                      "Quantity": {
                        "Min": 0,
                        "Max": 0
                      },
                      "Health": [],
                      "InventoryAttachments": [],
                      "InventoryCargo": [],
                      "ConstructionPartsBuilt": [],
                      "Sets": []
                    },
                    {
                      "ClassName": "ReflexOptic",
                      "Include": "",
                      "Chance": 0.10000000149011612,
                      "Quantity": {
                        "Min": 0,
                        "Max": 0
                      },
                      "Health": [],
                      "InventoryAttachments": [
                        {
                          "SlotName": "",
                          "Items": [
                            {
                              "ClassName": "Battery9V",
                              "Include": "",
                              "Chance": 1,
                              "Quantity": {
                                "Min": 0,
                                "Max": 0
                              },
                              "Health": [],
                              "InventoryAttachments": [],
                              "InventoryCargo": [],
                              "ConstructionPartsBuilt": [],
                              "Sets": []
                            }
                          ]
                        }
                      ],
                      "InventoryCargo": [],
                      "ConstructionPartsBuilt": [],
                      "Sets": []
                    },
                    {
                      "ClassName": "M68Optic",
                      "Include": "",
                      "Chance": 0.10000000149011612,
                      "Quantity": {
                        "Min": 0,
                        "Max": 0
                      },
                      "Health": [],
                      "InventoryAttachments": [
                        {
                          "SlotName": "",
                          "Items": [
                            {
                              "ClassName": "Battery9V",
                              "Include": "",
                              "Chance": 1,
                              "Quantity": {
                                "Min": 0,
                                "Max": 0
                              },
                              "Health": [],
                              "InventoryAttachments": [],
                              "InventoryCargo": [],
                              "ConstructionPartsBuilt": [],
                              "Sets": []
                            }
                          ]
                        }
                      ],
                      "InventoryCargo": [],
                      "ConstructionPartsBuilt": [],
                      "Sets": []
                    },
                    {
                      "ClassName": "M4_T3NRDSOptic",
                      "Include": "",
                      "Chance": 0.10000000149011612,
                      "Quantity": {
                        "Min": 0,
                        "Max": 0
                      },
                      "Health": [],
                      "InventoryAttachments": [
                        {
                          "SlotName": "",
                          "Items": [
                            {
                              "ClassName": "Battery9V",
                              "Include": "",
                              "Chance": 1,
                              "Quantity": {
                                "Min": 0,
                                "Max": 0
                              },
                              "Health": [],
                              "InventoryAttachments": [],
                              "InventoryCargo": [],
                              "ConstructionPartsBuilt": [],
                              "Sets": []
                            }
                          ]
                        }
                      ],
                      "InventoryCargo": [],
                      "ConstructionPartsBuilt": [],
                      "Sets": []
                    },
                    {
                      "ClassName": "StarlightOptic",
                      "Include": "",
                      "Chance": 0.009999999776482582,
                      "Quantity": {
                        "Min": 0,
                        "Max": 0
                      },
                      "Health": [],
                      "InventoryAttachments": [
                        {
                          "SlotName": "",
                          "Items": [
                            {
                              "ClassName": "Battery9V",
                              "Include": "",
                              "Chance": 1,
                              "Quantity": {
                                "Min": 0,
                                "Max": 0
                              },
                              "Health": [],
                              "InventoryAttachments": [],
                              "InventoryCargo": [],
                              "ConstructionPartsBuilt": [],
                              "Sets": []
                            }
                          ]
                        }
                      ],
                      "InventoryCargo": [],
                      "ConstructionPartsBuilt": [],
                      "Sets": []
                    }
                  ]
                }
              ],
              "InventoryCargo": [],
              "ConstructionPartsBuilt": [],
              "Sets": []
            }
          ]
        }
      ],
      "InventoryCargo": [
        {
          "ClassName": "Mag_Aug_30Rnd",
          "Include": "",
          "Chance": 1,
          "Quantity": {
            "Min": 0,
            "Max": 0
          },
          "Health": [],
          "InventoryAttachments": [],
          "InventoryCargo": [],
          "ConstructionPartsBuilt": [],
          "Sets": []
        },
        {
          "ClassName": "Mag_Aug_30Rnd",
          "Include": "",
          "Chance": 0.15000000596046448,
          "Quantity": {
            "Min": 0,
            "Max": 0
          },
          "Health": [],
          "InventoryAttachments": [],
          "InventoryCargo": [],
          "ConstructionPartsBuilt": [],
          "Sets": []
        }
      ],
      "ConstructionPartsBuilt": [],
      "Sets": []
    },
    {
      "ClassName": "WEAPON",
      "Include": "",
      "Chance": 1,
      "Quantity": {
        "Min": 0,
        "Max": 0
      },
      "Health": [],
      "InventoryAttachments": [
        {
          "SlotName": "Shoulder",
          "Items": [
            {
              "ClassName": "M16A2",
              "Include": "",
              "Chance": 1,
              "Quantity": {
                "Min": 0,
                "Max": 0
              },
              "Health": [
                {
                  "Min": 0.699999988079071,
                  "Max": 1,
                  "Zone": ""
                }
              ],
              "InventoryAttachments": [
                {
                  "SlotName": "",
                  "Items": [
                    {
                      "ClassName": "Mag_STANAG_60Rnd",
                      "Include": "",
                      "Chance": 0.20000000298023224,
                      "Quantity": {
                        "Min": 0,
                        "Max": 0
                      },
                      "Health": [],
                      "InventoryAttachments": [],
                      "InventoryCargo": [],
                      "ConstructionPartsBuilt": [],
                      "Sets": []
                    },
                    {
                      "ClassName": "Mag_STANAG_30Rnd",
                      "Include": "",
                      "Chance": 1,
                      "Quantity": {
                        "Min": 0,
                        "Max": 0
                      },
                      "Health": [],
                      "InventoryAttachments": [],
                      "InventoryCargo": [],
                      "ConstructionPartsBuilt": [],
                      "Sets": []
                    }
                  ]
                }
              ],
              "InventoryCargo": [],
              "ConstructionPartsBuilt": [],
              "Sets": []
            }
          ]
        }
      ],
      "InventoryCargo": [
        {
          "ClassName": "Mag_STANAG_30Rnd",
          "Include": "",
          "Chance": 1,
          "Quantity": {
            "Min": 0,
            "Max": 0
          },
          "Health": [],
          "InventoryAttachments": [],
          "InventoryCargo": [],
          "ConstructionPartsBuilt": [],
          "Sets": []
        },
        {
          "ClassName": "Mag_STANAG_30Rnd",
          "Include": "",
          "Chance": 0.15000000596046448,
          "Quantity": {
            "Min": 0,
            "Max": 0
          },
          "Health": [],
          "InventoryAttachments": [],
          "InventoryCargo": [],
          "ConstructionPartsBuilt": [],
          "Sets": []
        }
      ],
      "ConstructionPartsBuilt": [],
      "Sets": []
    }
  ]
}