{
  "ClassName": "",
  "Include": "",
  "Chance": 1,
  "Quantity": {
    "Min": 0,
    "Max": 0
  },
  "Health": [],
  "InventoryAttachments": [
    {
      "SlotName": "Body",
      "Items": [
        {
          "ClassName": "PoliceJacket",
          "Include": "",
          "Chance": 1,
          "Quantity": {
            "Min": 0,
            "Max": 0
          },
          "Health": [
            {
              "Min": 0.699999988079071,
              "Max": 1,
              "Zone": ""
            }
          ],
          "InventoryAttachments": [],
          "InventoryCargo": [],
          "ConstructionPartsBuilt": [],
          "Sets": []
        }
      ]
    },
    {
      "SlotName": "Legs",
      "Items": [
        {
          "ClassName": "PolicePants",
          "Include": "",
          "Chance": 1,
          "Quantity": {
            "Min": 0,
            "Max": 0
          },
          "Health": [
            {
              "Min": 0.699999988079071,
              "Max": 1,
              "Zone": ""
            }
          ],
          "InventoryAttachments": [],
          "InventoryCargo": [],
          "ConstructionPartsBuilt": [],
          "Sets": []
        }
      ]
    },
    {
      "SlotName": "Feet",
      "Items": [
        {
          "ClassName": "CombatBoots_Black",
          "Include": "",
          "Chance": 1,
          "Quantity": {
            "Min": 0,
            "Max": 0
          },
          "Health": [
            {
              "Min": 0.699999988079071,
              "Max": 1,
              "Zone": ""
            }
          ],
          "InventoryAttachments": [],
          "InventoryCargo": [],
          "ConstructionPartsBuilt": [],
          "Sets": []
        },
        {
          "ClassName": "CombatBoots_Grey",
          "Include": "",
          "Chance": 1,
          "Quantity": {
            "Min": 0,
            "Max": 0
          },
          "Health": [
            {
              "Min": 0.699999988079071,
              "Max": 1,
              "Zone": ""
            }
          ],
          "InventoryAttachments": [],
          "InventoryCargo": [],
          "ConstructionPartsBuilt": [],
          "Sets": []
        }
      ]
    },
    {
      "SlotName": "Vest",
      "Items": [
        {
          "ClassName": "fog_vest_avs_alp",
          "Include": "",
          "Chance": 1,
          "Quantity": {
            "Min": 0,
            "Max": 0
          },
          "Health": [
            {
              "Min": 0.699999988079071,
              "Max": 1,
              "Zone": ""
            }
          ],
          "InventoryAttachments": [],
          "InventoryCargo": [],
          "ConstructionPartsBuilt": [],
          "Sets": []
        }
      ]
    },
    {
      "SlotName": "Headgear",
      "Items": [
        {
          "ClassName": "Expansion_GorkaHelmet_Yeet",
          "Include": "",
          "Chance": 1,
          "Quantity": {
            "Min": 0,
            "Max": 0
          },
          "Health": [
            {
              "Min": 0.699999988079071,
              "Max": 1,
              "Zone": ""
            }
          ],
          "InventoryAttachments": [
            {
              "SlotName": "Glass",
              "Items": [
                {
                  "ClassName": "GorkaHelmetVisor",
                  "Include": "",
                  "Chance": 1,
                  "Quantity": {
                    "Min": 0,
                    "Max": 0
                  },
                  "Health": [
                    {
                      "Min": 0.699999988079071,
                      "Max": 1,
                      "Zone": ""
                    }
                  ],
                  "InventoryAttachments": [],
                  "InventoryCargo": [],
                  "ConstructionPartsBuilt": [],
                  "Sets": []
                }
              ]
            }
          ],
          "InventoryCargo": [],
          "ConstructionPartsBuilt": [],
          "Sets": []
        }
      ]
    },
    {
      "SlotName": "Gloves",
      "Items": [
        {
          "ClassName": "TacticalGloves_Black",
          "Include": "",
          "Chance": 1,
          "Quantity": {
            "Min": 0,
            "Max": 0
          },
          "Health": [
            {
              "Min": 0.699999988079071,
              "Max": 1,
              "Zone": ""
            }
          ],
          "InventoryAttachments": [],
          "InventoryCargo": [],
          "ConstructionPartsBuilt": [],
          "Sets": []
        },
        {
          "ClassName": "OMNOGloves_Gray",
          "Include": "",
          "Chance": 1,
          "Quantity": {
            "Min": 0,
            "Max": 0
          },
          "Health": [
            {
              "Min": 0.699999988079071,
              "Max": 1,
              "Zone": ""
            }
          ],
          "InventoryAttachments": [],
          "InventoryCargo": [],
          "ConstructionPartsBuilt": [],
          "Sets": []
        }
      ]
    }
  ],
  "InventoryCargo": [
    {
      "ClassName": "Apple",
      "Include": "",
      "Chance": 0.10000000149011612,
      "Quantity": {
        "Min": 0,
        "Max": 0
      },
      "Health": [],
      "InventoryAttachments": [],
      "InventoryCargo": [],
      "ConstructionPartsBuilt": [],
      "Sets": []
    },
    {
      "ClassName": "BandageDressing",
      "Include": "",
      "Chance": 1,
      "Quantity": {
        "Min": 0,
        "Max": 0
      },
      "Health": [],
      "InventoryAttachments": [],
      "InventoryCargo": [],
      "ConstructionPartsBuilt": [],
      "Sets": []
    },
    {
      "ClassName": "BandageDressing",
      "Include": "",
      "Chance": 0.15000000596046448,
      "Quantity": {
        "Min": 0,
        "Max": 0
      },
      "Health": [],
      "InventoryAttachments": [],
      "InventoryCargo": [],
      "ConstructionPartsBuilt": [],
      "Sets": []
    }
  ],
  "ConstructionPartsBuilt": [],
  "Sets": []
}