{
  "version": 10,
  "globalBagLimit": -1,
  "enable_bag_renaming": 1,
  "enable_bag_give_to_friend": 1,
  "enable_give_bag_name_obfuscation": 0,
  "bedConfigs": [
    {
      "name": "Sleeping Bag",
      "itemnames": [
        "LBS_SleepingBag_New_Base",
        "LBS_SleepingBag_New_Camo",
        "LBS_SleepingBag_New_Blue",
        "LBS_SleepingBag_Old_Red",
        "LBS_SleepingBag_Old_Blue",
        "LBS_SleepingBag_Old_Brown",
        "LBS_SleepingBag_Old_Green",
        "LBS_SleepingBag_Old_LightPurple",
        "LBS_SleepingBag_Old_Purple",
        "LBS_SleepingBag_Old_Orange",
        ""
      ],
      "timeoutSeconds": 0,
      "timeoutPlacedDown": 0,
      "radiusToNotTriggerTheKilledTimeout": 1,
      "killedTimeoutRadius": 0,
      "itemLimit": 1,
      "spawnCost": 0,
      "forcePlaceOnGround": 1,
      "timeoutAllPlacedBags": 0,
      "timeoutNearBagsDistance": 0,
      "maxBagUses": -1,
      "uncaimOldestBagIfLimitReached": 1,
      "nearPlacementCheckActive": 1,
      "requireItemNearToAllowSpawn": 1,
      "forceNearAnyFromList": [
        {
          "nearItemname": "TerritoryFlag",
          "radius": 75
        }
      ],
      "clearInventoryOnSpawn": 1,
      "loadouts": ["TG_Starter_Loadout"]
    },
    {
      "name": "Old Sleeping Bag",
      "itemnames": [
        "LBS_SleepingBag_Old_Base"
      ],
      "timeoutSeconds": 0,
      "timeoutPlacedDown": 0,
      "radiusToNotTriggerTheKilledTimeout": 0,
      "killedTimeoutRadius": 0,
      "itemLimit": 1,
      "spawnCost": 0,
      "forcePlaceOnGround": 1,
      "timeoutAllPlacedBags": 0,
      "timeoutNearBagsDistance": 50,
      "maxBagUses": -1,
      "uncaimOldestBagIfLimitReached": 1,
      "nearPlacementCheckActive": 1,
      "requireItemNearToAllowSpawn": 1,
      "forceNearAnyFromList": [
        {
          "nearItemname": "TerritoryFlag",
          "radius": 75
        }
      ],
      "clearInventoryOnSpawn": 1,
      "loadouts": ["TG_Starter_Loadout"]
    }
  ]
}