{
    "version": 1,
    "objects": [
        {
            "itemname": "LBmaster_SpawnSign_Safezone",
            "position": [
                11476.9677734375,
                344.136474609375,
                11333.03125
            ],
            "orientation": [
                146.9154815673828,
                0.0,
                0.0
            ],
            "scale": 1.0
        },
        {
            "itemname": "LBmaster_SpawnSign_Safezone",
            "position": [
                9076.125,
                245.74032592773438,
                8044.08642578125
            ],
            "orientation": [
                -81.05912017822266,
                0.0,
                0.0
            ],
            "scale": 1.0
        },
        {
            "itemname": "LBmaster_SpawnSign_Safezone",
            "position": [
                14383.1484375,
                4.513487339019775,
                13275.5107421875
            ],
            "orientation": [
                -60.472633361816409,
                0.0,
                0.0
            ],
            "scale": 1.0
        },
        {
            "itemname": "LBmaster_SpawnSign_1",
            "position": [
                11479.1689453125,
                344.25982666015627,
                11330.806640625
            ],
            "orientation": [
                132.88174438476563,
                0.0,
                0.0
            ],
            "scale": 1.0
        },
        {
            "itemname": "LBmaster_SpawnSign_1",
            "position": [
                2179.158935546875,
                103.73796081542969,
                3353.0927734375
            ],
            "orientation": [
                38.48295593261719,
                0.0,
                0.0
            ],
            "scale": 1.0
        }
    ]
}