{
    "version": 22,
    "spawn_clear_radius": 20.0,
    "spawnPos": [
        15345.98046875,
        0.0,
        15346.4501953125
    ],
    "random_spawn_cost_money": 0,
    "random_ignore_timeouts": 1,
    "overwrite_default_spawnPos": 1,
    "openSpawnMenuOnce": 1,
    "forceOpenSpawnMenu": 1,
    "hide_when_no_spawns_found": 1,
    "show_cost_in_spawnmenu": 1,
    "show_remaining_bag_uses_in_spawnmenu": 1,
    "overwrite_stats_on_spawn": 0,
    "water_on_spawn": 600,
    "food_on_spawn": 600,
    "health_on_spawn": 100,
    "blood_on_spawn": 5000,
    "death_spawn_block_radius": 0,
    "death_spawn_block_timeout": 0,
    "respawnOpenedMenuSpawnpoints": {
        "disableRandomSpawn": 0,
        "sleepingBags": 1,
        "allSpawnPoints": 0,
        "allHousePoints": 1,
        "spawnImmediatelyWhenSingleSpawnAvailable": 0,
        "alwaysSpawnRandom": 0,
        "spawnPointsList": [
            "Chernogorsk",
            "Elektrozavodsk",
            "Berezino",
            "Solnechny",
            "Severograd",
            "Kamenka",
            "Svetloyarsk"
        ]
    },
    "firstJoinOpenedMenuSpawnpoints": {
        "disableRandomSpawn": 0,
        "sleepingBags": 1,
        "allSpawnPoints": 0,
        "allHousePoints": 1,
        "spawnImmediatelyWhenSingleSpawnAvailable": 0,
        "alwaysSpawnRandom": 0,
        "spawnPointsList": [
            "Chernogorsk",
            "Elektrozavodsk",
            "Berezino",
            "Solnechny",
            "Severograd",
            "Kamenka",
            "Svetloyarsk"
        ]
    },
    "signs": [
        {
            "disableRandomSpawn": 0,
            "sleepingBags": 1,
            "allSpawnPoints": 1,
            "allHousePoints": 1,
            "spawnImmediatelyWhenSingleSpawnAvailable": 0,
            "alwaysSpawnRandom": 0,
            "spawnPointsList": [],
            "itemname": "LBmaster_SpawnSign",
            "requiredSpawnTicket": "",
            "actionText": "#open"
        },
        {
            "disableRandomSpawn": 0,
            "sleepingBags": 0,
            "allSpawnPoints": 0,
            "allHousePoints": 0,
            "spawnImmediatelyWhenSingleSpawnAvailable": 0,
            "alwaysSpawnRandom": 0,
            "spawnPointsList": [
                "Hunting Trader",
                "Klen Safezone",
                "Fishing Trader"
            ],
            "itemname": "LBmaster_SpawnSign_Safezone",
            "requiredSpawnTicket": "LBmaster_SpawnTicket_1",
            "actionText": "Teleport between Safezones"
        },
        {
            "disableRandomSpawn": 0,
            "sleepingBags": 1,
            "allSpawnPoints": 0,
            "allHousePoints": 1,
            "spawnImmediatelyWhenSingleSpawnAvailable": 0,
            "alwaysSpawnRandom": 0,
            "spawnPointsList": [
                "Chernogorsk",
                "Elektrozavodsk",
                "Spawn",
                "Balota",
                "Berezino",
                "Solnechny"
            ],
            "itemname": "LBmaster_SpawnSign_Spawn",
            "requiredSpawnTicket": "",
            "actionText": "Spawn"
        },
        {
            "disableRandomSpawn": 0,
            "sleepingBags": 0,
            "allSpawnPoints": 0,
            "allHousePoints": 0,
            "spawnImmediatelyWhenSingleSpawnAvailable": 0,
            "alwaysSpawnRandom": 0,
            "spawnPointsList": [
                "Klen Safezone",
                "Black Market"
            ],
            "itemname": "LBmaster_SpawnSign_1",
            "requiredSpawnTicket": "LBmaster_SpawnTicket_2",
            "actionText": "Black Market (Have A Mask On)"
        },
        {
            "disableRandomSpawn": 0,
            "sleepingBags": 1,
            "allSpawnPoints": 1,
            "allHousePoints": 1,
            "spawnImmediatelyWhenSingleSpawnAvailable": 0,
            "alwaysSpawnRandom": 0,
            "spawnPointsList": [],
            "itemname": "LBmaster_SpawnSign_1_L",
            "requiredSpawnTicket": "",
            "actionText": "#open"
        },
        {
            "disableRandomSpawn": 0,
            "sleepingBags": 1,
            "allSpawnPoints": 1,
            "allHousePoints": 1,
            "spawnImmediatelyWhenSingleSpawnAvailable": 0,
            "alwaysSpawnRandom": 0,
            "spawnPointsList": [],
            "itemname": "LBmaster_SpawnSign_2",
            "requiredSpawnTicket": "",
            "actionText": "#open"
        },
        {
            "disableRandomSpawn": 0,
            "sleepingBags": 1,
            "allSpawnPoints": 1,
            "allHousePoints": 1,
            "spawnImmediatelyWhenSingleSpawnAvailable": 0,
            "alwaysSpawnRandom": 0,
            "spawnPointsList": [],
            "itemname": "LBmaster_SpawnSign_2_L",
            "requiredSpawnTicket": "",
            "actionText": "#open"
        },
        {
            "disableRandomSpawn": 0,
            "sleepingBags": 1,
            "allSpawnPoints": 1,
            "allHousePoints": 1,
            "spawnImmediatelyWhenSingleSpawnAvailable": 0,
            "alwaysSpawnRandom": 0,
            "spawnPointsList": [],
            "itemname": "LBmaster_SpawnSign_3",
            "requiredSpawnTicket": "",
            "actionText": "#open"
        },
        {
            "disableRandomSpawn": 0,
            "sleepingBags": 1,
            "allSpawnPoints": 1,
            "allHousePoints": 1,
            "spawnImmediatelyWhenSingleSpawnAvailable": 0,
            "alwaysSpawnRandom": 0,
            "spawnPointsList": [],
            "itemname": "LBmaster_SpawnSign_3_L",
            "requiredSpawnTicket": "",
            "actionText": "#open"
        },
        {
            "disableRandomSpawn": 0,
            "sleepingBags": 1,
            "allSpawnPoints": 1,
            "allHousePoints": 1,
            "spawnImmediatelyWhenSingleSpawnAvailable": 0,
            "alwaysSpawnRandom": 0,
            "spawnPointsList": [],
            "itemname": "LBmaster_SpawnSign_4",
            "requiredSpawnTicket": "",
            "actionText": "#open"
        },
        {
            "disableRandomSpawn": 0,
            "sleepingBags": 1,
            "allSpawnPoints": 1,
            "allHousePoints": 1,
            "spawnImmediatelyWhenSingleSpawnAvailable": 0,
            "alwaysSpawnRandom": 0,
            "spawnPointsList": [],
            "itemname": "LBmaster_SpawnSign_4_L",
            "requiredSpawnTicket": "",
            "actionText": "#open"
        },
        {
            "disableRandomSpawn": 0,
            "sleepingBags": 1,
            "allSpawnPoints": 1,
            "allHousePoints": 1,
            "spawnImmediatelyWhenSingleSpawnAvailable": 0,
            "alwaysSpawnRandom": 0,
            "spawnPointsList": [],
            "itemname": "LBmaster_SpawnSign_5",
            "requiredSpawnTicket": "",
            "actionText": "#open"
        },
        {
            "disableRandomSpawn": 0,
            "sleepingBags": 1,
            "allSpawnPoints": 1,
            "allHousePoints": 1,
            "spawnImmediatelyWhenSingleSpawnAvailable": 0,
            "alwaysSpawnRandom": 0,
            "spawnPointsList": [],
            "itemname": "LBmaster_SpawnSign_5_L",
            "requiredSpawnTicket": "",
            "actionText": "#open"
        },
        {
            "disableRandomSpawn": 0,
            "sleepingBags": 1,
            "allSpawnPoints": 1,
            "allHousePoints": 1,
            "spawnImmediatelyWhenSingleSpawnAvailable": 0,
            "alwaysSpawnRandom": 0,
            "spawnPointsList": [],
            "itemname": "LBmaster_SpawnSign_Event",
            "requiredSpawnTicket": "",
            "actionText": "#open"
        },
        {
            "disableRandomSpawn": 0,
            "sleepingBags": 1,
            "allSpawnPoints": 1,
            "allHousePoints": 1,
            "spawnImmediatelyWhenSingleSpawnAvailable": 0,
            "alwaysSpawnRandom": 0,
            "spawnPointsList": [],
            "itemname": "LBmaster_SpawnSign_Event_L",
            "requiredSpawnTicket": "",
            "actionText": "#open"
        },
        {
            "disableRandomSpawn": 0,
            "sleepingBags": 1,
            "allSpawnPoints": 1,
            "allHousePoints": 1,
            "spawnImmediatelyWhenSingleSpawnAvailable": 0,
            "alwaysSpawnRandom": 0,
            "spawnPointsList": [],
            "itemname": "LBmaster_SpawnSign_L",
            "requiredSpawnTicket": "",
            "actionText": "#open"
        },
        {
            "disableRandomSpawn": 0,
            "sleepingBags": 1,
            "allSpawnPoints": 1,
            "allHousePoints": 1,
            "spawnImmediatelyWhenSingleSpawnAvailable": 0,
            "alwaysSpawnRandom": 0,
            "spawnPointsList": [],
            "itemname": "LBmaster_SpawnSign_Safezone_L",
            "requiredSpawnTicket": "",
            "actionText": "#open"
        },
        {
            "disableRandomSpawn": 0,
            "sleepingBags": 1,
            "allSpawnPoints": 1,
            "allHousePoints": 1,
            "spawnImmediatelyWhenSingleSpawnAvailable": 0,
            "alwaysSpawnRandom": 0,
            "spawnPointsList": [],
            "itemname": "LBmaster_SpawnSign_Spawn_L",
            "requiredSpawnTicket": "",
            "actionText": "#open"
        }
    ],
    "positions": [
        {
            "pos": [
                6865.0400390625,
                0.0,
                2791.699951171875
            ],
            "name": "Chernogorsk",
            "spawnCost": 0,
            "timeout": 0,
            "spawnRadius": 20,
            "enabled": 1,
            "spawnAtExactPosition": 0,
            "forcePlayerIntoGroup": "",
            "spawnPlayerInAir": 0,
            "heightOverGround": 0,
            "clearInventoryOnSpawn": 1,
            "loadouts": [
                "TG_Starter_Loadout"
            ],
            "spawnPositions": [
                [
                    6865.0400390625,
                    0.0,
                    2791.699951171875
                ],
                [
                    7135.31005859375,
                    0.0,
                    2842.25
                ],
                [
                    6804.77001953125,
                    0.0,
                    3087.25
                ],
                [
                    6194.22998046875,
                    0.0,
                    2785.8701171875
                ],
                [
                    6569.5,
                    0.0,
                    2453.3701171875
                ],
                [
                    7248.08984375,
                    0.0,
                    2636.139892578125
                ]
            ]
        },
        {
            "pos": [
                10341.6103515625,
                0.0,
                2128.64990234375
            ],
            "name": "Elektrozavodsk",
            "spawnCost": 0,
            "timeout": 0,
            "spawnRadius": 20,
            "enabled": 1,
            "spawnAtExactPosition": 0,
            "forcePlayerIntoGroup": "",
            "spawnPlayerInAir": 0,
            "heightOverGround": 0,
            "clearInventoryOnSpawn": 1,
            "loadouts": [
                "TG_Starter_Loadout"
            ],
            "spawnPositions": [
                [
                    10341.6103515625,
                    0.0,
                    2128.64990234375
                ],
                [
                    10691.599609375,
                    0.0,
                    2319.199951171875
                ],
                [
                    10329.9404296875,
                    0.0,
                    2387.260009765625
                ],
                [
                    10606.0498046875,
                    0.0,
                    2439.760009765625
                ],
                [
                    9898.2900390625,
                    0.0,
                    1926.4200439453126
                ],
                [
                    10425.2197265625,
                    0.0,
                    1945.8699951171876
                ]
            ]
        },
        {
            "pos": [
                12622.3798828125,
                0.0,
                9780.009765625
            ],
            "name": "Berezino",
            "spawnCost": 0,
            "timeout": 0,
            "spawnRadius": 20,
            "enabled": 1,
            "spawnAtExactPosition": 0,
            "forcePlayerIntoGroup": "",
            "spawnPlayerInAir": 0,
            "heightOverGround": 0,
            "clearInventoryOnSpawn": 1,
            "loadouts": [
                "TG_Starter_Loadout"
            ],
            "spawnPositions": [
                [
                    12622.3798828125,
                    0.0,
                    9780.009765625
                ],
                [
                    12669.0400390625,
                    0.0,
                    10063.900390625
                ],
                [
                    12754.0458984375,
                    6.0,
                    9512.0087890625
                ],
                [
                    12805.150390625,
                    0.0,
                    10332.23046875
                ],
                [
                    12857.4638671875,
                    6.004122257232666,
                    9828.0908203125
                ],
                [
                    13004.5810546875,
                    7.371697425842285,
                    10152.912109375
                ],
                [
                    12778.8076171875,
                    7.482892990112305,
                    10177.673828125
                ],
                [
                    12774.4375,
                    5.989999771118164,
                    9903.8330078125
                ]
            ]
        },
        {
            "pos": [
                13202.990234375,
                0.0,
                6040.6162109375
            ],
            "name": "Solnechny",
            "spawnCost": 0,
            "timeout": 0,
            "spawnRadius": 20,
            "enabled": 1,
            "spawnAtExactPosition": 0,
            "forcePlayerIntoGroup": "",
            "spawnPlayerInAir": 0,
            "heightOverGround": 0,
            "clearInventoryOnSpawn": 1,
            "loadouts": [
                "TG_Starter_Loadout"
            ],
            "spawnPositions": [
                [
                    13397.7314453125,
                    5.897128105163574,
                    6013.92236328125
                ],
                [
                    13414.5830078125,
                    5.904635906219482,
                    6171.6083984375
                ],
                [
                    13432.638671875,
                    3.311311721801758,
                    6408.7392578125
                ],
                [
                    13325.5087890625,
                    8.013384819030762,
                    6369.01708984375
                ],
                [
                    13447.08203125,
                    5.87152624130249,
                    6053.64453125
                ],
                [
                    13481.990234375,
                    6.0,
                    6317.2578125
                ],
                [
                    13380.87890625,
                    6.543762683868408,
                    6417.16552734375
                ],
                [
                    13307.453125,
                    7.471877098083496,
                    6449.666015625
                ],
                [
                    13356.8046875,
                    5.999073505401611,
                    6063.27490234375
                ]
            ]
        },
        {
            "pos": [
                8062.8994140625,
                0.0,
                12437.935546875
            ],
            "name": "Severograd",
            "spawnCost": 0,
            "timeout": 0,
            "spawnRadius": 20,
            "enabled": 1,
            "spawnAtExactPosition": 0,
            "forcePlayerIntoGroup": "",
            "spawnPlayerInAir": 0,
            "heightOverGround": 0,
            "clearInventoryOnSpawn": 1,
            "loadouts": [
                "TG_Starter_Loadout"
            ],
            "spawnPositions": [
                [
                    8541.2451171875,
                    104.0,
                    12759.7744140625
                ],
                [
                    8314.1611328125,
                    109.50633239746094,
                    12787.5283203125
                ],
                [
                    8123.24267578125,
                    122.79573822021485,
                    12877.521484375
                ],
                [
                    7833.080078125,
                    120.19200897216797,
                    12772.3896484375
                ],
                [
                    8142.5869140625,
                    116.97573852539063,
                    12647.9140625
                ],
                [
                    7976.05859375,
                    123.0234375,
                    12483.068359375
                ],
                [
                    7747.2919921875,
                    121.09090423583985,
                    12528.484375
                ]
            ]
        },
        {
            "pos": [
                2106.525146484375,
                0.0,
                2376.517578125
            ],
            "name": "Kamenka",
            "spawnCost": 0,
            "timeout": 0,
            "spawnRadius": 20,
            "enabled": 1,
            "spawnAtExactPosition": 0,
            "forcePlayerIntoGroup": "",
            "spawnPlayerInAir": 0,
            "heightOverGround": 0,
            "clearInventoryOnSpawn": 1,
            "loadouts": [
                "TG_Starter_Loadout"
            ],
            "spawnPositions": [
                [
                    1768.2125244140626,
                    5.974475383758545,
                    2136.2236328125
                ],
                [
                    1672.0665283203126,
                    6.401745796203613,
                    2235.26171875
                ],
                [
                    1771.104248046875,
                    11.20543384552002,
                    2275.021484375
                ],
                [
                    1955.444580078125,
                    5.9754509925842289,
                    2172.36962890625
                ],
                [
                    2046.5302734375,
                    5.905547618865967,
                    2234.53759765625
                ],
                [
                    1961.9505615234376,
                    9.658708572387696,
                    2299.599609375
                ],
                [
                    1843.3944091796876,
                    12.591912269592286,
                    2326.34765625
                ],
                [
                    1859.29833984375,
                    4.887359142303467,
                    2189.718017578125
                ]
            ]
        },
        {
            "pos": [
                13976.068359375,
                0.0,
                13060.158203125
            ],
            "name": "Svetloyarsk",
            "spawnCost": 0,
            "timeout": 0,
            "spawnRadius": 20,
            "enabled": 1,
            "spawnAtExactPosition": 0,
            "forcePlayerIntoGroup": "",
            "spawnPlayerInAir": 0,
            "heightOverGround": 0,
            "clearInventoryOnSpawn": 1,
            "loadouts": [
                "TG_Starter_Loadout"
            ],
            "spawnPositions": [
                [
                    13966.8154296875,
                    15.535029411315918,
                    13071.4521484375
                ],
                [
                    14030.216796875,
                    7.11275053024292,
                    13283.5615234375
                ],
                [
                    13917.24609375,
                    15.583159446716309,
                    13356.185546875
                ],
                [
                    13752.400390625,
                    21.80851173400879,
                    13390.7685546875
                ],
                [
                    13725.88671875,
                    22.078109741210939,
                    13258.2001953125
                ],
                [
                    13829.6357421875,
                    21.13997459411621,
                    13126.7841796875
                ],
                [
                    14067.1064453125,
                    13.421006202697754,
                    12997.6748046875
                ],
                [
                    13599.08203125,
                    34.31056213378906,
                    13395.37890625
                ]
            ]
        },
        {
            "pos": [
                9072.9306640625,
                0.0,
                8026.5654296875
            ],
            "name": "Hunting Trader",
            "spawnCost": 0,
            "timeout": 0,
            "spawnRadius": 5,
            "enabled": 1,
            "spawnAtExactPosition": 1,
            "forcePlayerIntoGroup": "",
            "spawnPlayerInAir": 0,
            "heightOverGround": 300,
            "clearInventoryOnSpawn": 0,
            "loadouts": [],
            "spawnPositions": [
                [
                    9077.9033203125,
                    244.92713928222657,
                    8030.974609375
                ],
                [
                    9072.7109375,
                    245.1868438720703,
                    8032.39013671875
                ],
                [
                    9069.25,
                    245.34185791015626,
                    8030.1875
                ],
                [
                    9069.5634765625,
                    245.5359344482422,
                    8026.25439453125
                ],
                [
                    9077.431640625,
                    245.10888671875,
                    8021.69140625
                ],
                [
                    9076.015625,
                    245.22499084472657,
                    8026.88330078125
                ]
            ]
        },
        {
            "pos": [
                14378.09765625,
                0.0,
                13266.470703125
            ],
            "name": "Fishing Trader",
            "spawnCost": 0,
            "timeout": 0,
            "spawnRadius": 5,
            "enabled": 1,
            "spawnAtExactPosition": 1,
            "forcePlayerIntoGroup": "",
            "spawnPlayerInAir": 0,
            "heightOverGround": 300,
            "clearInventoryOnSpawn": 0,
            "loadouts": [],
            "spawnPositions": [
                [
                    14353.748046875,
                    3.2899999618530275,
                    13283.921875
                ],
                [
                    14362.1337890625,
                    3.2899999618530275,
                    13284.220703125
                ],
                [
                    14374.9521484375,
                    3.2899999618530275,
                    13281.525390625
                ],
                [
                    14404.30078125,
                    2.5941014289855959,
                    13264.3955078125
                ],
                [
                    14398.072265625,
                    2.9661097526550295,
                    13269.1279296875
                ]
            ]
        },
        {
            "pos": [
                11472.4638671875,
                0.0,
                11339.81640625
            ],
            "name": "Klen Safezone",
            "spawnCost": 0,
            "timeout": 600,
            "spawnRadius": 5,
            "enabled": 1,
            "spawnAtExactPosition": 1,
            "forcePlayerIntoGroup": "",
            "spawnPlayerInAir": 0,
            "heightOverGround": 300,
            "clearInventoryOnSpawn": 0,
            "loadouts": [],
            "spawnPositions": [
                [
                    11484.484375,
                    342.18841552734377,
                    11337.3134765625
                ],
                [
                    11480.91015625,
                    342.2034606933594,
                    11338.01171875
                ],
                [
                    11480.2119140625,
                    342.2613525390625,
                    11336.0927734375
                ],
                [
                    11481.7802734375,
                    342.42486572265627,
                    11333.3017578125
                ],
                [
                    11484.22265625,
                    342.31951904296877,
                    11334.4365234375
                ],
                [
                    11482.740234375,
                    342.3238220214844,
                    11336.0068359375
                ]
            ]
        },
        {
            "pos": [
                2164.254638671875,
                0.0,
                3371.486328125
            ],
            "name": "Black Market",
            "spawnCost": 0,
            "timeout": 0,
            "spawnRadius": 5,
            "enabled": 1,
            "spawnAtExactPosition": 0,
            "forcePlayerIntoGroup": "",
            "spawnPlayerInAir": 0,
            "heightOverGround": 300,
            "clearInventoryOnSpawn": 0,
            "loadouts": [],
            "spawnPositions": [
                [
                    2129.37939453125,
                    91.84220886230469,
                    3375.41845703125
                ],
                [
                    2141.100341796875,
                    91.4664077758789,
                    3375.41845703125
                ],
                [
                    2158.19287109375,
                    91.57460021972656,
                    3374.930419921875
                ],
                [
                    2172.35546875,
                    91.68106079101563,
                    3372.733154296875
                ],
                [
                    2192.62255859375,
                    91.72350311279297,
                    3370.7802734375
                ],
                [
                    2174.30908203125,
                    91.80133056640625,
                    3377.373046875
                ]
            ]
        }
    ]
}