[
    {
        "version": 4,
        "classname": "LB_ATM_3_Black",
        "position": [
            11513.16015625,
            341.54864501953127,
            11333.34765625
        ],
        "orientation": [
            113.94589233398438,
            0.0,
            0.0
        ],
        "robPosition": "",
        "canDepositMoney": 1,
        "canWithdrawMoney": 1,
        "maxRobbingDistance": 5.0,
        "spawnChance": 1.0,
        "canBeRobbed": 0,
        "spawnRobbedMoneyAtATM": 1,
        "robbingConfig": [],
        "minutesLockedAfterRobbing": 10,
        "minutesNotRobbableAfterRobbing": 60,
        "minutesRobberNeedsToWaitBeforeRobbingAgain": 1440,
        "lastLockedTimestamp": 0,
        "lastRobTime": 0,
        "useDepositedCashToCalculateRobbedMoney": 1,
        "cashDeposited": 12467279,
        "depositedCashIncreasePerMin": 20,
        "robbedDepositedCashPercent": 0.10000000149011612,
        "maxMoneyRobbedFromDepositedMoney": 20000,
        "staticMinRobbedCash": 10000,
        "staticMaxRobbedCash": 20000,
        "robbingRewardPreset": "",
        "needCreditCard": 0,
        "lastRobbers": [],
        "spawned": 1
    },
    {
        "version": 4,
        "classname": "LB_ATM_3_Black",
        "position": [
            11513.5078125,
            341.5483093261719,
            11334.2763671875
        ],
        "orientation": [
            115.56190490722656,
            0.0,
            0.0
        ],
        "robPosition": "",
        "canDepositMoney": 1,
        "canWithdrawMoney": 1,
        "maxRobbingDistance": 5.0,
        "spawnChance": 1.0,
        "canBeRobbed": 0,
        "spawnRobbedMoneyAtATM": 1,
        "robbingConfig": [],
        "minutesLockedAfterRobbing": 10,
        "minutesNotRobbableAfterRobbing": 60,
        "minutesRobberNeedsToWaitBeforeRobbingAgain": 1440,
        "lastLockedTimestamp": 0,
        "lastRobTime": 0,
        "useDepositedCashToCalculateRobbedMoney": 1,
        "cashDeposited": 10017952,
        "depositedCashIncreasePerMin": 20,
        "robbedDepositedCashPercent": 0.10000000149011612,
        "maxMoneyRobbedFromDepositedMoney": 20000,
        "staticMinRobbedCash": 10000,
        "staticMaxRobbedCash": 20000,
        "robbingRewardPreset": "",
        "needCreditCard": 0,
        "lastRobbers": [],
        "spawned": 1
    },
    {
        "version": 4,
        "classname": "LB_ATM_3_Black",
        "position": [
            4963.39501953125,
            9.492585182189942,
            2436.572998046875
        ],
        "orientation": [
            228.26254272460938,
            0.0,
            0.0
        ],
        "robPosition": "",
        "canDepositMoney": 1,
        "canWithdrawMoney": 1,
        "maxRobbingDistance": 5.0,
        "spawnChance": 1.0,
        "canBeRobbed": 0,
        "spawnRobbedMoneyAtATM": 1,
        "robbingConfig": [],
        "minutesLockedAfterRobbing": 10,
        "minutesNotRobbableAfterRobbing": 60,
        "minutesRobberNeedsToWaitBeforeRobbingAgain": 1440,
        "lastLockedTimestamp": 0,
        "lastRobTime": 0,
        "useDepositedCashToCalculateRobbedMoney": 1,
        "cashDeposited": -39723668,
        "depositedCashIncreasePerMin": 20,
        "robbedDepositedCashPercent": 0.10000000149011612,
        "maxMoneyRobbedFromDepositedMoney": 20000,
        "staticMinRobbedCash": 10000,
        "staticMaxRobbedCash": 20000,
        "robbingRewardPreset": "",
        "needCreditCard": 0,
        "lastRobbers": [],
        "spawned": 1
    },
    {
        "version": 4,
        "classname": "LB_ATM_3_Black",
        "position": [
            6082.40869140625,
            53.017059326171878,
            3433.950927734375
        ],
        "orientation": [
            90.86488342285156,
            0.0,
            0.0
        ],
        "robPosition": "",
        "canDepositMoney": 1,
        "canWithdrawMoney": 1,
        "maxRobbingDistance": 5.0,
        "spawnChance": 1.0,
        "canBeRobbed": 0,
        "spawnRobbedMoneyAtATM": 1,
        "robbingConfig": [],
        "minutesLockedAfterRobbing": 10,
        "minutesNotRobbableAfterRobbing": 60,
        "minutesRobberNeedsToWaitBeforeRobbingAgain": 1440,
        "lastLockedTimestamp": 0,
        "lastRobTime": 0,
        "useDepositedCashToCalculateRobbedMoney": 1,
        "cashDeposited": 2097968,
        "depositedCashIncreasePerMin": 20,
        "robbedDepositedCashPercent": 0.10000000149011612,
        "maxMoneyRobbedFromDepositedMoney": 20000,
        "staticMinRobbedCash": 10000,
        "staticMaxRobbedCash": 20000,
        "robbingRewardPreset": "",
        "needCreditCard": 0,
        "lastRobbers": [],
        "spawned": 1
    },
    {
        "version": 4,
        "classname": "LB_ATM_3_Black",
        "position": [
            5707.8203125,
            62.35567092895508,
            2436.5537109375
        ],
        "orientation": [
            181.94956970214845,
            0.0,
            0.0
        ],
        "robPosition": "",
        "canDepositMoney": 1,
        "canWithdrawMoney": 1,
        "maxRobbingDistance": 5.0,
        "spawnChance": 1.0,
        "canBeRobbed": 0,
        "spawnRobbedMoneyAtATM": 1,
        "robbingConfig": [],
        "minutesLockedAfterRobbing": 10,
        "minutesNotRobbableAfterRobbing": 60,
        "minutesRobberNeedsToWaitBeforeRobbingAgain": 1440,
        "lastLockedTimestamp": 0,
        "lastRobTime": 0,
        "useDepositedCashToCalculateRobbedMoney": 1,
        "cashDeposited": 2348794,
        "depositedCashIncreasePerMin": 20,
        "robbedDepositedCashPercent": 0.10000000149011612,
        "maxMoneyRobbedFromDepositedMoney": 20000,
        "staticMinRobbedCash": 10000,
        "staticMaxRobbedCash": 20000,
        "robbingRewardPreset": "",
        "needCreditCard": 0,
        "lastRobbers": [],
        "spawned": 1
    },
    {
        "version": 4,
        "classname": "LB_ATM_3_Black",
        "position": [
            6531.3515625,
            62.25764846801758,
            3549.58251953125
        ],
        "orientation": [
            269.46795654296877,
            0.0,
            0.0
        ],
        "robPosition": "",
        "canDepositMoney": 1,
        "canWithdrawMoney": 1,
        "maxRobbingDistance": 5.0,
        "spawnChance": 1.0,
        "canBeRobbed": 0,
        "spawnRobbedMoneyAtATM": 1,
        "robbingConfig": [],
        "minutesLockedAfterRobbing": 10,
        "minutesNotRobbableAfterRobbing": 60,
        "minutesRobberNeedsToWaitBeforeRobbingAgain": 1440,
        "lastLockedTimestamp": 0,
        "lastRobTime": 0,
        "useDepositedCashToCalculateRobbedMoney": 1,
        "cashDeposited": 2071224,
        "depositedCashIncreasePerMin": 20,
        "robbedDepositedCashPercent": 0.10000000149011612,
        "maxMoneyRobbedFromDepositedMoney": 20000,
        "staticMinRobbedCash": 10000,
        "staticMaxRobbedCash": 20000,
        "robbingRewardPreset": "",
        "needCreditCard": 0,
        "lastRobbers": [],
        "spawned": 1
    },
    {
        "version": 4,
        "classname": "LB_ATM_3_Black",
        "position": [
            10431.7294921875,
            6.248081207275391,
            2364.5830078125
        ],
        "orientation": [
            144.73773193359376,
            0.0,
            0.0
        ],
        "robPosition": "",
        "canDepositMoney": 1,
        "canWithdrawMoney": 1,
        "maxRobbingDistance": 5.0,
        "spawnChance": 1.0,
        "canBeRobbed": 0,
        "spawnRobbedMoneyAtATM": 1,
        "robbingConfig": [],
        "minutesLockedAfterRobbing": 10,
        "minutesNotRobbableAfterRobbing": 60,
        "minutesRobberNeedsToWaitBeforeRobbingAgain": 1440,
        "lastLockedTimestamp": 0,
        "lastRobTime": 0,
        "useDepositedCashToCalculateRobbedMoney": 1,
        "cashDeposited": 2217345,
        "depositedCashIncreasePerMin": 20,
        "robbedDepositedCashPercent": 0.10000000149011612,
        "maxMoneyRobbedFromDepositedMoney": 20000,
        "staticMinRobbedCash": 10000,
        "staticMaxRobbedCash": 20000,
        "robbingRewardPreset": "",
        "needCreditCard": 0,
        "lastRobbers": [],
        "spawned": 1
    },
    {
        "version": 4,
        "classname": "LB_ATM_3_Black",
        "position": [
            12121.5478515625,
            12.367203712463379,
            9765.400390625
        ],
        "orientation": [
            102.78858947753906,
            0.0,
            0.0
        ],
        "robPosition": "",
        "canDepositMoney": 1,
        "canWithdrawMoney": 1,
        "maxRobbingDistance": 5.0,
        "spawnChance": 1.0,
        "canBeRobbed": 0,
        "spawnRobbedMoneyAtATM": 1,
        "robbingConfig": [],
        "minutesLockedAfterRobbing": 10,
        "minutesNotRobbableAfterRobbing": 60,
        "minutesRobberNeedsToWaitBeforeRobbingAgain": 1440,
        "lastLockedTimestamp": 0,
        "lastRobTime": 0,
        "useDepositedCashToCalculateRobbedMoney": 1,
        "cashDeposited": 2075323,
        "depositedCashIncreasePerMin": 20,
        "robbedDepositedCashPercent": 0.10000000149011612,
        "maxMoneyRobbedFromDepositedMoney": 20000,
        "staticMinRobbedCash": 10000,
        "staticMaxRobbedCash": 20000,
        "robbingRewardPreset": "",
        "needCreditCard": 0,
        "lastRobbers": [],
        "spawned": 1
    },
    {
        "version": 4,
        "classname": "LB_ATM_3_Black",
        "position": [
            12020.15625,
            54.189517974853519,
            9160.6767578125
        ],
        "orientation": [
            315.38629150390627,
            0.0,
            0.0
        ],
        "robPosition": "",
        "canDepositMoney": 1,
        "canWithdrawMoney": 1,
        "maxRobbingDistance": 5.0,
        "spawnChance": 1.0,
        "canBeRobbed": 0,
        "spawnRobbedMoneyAtATM": 1,
        "robbingConfig": [],
        "minutesLockedAfterRobbing": 10,
        "minutesNotRobbableAfterRobbing": 60,
        "minutesRobberNeedsToWaitBeforeRobbingAgain": 1440,
        "lastLockedTimestamp": 0,
        "lastRobTime": 0,
        "useDepositedCashToCalculateRobbedMoney": 1,
        "cashDeposited": 2098647,
        "depositedCashIncreasePerMin": 20,
        "robbedDepositedCashPercent": 0.10000000149011612,
        "maxMoneyRobbedFromDepositedMoney": 20000,
        "staticMinRobbedCash": 10000,
        "staticMaxRobbedCash": 20000,
        "robbingRewardPreset": "",
        "needCreditCard": 0,
        "lastRobbers": [],
        "spawned": 1
    },
    {
        "version": 4,
        "classname": "LB_ATM_3_Black",
        "position": [
            11449.271484375,
            329.8946533203125,
            11370.662109375
        ],
        "orientation": [
            127.64575958251953,
            0.0,
            0.0
        ],
        "robPosition": "",
        "canDepositMoney": 1,
        "canWithdrawMoney": 1,
        "maxRobbingDistance": 5.0,
        "spawnChance": 1.0,
        "canBeRobbed": 0,
        "spawnRobbedMoneyAtATM": 1,
        "robbingConfig": [],
        "minutesLockedAfterRobbing": 10,
        "minutesNotRobbableAfterRobbing": 60,
        "minutesRobberNeedsToWaitBeforeRobbingAgain": 1440,
        "lastLockedTimestamp": 0,
        "lastRobTime": 0,
        "useDepositedCashToCalculateRobbedMoney": 1,
        "cashDeposited": 1603971,
        "depositedCashIncreasePerMin": 20,
        "robbedDepositedCashPercent": 0.10000000149011612,
        "maxMoneyRobbedFromDepositedMoney": 20000,
        "staticMinRobbedCash": 10000,
        "staticMaxRobbedCash": 20000,
        "robbingRewardPreset": "",
        "needCreditCard": 0,
        "lastRobbers": [],
        "spawned": 1
    },
    {
        "version": 4,
        "classname": "LB_ATM_3_Black",
        "position": [
            9547.5126953125,
            84.32461547851563,
            13662.8798828125
        ],
        "orientation": [
            155.61407470703126,
            0.0,
            0.0
        ],
        "robPosition": "",
        "canDepositMoney": 1,
        "canWithdrawMoney": 1,
        "maxRobbingDistance": 5.0,
        "spawnChance": 1.0,
        "canBeRobbed": 0,
        "spawnRobbedMoneyAtATM": 1,
        "robbingConfig": [],
        "minutesLockedAfterRobbing": 10,
        "minutesNotRobbableAfterRobbing": 60,
        "minutesRobberNeedsToWaitBeforeRobbingAgain": 1440,
        "lastLockedTimestamp": 0,
        "lastRobTime": 0,
        "useDepositedCashToCalculateRobbedMoney": 1,
        "cashDeposited": 2094094,
        "depositedCashIncreasePerMin": 20,
        "robbedDepositedCashPercent": 0.10000000149011612,
        "maxMoneyRobbedFromDepositedMoney": 20000,
        "staticMinRobbedCash": 10000,
        "staticMaxRobbedCash": 20000,
        "robbingRewardPreset": "",
        "needCreditCard": 0,
        "lastRobbers": [],
        "spawned": 1
    },
    {
        "version": 4,
        "classname": "LB_ATM_3_Black",
        "position": [
            2669.216796875,
            205.70086669921876,
            5284.6455078125
        ],
        "orientation": [
            282.387939453125,
            0.0,
            0.0
        ],
        "robPosition": "",
        "canDepositMoney": 1,
        "canWithdrawMoney": 1,
        "maxRobbingDistance": 5.0,
        "spawnChance": 1.0,
        "canBeRobbed": 0,
        "spawnRobbedMoneyAtATM": 1,
        "robbingConfig": [],
        "minutesLockedAfterRobbing": 10,
        "minutesNotRobbableAfterRobbing": 60,
        "minutesRobberNeedsToWaitBeforeRobbingAgain": 1440,
        "lastLockedTimestamp": 0,
        "lastRobTime": 0,
        "useDepositedCashToCalculateRobbedMoney": 1,
        "cashDeposited": 3574213,
        "depositedCashIncreasePerMin": 20,
        "robbedDepositedCashPercent": 0.10000000149011612,
        "maxMoneyRobbedFromDepositedMoney": 20000,
        "staticMinRobbedCash": 10000,
        "staticMaxRobbedCash": 20000,
        "robbingRewardPreset": "",
        "needCreditCard": 0,
        "lastRobbers": [],
        "spawned": 1
    },
    {
        "version": 4,
        "classname": "LB_ATM_3_Black",
        "position": [
            6378.935546875,
            15.723872184753418,
            2861.093505859375
        ],
        "orientation": [
            1.1774826049804688,
            0.0,
            0.0
        ],
        "robPosition": "",
        "canDepositMoney": 1,
        "canWithdrawMoney": 1,
        "maxRobbingDistance": 5.0,
        "spawnChance": 1.0,
        "canBeRobbed": 0,
        "spawnRobbedMoneyAtATM": 1,
        "robbingConfig": [],
        "minutesLockedAfterRobbing": 10,
        "minutesNotRobbableAfterRobbing": 60,
        "minutesRobberNeedsToWaitBeforeRobbingAgain": 1440,
        "lastLockedTimestamp": 0,
        "lastRobTime": 0,
        "useDepositedCashToCalculateRobbedMoney": 1,
        "cashDeposited": 2017612,
        "depositedCashIncreasePerMin": 20,
        "robbedDepositedCashPercent": 0.10000000149011612,
        "maxMoneyRobbedFromDepositedMoney": 20000,
        "staticMinRobbedCash": 10000,
        "staticMaxRobbedCash": 20000,
        "robbingRewardPreset": "",
        "needCreditCard": 0,
        "lastRobbers": [],
        "spawned": 1
    },
    {
        "version": 4,
        "classname": "LB_ATM_3_Black",
        "position": [
            12981.2138671875,
            6.092815399169922,
            10080.9560546875
        ],
        "orientation": [
            282.20501708984377,
            0.0,
            0.0
        ],
        "robPosition": "",
        "canDepositMoney": 1,
        "canWithdrawMoney": 1,
        "maxRobbingDistance": 5.0,
        "spawnChance": 1.0,
        "canBeRobbed": 0,
        "spawnRobbedMoneyAtATM": 1,
        "robbingConfig": [],
        "minutesLockedAfterRobbing": 10,
        "minutesNotRobbableAfterRobbing": 60,
        "minutesRobberNeedsToWaitBeforeRobbingAgain": 1440,
        "lastLockedTimestamp": 0,
        "lastRobTime": 0,
        "useDepositedCashToCalculateRobbedMoney": 1,
        "cashDeposited": 2058800,
        "depositedCashIncreasePerMin": 20,
        "robbedDepositedCashPercent": 0.10000000149011612,
        "maxMoneyRobbedFromDepositedMoney": 20000,
        "staticMinRobbedCash": 10000,
        "staticMaxRobbedCash": 20000,
        "robbingRewardPreset": "",
        "needCreditCard": 0,
        "lastRobbers": [],
        "spawned": 1
    },
    {
        "version": 4,
        "classname": "LB_ATM_3_Black",
        "position": [
            10122.873046875,
            229.5744171142578,
            5199.095703125
        ],
        "orientation": [
            236.37554931640626,
            0.0,
            0.0
        ],
        "robPosition": "",
        "canDepositMoney": 1,
        "canWithdrawMoney": 1,
        "maxRobbingDistance": 5.0,
        "spawnChance": 1.0,
        "canBeRobbed": 0,
        "spawnRobbedMoneyAtATM": 1,
        "robbingConfig": [],
        "minutesLockedAfterRobbing": 10,
        "minutesNotRobbableAfterRobbing": 60,
        "minutesRobberNeedsToWaitBeforeRobbingAgain": 1440,
        "lastLockedTimestamp": 0,
        "lastRobTime": 0,
        "useDepositedCashToCalculateRobbedMoney": 1,
        "cashDeposited": 2277935,
        "depositedCashIncreasePerMin": 20,
        "robbedDepositedCashPercent": 0.10000000149011612,
        "maxMoneyRobbedFromDepositedMoney": 20000,
        "staticMinRobbedCash": 10000,
        "staticMaxRobbedCash": 20000,
        "robbingRewardPreset": "",
        "needCreditCard": 0,
        "lastRobbers": [],
        "spawned": 1
    },
    {
        "version": 4,
        "classname": "LB_ATM_3_Black",
        "position": [
            1755.445068359375,
            1.7960073947906495,
            2032.1981201171876
        ],
        "orientation": [
            259.89605712890627,
            0.0,
            0.0
        ],
        "robPosition": "",
        "canDepositMoney": 1,
        "canWithdrawMoney": 1,
        "maxRobbingDistance": 5.0,
        "spawnChance": 1.0,
        "canBeRobbed": 0,
        "spawnRobbedMoneyAtATM": 1,
        "robbingConfig": [],
        "minutesLockedAfterRobbing": 10,
        "minutesNotRobbableAfterRobbing": 60,
        "minutesRobberNeedsToWaitBeforeRobbingAgain": 1440,
        "lastLockedTimestamp": 0,
        "lastRobTime": 0,
        "useDepositedCashToCalculateRobbedMoney": 1,
        "cashDeposited": 1626434,
        "depositedCashIncreasePerMin": 20,
        "robbedDepositedCashPercent": 0.10000000149011612,
        "maxMoneyRobbedFromDepositedMoney": 20000,
        "staticMinRobbedCash": 10000,
        "staticMaxRobbedCash": 20000,
        "robbingRewardPreset": "",
        "needCreditCard": 0,
        "lastRobbers": [],
        "spawned": 1
    },
    {
        "version": 4,
        "classname": "LB_ATM_3_Black",
        "position": [
            5860.9140625,
            9.187887191772461,
            2209.15673828125
        ],
        "orientation": [
            -14.072540283203125,
            0.0,
            0.0
        ],
        "robPosition": "",
        "canDepositMoney": 1,
        "canWithdrawMoney": 1,
        "maxRobbingDistance": 5.0,
        "spawnChance": 1.0,
        "canBeRobbed": 0,
        "spawnRobbedMoneyAtATM": 1,
        "robbingConfig": [],
        "minutesLockedAfterRobbing": 10,
        "minutesNotRobbableAfterRobbing": 60,
        "minutesRobberNeedsToWaitBeforeRobbingAgain": 1440,
        "lastLockedTimestamp": 0,
        "lastRobTime": 0,
        "useDepositedCashToCalculateRobbedMoney": 1,
        "cashDeposited": 2520795,
        "depositedCashIncreasePerMin": 20,
        "robbedDepositedCashPercent": 0.10000000149011612,
        "maxMoneyRobbedFromDepositedMoney": 20000,
        "staticMinRobbedCash": 10000,
        "staticMaxRobbedCash": 20000,
        "robbingRewardPreset": "",
        "needCreditCard": 0,
        "lastRobbers": [],
        "spawned": 1
    },
    {
        "version": 4,
        "classname": "LB_ATM_4_Black",
        "position": [
            5669.7431640625,
            63.39594650268555,
            2442.0361328125
        ],
        "orientation": [
            92.09617614746094,
            0.0,
            0.0
        ],
        "robPosition": "",
        "canDepositMoney": 1,
        "canWithdrawMoney": 1,
        "maxRobbingDistance": 5.0,
        "spawnChance": 1.0,
        "canBeRobbed": 0,
        "spawnRobbedMoneyAtATM": 1,
        "robbingConfig": [],
        "minutesLockedAfterRobbing": 10,
        "minutesNotRobbableAfterRobbing": 60,
        "minutesRobberNeedsToWaitBeforeRobbingAgain": 1440,
        "lastLockedTimestamp": 0,
        "lastRobTime": 0,
        "useDepositedCashToCalculateRobbedMoney": 1,
        "cashDeposited": 1881775,
        "depositedCashIncreasePerMin": 20,
        "robbedDepositedCashPercent": 0.10000000149011612,
        "maxMoneyRobbedFromDepositedMoney": 20000,
        "staticMinRobbedCash": 10000,
        "staticMaxRobbedCash": 20000,
        "robbingRewardPreset": "",
        "needCreditCard": 0,
        "lastRobbers": [],
        "spawned": 1
    },
    {
        "version": 4,
        "classname": "LB_ATM_4_Black",
        "position": [
            6874.189453125,
            7.39031457901001,
            3091.28076171875
        ],
        "orientation": [
            -40.324058532714847,
            0.0,
            0.0
        ],
        "robPosition": "",
        "canDepositMoney": 1,
        "canWithdrawMoney": 1,
        "maxRobbingDistance": 5.0,
        "spawnChance": 1.0,
        "canBeRobbed": 0,
        "spawnRobbedMoneyAtATM": 1,
        "robbingConfig": [],
        "minutesLockedAfterRobbing": 10,
        "minutesNotRobbableAfterRobbing": 60,
        "minutesRobberNeedsToWaitBeforeRobbingAgain": 1440,
        "lastLockedTimestamp": 0,
        "lastRobTime": 0,
        "useDepositedCashToCalculateRobbedMoney": 1,
        "cashDeposited": 1980691,
        "depositedCashIncreasePerMin": 20,
        "robbedDepositedCashPercent": 0.10000000149011612,
        "maxMoneyRobbedFromDepositedMoney": 20000,
        "staticMinRobbedCash": 10000,
        "staticMaxRobbedCash": 20000,
        "robbingRewardPreset": "",
        "needCreditCard": 0,
        "lastRobbers": [],
        "spawned": 1
    },
    {
        "version": 4,
        "classname": "LB_ATM_4_Black",
        "position": [
            9516.6572265625,
            5.541261672973633,
            2006.062744140625
        ],
        "orientation": [
            98.58555603027344,
            0.0,
            0.0
        ],
        "robPosition": "",
        "canDepositMoney": 1,
        "canWithdrawMoney": 1,
        "maxRobbingDistance": 5.0,
        "spawnChance": 1.0,
        "canBeRobbed": 0,
        "spawnRobbedMoneyAtATM": 1,
        "robbingConfig": [],
        "minutesLockedAfterRobbing": 10,
        "minutesNotRobbableAfterRobbing": 60,
        "minutesRobberNeedsToWaitBeforeRobbingAgain": 1440,
        "lastLockedTimestamp": 0,
        "lastRobTime": 0,
        "useDepositedCashToCalculateRobbedMoney": 1,
        "cashDeposited": 2162331,
        "depositedCashIncreasePerMin": 20,
        "robbedDepositedCashPercent": 0.10000000149011612,
        "maxMoneyRobbedFromDepositedMoney": 20000,
        "staticMinRobbedCash": 10000,
        "staticMaxRobbedCash": 20000,
        "robbingRewardPreset": "",
        "needCreditCard": 0,
        "lastRobbers": [],
        "spawned": 1
    },
    {
        "version": 4,
        "classname": "LB_ATM_4_Black",
        "position": [
            13372.439453125,
            4.445713996887207,
            6611.123046875
        ],
        "orientation": [
            254.83154296875,
            0.0,
            0.0
        ],
        "robPosition": "",
        "canDepositMoney": 1,
        "canWithdrawMoney": 1,
        "maxRobbingDistance": 5.0,
        "spawnChance": 1.0,
        "canBeRobbed": 0,
        "spawnRobbedMoneyAtATM": 1,
        "robbingConfig": [],
        "minutesLockedAfterRobbing": 10,
        "minutesNotRobbableAfterRobbing": 60,
        "minutesRobberNeedsToWaitBeforeRobbingAgain": 1440,
        "lastLockedTimestamp": 0,
        "lastRobTime": 0,
        "useDepositedCashToCalculateRobbedMoney": 1,
        "cashDeposited": 2090466,
        "depositedCashIncreasePerMin": 20,
        "robbedDepositedCashPercent": 0.10000000149011612,
        "maxMoneyRobbedFromDepositedMoney": 20000,
        "staticMinRobbedCash": 10000,
        "staticMaxRobbedCash": 20000,
        "robbingRewardPreset": "",
        "needCreditCard": 0,
        "lastRobbers": [],
        "spawned": 1
    },
    {
        "version": 4,
        "classname": "LB_ATM_4_Black",
        "position": [
            13571.2568359375,
            34.2364387512207,
            13304.3935546875
        ],
        "orientation": [
            130.301025390625,
            0.0,
            0.0
        ],
        "robPosition": "",
        "canDepositMoney": 1,
        "canWithdrawMoney": 1,
        "maxRobbingDistance": 5.0,
        "spawnChance": 1.0,
        "canBeRobbed": 0,
        "spawnRobbedMoneyAtATM": 1,
        "robbingConfig": [],
        "minutesLockedAfterRobbing": 10,
        "minutesNotRobbableAfterRobbing": 60,
        "minutesRobberNeedsToWaitBeforeRobbingAgain": 1440,
        "lastLockedTimestamp": 0,
        "lastRobTime": 0,
        "useDepositedCashToCalculateRobbedMoney": 1,
        "cashDeposited": 1876660,
        "depositedCashIncreasePerMin": 20,
        "robbedDepositedCashPercent": 0.10000000149011612,
        "maxMoneyRobbedFromDepositedMoney": 20000,
        "staticMinRobbedCash": 10000,
        "staticMaxRobbedCash": 20000,
        "robbingRewardPreset": "",
        "needCreditCard": 0,
        "lastRobbers": [],
        "spawned": 1
    },
    {
        "version": 4,
        "classname": "LB_ATM_3_Black",
        "position": [
            11840.986328125,
            33.54668045043945,
            14355.4130859375
        ],
        "orientation": [
            355.6335754394531,
            0.0,
            0.0
        ],
        "robPosition": "",
        "canDepositMoney": 1,
        "canWithdrawMoney": 1,
        "maxRobbingDistance": 5.0,
        "spawnChance": 1.0,
        "canBeRobbed": 0,
        "spawnRobbedMoneyAtATM": 1,
        "robbingConfig": [],
        "minutesLockedAfterRobbing": 10,
        "minutesNotRobbableAfterRobbing": 60,
        "minutesRobberNeedsToWaitBeforeRobbingAgain": 1440,
        "lastLockedTimestamp": 0,
        "lastRobTime": 0,
        "useDepositedCashToCalculateRobbedMoney": 1,
        "cashDeposited": 5219639,
        "depositedCashIncreasePerMin": 20,
        "robbedDepositedCashPercent": 0.10000000149011612,
        "maxMoneyRobbedFromDepositedMoney": 20000,
        "staticMinRobbedCash": 10000,
        "staticMaxRobbedCash": 20000,
        "robbingRewardPreset": "",
        "needCreditCard": 0,
        "lastRobbers": [],
        "spawned": 1
    },
    {
        "version": 4,
        "classname": "LB_ATM_3_Black",
        "position": [
            11129.431640625,
            199.24053955078126,
            12289.4580078125
        ],
        "orientation": [
            302.02325439453127,
            0.0,
            0.0
        ],
        "robPosition": "",
        "canDepositMoney": 1,
        "canWithdrawMoney": 1,
        "maxRobbingDistance": 5.0,
        "spawnChance": 1.0,
        "canBeRobbed": 0,
        "spawnRobbedMoneyAtATM": 1,
        "robbingConfig": [],
        "minutesLockedAfterRobbing": 10,
        "minutesNotRobbableAfterRobbing": 60,
        "minutesRobberNeedsToWaitBeforeRobbingAgain": 1440,
        "lastLockedTimestamp": 0,
        "lastRobTime": 0,
        "useDepositedCashToCalculateRobbedMoney": 1,
        "cashDeposited": 1957171,
        "depositedCashIncreasePerMin": 20,
        "robbedDepositedCashPercent": 0.10000000149011612,
        "maxMoneyRobbedFromDepositedMoney": 20000,
        "staticMinRobbedCash": 10000,
        "staticMaxRobbedCash": 20000,
        "robbingRewardPreset": "",
        "needCreditCard": 0,
        "lastRobbers": [],
        "spawned": 1
    },
    {
        "version": 4,
        "classname": "LB_ATM_4_Black",
        "position": [
            7470.6689453125,
            121.01586151123047,
            12656.2294921875
        ],
        "orientation": [
            310.57293701171877,
            0.0,
            0.0
        ],
        "robPosition": "",
        "canDepositMoney": 1,
        "canWithdrawMoney": 1,
        "maxRobbingDistance": 5.0,
        "spawnChance": 1.0,
        "canBeRobbed": 0,
        "spawnRobbedMoneyAtATM": 1,
        "robbingConfig": [],
        "minutesLockedAfterRobbing": 10,
        "minutesNotRobbableAfterRobbing": 60,
        "minutesRobberNeedsToWaitBeforeRobbingAgain": 1440,
        "lastLockedTimestamp": 0,
        "lastRobTime": 0,
        "useDepositedCashToCalculateRobbedMoney": 1,
        "cashDeposited": 2248961,
        "depositedCashIncreasePerMin": 20,
        "robbedDepositedCashPercent": 0.10000000149011612,
        "maxMoneyRobbedFromDepositedMoney": 20000,
        "staticMinRobbedCash": 10000,
        "staticMaxRobbedCash": 20000,
        "robbingRewardPreset": "",
        "needCreditCard": 0,
        "lastRobbers": [],
        "spawned": 1
    },
    {
        "version": 4,
        "classname": "LB_ATM_4_Black",
        "position": [
            4346.52587890625,
            176.8064727783203,
            13085.2470703125
        ],
        "orientation": [
            42.97956085205078,
            0.0,
            0.0
        ],
        "robPosition": "",
        "canDepositMoney": 1,
        "canWithdrawMoney": 1,
        "maxRobbingDistance": 5.0,
        "spawnChance": 1.0,
        "canBeRobbed": 0,
        "spawnRobbedMoneyAtATM": 1,
        "robbingConfig": [],
        "minutesLockedAfterRobbing": 10,
        "minutesNotRobbableAfterRobbing": 60,
        "minutesRobberNeedsToWaitBeforeRobbingAgain": 1440,
        "lastLockedTimestamp": 0,
        "lastRobTime": 0,
        "useDepositedCashToCalculateRobbedMoney": 1,
        "cashDeposited": 3440604,
        "depositedCashIncreasePerMin": 20,
        "robbedDepositedCashPercent": 0.10000000149011612,
        "maxMoneyRobbedFromDepositedMoney": 20000,
        "staticMinRobbedCash": 10000,
        "staticMaxRobbedCash": 20000,
        "robbingRewardPreset": "",
        "needCreditCard": 0,
        "lastRobbers": [],
        "spawned": 1
    },
    {
        "version": 4,
        "classname": "LB_ATM_3_Black",
        "position": [
            3079.04052734375,
            209.18203735351563,
            12672.2919921875
        ],
        "orientation": [
            348.4224853515625,
            0.0,
            0.0
        ],
        "robPosition": "",
        "canDepositMoney": 1,
        "canWithdrawMoney": 1,
        "maxRobbingDistance": 5.0,
        "spawnChance": 1.0,
        "canBeRobbed": 0,
        "spawnRobbedMoneyAtATM": 1,
        "robbingConfig": [],
        "minutesLockedAfterRobbing": 10,
        "minutesNotRobbableAfterRobbing": 60,
        "minutesRobberNeedsToWaitBeforeRobbingAgain": 1440,
        "lastLockedTimestamp": 0,
        "lastRobTime": 0,
        "useDepositedCashToCalculateRobbedMoney": 1,
        "cashDeposited": 2219501,
        "depositedCashIncreasePerMin": 20,
        "robbedDepositedCashPercent": 0.10000000149011612,
        "maxMoneyRobbedFromDepositedMoney": 20000,
        "staticMinRobbedCash": 10000,
        "staticMaxRobbedCash": 20000,
        "robbingRewardPreset": "",
        "needCreditCard": 0,
        "lastRobbers": [],
        "spawned": 1
    },
    {
        "version": 4,
        "classname": "LB_ATM_4_Black",
        "position": [
            3028.810302734375,
            209.61634826660157,
            12659.6494140625
        ],
        "orientation": [
            91.21796417236328,
            0.0,
            0.0
        ],
        "robPosition": "",
        "canDepositMoney": 1,
        "canWithdrawMoney": 1,
        "maxRobbingDistance": 5.0,
        "spawnChance": 1.0,
        "canBeRobbed": 0,
        "spawnRobbedMoneyAtATM": 1,
        "robbingConfig": [],
        "minutesLockedAfterRobbing": 10,
        "minutesNotRobbableAfterRobbing": 60,
        "minutesRobberNeedsToWaitBeforeRobbingAgain": 1440,
        "lastLockedTimestamp": 0,
        "lastRobTime": 0,
        "useDepositedCashToCalculateRobbedMoney": 1,
        "cashDeposited": 1470126,
        "depositedCashIncreasePerMin": 20,
        "robbedDepositedCashPercent": 0.10000000149011612,
        "maxMoneyRobbedFromDepositedMoney": 20000,
        "staticMinRobbedCash": 10000,
        "staticMaxRobbedCash": 20000,
        "robbingRewardPreset": "",
        "needCreditCard": 0,
        "lastRobbers": [],
        "spawned": 1
    },
    {
        "version": 4,
        "classname": "LB_ATM_4_Black",
        "position": [
            303.5395202636719,
            295.1490783691406,
            9400.0078125
        ],
        "orientation": [
            298.58685302734377,
            0.0,
            0.0
        ],
        "robPosition": "",
        "canDepositMoney": 1,
        "canWithdrawMoney": 1,
        "maxRobbingDistance": 5.0,
        "spawnChance": 1.0,
        "canBeRobbed": 0,
        "spawnRobbedMoneyAtATM": 1,
        "robbingConfig": [],
        "minutesLockedAfterRobbing": 10,
        "minutesNotRobbableAfterRobbing": 60,
        "minutesRobberNeedsToWaitBeforeRobbingAgain": 1440,
        "lastLockedTimestamp": 0,
        "lastRobTime": 0,
        "useDepositedCashToCalculateRobbedMoney": 1,
        "cashDeposited": 2053000,
        "depositedCashIncreasePerMin": 20,
        "robbedDepositedCashPercent": 0.10000000149011612,
        "maxMoneyRobbedFromDepositedMoney": 20000,
        "staticMinRobbedCash": 10000,
        "staticMaxRobbedCash": 20000,
        "robbingRewardPreset": "",
        "needCreditCard": 0,
        "lastRobbers": [],
        "spawned": 1
    },
    {
        "version": 4,
        "classname": "LB_ATM_4_Black",
        "position": [
            3667.83642578125,
            311.4804382324219,
            8999.62109375
        ],
        "orientation": [
            40.47148513793945,
            0.0,
            0.0
        ],
        "robPosition": "",
        "canDepositMoney": 1,
        "canWithdrawMoney": 1,
        "maxRobbingDistance": 5.0,
        "spawnChance": 1.0,
        "canBeRobbed": 0,
        "spawnRobbedMoneyAtATM": 1,
        "robbingConfig": [],
        "minutesLockedAfterRobbing": 10,
        "minutesNotRobbableAfterRobbing": 60,
        "minutesRobberNeedsToWaitBeforeRobbingAgain": 1440,
        "lastLockedTimestamp": 0,
        "lastRobTime": 0,
        "useDepositedCashToCalculateRobbedMoney": 1,
        "cashDeposited": 2098833,
        "depositedCashIncreasePerMin": 20,
        "robbedDepositedCashPercent": 0.10000000149011612,
        "maxMoneyRobbedFromDepositedMoney": 20000,
        "staticMinRobbedCash": 10000,
        "staticMaxRobbedCash": 20000,
        "robbingRewardPreset": "",
        "needCreditCard": 0,
        "lastRobbers": [],
        "spawned": 1
    },
    {
        "version": 4,
        "classname": "LB_ATM_3_Black",
        "position": [
            3836.705078125,
            311.3682556152344,
            8877.3046875
        ],
        "orientation": [
            24.21544647216797,
            0.0,
            0.0
        ],
        "robPosition": "",
        "canDepositMoney": 1,
        "canWithdrawMoney": 1,
        "maxRobbingDistance": 5.0,
        "spawnChance": 1.0,
        "canBeRobbed": 0,
        "spawnRobbedMoneyAtATM": 1,
        "robbingConfig": [],
        "minutesLockedAfterRobbing": 10,
        "minutesNotRobbableAfterRobbing": 60,
        "minutesRobberNeedsToWaitBeforeRobbingAgain": 1440,
        "lastLockedTimestamp": 0,
        "lastRobTime": 0,
        "useDepositedCashToCalculateRobbedMoney": 1,
        "cashDeposited": 2764497,
        "depositedCashIncreasePerMin": 20,
        "robbedDepositedCashPercent": 0.10000000149011612,
        "maxMoneyRobbedFromDepositedMoney": 20000,
        "staticMinRobbedCash": 10000,
        "staticMaxRobbedCash": 20000,
        "robbingRewardPreset": "",
        "needCreditCard": 0,
        "lastRobbers": [],
        "spawned": 1
    },
    {
        "version": 4,
        "classname": "LB_ATM_3_Black",
        "position": [
            3052.85302734375,
            304.11041259765627,
            7976.92138671875
        ],
        "orientation": [
            214.5894775390625,
            0.0,
            0.0
        ],
        "robPosition": "",
        "canDepositMoney": 1,
        "canWithdrawMoney": 1,
        "maxRobbingDistance": 5.0,
        "spawnChance": 1.0,
        "canBeRobbed": 0,
        "spawnRobbedMoneyAtATM": 1,
        "robbingConfig": [],
        "minutesLockedAfterRobbing": 10,
        "minutesNotRobbableAfterRobbing": 60,
        "minutesRobberNeedsToWaitBeforeRobbingAgain": 1440,
        "lastLockedTimestamp": 0,
        "lastRobTime": 0,
        "useDepositedCashToCalculateRobbedMoney": 1,
        "cashDeposited": 3680386,
        "depositedCashIncreasePerMin": 20,
        "robbedDepositedCashPercent": 0.10000000149011612,
        "maxMoneyRobbedFromDepositedMoney": 20000,
        "staticMinRobbedCash": 10000,
        "staticMaxRobbedCash": 20000,
        "robbingRewardPreset": "",
        "needCreditCard": 0,
        "lastRobbers": [],
        "spawned": 1
    },
    {
        "version": 4,
        "classname": "LB_ATM_4_Black",
        "position": [
            2997.271484375,
            342.4527282714844,
            7482.9931640625
        ],
        "orientation": [
            47.290260314941409,
            0.0,
            0.0
        ],
        "robPosition": "",
        "canDepositMoney": 1,
        "canWithdrawMoney": 1,
        "maxRobbingDistance": 5.0,
        "spawnChance": 1.0,
        "canBeRobbed": 0,
        "spawnRobbedMoneyAtATM": 1,
        "robbingConfig": [],
        "minutesLockedAfterRobbing": 10,
        "minutesNotRobbableAfterRobbing": 60,
        "minutesRobberNeedsToWaitBeforeRobbingAgain": 1440,
        "lastLockedTimestamp": 0,
        "lastRobTime": 0,
        "useDepositedCashToCalculateRobbedMoney": 1,
        "cashDeposited": 1900678,
        "depositedCashIncreasePerMin": 20,
        "robbedDepositedCashPercent": 0.10000000149011612,
        "maxMoneyRobbedFromDepositedMoney": 20000,
        "staticMinRobbedCash": 10000,
        "staticMaxRobbedCash": 20000,
        "robbingRewardPreset": "",
        "needCreditCard": 0,
        "lastRobbers": [],
        "spawned": 1
    },
    {
        "version": 4,
        "classname": "LB_ATM_4_Black",
        "position": [
            4729.6982421875,
            281.6931457519531,
            6388.33740234375
        ],
        "orientation": [
            339.4241943359375,
            0.0,
            0.0
        ],
        "robPosition": "",
        "canDepositMoney": 1,
        "canWithdrawMoney": 1,
        "maxRobbingDistance": 5.0,
        "spawnChance": 1.0,
        "canBeRobbed": 0,
        "spawnRobbedMoneyAtATM": 1,
        "robbingConfig": [],
        "minutesLockedAfterRobbing": 10,
        "minutesNotRobbableAfterRobbing": 60,
        "minutesRobberNeedsToWaitBeforeRobbingAgain": 1440,
        "lastLockedTimestamp": 0,
        "lastRobTime": 0,
        "useDepositedCashToCalculateRobbedMoney": 1,
        "cashDeposited": 1645180,
        "depositedCashIncreasePerMin": 20,
        "robbedDepositedCashPercent": 0.10000000149011612,
        "maxMoneyRobbedFromDepositedMoney": 20000,
        "staticMinRobbedCash": 10000,
        "staticMaxRobbedCash": 20000,
        "robbingRewardPreset": "",
        "needCreditCard": 0,
        "lastRobbers": [],
        "spawned": 1
    },
    {
        "version": 4,
        "classname": "LB_ATM_4_Black",
        "position": [
            2699.42919921875,
            210.97000122070313,
            5602.3076171875
        ],
        "orientation": [
            91.9194107055664,
            0.0,
            0.0
        ],
        "robPosition": "",
        "canDepositMoney": 1,
        "canWithdrawMoney": 1,
        "maxRobbingDistance": 5.0,
        "spawnChance": 1.0,
        "canBeRobbed": 0,
        "spawnRobbedMoneyAtATM": 1,
        "robbingConfig": [],
        "minutesLockedAfterRobbing": 10,
        "minutesNotRobbableAfterRobbing": 60,
        "minutesRobberNeedsToWaitBeforeRobbingAgain": 1440,
        "lastLockedTimestamp": 0,
        "lastRobTime": 0,
        "useDepositedCashToCalculateRobbedMoney": 1,
        "cashDeposited": 1687728,
        "depositedCashIncreasePerMin": 20,
        "robbedDepositedCashPercent": 0.10000000149011612,
        "maxMoneyRobbedFromDepositedMoney": 20000,
        "staticMinRobbedCash": 10000,
        "staticMaxRobbedCash": 20000,
        "robbingRewardPreset": "",
        "needCreditCard": 0,
        "lastRobbers": [],
        "spawned": 1
    },
    {
        "version": 4,
        "classname": "LB_ATM_3_Black",
        "position": [
            1140.8798828125,
            5.944510459899902,
            2427.09423828125
        ],
        "orientation": [
            67.28620147705078,
            0.0,
            0.0
        ],
        "robPosition": "",
        "canDepositMoney": 1,
        "canWithdrawMoney": 1,
        "maxRobbingDistance": 5.0,
        "spawnChance": 1.0,
        "canBeRobbed": 0,
        "spawnRobbedMoneyAtATM": 1,
        "robbingConfig": [],
        "minutesLockedAfterRobbing": 10,
        "minutesNotRobbableAfterRobbing": 60,
        "minutesRobberNeedsToWaitBeforeRobbingAgain": 1440,
        "lastLockedTimestamp": 0,
        "lastRobTime": 0,
        "useDepositedCashToCalculateRobbedMoney": 1,
        "cashDeposited": 2359384,
        "depositedCashIncreasePerMin": 20,
        "robbedDepositedCashPercent": 0.10000000149011612,
        "maxMoneyRobbedFromDepositedMoney": 20000,
        "staticMinRobbedCash": 10000,
        "staticMaxRobbedCash": 20000,
        "robbingRewardPreset": "",
        "needCreditCard": 0,
        "lastRobbers": [],
        "spawned": 1
    },
    {
        "version": 4,
        "classname": "LB_ATM_3_Black",
        "position": [
            6053.32568359375,
            301.0582580566406,
            7844.08251953125
        ],
        "orientation": [
            142.4236297607422,
            0.0,
            0.0
        ],
        "robPosition": "",
        "canDepositMoney": 1,
        "canWithdrawMoney": 1,
        "maxRobbingDistance": 5.0,
        "spawnChance": 1.0,
        "canBeRobbed": 0,
        "spawnRobbedMoneyAtATM": 1,
        "robbingConfig": [],
        "minutesLockedAfterRobbing": 10,
        "minutesNotRobbableAfterRobbing": 60,
        "minutesRobberNeedsToWaitBeforeRobbingAgain": 1440,
        "lastLockedTimestamp": 0,
        "lastRobTime": 0,
        "useDepositedCashToCalculateRobbedMoney": 1,
        "cashDeposited": 4440854,
        "depositedCashIncreasePerMin": 20,
        "robbedDepositedCashPercent": 0.10000000149011612,
        "maxMoneyRobbedFromDepositedMoney": 20000,
        "staticMinRobbedCash": 10000,
        "staticMaxRobbedCash": 20000,
        "robbingRewardPreset": "",
        "needCreditCard": 0,
        "lastRobbers": [],
        "spawned": 1
    },
    {
        "version": 4,
        "classname": "LB_ATM_4_Black",
        "position": [
            5854.63427734375,
            277.5380859375,
            10117.197265625
        ],
        "orientation": [
            46.01298141479492,
            0.0,
            0.0
        ],
        "robPosition": "",
        "canDepositMoney": 1,
        "canWithdrawMoney": 1,
        "maxRobbingDistance": 5.0,
        "spawnChance": 1.0,
        "canBeRobbed": 0,
        "spawnRobbedMoneyAtATM": 1,
        "robbingConfig": [],
        "minutesLockedAfterRobbing": 10,
        "minutesNotRobbableAfterRobbing": 60,
        "minutesRobberNeedsToWaitBeforeRobbingAgain": 1440,
        "lastLockedTimestamp": 0,
        "lastRobTime": 0,
        "useDepositedCashToCalculateRobbedMoney": 1,
        "cashDeposited": 2017309,
        "depositedCashIncreasePerMin": 20,
        "robbedDepositedCashPercent": 0.10000000149011612,
        "maxMoneyRobbedFromDepositedMoney": 20000,
        "staticMinRobbedCash": 10000,
        "staticMaxRobbedCash": 20000,
        "robbingRewardPreset": "",
        "needCreditCard": 0,
        "lastRobbers": [],
        "spawned": 1
    },
    {
        "version": 4,
        "classname": "LB_ATM_4_Black",
        "position": [
            10441.50390625,
            223.2459259033203,
            8881.455078125
        ],
        "orientation": [
            330.5137634277344,
            0.0,
            0.0
        ],
        "robPosition": "",
        "canDepositMoney": 1,
        "canWithdrawMoney": 1,
        "maxRobbingDistance": 5.0,
        "spawnChance": 1.0,
        "canBeRobbed": 0,
        "spawnRobbedMoneyAtATM": 1,
        "robbingConfig": [],
        "minutesLockedAfterRobbing": 10,
        "minutesNotRobbableAfterRobbing": 60,
        "minutesRobberNeedsToWaitBeforeRobbingAgain": 1440,
        "lastLockedTimestamp": 0,
        "lastRobTime": 0,
        "useDepositedCashToCalculateRobbedMoney": 1,
        "cashDeposited": 1915789,
        "depositedCashIncreasePerMin": 20,
        "robbedDepositedCashPercent": 0.10000000149011612,
        "maxMoneyRobbedFromDepositedMoney": 20000,
        "staticMinRobbedCash": 10000,
        "staticMaxRobbedCash": 20000,
        "robbingRewardPreset": "",
        "needCreditCard": 0,
        "lastRobbers": [],
        "spawned": 1
    },
    {
        "version": 4,
        "classname": "LB_ATM_3_Black",
        "position": [
            10685.48828125,
            211.19415283203126,
            8017.5126953125
        ],
        "orientation": [
            122.39566040039063,
            0.0,
            0.0
        ],
        "robPosition": "",
        "canDepositMoney": 1,
        "canWithdrawMoney": 1,
        "maxRobbingDistance": 5.0,
        "spawnChance": 1.0,
        "canBeRobbed": 0,
        "spawnRobbedMoneyAtATM": 1,
        "robbingConfig": [],
        "minutesLockedAfterRobbing": 10,
        "minutesNotRobbableAfterRobbing": 60,
        "minutesRobberNeedsToWaitBeforeRobbingAgain": 1440,
        "lastLockedTimestamp": 0,
        "lastRobTime": 0,
        "useDepositedCashToCalculateRobbedMoney": 1,
        "cashDeposited": 2118634,
        "depositedCashIncreasePerMin": 20,
        "robbedDepositedCashPercent": 0.10000000149011612,
        "maxMoneyRobbedFromDepositedMoney": 20000,
        "staticMinRobbedCash": 10000,
        "staticMaxRobbedCash": 20000,
        "robbingRewardPreset": "",
        "needCreditCard": 0,
        "lastRobbers": [],
        "spawned": 1
    },
    {
        "version": 4,
        "classname": "LB_ATM_4_Black",
        "position": [
            10749.640625,
            144.3974151611328,
            10785.2734375
        ],
        "orientation": [
            116.62090301513672,
            0.0,
            0.0
        ],
        "robPosition": "",
        "canDepositMoney": 1,
        "canWithdrawMoney": 1,
        "maxRobbingDistance": 5.0,
        "spawnChance": 1.0,
        "canBeRobbed": 0,
        "spawnRobbedMoneyAtATM": 1,
        "robbingConfig": [],
        "minutesLockedAfterRobbing": 10,
        "minutesNotRobbableAfterRobbing": 60,
        "minutesRobberNeedsToWaitBeforeRobbingAgain": 1440,
        "lastLockedTimestamp": 0,
        "lastRobTime": 0,
        "useDepositedCashToCalculateRobbedMoney": 1,
        "cashDeposited": 3121133,
        "depositedCashIncreasePerMin": 20,
        "robbedDepositedCashPercent": 0.10000000149011612,
        "maxMoneyRobbedFromDepositedMoney": 20000,
        "staticMinRobbedCash": 10000,
        "staticMaxRobbedCash": 20000,
        "robbingRewardPreset": "",
        "needCreditCard": 0,
        "lastRobbers": [],
        "spawned": 1
    },
    {
        "version": 4,
        "classname": "LB_ATM_4_Black",
        "position": [
            14357.5009765625,
            3.304765224456787,
            13233.6279296875
        ],
        "orientation": [
            30.928306579589845,
            0.0,
            0.0
        ],
        "robPosition": "",
        "canDepositMoney": 1,
        "canWithdrawMoney": 1,
        "maxRobbingDistance": 5.0,
        "spawnChance": 1.0,
        "canBeRobbed": 0,
        "spawnRobbedMoneyAtATM": 1,
        "robbingConfig": [],
        "minutesLockedAfterRobbing": 10,
        "minutesNotRobbableAfterRobbing": 60,
        "minutesRobberNeedsToWaitBeforeRobbingAgain": 1440,
        "lastLockedTimestamp": 0,
        "lastRobTime": 0,
        "useDepositedCashToCalculateRobbedMoney": 1,
        "cashDeposited": 2786758,
        "depositedCashIncreasePerMin": 20,
        "robbedDepositedCashPercent": 0.10000000149011612,
        "maxMoneyRobbedFromDepositedMoney": 20000,
        "staticMinRobbedCash": 10000,
        "staticMaxRobbedCash": 20000,
        "robbingRewardPreset": "",
        "needCreditCard": 0,
        "lastRobbers": [],
        "spawned": 1
    },
    {
        "version": 4,
        "classname": "LB_ATM_4_Black",
        "position": [
            2143.93310546875,
            105.1761703491211,
            3360.4765625
        ],
        "orientation": [
            277.6519775390625,
            0.0,
            0.0
        ],
        "robPosition": "",
        "canDepositMoney": 1,
        "canWithdrawMoney": 1,
        "maxRobbingDistance": 5.0,
        "spawnChance": 1.0,
        "canBeRobbed": 0,
        "spawnRobbedMoneyAtATM": 1,
        "robbingConfig": [],
        "minutesLockedAfterRobbing": 10,
        "minutesNotRobbableAfterRobbing": 60,
        "minutesRobberNeedsToWaitBeforeRobbingAgain": 1440,
        "lastLockedTimestamp": 0,
        "lastRobTime": 0,
        "useDepositedCashToCalculateRobbedMoney": 1,
        "cashDeposited": 11993172,
        "depositedCashIncreasePerMin": 20,
        "robbedDepositedCashPercent": 0.10000000149011612,
        "maxMoneyRobbedFromDepositedMoney": 20000,
        "staticMinRobbedCash": 10000,
        "staticMaxRobbedCash": 20000,
        "robbingRewardPreset": "",
        "needCreditCard": 0,
        "lastRobbers": [],
        "spawned": 1
    },
    {
        "version": 4,
        "classname": "LB_ATM_4_Black",
        "position": [
            9077.662109375,
            245.13372802734376,
            8047.923828125
        ],
        "orientation": [
            189.45960998535157,
            0.0,
            0.0
        ],
        "robPosition": "",
        "canDepositMoney": 1,
        "canWithdrawMoney": 1,
        "maxRobbingDistance": 5.0,
        "spawnChance": 1.0,
        "canBeRobbed": 0,
        "spawnRobbedMoneyAtATM": 1,
        "robbingConfig": [],
        "minutesLockedAfterRobbing": 10,
        "minutesNotRobbableAfterRobbing": 60,
        "minutesRobberNeedsToWaitBeforeRobbingAgain": 1440,
        "lastLockedTimestamp": 0,
        "lastRobTime": 0,
        "useDepositedCashToCalculateRobbedMoney": 1,
        "cashDeposited": 13081798,
        "depositedCashIncreasePerMin": 20,
        "robbedDepositedCashPercent": 0.10000000149011612,
        "maxMoneyRobbedFromDepositedMoney": 20000,
        "staticMinRobbedCash": 10000,
        "staticMaxRobbedCash": 20000,
        "robbingRewardPreset": "",
        "needCreditCard": 0,
        "lastRobbers": [],
        "spawned": 1
    },
    {
        "version": 4,
        "classname": "LB_ATM_4_Black",
        "position": [
            14383.4326171875,
            3.2720208168029787,
            13272.751953125
        ],
        "orientation": [
            32.13496780395508,
            0.0,
            0.0
        ],
        "robPosition": "",
        "canDepositMoney": 1,
        "canWithdrawMoney": 1,
        "maxRobbingDistance": 5.0,
        "spawnChance": 1.0,
        "canBeRobbed": 0,
        "spawnRobbedMoneyAtATM": 1,
        "robbingConfig": [],
        "minutesLockedAfterRobbing": 10,
        "minutesNotRobbableAfterRobbing": 60,
        "minutesRobberNeedsToWaitBeforeRobbingAgain": 1440,
        "lastLockedTimestamp": 0,
        "lastRobTime": 0,
        "useDepositedCashToCalculateRobbedMoney": 1,
        "cashDeposited": -98016,
        "depositedCashIncreasePerMin": 20,
        "robbedDepositedCashPercent": 0.10000000149011612,
        "maxMoneyRobbedFromDepositedMoney": 20000,
        "staticMinRobbedCash": 10000,
        "staticMaxRobbedCash": 20000,
        "robbingRewardPreset": "",
        "needCreditCard": 0,
        "lastRobbers": [],
        "spawned": 1
    },
    {
        "version": 4,
        "classname": "LB_ATM_Green",
        "position": [
            2527.465087890625,
            194.05462646484376,
            5043.60498046875
        ],
        "orientation": [
            329.26605224609377,
            0.0,
            0.0
        ],
        "robPosition": "Zelno Military",
        "canDepositMoney": 1,
        "canWithdrawMoney": 1,
        "maxRobbingDistance": 5.0,
        "spawnChance": 1.0,
        "canBeRobbed": 1,
        "spawnRobbedMoneyAtATM": 1,
        "robbingConfig": [
            {
                "requiredRobbingItem": "Crowbar",
                "robbingItemDamage": 50.0,
                "robbingTimeMinutes": 7
            }
        ],
        "minutesLockedAfterRobbing": 60,
        "minutesNotRobbableAfterRobbing": 60,
        "minutesRobberNeedsToWaitBeforeRobbingAgain": 1440,
        "lastLockedTimestamp": 1751122568,
        "lastRobTime": 1751122568,
        "useDepositedCashToCalculateRobbedMoney": 0,
        "cashDeposited": 1910356,
        "depositedCashIncreasePerMin": 20,
        "robbedDepositedCashPercent": 0.10000000149011612,
        "maxMoneyRobbedFromDepositedMoney": 20000,
        "staticMinRobbedCash": 10000,
        "staticMaxRobbedCash": 20000,
        "robbingRewardPreset": "",
        "needCreditCard": 0,
        "lastRobbers": [
            {
                "steamid": "76561198013327949",
                "name": "Harpik",
                "lastTime": 1751122568
            },
            {
                "steamid": "76561198150743697",
                "name": "Daras",
                "lastTime": 1751122568
            }
        ],
        "spawned": 1
    },
    {
        "version": 4,
        "classname": "LB_ATM_4_Black",
        "position": [
            1233.7794189453126,
            139.14968872070313,
            6237.9111328125
        ],
        "orientation": [
            175.57955932617188,
            0.0,
            0.0
        ],
        "robPosition": "",
        "canDepositMoney": 1,
        "canWithdrawMoney": 1,
        "maxRobbingDistance": 5.0,
        "spawnChance": 1.0,
        "canBeRobbed": 0,
        "spawnRobbedMoneyAtATM": 1,
        "robbingConfig": [],
        "minutesLockedAfterRobbing": 10,
        "minutesNotRobbableAfterRobbing": 60,
        "minutesRobberNeedsToWaitBeforeRobbingAgain": 1440,
        "lastLockedTimestamp": 0,
        "lastRobTime": 0,
        "useDepositedCashToCalculateRobbedMoney": 1,
        "cashDeposited": 26065142,
        "depositedCashIncreasePerMin": 20,
        "robbedDepositedCashPercent": 0.10000000149011612,
        "maxMoneyRobbedFromDepositedMoney": 20000,
        "staticMinRobbedCash": 10000,
        "staticMaxRobbedCash": 20000,
        "robbingRewardPreset": "",
        "needCreditCard": 0,
        "lastRobbers": [],
        "spawned": 1
    },
    {
        "version": 4,
        "classname": "LB_ATM_Green",
        "position": [
            12076.2939453125,
            140.0,
            12551.58203125
        ],
        "orientation": [
            15.808143615722657,
            0.0,
            0.0
        ],
        "robPosition": "",
        "canDepositMoney": 1,
        "canWithdrawMoney": 1,
        "maxRobbingDistance": 5.0,
        "spawnChance": 1.0,
        "canBeRobbed": 1,
        "spawnRobbedMoneyAtATM": 1,
        "robbingConfig": [
            {
                "requiredRobbingItem": "crowbar",
                "robbingItemDamage": 50.0,
                "robbingTimeMinutes": 15
            },
            {
                "requiredRobbingItem": "crowbar",
                "robbingItemDamage": 50.0,
                "robbingTimeMinutes": 15
            },
            {
                "requiredRobbingItem": "Crowbar",
                "robbingItemDamage": 50.0,
                "robbingTimeMinutes": 15
            }
        ],
        "minutesLockedAfterRobbing": 10,
        "minutesNotRobbableAfterRobbing": 60,
        "minutesRobberNeedsToWaitBeforeRobbingAgain": 1440,
        "lastLockedTimestamp": 1751042271,
        "lastRobTime": 1751042271,
        "useDepositedCashToCalculateRobbedMoney": 0,
        "cashDeposited": 568884,
        "depositedCashIncreasePerMin": 20,
        "robbedDepositedCashPercent": 0.10000000149011612,
        "maxMoneyRobbedFromDepositedMoney": 20000,
        "staticMinRobbedCash": 30000,
        "staticMaxRobbedCash": 60000,
        "robbingRewardPreset": "",
        "needCreditCard": 0,
        "lastRobbers": [
            {
                "steamid": "76561198013327949",
                "name": "Harpik",
                "lastTime": 1751042271
            },
            {
                "steamid": "76561198150743697",
                "name": "Daras",
                "lastTime": 1751042271
            }
        ],
        "spawned": 1
    },
    {
        "version": 4,
        "classname": "LB_ATM_Green",
        "position": [
            1663.7138671875,
            451.7300109863281,
            14158.7763671875
        ],
        "orientation": [
            250.50552368164063,
            0.0,
            0.0
        ],
        "robPosition": "",
        "canDepositMoney": 1,
        "canWithdrawMoney": 1,
        "maxRobbingDistance": 5.0,
        "spawnChance": 1.0,
        "canBeRobbed": 1,
        "spawnRobbedMoneyAtATM": 1,
        "robbingConfig": [
            {
                "requiredRobbingItem": "Crowbar",
                "robbingItemDamage": 50.0,
                "robbingTimeMinutes": 10
            }
        ],
        "minutesLockedAfterRobbing": 10,
        "minutesNotRobbableAfterRobbing": 60,
        "minutesRobberNeedsToWaitBeforeRobbingAgain": 1440,
        "lastLockedTimestamp": 1749745115,
        "lastRobTime": 1749745115,
        "useDepositedCashToCalculateRobbedMoney": 0,
        "cashDeposited": 840786,
        "depositedCashIncreasePerMin": 20,
        "robbedDepositedCashPercent": 0.10000000149011612,
        "maxMoneyRobbedFromDepositedMoney": 20000,
        "staticMinRobbedCash": 25000,
        "staticMaxRobbedCash": 50000,
        "robbingRewardPreset": "",
        "needCreditCard": 0,
        "lastRobbers": [],
        "spawned": 1
    },
    {
        "version": 4,
        "classname": "LB_ATM_Green",
        "position": [
            1216.012939453125,
            149.8904571533203,
            6282.126953125
        ],
        "orientation": [
            329.2177734375,
            0.0,
            0.0
        ],
        "robPosition": "Dam",
        "canDepositMoney": 1,
        "canWithdrawMoney": 1,
        "maxRobbingDistance": 5.0,
        "spawnChance": 1.0,
        "canBeRobbed": 1,
        "spawnRobbedMoneyAtATM": 1,
        "robbingConfig": [
            {
                "requiredRobbingItem": "Crowbar",
                "robbingItemDamage": 50.0,
                "robbingTimeMinutes": 10
            }
        ],
        "minutesLockedAfterRobbing": 10,
        "minutesNotRobbableAfterRobbing": 60,
        "minutesRobberNeedsToWaitBeforeRobbingAgain": 1440,
        "lastLockedTimestamp": 1750019145,
        "lastRobTime": 1750019145,
        "useDepositedCashToCalculateRobbedMoney": 0,
        "cashDeposited": 1112634,
        "depositedCashIncreasePerMin": 20,
        "robbedDepositedCashPercent": 0.10000000149011612,
        "maxMoneyRobbedFromDepositedMoney": 20000,
        "staticMinRobbedCash": 30000,
        "staticMaxRobbedCash": 60000,
        "robbingRewardPreset": "",
        "needCreditCard": 0,
        "lastRobbers": [
            {
                "steamid": "76561199013042927",
                "name": "Nicesmoke",
                "lastTime": 1750019145
            },
            {
                "steamid": "76561199789647600",
                "name": "R4MS3Y",
                "lastTime": 1750019145
            },
            {
                "steamid": "76561199672612754",
                "name": "BlastedSinders",
                "lastTime": 1750019145
            },
            {
                "steamid": "76561198182993843",
                "name": "Bal",
                "lastTime": 1750019145
            },
            {
                "steamid": "76561198849910364",
                "name": "Chief Quimby",
                "lastTime": 1750019145
            }
        ],
        "spawned": 1
    },
    {
        "version": 4,
        "classname": "LB_ATM_Green",
        "position": [
            3812.7412109375,
            311.010009765625,
            8853.072265625
        ],
        "orientation": [
            318.8212890625,
            0.0,
            0.0
        ],
        "robPosition": "",
        "canDepositMoney": 1,
        "canWithdrawMoney": 1,
        "maxRobbingDistance": 5.0,
        "spawnChance": 1.0,
        "canBeRobbed": 1,
        "spawnRobbedMoneyAtATM": 1,
        "robbingConfig": [
            {
                "requiredRobbingItem": "CROWBAR",
                "robbingItemDamage": 50.0,
                "robbingTimeMinutes": 15
            },
            {
                "requiredRobbingItem": "Crowbar",
                "robbingItemDamage": 50.0,
                "robbingTimeMinutes": 6
            }
        ],
        "minutesLockedAfterRobbing": 10,
        "minutesNotRobbableAfterRobbing": 60,
        "minutesRobberNeedsToWaitBeforeRobbingAgain": 1440,
        "lastLockedTimestamp": 1751069292,
        "lastRobTime": 1751069292,
        "useDepositedCashToCalculateRobbedMoney": 0,
        "cashDeposited": 78897,
        "depositedCashIncreasePerMin": 20,
        "robbedDepositedCashPercent": 0.10000000149011612,
        "maxMoneyRobbedFromDepositedMoney": 20000,
        "staticMinRobbedCash": 25000,
        "staticMaxRobbedCash": 60000,
        "robbingRewardPreset": "",
        "needCreditCard": 0,
        "lastRobbers": [
            {
                "steamid": "76561199013042927",
                "name": "Nicesmoke",
                "lastTime": 1751069292
            },
            {
                "steamid": "76561199789647600",
                "name": "R4MS3Y",
                "lastTime": 1751069292
            },
            {
                "steamid": "76561199672612754",
                "name": "BlastedSinders",
                "lastTime": 1751069292
            },
            {
                "steamid": "76561198182993843",
                "name": "Bal",
                "lastTime": 1751069292
            }
        ],
        "spawned": 1
    }
]