{
    "version": 1,
    "rootEntry": {
        "itemname": "SurvivorM_Niki",
        "location": 1,
        "slotId": -1,
        "row": -1,
        "column": -1,
        "idx": -1,
        "flipped": 0,
        "children": [
            {
                "itemname": "TShirt_OrangeWhiteStripes",
                "location": 2,
                "slotId": 5119774,
                "row": -1,
                "column": -1,
                "idx": -1,
                "flipped": 0,
                "children": [
                    {
                        "itemname": "BandageDressing",
                        "location": 3,
                        "slotId": -1,
                        "row": 0,
                        "column": 0,
                        "idx": 0,
                        "flipped": 0,
                        "children": []
                    },
                    {
                        "itemname": "Chemlight_Green",
                        "location": 3,
                        "slotId": -1,
                        "row": 0,
                        "column": 1,
                        "idx": 0,
                        "flipped": 0,
                        "children": []
                    },
                    {
                        "itemname": "Pear",
                        "location": 3,
                        "slotId": -1,
                        "row": 0,
                        "column": 2,
                        "idx": 0,
                        "flipped": 0,
                        "children": []
                    }
                ]
            },
            {
                "itemname": "CanvasPantsMidi_Violet",
                "location": 2,
                "slotId": 5612719,
                "row": -1,
                "column": -1,
                "idx": -1,
                "flipped": 0,
                "children": []
            },
            {
                "itemname": "AthleticShoes_Brown",
                "location": 2,
                "slotId": 5308728,
                "row": -1,
                "column": -1,
                "idx": -1,
                "flipped": 0,
                "children": []
            }
        ]
    }
}