{
  "ConfigVersion": 6,
  "ID": 1,
  "ClassName": "ExpansionQuestNPCAIDenis",
  "Position": [
    11496.1,
    342.974,
    11333.4
  ],
  "Orientation": [
    -120.419,
    0,
    -0
  ],
  "NPCName": "Peter",
  "DefaultNPCText": "Hmm?",
  "Waypoints": [
    [
    11496.1,
    342.974,
    11333.4
    ]
  ],
  "NPCEmoteID": 46,
  "NPCEmoteIsStatic": 0,
  "NPCLoadoutFile": "TTSKOLoadout",
  "NPCInteractionEmoteID": 1,
  "NPCQuestCancelEmoteID": 60,
  "NPCQuestStartEmoteID": 58,
  "NPCQuestCompleteEmoteID": 39,
  "NPCFaction": "InvincibleObservers",
  "NPCType": 2,
  "Active": 1
}