{
  "ConfigVersion": 6,
  "ID": 2,
  "ClassName": "ExpansionQuestNPCAIElias",
  "Position": [
    3192.199951171875,
    296.7070007324219,
    6093.31005859375
  ],
  "Orientation": [
    145,
    0,
    0
  ],
  "NPCName": "Steve",
  "DefaultNPCText": "What do you want? I am busy...",
  "Waypoints": [
    [
      3192.199951171875,
      296.7070007324219,
      6093.31005859375
    ]
  ],
  "NPCEmoteID": 14,
  "NPCEmoteIsStatic": 1,
  "NPCLoadoutFile": "TTSKOLoadout",
  "NPCInteractionEmoteID": 1,
  "NPCQuestCancelEmoteID": 60,
  "NPCQuestStartEmoteID": 58,
  "NPCQuestCompleteEmoteID": 39,
  "NPCFaction": "InvincibleObservers",
  "NPCType": 2,
  "Active": 1
}