{
  "ConfigVersion": 6,
  "ID": 3,
  "ClassName": "ExpansionQuestBoardLarge",
  "Position": [
    11498.9,
    342.735,
    11331.0
  ],
  "Orientation": [
    -56.6988,
    0,
    0
  ],
  "NPCName": "Quest Board",
  "DefaultNPCText": "There is nothing to do here for you...",
  "Waypoints": [],
  "NPCEmoteID": 46,
  "NPCEmoteIsStatic": 0,
  "NPCLoadoutFile": "",
  "NPCInteractionEmoteID": 1,
  "NPCQuestCancelEmoteID": 60,
  "NPCQuestStartEmoteID": 58,
  "NPCQuestCompleteEmoteID": 39,
  "NPCFaction": "InvincibleObservers",
  "NPCType": 1,
  "Active": 1
}