{
  "ConfigVersion": 6,
  "ID": 4,
  "ClassName": "ExpansionQuestNPCGuo",
  "Position": [
    9078.966797,
    245.101547,
    8052.293457
  ],
  "Orientation": [
    -126.000015,
    0,
    0
  ],
  "NPCName": "Big Jim",
  "DefaultNPCText": "Yeurp?",
  "Waypoints": [
    []
  ],
  "NPCEmoteID": 46,
  "NPCEmoteIsStatic": 0,
  "NPCLoadoutFile": "TTSKOLoadout",
  "NPCInteractionEmoteID": 1,
  "NPCQuestCancelEmoteID": 60,
  "NPCQuestStartEmoteID": 58,
  "NPCQuestCompleteEmoteID": 39,
  "NPCFaction": "InvincibleObservers",
  "NPCType": 0,
  "Active": 1
}