{
  "version": 1,
  "RepairStationRepairedHealth": 0,
  "WeaponCleanerRepairedHealth": 0,
  "SewingMachineRepairedHealth": 0,
  "AmmoCleanerRepairedHealth": 0,
  "TableSawMaxGainedWoodenPlanks": 10,
  "AlwaysShowProxies": 0,
  "EnableWeaponCleanerSound": 0,
  "EnableTrashcanSound": 0,
  "EnableCarliftNotifications": 1,
  "EnableCraftDecoPumpkin": 1,
  "EnableDamageCarliftNotebook": 1,
  "EnableClearTrashcanAfterRestart": 0,
  "CarliftNotebookDamageAmount": 10,
  "WorkbenchCrafting": {
    "EnableCraftFlamingo": 1,
    "EnableCraftFishingBox": 1,
    "EnableCraftBeachBall": 1,
    "EnableCraftVolleyBall": 1,
    "EnableCraftAmmoCleaner": 1,
    "EnableCraftMetalAmmoBox": 1,
    "EnableCraftMetalAmmoBoxBlack": 1,
    "EnableCraftMetalAmmoBoxGreen": 1,
    "EnableCraftFirewoodHolder": 1,
    "EnableCraftBarrelFurnace": 1,
    "EnableCraftWateringCan": 1,
    "EnableCraftTrashCan": 1,
    "EnableCraftWallPicture": 1,
    "EnableCraftGrenadeCrate": 1,
    "EnableCraftPistolAmmoCrate": 1,
    "EnableCraftSmallGunCrate": 1,
    "EnableCraftSmokeGrenadeCrate": 1,
    "EnableCraftLargeRifleCrate": 1,
    "EnableCraftLargeShotgunCrate": 1,
    "EnableCraftRifleAmmoCrate": 1,
    "EnableCraftShotgunAmmoCrate": 1,
    "EnableCraftWellsFargoCrate": 1,
    "EnableCraftLargeSlideCrate": 1,
    "EnableCraftMilitaryCrate": 1,
    "EnableCraftWaterBarrel": 1,
    "EnableCraftPlants": 1,
    "EnableCraftGrindStone": 1,
    "EnableCraftCarpet": 1,
    "EnableCraftDoorBell": 1,
    "EnableCraftCableReel": 1,
    "EnableCraftSpotLight": 1,
    "EnableCraftBatteryCharger": 1
  },
  "Christmas": {
    "EnableMineChristmasTree": 0,
    "EnableXmasTreeGifts": 0,
    "XmasTreeMinGiftsAmount": 4,
    "XmasTreeMaxGiftsAmount": 7,
    "XmasStockingsMinGiftsAmount": 4,
    "XmasStockingsMaxGiftsAmount": 8,
    "ChristmasDay": 24,
    "ChristmasMonth": 12,
    "XmasTreeGifts": [
      "Honey",
      "BakedBeansCan",
      "ZagorkyChocolate",
      "ZagorkyPeanuts",
      "TacticalBaconCan",
      "Marmalade"
    ],
    "XmasStockingsGifts": [
      "Honey",
      "BakedBeansCan",
      "ZagorkyChocolate",
      "ZagorkyPeanuts",
      "TacticalBaconCan",
      "Marmalade"
    ],
    "XmasCalendarsGifts": [
      "Honey",
      "BakedBeansCan",
      "ZagorkyChocolate",
      "ZagorkyPeanuts",
      "TacticalBaconCan",
      "Marmalade"
    ]
  }
}