{
  "m_DNAConfig_Weapons": [
    {
      "dna_Tier": "yellow",
      "dna_WeaponCategory": "main",
      "dna_TheChosenOne": "GCGN_M4A1",
      "dna_Magazine": "GCGN_HK416_Mag",
      "dna_Ammunition": "Ammo_556x45Tracer",
      "dna_OpticType": "SNAFU_Tango6T_Black",
      "dna_Suppressor": "SNAFU_Standardized_Suppressor_Black",
      "dna_UnderBarrel": "SNAFU_TACGripColtA2_BK",
      "dna_ButtStock": "",
      "dna_HandGuard": "",
      "dna_Wrap": ""
    },
    {
      "dna_Tier": "yellow",
      "dna_WeaponCategory": "side",
      "dna_TheChosenOne": "SNAFUMagnum500",
      "dna_Magazine": "",
      "dna_Ammunition": "SNAFU_Ammo_500_SW",
      "dna_OpticType": "",
      "dna_Suppressor": "",
      "dna_UnderBarrel": "",
      "dna_ButtStock": "",
      "dna_HandGuard": "",
      "dna_Wrap": ""
    },
    {
      "dna_Tier": "green",
      "dna_WeaponCategory": "main",
      "dna_TheChosenOne": "SNAFUKivaari_Black_GUN",
      "dna_Magazine": "SNAFUKivaari_25rdMag",
      "dna_Ammunition": "SNAFU_Ammo_338",
      "dna_OpticType": "SNAFU_Tango6T_Black",
      "dna_Suppressor": "SNAFUKivaari_338_Supp",
      "dna_UnderBarrel": "",
      "dna_ButtStock": "",
      "dna_HandGuard": "",
      "dna_Wrap": ""
    },
    {
      "dna_Tier": "green",
      "dna_WeaponCategory": "side",
      "dna_TheChosenOne": "SNAFUChiappaRhino",
      "dna_Magazine": "",
      "dna_Ammunition": "Ammo_357",
      "dna_OpticType": "",
      "dna_Suppressor": "",
      "dna_UnderBarrel": "",
      "dna_ButtStock": "",
      "dna_HandGuard": "",
      "dna_Wrap": ""
    },
    {
      "dna_Tier": "blue",
      "dna_WeaponCategory": "main",
      "dna_TheChosenOne": "GCGN_M200",
      "dna_Magazine": "GCGN_M200_Mag",
      "dna_Ammunition": "GCGN_Ammo_408Chey",
      "dna_OpticType": "SNAFU_HuntingOptic",
      "dna_UnderBarrel": "SNAFU_M200B_BK",
      "dna_HandGuard": "",
      "dna_Wrap": ""
    },
    {
      "dna_Tier": "blue",
      "dna_WeaponCategory": "side",
      "dna_TheChosenOne": "LongHorn",
      "dna_Magazine": "",
      "dna_Ammunition": "Ammo_308WinTracer",
      "dna_OpticType": "PistolOptic",
      "dna_Suppressor": "SNAFUGevar_Suppressor_Black",
      "dna_UnderBarrel": "",
      "dna_ButtStock": "",
      "dna_HandGuard": "",
      "dna_Wrap": ""
    },
    {
      "dna_Tier": "purple",
      "dna_WeaponCategory": "main",
      "dna_TheChosenOne": "SNAFU_M14",
      "dna_Magazine": "SNAFUM1A_20rdMag",
      "dna_Ammunition": "Ammo_308WinTracer",
      "dna_OpticType": "SNAFU_M14Optic",
      "dna_Suppressor": "",
      "dna_UnderBarrel": "",
      "dna_ButtStock": "",
      "dna_HandGuard": "",
      "dna_Wrap": ""
    },
    {
      "dna_Tier": "purple",
      "dna_WeaponCategory": "side",
      "dna_TheChosenOne": "",
      "dna_Magazine": "",
      "dna_Ammunition": "",
      "dna_OpticType": "",
      "dna_Suppressor": "",
      "dna_UnderBarrel": "",
      "dna_ButtStock": "",
      "dna_HandGuard": "",
      "dna_Wrap": ""
    },
    {
      "dna_Tier": "red",
      "dna_WeaponCategory": "main",
      "dna_TheChosenOne": "GCGN_M82_Barret",
      "dna_Magazine": "GCGN_M82_Mag",
      "dna_Ammunition": "GCGN_Ammo_50Cal",
      "dna_OpticType": "SNAFU_Tango6T_Black",
      "dna_Suppressor": "SNAFU_50bmg_Suppressor_B",
      "dna_UnderBarrel": "",
      "dna_ButtStock": "",
      "dna_HandGuard": "",
      "dna_Wrap": ""
    },
    {
      "dna_Tier": "red",
      "dna_WeaponCategory": "side",
      "dna_TheChosenOne": "",
      "dna_Magazine": "",
      "dna_Ammunition": "",
      "dna_OpticType": "",
      "dna_Suppressor": "",
      "dna_UnderBarrel": "",
      "dna_ButtStock": "",
      "dna_HandGuard": "",
      "dna_Wrap": ""
    }
  ]
}