{
  "Enabled": 1,
  "minPlayersToSpawnAircraft": 1,
  "maxActiveAircraft": 2,
  "startDelayTime": 60,
  "timeBetweenPlaneSpawns": 900,
  "allowNightFlights": 1,
  "staticPlaneSpawnPosition": "",
  "overflyRandomPlayer": 1,
  "minPlayersForOverfly": 1,
  "safeZonePositions": "9075.0400390625 30 8053.47021484375,11499.400390625 100 11346.5",
  "noOverflyOnTerritory": 1,
  "aircraftFlightSpeed": 5,
  "aircraftEngineNoiseSFX": 1,
  "maxAmountAI": 5,
  "minAmountAI": 2,
  "aiLoadout": "Tier4Loadout",
  "faction": "East",
  "typeOfAI": 0,
  "aiActivity": 2,
  "canBeLooted": 1,
  "unlimitedReload": 1,
  "maxMoveSpeed": 3,
  "minMoveSpeed": 2,
  "noiseInvestigationRange": 400,
  "maxAccuracy": 0.8999999761581421,
  "minAccuracy": 0.6000000238418579,
  "threatDetectionRange": 300,
  "aiDespawnDistance": 300,
  "warnMessageEnabled": 1,
  "warnMessageTitle": "WARNING - Incoming Aircraft",
  "warnMessageBody": "Take cover and hide! If they spot you paratroops will attack!",
  "warnMessageIcon": "Helicopter",
  "spottedMessageEnabled": 1,
  "spottedMessageTitle": "OH SHIT - You were spotted",
  "spottedMessageBody": "Paratroopers are heading to your location",
  "spottedMessageIcon": "Exclamationmark"
}