<?xml version="1.0" encoding="UTF-8" standalone="yes"?>
<types> 
    <type name="AYSA_greenFlareAmmo">
        <nominal>0</nominal>
        <lifetime>7200</lifetime>
        <restock>1800</restock>
        <min>0</min>
        <quantmin>-1</quantmin>
        <quantmax>-1</quantmax>
        <cost>100</cost>
        <flags count_in_cargo="0" count_in_hoarder="0" count_in_map="1" count_in_player="0" crafted="0" deloot="0"/>
        <category name="weapons"/>
        <usage name="Military"/>
        <value name="Tier3"/>		
        <value name="Tier4"/>				
    </type>
    <type name="AYSA_redFlareAmmo">
        <nominal>0</nominal>
        <lifetime>7200</lifetime>
        <restock>1800</restock>
        <min>0</min>
        <quantmin>-1</quantmin>
        <quantmax>-1</quantmax>
        <cost>100</cost>
        <flags count_in_cargo="0" count_in_hoarder="0" count_in_map="1" count_in_player="0" crafted="0" deloot="0"/>
        <category name="weapons"/>
        <usage name="Hunting"/>	
        <value name="Tier2"/>		
        <value name="Tier3"/>			
    </type>	
    <type name="AYSA_blueFlareAmmo">
        <nominal>0</nominal>
        <lifetime>7200</lifetime>
        <restock>1800</restock>
        <min>0</min>
        <quantmin>-1</quantmin>
        <quantmax>-1</quantmax>
        <cost>100</cost>
        <flags count_in_cargo="0" count_in_hoarder="0" count_in_map="1" count_in_player="0" crafted="0" deloot="0"/>
        <category name="weapons"/>
        <usage name="Military"/>	
        <value name="Tier3"/>				
    </type>		
</types>