<?xml version="1.0" encoding="UTF-8" standalone="yes"?>
<types>
	<type name="USB_Mo3boosie">
        <nominal>0</nominal>
        <lifetime>3600</lifetime>
        <restock>10800</restock>
        <min>1</min>
        <quantmin>-1</quantmin>
        <quantmax>-1</quantmax>
        <cost>100</cost>
        <flags count_in_cargo="1" count_in_hoarder="1" count_in_map="1" count_in_player="1" crafted="0" deloot="0"/>
        <category name="tools"/>
        <tag name="shelves"/>
        <usage name="Coast"/>
        <usage name="Town"/>
        <usage name="Village"/>
        <usage name="School"/>
        <usage name="Prison"/>
    </type>
	<type name="USB_WeezyDreams">
        <nominal>0</nominal>
        <lifetime>3600</lifetime>
        <restock>10800</restock>
        <min>1</min>
        <quantmin>-1</quantmin>
        <quantmax>-1</quantmax>
        <cost>100</cost>
        <flags count_in_cargo="1" count_in_hoarder="1" count_in_map="1" count_in_player="1" crafted="0" deloot="0"/>
        <category name="tools"/>
        <tag name="shelves"/>
        <usage name="Coast"/>
        <usage name="Town"/>
        <usage name="Village"/>
        <usage name="School"/>
        <usage name="Prison"/>
    </type>
	<type name="USB_SuicideBoys">
        <nominal>0</nominal>
        <lifetime>3600</lifetime>
        <restock>10800</restock>
        <min>1</min>
        <quantmin>-1</quantmin>
        <quantmax>-1</quantmax>
        <cost>100</cost>
        <flags count_in_cargo="1" count_in_hoarder="1" count_in_map="1" count_in_player="1" crafted="0" deloot="0"/>
        <category name="tools"/>
        <tag name="shelves"/>
        <usage name="Coast"/>
        <usage name="Town"/>
        <usage name="Village"/>
        <usage name="School"/>
        <usage name="Prison"/>
    </type>
	<type name="USB_VaporsPlaylist">
        <nominal>0</nominal>
        <lifetime>3600</lifetime>
        <restock>10800</restock>
        <min>1</min>
        <quantmin>-1</quantmin>
        <quantmax>-1</quantmax>
        <cost>100</cost>
        <flags count_in_cargo="1" count_in_hoarder="1" count_in_map="1" count_in_player="1" crafted="0" deloot="0"/>
        <category name="tools"/>
        <tag name="shelves"/>
        <usage name="Coast"/>
        <usage name="Town"/>
        <usage name="Village"/>
        <usage name="School"/>
        <usage name="Prison"/>
    </type>
	<type name="Playlist_Bolbi">
        <nominal>0</nominal>
        <lifetime>3600</lifetime>
        <restock>10800</restock>
        <min>1</min>
        <quantmin>-1</quantmin>
        <quantmax>-1</quantmax>
        <cost>100</cost>
        <flags count_in_cargo="1" count_in_hoarder="1" count_in_map="1" count_in_player="1" crafted="0" deloot="0"/>
        <category name="tools"/>
        <tag name="shelves"/>
        <usage name="Coast"/>
        <usage name="Town"/>
        <usage name="Village"/>
        <usage name="School"/>
        <usage name="Prison"/>
    </type>
</types>