<?xml version="1.0" encoding="UTF-8" standalone="yes"?>
<types>
	<type name="BurningBarrels_Green">
        <lifetime>3888000</lifetime>
        <flags count_in_cargo="0" count_in_hoarder="0" count_in_map="0" count_in_player="0" crafted="1" deloot="0"/>
    </type>
	<type name="BurningBarrels_Blue">
        <lifetime>3888000</lifetime>
        <flags count_in_cargo="0" count_in_hoarder="0" count_in_map="0" count_in_player="0" crafted="1" deloot="0"/>
    </type>
	<type name="BurningBarrels_Red">
        <lifetime>3888000</lifetime>
        <flags count_in_cargo="0" count_in_hoarder="0" count_in_map="0" count_in_player="0" crafted="1" deloot="0"/>
    </type>
	<type name="BurningBarrels_Yellow">
        <lifetime>3888000</lifetime>
        <flags count_in_cargo="0" count_in_hoarder="0" count_in_map="0" count_in_player="0" crafted="1" deloot="0"/>
    </type>
</types>	