<?xml version="1.0" encoding="UTF-8" standalone="yes"?>
<types>
    <type name="MB_Rubix">
      <nominal>2</nominal>
      <lifetime>28800</lifetime>
      <restock>0</restock>
      <min>0</min>
      <quantmin>-1</quantmin>
      <quantmax>-1</quantmax>
      <cost>100</cost>
      <flags count_in_cargo="0" count_in_hoarder="0" count_in_map="1" count_in_player="0" crafted="0" deloot="0" />
      <category name="tools" />
      <usage name="Industrial" />
      <usage name="Farm" />
      <usage name="Village" />
      <usage name="Military" />
      <usage name="Medic" />
      <usage name="Hunting" />
      <usage name="Coast" />
      <tag name="floor" />
</type>
  <type name="MB_PoolBall">
    <nominal>2</nominal>
    <lifetime>28800</lifetime>
    <restock>0</restock>
    <min>0</min>
    <quantmin>-1</quantmin>
    <quantmax>-1</quantmax>
    <cost>100</cost>
    <flags count_in_cargo="0" count_in_hoarder="0" count_in_map="1" count_in_player="0" crafted="0" deloot="0" />
    <category name="tools" />
    <usage name="Industrial" />
    <usage name="Farm" />
    <usage name="Village" />
    <usage name="Military" />
    <usage name="Medic" />
    <usage name="Hunting" />
    <usage name="Coast" />
    <tag name="floor" />
</type>
  <type name="MB_NesControl">
    <nominal>2</nominal>
    <lifetime>28800</lifetime>
    <restock>0</restock>
    <min>0</min>
    <quantmin>-1</quantmin>
    <quantmax>-1</quantmax>
    <cost>100</cost>
    <flags count_in_cargo="0" count_in_hoarder="0" count_in_map="1" count_in_player="0" crafted="0" deloot="0" />
    <category name="tools" />
    <usage name="Industrial" />
    <usage name="Farm" />
    <usage name="Village" />
    <usage name="Military" />
    <usage name="Medic" />
    <usage name="Hunting" />
    <usage name="Coast" />
    <tag name="floor" />
</type>
  <type name="MB_Bopit">
    <nominal>2</nominal>
    <lifetime>28800</lifetime>
    <restock>0</restock>
    <min>0</min>
    <quantmin>-1</quantmin>
    <quantmax>-1</quantmax>
    <cost>100</cost>
    <flags count_in_cargo="0" count_in_hoarder="0" count_in_map="1" count_in_player="0" crafted="0" deloot="0" />
    <category name="tools" />
    <usage name="Industrial" />
    <usage name="Farm" />
    <usage name="Village" />
    <usage name="Military" />
    <usage name="Medic" />
    <usage name="Hunting" />
    <usage name="Coast" />
    <tag name="floor" />
</type>
  <type name="MB_Nokia3310">
    <nominal>2</nominal>
    <lifetime>28800</lifetime>
    <restock>0</restock>
    <min>0</min>
    <quantmin>-1</quantmin>
    <quantmax>-1</quantmax>
    <cost>100</cost>
    <flags count_in_cargo="0" count_in_hoarder="0" count_in_map="1" count_in_player="0" crafted="0" deloot="0" />
    <category name="tools" />
    <usage name="Industrial" />
    <usage name="Farm" />
    <usage name="Village" />
    <usage name="Military" />
    <usage name="Medic" />
    <usage name="Hunting" />
    <usage name="Coast" />
    <tag name="floor" />
</type>
  <type name="MB_NokiaHammer">
    <nominal>2</nominal>
    <lifetime>28800</lifetime>
    <restock>0</restock>
    <min>0</min>
    <quantmin>-1</quantmin>
    <quantmax>-1</quantmax>
    <cost>100</cost>
    <flags count_in_cargo="0" count_in_hoarder="0" count_in_map="1" count_in_player="0" crafted="0" deloot="0" />
    <category name="tools" />
    <usage name="Industrial" />
    <usage name="Farm" />
    <usage name="Village" />
    <usage name="Military" />
    <usage name="Medic" />
    <usage name="Hunting" />
    <usage name="Coast" />
    <tag name="floor" />
 </type>
  <type name="MB_Tamagotchi">
    <nominal>2</nominal>
    <lifetime>28800</lifetime>
    <restock>0</restock>
    <min>0</min>
    <quantmin>-1</quantmin>
    <quantmax>-1</quantmax>
    <cost>100</cost>
    <flags count_in_cargo="0" count_in_hoarder="0" count_in_map="1" count_in_player="0" crafted="0" deloot="0" />
    <category name="tools" />
    <usage name="Industrial" />
    <usage name="Farm" />
    <usage name="Village" />
    <usage name="Military" />
    <usage name="Medic" />
    <usage name="Hunting" />
    <usage name="Coast" />
    <tag name="floor" />
</type>
  <type name="MB_LegoHead">
    <nominal>2</nominal>
    <lifetime>28800</lifetime>
    <restock>0</restock>
    <min>0</min>
    <quantmin>-1</quantmin>
    <quantmax>-1</quantmax>
    <cost>100</cost>
    <flags count_in_cargo="0" count_in_hoarder="0" count_in_map="1" count_in_player="0" crafted="0" deloot="0" />
    <category name="tools" />
    <usage name="Industrial" />
    <usage name="Farm" />
    <usage name="Village" />
    <usage name="Military" />
    <usage name="Medic" />
    <usage name="Hunting" />
    <usage name="Coast" />
    <tag name="floor" />
</type>
  <type name="mb_DarkHelmet">
    <nominal>2</nominal>
    <lifetime>28800</lifetime>
    <restock>0</restock>
    <min>0</min>
    <quantmin>-1</quantmin>
    <quantmax>-1</quantmax>
    <cost>100</cost>
    <flags count_in_cargo="0" count_in_hoarder="0" count_in_map="1" count_in_player="0" crafted="0" deloot="0" />
    <category name="tools" />
    <usage name="Industrial" />
    <usage name="Farm" />
    <usage name="Village" />
    <usage name="Military" />
    <usage name="Medic" />
    <usage name="Hunting" />
    <usage name="Coast" />
    <tag name="floor" />
</type>
  <type name="mb_WalterWhite">
    <nominal>2</nominal>
    <lifetime>28800</lifetime>
    <restock>0</restock>
    <min>0</min>
    <quantmin>-1</quantmin>
    <quantmax>-1</quantmax>
    <cost>100</cost>
    <flags count_in_cargo="0" count_in_hoarder="0" count_in_map="1" count_in_player="0" crafted="0" deloot="0" />
    <category name="tools" />
    <usage name="Industrial" />
    <usage name="Farm" />
    <usage name="Village" />
    <usage name="Military" />
    <usage name="Medic" />
    <usage name="Hunting" />
    <usage name="Coast" />
    <tag name="floor" />
</type>
  <type name="mb_BoyLegoHead">
    <nominal>2</nominal>
    <lifetime>28800</lifetime>
    <restock>0</restock>
    <min>0</min>
    <quantmin>-1</quantmin>
    <quantmax>-1</quantmax>
    <cost>100</cost>
    <flags count_in_cargo="0" count_in_hoarder="0" count_in_map="1" count_in_player="0" crafted="0" deloot="0" />
    <category name="tools" />
    <usage name="Industrial" />
    <usage name="Farm" />
    <usage name="Village" />
    <usage name="Military" />
    <usage name="Medic" />
    <usage name="Hunting" />
    <usage name="Coast" />
    <tag name="floor" />
</type>
  <type name="mb_GirlLegoHead">
    <nominal>2</nominal>
    <lifetime>28800</lifetime>
    <restock>0</restock>
    <min>0</min>
    <quantmin>-1</quantmin>
    <quantmax>-1</quantmax>
    <cost>100</cost>
    <flags count_in_cargo="0" count_in_hoarder="0" count_in_map="1" count_in_player="0" crafted="0" deloot="0" />
    <category name="tools" />
    <usage name="Industrial" />
    <usage name="Farm" />
    <usage name="Village" />
    <usage name="Military" />
    <usage name="Medic" />
    <usage name="Hunting" />
    <usage name="Coast" />
    <tag name="floor" />
</type>
  <type name="mb_SkeleLegoHead">
    <nominal>2</nominal>
    <lifetime>28800</lifetime>
    <restock>0</restock>
    <min>0</min>
    <quantmin>-1</quantmin>
    <quantmax>-1</quantmax>
    <cost>100</cost>
    <flags count_in_cargo="0" count_in_hoarder="0" count_in_map="1" count_in_player="0" crafted="0" deloot="0" />
    <category name="tools" />
    <usage name="Industrial" />
    <usage name="Farm" />
    <usage name="Village" />
    <usage name="Military" />
    <usage name="Medic" />
    <usage name="Hunting" />
    <usage name="Coast" />
    <tag name="floor" />
</type>
  <type name="mb_ZombieLegoHead">
    <nominal>2</nominal>
    <lifetime>28800</lifetime>
    <restock>0</restock>
    <min>0</min>
    <quantmin>-1</quantmin>
    <quantmax>-1</quantmax>
    <cost>100</cost>
    <flags count_in_cargo="0" count_in_hoarder="0" count_in_map="1" count_in_player="0" crafted="0" deloot="0" />
    <category name="tools" />
    <usage name="Industrial" />
    <usage name="Farm" />
    <usage name="Village" />
    <usage name="Military" />
    <usage name="Medic" />
    <usage name="Hunting" />
    <usage name="Coast" />
    <tag name="floor" />
</type>
  <type name="mb_BeardLegoHead">
    <nominal>2</nominal>
    <lifetime>28800</lifetime>
    <restock>0</restock>
    <min>0</min>
    <quantmin>-1</quantmin>
    <quantmax>-1</quantmax>
    <cost>100</cost>
    <flags count_in_cargo="0" count_in_hoarder="0" count_in_map="1" count_in_player="0" crafted="0" deloot="0" />
    <category name="tools" />
    <usage name="Industrial" />
    <usage name="Farm" />
    <usage name="Village" />
    <usage name="Military" />
    <usage name="Medic" />
    <usage name="Hunting" />
    <usage name="Coast" />
    <tag name="floor" />
</type>
  <type name="mb_SerpzLegoHead">
    <nominal>2</nominal>
    <lifetime>28800</lifetime>
    <restock>0</restock>
    <min>0</min>
    <quantmin>-1</quantmin>
    <quantmax>-1</quantmax>
    <cost>100</cost>
    <flags count_in_cargo="0" count_in_hoarder="0" count_in_map="1" count_in_player="0" crafted="0" deloot="0" />
    <category name="tools" />
    <usage name="Industrial" />
    <usage name="Farm" />
    <usage name="Village" />
    <usage name="Military" />
    <usage name="Medic" />
    <usage name="Hunting" />
    <usage name="Coast" />
    <tag name="floor" />
</type>
</types>