<?xml version="1.0" encoding="UTF-8" standalone="yes"?>
<types>
   <type name="DAG_Reload_Case">
        <nominal>0</nominal>
        <lifetime>3888000</lifetime>
        <restock>0</restock>
        <min>0</min>
        <quantmin>-1</quantmin>
        <quantmax>-1</quantmax>
        <cost>100</cost>
        <flags count_in_cargo="0" count_in_hoarder="0" count_in_map="1" count_in_player="0" crafted="0" deloot="0" />
        <category name="clothes"/>
        <usage name="town"/>
        <usage name="village"/>
    </type>
  <!--
<type name="DAG_Mannequin_FullRepairAndDry_Kit">
    <nominal>0</nominal>
    <lifetime>4200</lifetime>
    <restock>0</restock>
    <min>0</min>
    <quantmin>-1</quantmin>
    <quantmax>-1</quantmax>
    <cost>100</cost>
    <flags count_in_cargo="0" count_in_hoarder="0" count_in_map="1" count_in_player="0" crafted="1" deloot="0"/>
    <category name="tools"/>
</type>
<type name="DAG_Mannequin_FullRepairAndDry_Kit_NO">
    <nominal>0</nominal>
    <lifetime>4200</lifetime>
    <restock>0</restock>
    <min>0</min>
    <quantmin>-1</quantmin>
    <quantmax>-1</quantmax>
    <cost>100</cost>
    <flags count_in_cargo="0" count_in_hoarder="0" count_in_map="1" count_in_player="0" crafted="1" deloot="0"/>
    <category name="tools"/>
</type>-->
</types>