<?xml version="1.0" encoding="UTF-8" standalone="yes"?>
<types>
	<type name="LB_ATM_Credit_Card_Black">
		<nominal>0</nominal>
		<lifetime>7200</lifetime>
		<restock>0</restock>
		<min>0</min>
		<quantmin>-1</quantmin>
		<quantmax>-1</quantmax>
		<cost>100</cost>
		<flags count_in_cargo="0" count_in_hoarder="0" count_in_map="1" count_in_player="0" crafted="0" deloot="0" />
	</type>
	<type name="LB_ATM_Credit_Card_Blue">
		<nominal>0</nominal>
		<lifetime>7200</lifetime>
		<restock>0</restock>
		<min>0</min>
		<quantmin>-1</quantmin>
		<quantmax>-1</quantmax>
		<cost>100</cost>
		<flags count_in_cargo="0" count_in_hoarder="0" count_in_map="1" count_in_player="0" crafted="0" deloot="0" />
	</type>
	<type name="LB_ATM_Credit_Card_Green">
		<nominal>0</nominal>
		<lifetime>7200</lifetime>
		<restock>0</restock>
		<min>0</min>
		<quantmin>-1</quantmin>
		<quantmax>-1</quantmax>
		<cost>100</cost>
		<flags count_in_cargo="0" count_in_hoarder="0" count_in_map="1" count_in_player="0" crafted="0" deloot="0" />
	</type>
	<type name="LB_ATM_Credit_Card_LightBlue">
		<nominal>0</nominal>
		<lifetime>7200</lifetime>
		<restock>0</restock>
		<min>0</min>
		<quantmin>-1</quantmin>
		<quantmax>-1</quantmax>
		<cost>100</cost>
		<flags count_in_cargo="0" count_in_hoarder="0" count_in_map="1" count_in_player="0" crafted="0" deloot="0" />
	</type>
	<type name="LB_ATM_Credit_Card_Orange">
		<nominal>0</nominal>
		<lifetime>7200</lifetime>
		<restock>0</restock>
		<min>0</min>
		<quantmin>-1</quantmin>
		<quantmax>-1</quantmax>
		<cost>100</cost>
		<flags count_in_cargo="0" count_in_hoarder="0" count_in_map="1" count_in_player="0" crafted="0" deloot="0" />
	</type>
	<type name="LB_ATM_Credit_Card_Pink">
		<nominal>0</nominal>
		<lifetime>7200</lifetime>
		<restock>0</restock>
		<min>0</min>
		<quantmin>-1</quantmin>
		<quantmax>-1</quantmax>
		<cost>100</cost>
		<flags count_in_cargo="0" count_in_hoarder="0" count_in_map="1" count_in_player="0" crafted="0" deloot="0" />
	</type>
	<type name="LB_ATM_Credit_Card_Red">
		<nominal>0</nominal>
		<lifetime>7200</lifetime>
		<restock>0</restock>
		<min>0</min>
		<quantmin>-1</quantmin>
		<quantmax>-1</quantmax>
		<cost>100</cost>
		<flags count_in_cargo="0" count_in_hoarder="0" count_in_map="1" count_in_player="0" crafted="0" deloot="0" />
	</type>
	<type name="LB_ATM_Credit_Card_White">
		<nominal>0</nominal>
		<lifetime>7200</lifetime>
		<restock>0</restock>
		<min>0</min>
		<quantmin>-1</quantmin>
		<quantmax>-1</quantmax>
		<cost>100</cost>
		<flags count_in_cargo="0" count_in_hoarder="0" count_in_map="1" count_in_player="0" crafted="0" deloot="0" />
	</type>
	<type name="LB_ATM_Credit_Card_Yellow">
		<nominal>0</nominal>
		<lifetime>7200</lifetime>
		<restock>0</restock>
		<min>0</min>
		<quantmin>-1</quantmin>
		<quantmax>-1</quantmax>
		<cost>100</cost>
		<flags count_in_cargo="0" count_in_hoarder="0" count_in_map="1" count_in_player="0" crafted="0" deloot="0" />
	</type>
</types>