<?xml version="1.0" encoding="UTF-8" standalone="yes"?>
<types>
<type name="HydraulicJack">
	<nominal>30</nominal>
	<lifetime>28800</lifetime>
	<restock>0</restock>
	<min>15</min>
	<quantmin>-1</quantmin>
	<quantmax>-1</quantmax>
	<cost>100</cost>
	<flags count_in_cargo="0" count_in_hoarder="0" count_in_map="1" count_in_player="0" crafted="0" deloot="0"/>
	<category name="vehiclesparts"/>
	<tag name="floor"/>
</type>
<type name="TrafficCone">
	<nominal>0</nominal>
	<lifetime>28800</lifetime>
	<restock>0</restock>
	<min>7</min>
	<quantmin>-1</quantmin>
	<quantmax>-1</quantmax>
	<cost>100</cost>
	<flags count_in_cargo="0" count_in_hoarder="0" count_in_map="1" count_in_player="0" crafted="0" deloot="0"/>
	<category name="vehiclesparts"/>
	<tag name="floor"/>
</type>
</types>