<?xml version="1.0" encoding="UTF-8" standalone="yes"?>
<types>
	<!-- Batteries -->
    <type name="FoXyRadio_Battery_AA">
        <nominal>0</nominal>
        <lifetime>1800</lifetime>
        <restock>10800</restock>
        <min>30</min>
        <quantmin>-1</quantmin>
        <quantmax>-1</quantmax>
        <cost>100</cost>
        <flags count_in_cargo="0" count_in_hoarder="0" count_in_map="1" count_in_player="0" crafted="0" deloot="0"/>
        <category name="tools"/>
        <tag name="shelves"/>
        <usage name="Military"/>
        <usage name="Police"/>
        <usage name="Medic"/>
        <usage name="Firefighter"/>
        <usage name="Industrial"/>
        <usage name="Farm"/>
        <usage name="Coast"/>
        <usage name="Town"/>
        <usage name="Village"/>
        <usage name="Hunting"/>
        <usage name="Office"/>
        <usage name="School"/>
        <usage name="Prison"/>
    </type>
    <type name="FoXyRadio_Battery_AA_FoXy">
        <nominal>0</nominal>
        <lifetime>1800</lifetime>
        <restock>10800</restock>
        <min>30</min>
        <quantmin>-1</quantmin>
        <quantmax>-1</quantmax>
        <cost>100</cost>
        <flags count_in_cargo="0" count_in_hoarder="0" count_in_map="1" count_in_player="0" crafted="0" deloot="0"/>
        <category name="tools"/>
        <tag name="shelves"/>
        <usage name="Military"/>
        <usage name="Police"/>
        <usage name="Medic"/>
        <usage name="Firefighter"/>
        <usage name="Industrial"/>
        <usage name="Farm"/>
        <usage name="Coast"/>
        <usage name="Town"/>
        <usage name="Village"/>
        <usage name="Hunting"/>
        <usage name="Office"/>
        <usage name="School"/>
        <usage name="Prison"/>
    </type>
    <type name="FoXyRadio_Battery_9V_x2">
        <lifetime>1800</lifetime>
        <flags count_in_cargo="0" count_in_hoarder="0" count_in_map="1" count_in_player="0" crafted="0" deloot="0"/>
    </type>
    <type name="FoXyRadio_Battery_9V_x3">
        <lifetime>1800</lifetime>
        <flags count_in_cargo="0" count_in_hoarder="0" count_in_map="1" count_in_player="0" crafted="0" deloot="0"/>
    </type>
    <type name="FoXyRadio_Battery_9V_x4">
        <lifetime>1800</lifetime>
        <flags count_in_cargo="0" count_in_hoarder="0" count_in_map="1" count_in_player="0" crafted="0" deloot="0"/>
    </type>
    <type name="FoXyRadio_Battery_9V_x5">
        <lifetime>1800</lifetime>
        <flags count_in_cargo="0" count_in_hoarder="0" count_in_map="1" count_in_player="0" crafted="0" deloot="0"/>
    </type>
    <type name="FoXyRadio_Battery_9V_xINF">
        <lifetime>1800</lifetime>
        <flags count_in_cargo="0" count_in_hoarder="0" count_in_map="1" count_in_player="0" crafted="0" deloot="0"/>
    </type>
    <type name="FoXyRadio_Battery_9V_Abstract">
        <nominal>0</nominal>
        <lifetime>1800</lifetime>
        <restock>10800</restock>
        <min>1</min>
        <quantmin>-1</quantmin>
        <quantmax>-1</quantmax>
        <cost>100</cost>
        <flags count_in_cargo="0" count_in_hoarder="0" count_in_map="1" count_in_player="0" crafted="0" deloot="0"/>
        <category name="tools"/>
        <tag name="shelves"/>
        <usage name="Military"/>
        <usage name="Police"/>
        <usage name="Medic"/>
        <usage name="Firefighter"/>
        <usage name="Industrial"/>
        <usage name="Farm"/>
        <usage name="Coast"/>
        <usage name="Town"/>
        <usage name="Village"/>
        <usage name="Hunting"/>
        <usage name="Office"/>
        <usage name="School"/>
        <usage name="Prison"/>
    </type>
    <type name="FoXyRadio_Battery_9V_BlackHole">
        <nominal>0</nominal>
        <lifetime>1800</lifetime>
        <restock>10800</restock>
        <min>1</min>
        <quantmin>-1</quantmin>
        <quantmax>-1</quantmax>
        <cost>100</cost>
        <flags count_in_cargo="0" count_in_hoarder="0" count_in_map="1" count_in_player="0" crafted="0" deloot="0"/>
        <category name="tools"/>
        <tag name="shelves"/>
        <usage name="Military"/>
        <usage name="Police"/>
        <usage name="Medic"/>
        <usage name="Firefighter"/>
        <usage name="Industrial"/>
        <usage name="Farm"/>
        <usage name="Coast"/>
        <usage name="Town"/>
        <usage name="Village"/>
        <usage name="Hunting"/>
        <usage name="Office"/>
        <usage name="School"/>
        <usage name="Prison"/>
    </type>
    <type name="FoXyRadio_Battery_9V_CamoArmy">
        <nominal>0</nominal>
        <lifetime>1800</lifetime>
        <restock>10800</restock>
        <min>1</min>
        <quantmin>-1</quantmin>
        <quantmax>-1</quantmax>
        <cost>100</cost>
        <flags count_in_cargo="0" count_in_hoarder="0" count_in_map="1" count_in_player="0" crafted="0" deloot="0"/>
        <category name="tools"/>
        <tag name="shelves"/>
        <usage name="Military"/>
        <usage name="Police"/>
        <usage name="Medic"/>
        <usage name="Firefighter"/>
        <usage name="Industrial"/>
        <usage name="Farm"/>
        <usage name="Coast"/>
        <usage name="Town"/>
        <usage name="Village"/>
        <usage name="Hunting"/>
        <usage name="Office"/>
        <usage name="School"/>
        <usage name="Prison"/>
    </type>
    <type name="FoXyRadio_Battery_9V_CamoAutumn">
        <nominal>0</nominal>
        <lifetime>1800</lifetime>
        <restock>10800</restock>
        <min>1</min>
        <quantmin>-1</quantmin>
        <quantmax>-1</quantmax>
        <cost>100</cost>
        <flags count_in_cargo="0" count_in_hoarder="0" count_in_map="1" count_in_player="0" crafted="0" deloot="0"/>
        <category name="tools"/>
        <tag name="shelves"/>
        <usage name="Military"/>
        <usage name="Police"/>
        <usage name="Medic"/>
        <usage name="Firefighter"/>
        <usage name="Industrial"/>
        <usage name="Farm"/>
        <usage name="Coast"/>
        <usage name="Town"/>
        <usage name="Village"/>
        <usage name="Hunting"/>
        <usage name="Office"/>
        <usage name="School"/>
        <usage name="Prison"/>
    </type>
    <type name="FoXyRadio_Battery_9V_CamoBreeze">
        <nominal>0</nominal>
        <lifetime>1800</lifetime>
        <restock>10800</restock>
        <min>1</min>
        <quantmin>-1</quantmin>
        <quantmax>-1</quantmax>
        <cost>100</cost>
        <flags count_in_cargo="0" count_in_hoarder="0" count_in_map="1" count_in_player="0" crafted="0" deloot="0"/>
        <category name="tools"/>
        <tag name="shelves"/>
        <usage name="Military"/>
        <usage name="Police"/>
        <usage name="Medic"/>
        <usage name="Firefighter"/>
        <usage name="Industrial"/>
        <usage name="Farm"/>
        <usage name="Coast"/>
        <usage name="Town"/>
        <usage name="Village"/>
        <usage name="Hunting"/>
        <usage name="Office"/>
        <usage name="School"/>
        <usage name="Prison"/>
    </type>
    <type name="FoXyRadio_Battery_9V_CamoDesert">
        <nominal>0</nominal>
        <lifetime>1800</lifetime>
        <restock>10800</restock>
        <min>1</min>
        <quantmin>-1</quantmin>
        <quantmax>-1</quantmax>
        <cost>100</cost>
        <flags count_in_cargo="0" count_in_hoarder="0" count_in_map="1" count_in_player="0" crafted="0" deloot="0"/>
        <category name="tools"/>
        <tag name="shelves"/>
        <usage name="Military"/>
        <usage name="Police"/>
        <usage name="Medic"/>
        <usage name="Firefighter"/>
        <usage name="Industrial"/>
        <usage name="Farm"/>
        <usage name="Coast"/>
        <usage name="Town"/>
        <usage name="Village"/>
        <usage name="Hunting"/>
        <usage name="Office"/>
        <usage name="School"/>
        <usage name="Prison"/>
    </type>
    <type name="FoXyRadio_Battery_9V_CamoDesertDigital">
        <nominal>0</nominal>
        <lifetime>1800</lifetime>
        <restock>10800</restock>
        <min>1</min>
        <quantmin>-1</quantmin>
        <quantmax>-1</quantmax>
        <cost>100</cost>
        <flags count_in_cargo="0" count_in_hoarder="0" count_in_map="1" count_in_player="0" crafted="0" deloot="0"/>
        <category name="tools"/>
        <tag name="shelves"/>
        <usage name="Military"/>
        <usage name="Police"/>
        <usage name="Medic"/>
        <usage name="Firefighter"/>
        <usage name="Industrial"/>
        <usage name="Farm"/>
        <usage name="Coast"/>
        <usage name="Town"/>
        <usage name="Village"/>
        <usage name="Hunting"/>
        <usage name="Office"/>
        <usage name="School"/>
        <usage name="Prison"/>
    </type>
    <type name="FoXyRadio_Battery_9V_CamoDusk">
        <nominal>0</nominal>
        <lifetime>1800</lifetime>
        <restock>10800</restock>
        <min>1</min>
        <quantmin>-1</quantmin>
        <quantmax>-1</quantmax>
        <cost>100</cost>
        <flags count_in_cargo="0" count_in_hoarder="0" count_in_map="1" count_in_player="0" crafted="0" deloot="0"/>
        <category name="tools"/>
        <tag name="shelves"/>
        <usage name="Military"/>
        <usage name="Police"/>
        <usage name="Medic"/>
        <usage name="Firefighter"/>
        <usage name="Industrial"/>
        <usage name="Farm"/>
        <usage name="Coast"/>
        <usage name="Town"/>
        <usage name="Village"/>
        <usage name="Hunting"/>
        <usage name="Office"/>
        <usage name="School"/>
        <usage name="Prison"/>
    </type>
    <type name="FoXyRadio_Battery_9V_CamoGreen">
        <nominal>0</nominal>
        <lifetime>1800</lifetime>
        <restock>10800</restock>
        <min>1</min>
        <quantmin>-1</quantmin>
        <quantmax>-1</quantmax>
        <cost>100</cost>
        <flags count_in_cargo="0" count_in_hoarder="0" count_in_map="1" count_in_player="0" crafted="0" deloot="0"/>
        <category name="tools"/>
        <tag name="shelves"/>
        <usage name="Military"/>
        <usage name="Police"/>
        <usage name="Medic"/>
        <usage name="Firefighter"/>
        <usage name="Industrial"/>
        <usage name="Farm"/>
        <usage name="Coast"/>
        <usage name="Town"/>
        <usage name="Village"/>
        <usage name="Hunting"/>
        <usage name="Office"/>
        <usage name="School"/>
        <usage name="Prison"/>
    </type>
    <type name="FoXyRadio_Battery_9V_CamoGrey">
        <nominal>0</nominal>
        <lifetime>1800</lifetime>
        <restock>10800</restock>
        <min>1</min>
        <quantmin>-1</quantmin>
        <quantmax>-1</quantmax>
        <cost>100</cost>
        <flags count_in_cargo="0" count_in_hoarder="0" count_in_map="1" count_in_player="0" crafted="0" deloot="0"/>
        <category name="tools"/>
        <tag name="shelves"/>
        <usage name="Military"/>
        <usage name="Police"/>
        <usage name="Medic"/>
        <usage name="Firefighter"/>
        <usage name="Industrial"/>
        <usage name="Farm"/>
        <usage name="Coast"/>
        <usage name="Town"/>
        <usage name="Village"/>
        <usage name="Hunting"/>
        <usage name="Office"/>
        <usage name="School"/>
        <usage name="Prison"/>
    </type>
    <type name="FoXyRadio_Battery_9V_CamoIce">
        <nominal>0</nominal>
        <lifetime>1800</lifetime>
        <restock>10800</restock>
        <min>1</min>
        <quantmin>-1</quantmin>
        <quantmax>-1</quantmax>
        <cost>100</cost>
        <flags count_in_cargo="0" count_in_hoarder="0" count_in_map="1" count_in_player="0" crafted="0" deloot="0"/>
        <category name="tools"/>
        <tag name="shelves"/>
        <usage name="Military"/>
        <usage name="Police"/>
        <usage name="Medic"/>
        <usage name="Firefighter"/>
        <usage name="Industrial"/>
        <usage name="Farm"/>
        <usage name="Coast"/>
        <usage name="Town"/>
        <usage name="Village"/>
        <usage name="Hunting"/>
        <usage name="Office"/>
        <usage name="School"/>
        <usage name="Prison"/>
    </type>
    <type name="FoXyRadio_Battery_9V_CamoWinter">
        <nominal>0</nominal>
        <lifetime>1800</lifetime>
        <restock>10800</restock>
        <min>1</min>
        <quantmin>-1</quantmin>
        <quantmax>-1</quantmax>
        <cost>100</cost>
        <flags count_in_cargo="0" count_in_hoarder="0" count_in_map="1" count_in_player="0" crafted="0" deloot="0"/>
        <category name="tools"/>
        <tag name="shelves"/>
        <usage name="Military"/>
        <usage name="Police"/>
        <usage name="Medic"/>
        <usage name="Firefighter"/>
        <usage name="Industrial"/>
        <usage name="Farm"/>
        <usage name="Coast"/>
        <usage name="Town"/>
        <usage name="Village"/>
        <usage name="Hunting"/>
        <usage name="Office"/>
        <usage name="School"/>
        <usage name="Prison"/>
    </type>
    <type name="FoXyRadio_Battery_9V_Cannabis">
        <nominal>0</nominal>
        <lifetime>1800</lifetime>
        <restock>10800</restock>
        <min>1</min>
        <quantmin>-1</quantmin>
        <quantmax>-1</quantmax>
        <cost>100</cost>
        <flags count_in_cargo="0" count_in_hoarder="0" count_in_map="1" count_in_player="0" crafted="0" deloot="0"/>
        <category name="tools"/>
        <tag name="shelves"/>
        <usage name="Military"/>
        <usage name="Police"/>
        <usage name="Medic"/>
        <usage name="Firefighter"/>
        <usage name="Industrial"/>
        <usage name="Farm"/>
        <usage name="Coast"/>
        <usage name="Town"/>
        <usage name="Village"/>
        <usage name="Hunting"/>
        <usage name="Office"/>
        <usage name="School"/>
        <usage name="Prison"/>
    </type>
    <type name="FoXyRadio_Battery_9V_Comic">
        <nominal>0</nominal>
        <lifetime>1800</lifetime>
        <restock>10800</restock>
        <min>1</min>
        <quantmin>-1</quantmin>
        <quantmax>-1</quantmax>
        <cost>100</cost>
        <flags count_in_cargo="0" count_in_hoarder="0" count_in_map="1" count_in_player="0" crafted="0" deloot="0"/>
        <category name="tools"/>
        <tag name="shelves"/>
        <usage name="Military"/>
        <usage name="Police"/>
        <usage name="Medic"/>
        <usage name="Firefighter"/>
        <usage name="Industrial"/>
        <usage name="Farm"/>
        <usage name="Coast"/>
        <usage name="Town"/>
        <usage name="Village"/>
        <usage name="Hunting"/>
        <usage name="Office"/>
        <usage name="School"/>
        <usage name="Prison"/>
    </type>
    <type name="FoXyRadio_Battery_9V_Cosmic">
        <nominal>0</nominal>
        <lifetime>1800</lifetime>
        <restock>10800</restock>
        <min>1</min>
        <quantmin>-1</quantmin>
        <quantmax>-1</quantmax>
        <cost>100</cost>
        <flags count_in_cargo="0" count_in_hoarder="0" count_in_map="1" count_in_player="0" crafted="0" deloot="0"/>
        <category name="tools"/>
        <tag name="shelves"/>
        <usage name="Military"/>
        <usage name="Police"/>
        <usage name="Medic"/>
        <usage name="Firefighter"/>
        <usage name="Industrial"/>
        <usage name="Farm"/>
        <usage name="Coast"/>
        <usage name="Town"/>
        <usage name="Village"/>
        <usage name="Hunting"/>
        <usage name="Office"/>
        <usage name="School"/>
        <usage name="Prison"/>
    </type>
    <type name="FoXyRadio_Battery_9V_Eevee">
        <nominal>0</nominal>
        <lifetime>1800</lifetime>
        <restock>10800</restock>
        <min>1</min>
        <quantmin>-1</quantmin>
        <quantmax>-1</quantmax>
        <cost>100</cost>
        <flags count_in_cargo="0" count_in_hoarder="0" count_in_map="1" count_in_player="0" crafted="0" deloot="0"/>
        <category name="tools"/>
        <tag name="shelves"/>
        <usage name="Military"/>
        <usage name="Police"/>
        <usage name="Medic"/>
        <usage name="Firefighter"/>
        <usage name="Industrial"/>
        <usage name="Farm"/>
        <usage name="Coast"/>
        <usage name="Town"/>
        <usage name="Village"/>
        <usage name="Hunting"/>
        <usage name="Office"/>
        <usage name="School"/>
        <usage name="Prison"/>
    </type>
    <type name="FoXyRadio_Battery_9V_FoXy">
        <nominal>0</nominal>
        <lifetime>1800</lifetime>
        <restock>10800</restock>
        <min>1</min>
        <quantmin>-1</quantmin>
        <quantmax>-1</quantmax>
        <cost>100</cost>
        <flags count_in_cargo="0" count_in_hoarder="0" count_in_map="1" count_in_player="0" crafted="0" deloot="0"/>
        <category name="tools"/>
        <tag name="shelves"/>
        <usage name="Military"/>
        <usage name="Police"/>
        <usage name="Medic"/>
        <usage name="Firefighter"/>
        <usage name="Industrial"/>
        <usage name="Farm"/>
        <usage name="Coast"/>
        <usage name="Town"/>
        <usage name="Village"/>
        <usage name="Hunting"/>
        <usage name="Office"/>
        <usage name="School"/>
        <usage name="Prison"/>
    </type>
    <type name="FoXyRadio_Battery_9V_Galaxy">
        <nominal>0</nominal>
        <lifetime>1800</lifetime>
        <restock>10800</restock>
        <min>1</min>
        <quantmin>-1</quantmin>
        <quantmax>-1</quantmax>
        <cost>100</cost>
        <flags count_in_cargo="0" count_in_hoarder="0" count_in_map="1" count_in_player="0" crafted="0" deloot="0"/>
        <category name="tools"/>
        <tag name="shelves"/>
        <usage name="Military"/>
        <usage name="Police"/>
        <usage name="Medic"/>
        <usage name="Firefighter"/>
        <usage name="Industrial"/>
        <usage name="Farm"/>
        <usage name="Coast"/>
        <usage name="Town"/>
        <usage name="Village"/>
        <usage name="Hunting"/>
        <usage name="Office"/>
        <usage name="School"/>
        <usage name="Prison"/>
    </type>
    <type name="FoXyRadio_Battery_9V_Graffiti">
        <nominal>0</nominal>
        <lifetime>1800</lifetime>
        <restock>10800</restock>
        <min>1</min>
        <quantmin>-1</quantmin>
        <quantmax>-1</quantmax>
        <cost>100</cost>
        <flags count_in_cargo="0" count_in_hoarder="0" count_in_map="1" count_in_player="0" crafted="0" deloot="0"/>
        <category name="tools"/>
        <tag name="shelves"/>
        <usage name="Military"/>
        <usage name="Police"/>
        <usage name="Medic"/>
        <usage name="Firefighter"/>
        <usage name="Industrial"/>
        <usage name="Farm"/>
        <usage name="Coast"/>
        <usage name="Town"/>
        <usage name="Village"/>
        <usage name="Hunting"/>
        <usage name="Office"/>
        <usage name="School"/>
        <usage name="Prison"/>
    </type>
    <type name="FoXyRadio_Battery_9V_Hearts">
        <nominal>0</nominal>
        <lifetime>1800</lifetime>
        <restock>10800</restock>
        <min>1</min>
        <quantmin>-1</quantmin>
        <quantmax>-1</quantmax>
        <cost>100</cost>
        <flags count_in_cargo="0" count_in_hoarder="0" count_in_map="1" count_in_player="0" crafted="0" deloot="0"/>
        <category name="tools"/>
        <tag name="shelves"/>
        <usage name="Military"/>
        <usage name="Police"/>
        <usage name="Medic"/>
        <usage name="Firefighter"/>
        <usage name="Industrial"/>
        <usage name="Farm"/>
        <usage name="Coast"/>
        <usage name="Town"/>
        <usage name="Village"/>
        <usage name="Hunting"/>
        <usage name="Office"/>
        <usage name="School"/>
        <usage name="Prison"/>
    </type>
    <type name="FoXyRadio_Battery_9V_Hex">
        <nominal>0</nominal>
        <lifetime>1800</lifetime>
        <restock>10800</restock>
        <min>1</min>
        <quantmin>-1</quantmin>
        <quantmax>-1</quantmax>
        <cost>100</cost>
        <flags count_in_cargo="0" count_in_hoarder="0" count_in_map="1" count_in_player="0" crafted="0" deloot="0"/>
        <category name="tools"/>
        <tag name="shelves"/>
        <usage name="Military"/>
        <usage name="Police"/>
        <usage name="Medic"/>
        <usage name="Firefighter"/>
        <usage name="Industrial"/>
        <usage name="Farm"/>
        <usage name="Coast"/>
        <usage name="Town"/>
        <usage name="Village"/>
        <usage name="Hunting"/>
        <usage name="Office"/>
        <usage name="School"/>
        <usage name="Prison"/>
    </type>
    <type name="FoXyRadio_Battery_9V_HexGrey">
        <nominal>0</nominal>
        <lifetime>1800</lifetime>
        <restock>10800</restock>
        <min>1</min>
        <quantmin>-1</quantmin>
        <quantmax>-1</quantmax>
        <cost>100</cost>
        <flags count_in_cargo="0" count_in_hoarder="0" count_in_map="1" count_in_player="0" crafted="0" deloot="0"/>
        <category name="tools"/>
        <tag name="shelves"/>
        <usage name="Military"/>
        <usage name="Police"/>
        <usage name="Medic"/>
        <usage name="Firefighter"/>
        <usage name="Industrial"/>
        <usage name="Farm"/>
        <usage name="Coast"/>
        <usage name="Town"/>
        <usage name="Village"/>
        <usage name="Hunting"/>
        <usage name="Office"/>
        <usage name="School"/>
        <usage name="Prison"/>
    </type>
    <type name="FoXyRadio_Battery_9V_Leaves">
        <nominal>0</nominal>
        <lifetime>1800</lifetime>
        <restock>10800</restock>
        <min>1</min>
        <quantmin>-1</quantmin>
        <quantmax>-1</quantmax>
        <cost>100</cost>
        <flags count_in_cargo="0" count_in_hoarder="0" count_in_map="1" count_in_player="0" crafted="0" deloot="0"/>
        <category name="tools"/>
        <tag name="shelves"/>
        <usage name="Military"/>
        <usage name="Police"/>
        <usage name="Medic"/>
        <usage name="Firefighter"/>
        <usage name="Industrial"/>
        <usage name="Farm"/>
        <usage name="Coast"/>
        <usage name="Town"/>
        <usage name="Village"/>
        <usage name="Hunting"/>
        <usage name="Office"/>
        <usage name="School"/>
        <usage name="Prison"/>
    </type>
    <type name="FoXyRadio_Battery_9V_Matrix">
        <nominal>0</nominal>
        <lifetime>1800</lifetime>
        <restock>10800</restock>
        <min>1</min>
        <quantmin>-1</quantmin>
        <quantmax>-1</quantmax>
        <cost>100</cost>
        <flags count_in_cargo="0" count_in_hoarder="0" count_in_map="1" count_in_player="0" crafted="0" deloot="0"/>
        <category name="tools"/>
        <tag name="shelves"/>
        <usage name="Military"/>
        <usage name="Police"/>
        <usage name="Medic"/>
        <usage name="Firefighter"/>
        <usage name="Industrial"/>
        <usage name="Farm"/>
        <usage name="Coast"/>
        <usage name="Town"/>
        <usage name="Village"/>
        <usage name="Hunting"/>
        <usage name="Office"/>
        <usage name="School"/>
        <usage name="Prison"/>
    </type>
    <type name="FoXyRadio_Battery_9V_Nebula">
        <nominal>0</nominal>
        <lifetime>1800</lifetime>
        <restock>10800</restock>
        <min>1</min>
        <quantmin>-1</quantmin>
        <quantmax>-1</quantmax>
        <cost>100</cost>
        <flags count_in_cargo="0" count_in_hoarder="0" count_in_map="1" count_in_player="0" crafted="0" deloot="0"/>
        <category name="tools"/>
        <tag name="shelves"/>
        <usage name="Military"/>
        <usage name="Police"/>
        <usage name="Medic"/>
        <usage name="Firefighter"/>
        <usage name="Industrial"/>
        <usage name="Farm"/>
        <usage name="Coast"/>
        <usage name="Town"/>
        <usage name="Village"/>
        <usage name="Hunting"/>
        <usage name="Office"/>
        <usage name="School"/>
        <usage name="Prison"/>
    </type>
    <type name="FoXyRadio_Battery_9V_Pikachu">
        <nominal>0</nominal>
        <lifetime>1800</lifetime>
        <restock>10800</restock>
        <min>1</min>
        <quantmin>-1</quantmin>
        <quantmax>-1</quantmax>
        <cost>100</cost>
        <flags count_in_cargo="0" count_in_hoarder="0" count_in_map="1" count_in_player="0" crafted="0" deloot="0"/>
        <category name="tools"/>
        <tag name="shelves"/>
        <usage name="Military"/>
        <usage name="Police"/>
        <usage name="Medic"/>
        <usage name="Firefighter"/>
        <usage name="Industrial"/>
        <usage name="Farm"/>
        <usage name="Coast"/>
        <usage name="Town"/>
        <usage name="Village"/>
        <usage name="Hunting"/>
        <usage name="Office"/>
        <usage name="School"/>
        <usage name="Prison"/>
    </type>
    <type name="FoXyRadio_Battery_9V_Rusted">
        <nominal>0</nominal>
        <lifetime>1800</lifetime>
        <restock>10800</restock>
        <min>1</min>
        <quantmin>-1</quantmin>
        <quantmax>-1</quantmax>
        <cost>100</cost>
        <flags count_in_cargo="0" count_in_hoarder="0" count_in_map="1" count_in_player="0" crafted="0" deloot="0"/>
        <category name="tools"/>
        <tag name="shelves"/>
        <usage name="Military"/>
        <usage name="Police"/>
        <usage name="Medic"/>
        <usage name="Firefighter"/>
        <usage name="Industrial"/>
        <usage name="Farm"/>
        <usage name="Coast"/>
        <usage name="Town"/>
        <usage name="Village"/>
        <usage name="Hunting"/>
        <usage name="Office"/>
        <usage name="School"/>
        <usage name="Prison"/>
    </type>
    <type name="FoXyRadio_Battery_9V_Stars">
        <nominal>0</nominal>
        <lifetime>1800</lifetime>
        <restock>10800</restock>
        <min>1</min>
        <quantmin>-1</quantmin>
        <quantmax>-1</quantmax>
        <cost>100</cost>
        <flags count_in_cargo="0" count_in_hoarder="0" count_in_map="1" count_in_player="0" crafted="0" deloot="0"/>
        <category name="tools"/>
        <tag name="shelves"/>
        <usage name="Military"/>
        <usage name="Police"/>
        <usage name="Medic"/>
        <usage name="Firefighter"/>
        <usage name="Industrial"/>
        <usage name="Farm"/>
        <usage name="Coast"/>
        <usage name="Town"/>
        <usage name="Village"/>
        <usage name="Hunting"/>
        <usage name="Office"/>
        <usage name="School"/>
        <usage name="Prison"/>
    </type>
    <type name="FoXyRadio_Battery_9V_Stickers">
        <nominal>0</nominal>
        <lifetime>1800</lifetime>
        <restock>10800</restock>
        <min>1</min>
        <quantmin>-1</quantmin>
        <quantmax>-1</quantmax>
        <cost>100</cost>
        <flags count_in_cargo="0" count_in_hoarder="0" count_in_map="1" count_in_player="0" crafted="0" deloot="0"/>
        <category name="tools"/>
        <tag name="shelves"/>
        <usage name="Military"/>
        <usage name="Police"/>
        <usage name="Medic"/>
        <usage name="Firefighter"/>
        <usage name="Industrial"/>
        <usage name="Farm"/>
        <usage name="Coast"/>
        <usage name="Town"/>
        <usage name="Village"/>
        <usage name="Hunting"/>
        <usage name="Office"/>
        <usage name="School"/>
        <usage name="Prison"/>
    </type>
    <type name="FoXyRadio_Battery_9V_TheUnforgiven">
        <nominal>0</nominal>
        <lifetime>1800</lifetime>
        <restock>10800</restock>
        <min>1</min>
        <quantmin>-1</quantmin>
        <quantmax>-1</quantmax>
        <cost>100</cost>
        <flags count_in_cargo="0" count_in_hoarder="0" count_in_map="1" count_in_player="0" crafted="0" deloot="0"/>
        <category name="tools"/>
        <tag name="shelves"/>
        <usage name="Military"/>
        <usage name="Police"/>
        <usage name="Medic"/>
        <usage name="Firefighter"/>
        <usage name="Industrial"/>
        <usage name="Farm"/>
        <usage name="Coast"/>
        <usage name="Town"/>
        <usage name="Village"/>
        <usage name="Hunting"/>
        <usage name="Office"/>
        <usage name="School"/>
        <usage name="Prison"/>
    </type>
    <type name="FoXyRadio_Battery_9V_Zebra">
        <nominal>0</nominal>
        <lifetime>1800</lifetime>
        <restock>10800</restock>
        <min>1</min>
        <quantmin>-1</quantmin>
        <quantmax>-1</quantmax>
        <cost>100</cost>
        <flags count_in_cargo="0" count_in_hoarder="0" count_in_map="1" count_in_player="0" crafted="0" deloot="0"/>
        <category name="tools"/>
        <tag name="shelves"/>
        <usage name="Military"/>
        <usage name="Police"/>
        <usage name="Medic"/>
        <usage name="Firefighter"/>
        <usage name="Industrial"/>
        <usage name="Farm"/>
        <usage name="Coast"/>
        <usage name="Town"/>
        <usage name="Village"/>
        <usage name="Hunting"/>
        <usage name="Office"/>
        <usage name="School"/>
        <usage name="Prison"/>
    </type>
</types>