<?xml version="1.0" encoding="UTF-8" standalone="yes"?>
<types>
	<!-- MediaStations -->
    <type name="FoXyRadio_MediaStation_Kit">
        <nominal>0</nominal>
        <lifetime>1800</lifetime>
        <restock>10800</restock>
        <min>1</min>
        <quantmin>-1</quantmin>
        <quantmax>-1</quantmax>
        <cost>100</cost>
        <flags count_in_cargo="0" count_in_hoarder="0" count_in_map="1" count_in_player="0" crafted="0" deloot="0"/>
        <category name="tools"/>
        <tag name="shelves"/>
        <usage name="Military"/>
        <usage name="Police"/>
        <usage name="Medic"/>
        <usage name="Firefighter"/>
        <usage name="Industrial"/>
        <usage name="Farm"/>
        <usage name="Coast"/>
        <usage name="Town"/>
        <usage name="Village"/>
        <usage name="Hunting"/>
        <usage name="Office"/>
        <usage name="School"/>
        <usage name="Prison"/>
    </type>
    <type name="FoXyRadio_MediaStation">
        <lifetime>3888000</lifetime>
        <flags count_in_cargo="0" count_in_hoarder="0" count_in_map="1" count_in_player="0" crafted="0" deloot="0"/>
    </type>
    <type name="FoXyRadio_MediaStation_Simple_Kit">
        <nominal>0</nominal>
        <lifetime>1800</lifetime>
        <restock>10800</restock>
        <min>1</min>
        <quantmin>-1</quantmin>
        <quantmax>-1</quantmax>
        <cost>100</cost>
        <flags count_in_cargo="0" count_in_hoarder="0" count_in_map="1" count_in_player="0" crafted="0" deloot="0"/>
        <category name="tools"/>
        <tag name="shelves"/>
        <usage name="Military"/>
        <usage name="Police"/>
        <usage name="Medic"/>
        <usage name="Firefighter"/>
        <usage name="Industrial"/>
        <usage name="Farm"/>
        <usage name="Coast"/>
        <usage name="Town"/>
        <usage name="Village"/>
        <usage name="Hunting"/>
        <usage name="Office"/>
        <usage name="School"/>
        <usage name="Prison"/>
    </type>
    <type name="FoXyRadio_MediaStation_Simple">
        <lifetime>3888000</lifetime>
        <flags count_in_cargo="0" count_in_hoarder="0" count_in_map="1" count_in_player="0" crafted="0" deloot="0"/>
    </type>
    <type name="FoXyRadio_MediaStation_Static">
        <lifetime>3888000</lifetime>
        <flags count_in_cargo="0" count_in_hoarder="0" count_in_map="1" count_in_player="0" crafted="0" deloot="0"/>
    </type>
</types>