<?xml version="1.0" encoding="UTF-8" standalone="yes"?>
<types>
	<!-- Audio Grenades -->
    <type name="FoXyRadio_SoundGrenade">
        <nominal>0</nominal>
        <lifetime>1800</lifetime>
        <restock>10800</restock>
        <min>1</min>
        <quantmin>-1</quantmin>
        <quantmax>-1</quantmax>
        <cost>100</cost>
        <flags count_in_cargo="0" count_in_hoarder="0" count_in_map="1" count_in_player="0" crafted="0" deloot="0"/>
        <category name="tools"/>
        <tag name="shelves"/>
        <usage name="Prison"/>
    </type>
    <type name="FoXyRadio_SoundGrenade_Crows">
        <nominal>0</nominal>
        <lifetime>1800</lifetime>
        <restock>10800</restock>
        <min>1</min>
        <quantmin>-1</quantmin>
        <quantmax>-1</quantmax>
        <cost>100</cost>
        <flags count_in_cargo="0" count_in_hoarder="0" count_in_map="1" count_in_player="0" crafted="0" deloot="0"/>
        <category name="tools"/>
        <tag name="shelves"/>
        <usage name="Prison"/>
    </type>
    <type name="FoXyRadio_SoundGrenade_GoatScream">
        <nominal>0</nominal>
        <lifetime>1800</lifetime>
        <restock>10800</restock>
        <min>1</min>
        <quantmin>-1</quantmin>
        <quantmax>-1</quantmax>
        <cost>100</cost>
        <flags count_in_cargo="0" count_in_hoarder="0" count_in_map="1" count_in_player="0" crafted="0" deloot="0"/>
        <category name="tools"/>
        <tag name="shelves"/>
        <usage name="Prison"/>
    </type>
    <type name="FoXyRadio_SoundGrenade_SorryNotSorry">
        <nominal>0</nominal>
        <lifetime>1800</lifetime>
        <restock>10800</restock>
        <min>1</min>
        <quantmin>-1</quantmin>
        <quantmax>-1</quantmax>
        <cost>100</cost>
        <flags count_in_cargo="0" count_in_hoarder="0" count_in_map="1" count_in_player="0" crafted="0" deloot="0"/>
        <category name="tools"/>
        <tag name="shelves"/>
        <usage name="Prison"/>
    </type>
</types>