<?xml version="1.0" encoding="UTF-8" standalone="yes"?>
<types>
	<!-- MP3 Players -->
	<type name="FoXyRadio_MP3Player">
        <nominal>1</nominal>
        <lifetime>1800</lifetime>
        <restock>10800</restock>
        <min>1</min>
        <quantmin>-1</quantmin>
        <quantmax>-1</quantmax>
        <cost>100</cost>
        <flags count_in_cargo="0" count_in_hoarder="0" count_in_map="1" count_in_player="0" crafted="0" deloot="0"/>
        <category name="tools"/>
        <tag name="shelves"/>
        <usage name="Farm"/>
        <usage name="Coast"/>
        <usage name="Town"/>
        <usage name="Village"/>
        <usage name="Office"/>
        <usage name="School"/>
        <usage name="Prison"/>
	</type>
	<type name="FoXyRadio_MP3Player_Simple">
        <nominal>1</nominal>
        <lifetime>1800</lifetime>
        <restock>10800</restock>
        <min>1</min>
        <quantmin>-1</quantmin>
        <quantmax>-1</quantmax>
        <cost>100</cost>
        <flags count_in_cargo="0" count_in_hoarder="0" count_in_map="1" count_in_player="0" crafted="0" deloot="0"/>
        <category name="tools"/>
        <tag name="shelves"/>
        <usage name="Farm"/>
        <usage name="Coast"/>
        <usage name="Town"/>
        <usage name="Village"/>
        <usage name="Office"/>
        <usage name="School"/>
        <usage name="Prison"/>
	</type>
</types>