<?xml version="1.0" encoding="UTF-8" standalone="yes"?>
<types>
<type name="CrateScifiRed_Kit">
        <nominal>1</nominal>
        <lifetime>10400</lifetime>
        <restock>64000</restock>
        <min>1</min>
        <quantmin>-1</quantmin>
        <quantmax>-1</quantmax>
        <cost>100</cost>
        <flags count_in_cargo="0" count_in_hoarder="0" count_in_map="1" count_in_player="0" crafted="0" deloot="0"/>
        <category name="tools"/>
        <tag name="floor"/>
        <usage name="Military"/>
        <value name="Tier3"/>
        <value name="Tier4"/>
    </type>
    <type name="CrateScifiRed">
        <lifetime>3888000</lifetime>
        <flags count_in_cargo="0" count_in_hoarder="0" count_in_map="1" count_in_player="0" crafted="0" deloot="0"/>
    </type>    
<type name="CrateScifi_Kit">
        <nominal>1</nominal>
        <lifetime>10400</lifetime>
        <restock>64000</restock>
        <min>1</min>
        <quantmin>-1</quantmin>
        <quantmax>-1</quantmax>
        <cost>100</cost>
        <flags count_in_cargo="0" count_in_hoarder="0" count_in_map="1" count_in_player="0" crafted="0" deloot="0"/>
        <category name="tools"/>
        <tag name="floor"/>
        <usage name="Military"/>
        <value name="Tier3"/>
        <value name="Tier4"/>
    </type>
    <type name="CrateScifi">
        <lifetime>3888000</lifetime>
        <flags count_in_cargo="0" count_in_hoarder="0" count_in_map="1" count_in_player="0" crafted="0" deloot="0"/>
    </type>     
<type name="Crate_Red_Kit">
        <nominal>1</nominal>
        <lifetime>10400</lifetime>
        <restock>64000</restock>
        <min>1</min>
        <quantmin>-1</quantmin>
        <quantmax>-1</quantmax>
        <cost>100</cost>
        <flags count_in_cargo="0" count_in_hoarder="0" count_in_map="1" count_in_player="0" crafted="0" deloot="0"/>
        <category name="tools"/>
        <tag name="floor"/>
        <usage name="Military"/>
        <value name="Tier3"/>
        <value name="Tier4"/>
    </type>
    <type name="Crate_Red">
        <lifetime>3888000</lifetime>
        <flags count_in_cargo="0" count_in_hoarder="0" count_in_map="1" count_in_player="0" crafted="0" deloot="0"/>
    </type>     
<type name="Crate_Pink_Kit">
        <nominal>1</nominal>
        <lifetime>10400</lifetime>
        <restock>64000</restock>
        <min>1</min>
        <quantmin>-1</quantmin>
        <quantmax>-1</quantmax>
        <cost>100</cost>
        <flags count_in_cargo="0" count_in_hoarder="0" count_in_map="1" count_in_player="0" crafted="0" deloot="0"/>
        <category name="tools"/>
        <tag name="floor"/>
        <usage name="Military"/>
        <value name="Tier3"/>
        <value name="Tier4"/>
    </type>
    <type name="Crate_Pink">
        <lifetime>3888000</lifetime>
        <flags count_in_cargo="0" count_in_hoarder="0" count_in_map="1" count_in_player="0" crafted="0" deloot="0"/>
    </type>     
<type name="Crate_Orange_Kit">
        <nominal>1</nominal>
        <lifetime>10400</lifetime>
        <restock>64000</restock>
        <min>1</min>
        <quantmin>-1</quantmin>
        <quantmax>-1</quantmax>
        <cost>100</cost>
        <flags count_in_cargo="0" count_in_hoarder="0" count_in_map="1" count_in_player="0" crafted="0" deloot="0"/>
        <category name="tools"/>
        <tag name="floor"/>
        <usage name="Military"/>
        <value name="Tier3"/>
        <value name="Tier4"/>
    </type>
    <type name="Crate_Orange">
        <lifetime>3888000</lifetime>
        <flags count_in_cargo="0" count_in_hoarder="0" count_in_map="1" count_in_player="0" crafted="0" deloot="0"/>
    </type>     
<type name="Crate_Brown_Kit">
        <nominal>1</nominal>
        <lifetime>10400</lifetime>
        <restock>64000</restock>
        <min>1</min>
        <quantmin>-1</quantmin>
        <quantmax>-1</quantmax>
        <cost>100</cost>
        <flags count_in_cargo="0" count_in_hoarder="0" count_in_map="1" count_in_player="0" crafted="0" deloot="0"/>
        <category name="tools"/>
        <tag name="floor"/>
        <usage name="Military"/>
        <value name="Tier3"/>
        <value name="Tier4"/>
    </type>
    <type name="Crate_Brown">
        <lifetime>3888000</lifetime>
        <flags count_in_cargo="0" count_in_hoarder="0" count_in_map="1" count_in_player="0" crafted="0" deloot="0"/>
    </type>     
<type name="Crate_Blue_Kit">
        <nominal>1</nominal>
        <lifetime>10400</lifetime>
        <restock>64000</restock>
        <min>1</min>
        <quantmin>-1</quantmin>
        <quantmax>-1</quantmax>
        <cost>100</cost>
        <flags count_in_cargo="0" count_in_hoarder="0" count_in_map="1" count_in_player="0" crafted="0" deloot="0"/>
        <category name="tools"/>
        <tag name="floor"/>
        <usage name="Military"/>
        <value name="Tier3"/>
        <value name="Tier4"/>
    </type>
    <type name="Crate_Blue">
        <lifetime>3888000</lifetime>
        <flags count_in_cargo="0" count_in_hoarder="0" count_in_map="1" count_in_player="0" crafted="0" deloot="0"/>
    </type>     
<type name="Crate_Green_Kit">
        <nominal>1</nominal>
        <lifetime>10400</lifetime>
        <restock>64000</restock>
        <min>1</min>
        <quantmin>-1</quantmin>
        <quantmax>-1</quantmax>
        <cost>100</cost>
        <flags count_in_cargo="0" count_in_hoarder="0" count_in_map="1" count_in_player="0" crafted="0" deloot="0"/>
        <category name="tools"/>
        <tag name="floor"/>
        <usage name="Military"/>
        <value name="Tier3"/>
        <value name="Tier4"/>
    </type>
    <type name="Crate_Green">
        <lifetime>3888000</lifetime>
        <flags count_in_cargo="0" count_in_hoarder="0" count_in_map="1" count_in_player="0" crafted="0" deloot="0"/>
    </type>      
<type name="Safe_Green_Kit">
        <nominal>1</nominal>
        <lifetime>10400</lifetime>
        <restock>64000</restock>
        <min>1</min>
        <quantmin>-1</quantmin>
        <quantmax>-1</quantmax>
        <cost>100</cost>
        <flags count_in_cargo="0" count_in_hoarder="0" count_in_map="1" count_in_player="0" crafted="0" deloot="0"/>
        <category name="tools"/>
        <tag name="floor"/>
        <usage name="Military"/>
        <value name="Tier3"/>
        <value name="Tier4"/>
    </type>
    <type name="Safe_Green">
        <lifetime>3888000</lifetime>
        <flags count_in_cargo="0" count_in_hoarder="0" count_in_map="1" count_in_player="0" crafted="0" deloot="0"/>
    </type>      
<type name="Safe_Black_Kit">
        <nominal>1</nominal>
        <lifetime>10400</lifetime>
        <restock>64000</restock>
        <min>1</min>
        <quantmin>-1</quantmin>
        <quantmax>-1</quantmax>
        <cost>100</cost>
        <flags count_in_cargo="0" count_in_hoarder="0" count_in_map="1" count_in_player="0" crafted="0" deloot="0"/>
        <category name="tools"/>
        <tag name="floor"/>
        <usage name="Military"/>
        <value name="Tier3"/>
        <value name="Tier4"/>
    </type>
    <type name="Safe_Black">
        <lifetime>3888000</lifetime>
        <flags count_in_cargo="0" count_in_hoarder="0" count_in_map="1" count_in_player="0" crafted="0" deloot="0"/>
    </type>      
<type name="Safe_Red_Kit">
        <nominal>1</nominal>
        <lifetime>10400</lifetime>
        <restock>64000</restock>
        <min>1</min>
        <quantmin>-1</quantmin>
        <quantmax>-1</quantmax>
        <cost>100</cost>
        <flags count_in_cargo="0" count_in_hoarder="0" count_in_map="1" count_in_player="0" crafted="0" deloot="0"/>
        <category name="tools"/>
        <tag name="floor"/>
        <usage name="Military"/>
        <value name="Tier3"/>
        <value name="Tier4"/>
    </type>
    <type name="Safe_Red">
        <lifetime>3888000</lifetime>
        <flags count_in_cargo="0" count_in_hoarder="0" count_in_map="1" count_in_player="0" crafted="0" deloot="0"/>
    </type>    
<type name="Safe_Kit">
        <nominal>1</nominal>
        <lifetime>10400</lifetime>
        <restock>64000</restock>
        <min>1</min>
        <quantmin>-1</quantmin>
        <quantmax>-1</quantmax>
        <cost>100</cost>
        <flags count_in_cargo="0" count_in_hoarder="0" count_in_map="1" count_in_player="0" crafted="0" deloot="0"/>
        <category name="tools"/>
        <tag name="floor"/>
        <usage name="Military"/>
        <value name="Tier3"/>
        <value name="Tier4"/>
    </type>
    <type name="Safe">
        <lifetime>3888000</lifetime>
        <flags count_in_cargo="0" count_in_hoarder="0" count_in_map="1" count_in_player="0" crafted="0" deloot="0"/>
    </type>   
<type name="Fridge_Kit">
        <nominal>1</nominal>
        <lifetime>10400</lifetime>
        <restock>64000</restock>
        <min>1</min>
        <quantmin>-1</quantmin>
        <quantmax>-1</quantmax>
        <cost>100</cost>
        <flags count_in_cargo="0" count_in_hoarder="0" count_in_map="1" count_in_player="0" crafted="0" deloot="0"/>
        <category name="tools"/>
        <tag name="floor"/>
        <usage name="Military"/>
        <value name="Tier3"/>
        <value name="Tier4"/>
    </type>
    <type name="Fridge">
        <lifetime>3888000</lifetime>
        <flags count_in_cargo="0" count_in_hoarder="0" count_in_map="1" count_in_player="0" crafted="0" deloot="0"/>
    </type>
<type name="Bath_Kit">
        <nominal>1</nominal>
        <lifetime>10400</lifetime>
        <restock>64000</restock>
        <min>1</min>
        <quantmin>-1</quantmin>
        <quantmax>-1</quantmax>
        <cost>100</cost>
        <flags count_in_cargo="0" count_in_hoarder="0" count_in_map="1" count_in_player="0" crafted="0" deloot="0"/>
        <category name="tools"/>
        <tag name="floor"/>
        <usage name="Military"/>
        <value name="Tier3"/>
        <value name="Tier4"/>
    </type>
    <type name="Bath">
        <lifetime>3888000</lifetime>
        <flags count_in_cargo="0" count_in_hoarder="0" count_in_map="1" count_in_player="0" crafted="0" deloot="0"/>
    </type>
<type name="Sink_Kit">
        <nominal>1</nominal>
        <lifetime>10400</lifetime>
        <restock>64000</restock>
        <min>1</min>
        <quantmin>-1</quantmin>
        <quantmax>-1</quantmax>
        <cost>100</cost>
        <flags count_in_cargo="0" count_in_hoarder="0" count_in_map="1" count_in_player="0" crafted="0" deloot="0"/>
        <category name="tools"/>
        <tag name="floor"/>
        <usage name="Military"/>
        <value name="Tier3"/>
        <value name="Tier4"/>
    </type>
    <type name="Sink">
        <lifetime>3888000</lifetime>
        <flags count_in_cargo="0" count_in_hoarder="0" count_in_map="1" count_in_player="0" crafted="0" deloot="0"/>
    </type>
<type name="Toilet_Kit">
        <nominal>1</nominal>
        <lifetime>10400</lifetime>
        <restock>64000</restock>
        <min>1</min>
        <quantmin>-1</quantmin>
        <quantmax>-1</quantmax>
        <cost>100</cost>
        <flags count_in_cargo="0" count_in_hoarder="0" count_in_map="1" count_in_player="0" crafted="0" deloot="0"/>
        <category name="tools"/>
        <tag name="floor"/>
        <usage name="Military"/>
        <value name="Tier3"/>
        <value name="Tier4"/>
    </type>
    <type name="Toilet">
        <lifetime>3888000</lifetime>
        <flags count_in_cargo="0" count_in_hoarder="0" count_in_map="1" count_in_player="0" crafted="0" deloot="0"/>
    </type>
<type name="BedBig_Kit">
        <nominal>1</nominal>
        <lifetime>10400</lifetime>
        <restock>64000</restock>
        <min>1</min>
        <quantmin>-1</quantmin>
        <quantmax>-1</quantmax>
        <cost>100</cost>
        <flags count_in_cargo="0" count_in_hoarder="0" count_in_map="1" count_in_player="0" crafted="0" deloot="0"/>
        <category name="tools"/>
        <tag name="floor"/>
        <usage name="Military"/>
        <value name="Tier3"/>
        <value name="Tier4"/>
    </type>
    <type name="BedBig">
        <lifetime>3888000</lifetime>
        <flags count_in_cargo="0" count_in_hoarder="0" count_in_map="1" count_in_player="0" crafted="0" deloot="0"/>
    </type>
<type name="BedSmall_Kit">
        <nominal>1</nominal>
        <lifetime>10400</lifetime>
        <restock>64000</restock>
        <min>1</min>
        <quantmin>-1</quantmin>
        <quantmax>-1</quantmax>
        <cost>100</cost>
        <flags count_in_cargo="0" count_in_hoarder="0" count_in_map="1" count_in_player="0" crafted="0" deloot="0"/>
        <category name="tools"/>
        <tag name="floor"/>
        <usage name="Military"/>
        <value name="Tier3"/>
        <value name="Tier4"/>
    </type>
    <type name="BedSmall">
        <lifetime>3888000</lifetime>
        <flags count_in_cargo="0" count_in_hoarder="0" count_in_map="1" count_in_player="0" crafted="0" deloot="0"/>
    </type>
<type name="BedTable1_Kit">
        <nominal>1</nominal>
        <lifetime>10400</lifetime>
        <restock>64000</restock>
        <min>1</min>
        <quantmin>-1</quantmin>
        <quantmax>-1</quantmax>
        <cost>100</cost>
        <flags count_in_cargo="0" count_in_hoarder="0" count_in_map="1" count_in_player="0" crafted="0" deloot="0"/>
        <category name="tools"/>
        <tag name="floor"/>
        <usage name="Military"/>
        <value name="Tier3"/>
        <value name="Tier4"/>
    </type>
    <type name="BedTable1">
        <lifetime>3888000</lifetime>
        <flags count_in_cargo="0" count_in_hoarder="0" count_in_map="1" count_in_player="0" crafted="0" deloot="0"/>
    </type>
<type name="BedTable2_Kit">
        <nominal>1</nominal>
        <lifetime>10400</lifetime>
        <restock>64000</restock>
        <min>1</min>
        <quantmin>-1</quantmin>
        <quantmax>-1</quantmax>
        <cost>100</cost>
        <flags count_in_cargo="0" count_in_hoarder="0" count_in_map="1" count_in_player="0" crafted="0" deloot="0"/>
        <category name="tools"/>
        <tag name="floor"/>
        <usage name="Military"/>
        <value name="Tier3"/>
        <value name="Tier4"/>
    </type>
    <type name="BedTable2">
        <lifetime>3888000</lifetime>
        <flags count_in_cargo="0" count_in_hoarder="0" count_in_map="1" count_in_player="0" crafted="0" deloot="0"/>
    </type>
<type name="BedTable3_Kit">
        <nominal>1</nominal>
        <lifetime>10400</lifetime>
        <restock>64000</restock>
        <min>1</min>
        <quantmin>-1</quantmin>
        <quantmax>-1</quantmax>
        <cost>100</cost>
        <flags count_in_cargo="0" count_in_hoarder="0" count_in_map="1" count_in_player="0" crafted="0" deloot="0"/>
        <category name="tools"/>
        <tag name="floor"/>
        <usage name="Military"/>
        <value name="Tier3"/>
        <value name="Tier4"/>
    </type>
    <type name="BedTable3">
        <lifetime>3888000</lifetime>
        <flags count_in_cargo="0" count_in_hoarder="0" count_in_map="1" count_in_player="0" crafted="0" deloot="0"/>
    </type>
<type name="Dresser_Kit">
        <nominal>1</nominal>
        <lifetime>10400</lifetime>
        <restock>64000</restock>
        <min>1</min>
        <quantmin>-1</quantmin>
        <quantmax>-1</quantmax>
        <cost>100</cost>
        <flags count_in_cargo="0" count_in_hoarder="0" count_in_map="1" count_in_player="0" crafted="0" deloot="0"/>
        <category name="tools"/>
        <tag name="floor"/>
        <usage name="Military"/>
        <value name="Tier3"/>
        <value name="Tier4"/>
    </type>
    <type name="Dresser">
        <lifetime>3888000</lifetime>
        <flags count_in_cargo="0" count_in_hoarder="0" count_in_map="1" count_in_player="0" crafted="0" deloot="0"/>
    </type>
<type name="Dresser2_Kit">
        <nominal>1</nominal>
        <lifetime>10400</lifetime>
        <restock>64000</restock>
        <min>1</min>
        <quantmin>-1</quantmin>
        <quantmax>-1</quantmax>
        <cost>100</cost>
        <flags count_in_cargo="0" count_in_hoarder="0" count_in_map="1" count_in_player="0" crafted="0" deloot="0"/>
        <category name="tools"/>
        <tag name="floor"/>
        <usage name="Military"/>
        <value name="Tier3"/>
        <value name="Tier4"/>
    </type>
    <type name="Dresser2">
        <lifetime>3888000</lifetime>
        <flags count_in_cargo="0" count_in_hoarder="0" count_in_map="1" count_in_player="0" crafted="0" deloot="0"/>
    </type>
<type name="Wardrobe1_Kit">
        <nominal>1</nominal>
        <lifetime>10400</lifetime>
        <restock>64000</restock>
        <min>1</min>
        <quantmin>-1</quantmin>
        <quantmax>-1</quantmax>
        <cost>100</cost>
        <flags count_in_cargo="0" count_in_hoarder="0" count_in_map="1" count_in_player="0" crafted="0" deloot="0"/>
        <category name="tools"/>
        <tag name="floor"/>
        <usage name="Military"/>
        <value name="Tier3"/>
        <value name="Tier4"/>
    </type>
    <type name="Wardrobe1">
        <lifetime>3888000</lifetime>
        <flags count_in_cargo="0" count_in_hoarder="0" count_in_map="1" count_in_player="0" crafted="0" deloot="0"/>
    </type>
<type name="Wardrobe2_Kit">
        <nominal>1</nominal>
        <lifetime>10400</lifetime>
        <restock>64000</restock>
        <min>1</min>
        <quantmin>-1</quantmin>
        <quantmax>-1</quantmax>
        <cost>100</cost>
        <flags count_in_cargo="0" count_in_hoarder="0" count_in_map="1" count_in_player="0" crafted="0" deloot="0"/>
        <category name="tools"/>
        <tag name="floor"/>
        <usage name="Military"/>
        <value name="Tier3"/>
        <value name="Tier4"/>
    </type>
    <type name="Wardrobe2">
        <lifetime>3888000</lifetime>
        <flags count_in_cargo="0" count_in_hoarder="0" count_in_map="1" count_in_player="0" crafted="0" deloot="0"/>
    </type>
<type name="Wardrobe3_Kit">
        <nominal>1</nominal>
        <lifetime>10400</lifetime>
        <restock>64000</restock>
        <min>1</min>
        <quantmin>-1</quantmin>
        <quantmax>-1</quantmax>
        <cost>100</cost>
        <flags count_in_cargo="0" count_in_hoarder="0" count_in_map="1" count_in_player="0" crafted="0" deloot="0"/>
        <category name="tools"/>
        <tag name="floor"/>
        <usage name="Military"/>
        <value name="Tier3"/>
        <value name="Tier4"/>
    </type>
    <type name="Wardrobe3">
        <lifetime>3888000</lifetime>
        <flags count_in_cargo="0" count_in_hoarder="0" count_in_map="1" count_in_player="0" crafted="0" deloot="0"/>
    </type>
<type name="Cabinet1_Kit">
        <nominal>1</nominal>
        <lifetime>10400</lifetime>
        <restock>64000</restock>
        <min>1</min>
        <quantmin>-1</quantmin>
        <quantmax>-1</quantmax>
        <cost>100</cost>
        <flags count_in_cargo="0" count_in_hoarder="0" count_in_map="1" count_in_player="0" crafted="0" deloot="0"/>
        <category name="tools"/>
        <tag name="floor"/>
        <usage name="Military"/>
        <value name="Tier3"/>
        <value name="Tier4"/>
    </type>
    <type name="Cabinet1">
        <lifetime>3888000</lifetime>
        <flags count_in_cargo="0" count_in_hoarder="0" count_in_map="1" count_in_player="0" crafted="0" deloot="0"/>
    </type>
<type name="Cabinet2_Kit">
        <nominal>1</nominal>
        <lifetime>10400</lifetime>
        <restock>64000</restock>
        <min>1</min>
        <quantmin>-1</quantmin>
        <quantmax>-1</quantmax>
        <cost>100</cost>
        <flags count_in_cargo="0" count_in_hoarder="0" count_in_map="1" count_in_player="0" crafted="0" deloot="0"/>
        <category name="tools"/>
        <tag name="floor"/>
        <usage name="Military"/>
        <value name="Tier3"/>
        <value name="Tier4"/>
    </type>
    <type name="Cabinet2">
        <lifetime>3888000</lifetime>
        <flags count_in_cargo="0" count_in_hoarder="0" count_in_map="1" count_in_player="0" crafted="0" deloot="0"/>
    </type>
<type name="Cabinet90s_Kit">
        <nominal>1</nominal>
        <lifetime>10400</lifetime>
        <restock>64000</restock>
        <min>1</min>
        <quantmin>-1</quantmin>
        <quantmax>-1</quantmax>
        <cost>100</cost>
        <flags count_in_cargo="0" count_in_hoarder="0" count_in_map="1" count_in_player="0" crafted="0" deloot="0"/>
        <category name="tools"/>
        <tag name="floor"/>
        <usage name="Military"/>
        <value name="Tier3"/>
        <value name="Tier4"/>
    </type>
    <type name="Cabinet90s">
        <lifetime>3888000</lifetime>
        <flags count_in_cargo="0" count_in_hoarder="0" count_in_map="1" count_in_player="0" crafted="0" deloot="0"/>
    </type>
<type name="CabinetOven_Kit">
        <nominal>1</nominal>
        <lifetime>10400</lifetime>
        <restock>64000</restock>
        <min>1</min>
        <quantmin>-1</quantmin>
        <quantmax>-1</quantmax>
        <cost>100</cost>
        <flags count_in_cargo="0" count_in_hoarder="0" count_in_map="1" count_in_player="0" crafted="0" deloot="0"/>
        <category name="tools"/>
        <tag name="floor"/>
        <usage name="Military"/>
        <value name="Tier3"/>
        <value name="Tier4"/>
    </type>
    <type name="CabinetOven">
        <lifetime>3888000</lifetime>
        <flags count_in_cargo="0" count_in_hoarder="0" count_in_map="1" count_in_player="0" crafted="0" deloot="0"/>
    </type>
<type name="CabinetRounded_Kit">
        <nominal>1</nominal>
        <lifetime>10400</lifetime>
        <restock>64000</restock>
        <min>1</min>
        <quantmin>-1</quantmin>
        <quantmax>-1</quantmax>
        <cost>100</cost>
        <flags count_in_cargo="0" count_in_hoarder="0" count_in_map="1" count_in_player="0" crafted="0" deloot="0"/>
        <category name="tools"/>
        <tag name="floor"/>
        <usage name="Military"/>
        <value name="Tier3"/>
        <value name="Tier4"/>
    </type>
    <type name="CabinetRounded">
        <lifetime>3888000</lifetime>
        <flags count_in_cargo="0" count_in_hoarder="0" count_in_map="1" count_in_player="0" crafted="0" deloot="0"/>
    </type>
<type name="CabinetRoundedSink_Kit">
        <nominal>1</nominal>
        <lifetime>10400</lifetime>
        <restock>64000</restock>
        <min>1</min>
        <quantmin>-1</quantmin>
        <quantmax>-1</quantmax>
        <cost>100</cost>
        <flags count_in_cargo="0" count_in_hoarder="0" count_in_map="1" count_in_player="0" crafted="0" deloot="0"/>
        <category name="tools"/>
        <tag name="floor"/>
        <usage name="Military"/>
        <value name="Tier3"/>
        <value name="Tier4"/>
    </type>
    <type name="CabinetRoundedSink">
        <lifetime>3888000</lifetime>
        <flags count_in_cargo="0" count_in_hoarder="0" count_in_map="1" count_in_player="0" crafted="0" deloot="0"/>
    </type>
<type name="CabinetSink_Kit">
        <nominal>1</nominal>
        <lifetime>10400</lifetime>
        <restock>64000</restock>
        <min>1</min>
        <quantmin>-1</quantmin>
        <quantmax>-1</quantmax>
        <cost>100</cost>
        <flags count_in_cargo="0" count_in_hoarder="0" count_in_map="1" count_in_player="0" crafted="0" deloot="0"/>
        <category name="tools"/>
        <tag name="floor"/>
        <usage name="Military"/>
        <value name="Tier3"/>
        <value name="Tier4"/>
    </type>
    <type name="CabinetSink">
        <lifetime>3888000</lifetime>
        <flags count_in_cargo="0" count_in_hoarder="0" count_in_map="1" count_in_player="0" crafted="0" deloot="0"/>
    </type>
<type name="CabinetStove_Kit">
        <nominal>1</nominal>
        <lifetime>10400</lifetime>
        <restock>64000</restock>
        <min>1</min>
        <quantmin>-1</quantmin>
        <quantmax>-1</quantmax>
        <cost>100</cost>
        <flags count_in_cargo="0" count_in_hoarder="0" count_in_map="1" count_in_player="0" crafted="0" deloot="0"/>
        <category name="tools"/>
        <tag name="floor"/>
        <usage name="Military"/>
        <value name="Tier3"/>
        <value name="Tier4"/>
    </type>
    <type name="CabinetStove">
        <lifetime>3888000</lifetime>
        <flags count_in_cargo="0" count_in_hoarder="0" count_in_map="1" count_in_player="0" crafted="0" deloot="0"/>
    </type>
<type name="Chair1_Kit">
        <nominal>1</nominal>
        <lifetime>10400</lifetime>
        <restock>64000</restock>
        <min>1</min>
        <quantmin>-1</quantmin>
        <quantmax>-1</quantmax>
        <cost>100</cost>
        <flags count_in_cargo="0" count_in_hoarder="0" count_in_map="1" count_in_player="0" crafted="0" deloot="0"/>
        <category name="tools"/>
        <tag name="floor"/>
        <usage name="Military"/>
        <value name="Tier3"/>
        <value name="Tier4"/>
    </type>
    <type name="Chair1">
        <lifetime>3888000</lifetime>
        <flags count_in_cargo="0" count_in_hoarder="0" count_in_map="1" count_in_player="0" crafted="0" deloot="0"/>
    </type>
<type name="Chair2_Kit">
        <nominal>1</nominal>
        <lifetime>10400</lifetime>
        <restock>64000</restock>
        <min>1</min>
        <quantmin>-1</quantmin>
        <quantmax>-1</quantmax>
        <cost>100</cost>
        <flags count_in_cargo="0" count_in_hoarder="0" count_in_map="1" count_in_player="0" crafted="0" deloot="0"/>
        <category name="tools"/>
        <tag name="floor"/>
        <usage name="Military"/>
        <value name="Tier3"/>
        <value name="Tier4"/>
    </type>
    <type name="Chair2">
        <lifetime>3888000</lifetime>
        <flags count_in_cargo="0" count_in_hoarder="0" count_in_map="1" count_in_player="0" crafted="0" deloot="0"/>
    </type>
<type name="Chair3_Kit">
        <nominal>1</nominal>
        <lifetime>10400</lifetime>
        <restock>64000</restock>
        <min>1</min>
        <quantmin>-1</quantmin>
        <quantmax>-1</quantmax>
        <cost>100</cost>
        <flags count_in_cargo="0" count_in_hoarder="0" count_in_map="1" count_in_player="0" crafted="0" deloot="0"/>
        <category name="tools"/>
        <tag name="floor"/>
        <usage name="Military"/>
        <value name="Tier3"/>
        <value name="Tier4"/>
    </type>
    <type name="Chair3">
        <lifetime>3888000</lifetime>
        <flags count_in_cargo="0" count_in_hoarder="0" count_in_map="1" count_in_player="0" crafted="0" deloot="0"/>
    </type>
<type name="Chair4_Kit">
        <nominal>1</nominal>
        <lifetime>10400</lifetime>
        <restock>64000</restock>
        <min>1</min>
        <quantmin>-1</quantmin>
        <quantmax>-1</quantmax>
        <cost>100</cost>
        <flags count_in_cargo="0" count_in_hoarder="0" count_in_map="1" count_in_player="0" crafted="0" deloot="0"/>
        <category name="tools"/>
        <tag name="floor"/>
        <usage name="Military"/>
        <value name="Tier3"/>
        <value name="Tier4"/>
    </type>
    <type name="Chair4">
        <lifetime>3888000</lifetime>
        <flags count_in_cargo="0" count_in_hoarder="0" count_in_map="1" count_in_player="0" crafted="0" deloot="0"/>
    </type>
<type name="StoveOven_Kit">
        <nominal>1</nominal>
        <lifetime>10400</lifetime>
        <restock>64000</restock>
        <min>1</min>
        <quantmin>-1</quantmin>
        <quantmax>-1</quantmax>
        <cost>100</cost>
        <flags count_in_cargo="0" count_in_hoarder="0" count_in_map="1" count_in_player="0" crafted="0" deloot="0"/>
        <category name="tools"/>
        <tag name="floor"/>
        <usage name="Military"/>
        <value name="Tier3"/>
        <value name="Tier4"/>
    </type>
    <type name="StoveOven">
        <lifetime>3888000</lifetime>
        <flags count_in_cargo="0" count_in_hoarder="0" count_in_map="1" count_in_player="0" crafted="0" deloot="0"/>
    </type>
<type name="Table1_Kit">
        <nominal>1</nominal>
        <lifetime>10400</lifetime>
        <restock>64000</restock>
        <min>1</min>
        <quantmin>-1</quantmin>
        <quantmax>-1</quantmax>
        <cost>100</cost>
        <flags count_in_cargo="0" count_in_hoarder="0" count_in_map="1" count_in_player="0" crafted="0" deloot="0"/>
        <category name="tools"/>
        <tag name="floor"/>
        <usage name="Military"/>
        <value name="Tier3"/>
        <value name="Tier4"/>
    </type>
    <type name="Table1">
        <lifetime>3888000</lifetime>
        <flags count_in_cargo="0" count_in_hoarder="0" count_in_map="1" count_in_player="0" crafted="0" deloot="0"/>
    </type>
<type name="Table2_Kit">
        <nominal>1</nominal>
        <lifetime>10400</lifetime>
        <restock>64000</restock>
        <min>1</min>
        <quantmin>-1</quantmin>
        <quantmax>-1</quantmax>
        <cost>100</cost>
        <flags count_in_cargo="0" count_in_hoarder="0" count_in_map="1" count_in_player="0" crafted="0" deloot="0"/>
        <category name="tools"/>
        <tag name="floor"/>
        <usage name="Military"/>
        <value name="Tier3"/>
        <value name="Tier4"/>
    </type>
    <type name="Table2">
        <lifetime>3888000</lifetime>
        <flags count_in_cargo="0" count_in_hoarder="0" count_in_map="1" count_in_player="0" crafted="0" deloot="0"/>
    </type>
<type name="Table3_Kit">
        <nominal>1</nominal>
        <lifetime>10400</lifetime>
        <restock>64000</restock>
        <min>1</min>
        <quantmin>-1</quantmin>
        <quantmax>-1</quantmax>
        <cost>100</cost>
        <flags count_in_cargo="0" count_in_hoarder="0" count_in_map="1" count_in_player="0" crafted="0" deloot="0"/>
        <category name="tools"/>
        <tag name="floor"/>
        <usage name="Military"/>
        <value name="Tier3"/>
        <value name="Tier4"/>
    </type>
    <type name="Table3">
        <lifetime>3888000</lifetime>
        <flags count_in_cargo="0" count_in_hoarder="0" count_in_map="1" count_in_player="0" crafted="0" deloot="0"/>
    </type>
<type name="Table4_Kit">
        <nominal>1</nominal>
        <lifetime>10400</lifetime>
        <restock>64000</restock>
        <min>1</min>
        <quantmin>-1</quantmin>
        <quantmax>-1</quantmax>
        <cost>100</cost>
        <flags count_in_cargo="0" count_in_hoarder="0" count_in_map="1" count_in_player="0" crafted="0" deloot="0"/>
        <category name="tools"/>
        <tag name="floor"/>
        <usage name="Military"/>
        <value name="Tier3"/>
        <value name="Tier4"/>
    </type>
    <type name="Table4">
        <lifetime>3888000</lifetime>
        <flags count_in_cargo="0" count_in_hoarder="0" count_in_map="1" count_in_player="0" crafted="0" deloot="0"/>
    </type>
<type name="Table5_Kit">
        <nominal>1</nominal>
        <lifetime>10400</lifetime>
        <restock>64000</restock>
        <min>1</min>
        <quantmin>-1</quantmin>
        <quantmax>-1</quantmax>
        <cost>100</cost>
        <flags count_in_cargo="0" count_in_hoarder="0" count_in_map="1" count_in_player="0" crafted="0" deloot="0"/>
        <category name="tools"/>
        <tag name="floor"/>
        <usage name="Military"/>
        <value name="Tier3"/>
        <value name="Tier4"/>
    </type>
    <type name="Table5">
        <lifetime>3888000</lifetime>
        <flags count_in_cargo="0" count_in_hoarder="0" count_in_map="1" count_in_player="0" crafted="0" deloot="0"/>
    </type>
<type name="Table6_Kit">
        <nominal>1</nominal>
        <lifetime>10400</lifetime>
        <restock>64000</restock>
        <min>1</min>
        <quantmin>-1</quantmin>
        <quantmax>-1</quantmax>
        <cost>100</cost>
        <flags count_in_cargo="0" count_in_hoarder="0" count_in_map="1" count_in_player="0" crafted="0" deloot="0"/>
        <category name="tools"/>
        <tag name="floor"/>
        <usage name="Military"/>
        <value name="Tier3"/>
        <value name="Tier4"/>
    </type>
    <type name="Table6">
        <lifetime>3888000</lifetime>
        <flags count_in_cargo="0" count_in_hoarder="0" count_in_map="1" count_in_player="0" crafted="0" deloot="0"/>
    </type>
<type name="Table7_Kit">
        <nominal>1</nominal>
        <lifetime>10400</lifetime>
        <restock>64000</restock>
        <min>1</min>
        <quantmin>-1</quantmin>
        <quantmax>-1</quantmax>
        <cost>100</cost>
        <flags count_in_cargo="0" count_in_hoarder="0" count_in_map="1" count_in_player="0" crafted="0" deloot="0"/>
        <category name="tools"/>
        <tag name="floor"/>
        <usage name="Military"/>
        <value name="Tier3"/>
        <value name="Tier4"/>
    </type>
    <type name="Table7">
        <lifetime>3888000</lifetime>
        <flags count_in_cargo="0" count_in_hoarder="0" count_in_map="1" count_in_player="0" crafted="0" deloot="0"/>
    </type>
<type name="ArmChair_Kit">
        <nominal>1</nominal>
        <lifetime>10400</lifetime>
        <restock>64000</restock>
        <min>1</min>
        <quantmin>-1</quantmin>
        <quantmax>-1</quantmax>
        <cost>100</cost>
        <flags count_in_cargo="0" count_in_hoarder="0" count_in_map="1" count_in_player="0" crafted="0" deloot="0"/>
        <category name="tools"/>
        <tag name="floor"/>
        <usage name="Military"/>
        <value name="Tier3"/>
        <value name="Tier4"/>
    </type>
    <type name="ArmChair">
        <lifetime>3888000</lifetime>
        <flags count_in_cargo="0" count_in_hoarder="0" count_in_map="1" count_in_player="0" crafted="0" deloot="0"/>
    </type>
<type name="SofaBig_Kit">
        <nominal>1</nominal>
        <lifetime>10400</lifetime>
        <restock>64000</restock>
        <min>1</min>
        <quantmin>-1</quantmin>
        <quantmax>-1</quantmax>
        <cost>100</cost>
        <flags count_in_cargo="0" count_in_hoarder="0" count_in_map="1" count_in_player="0" crafted="0" deloot="0"/>
        <category name="tools"/>
        <tag name="floor"/>
        <usage name="Military"/>
        <value name="Tier3"/>
        <value name="Tier4"/>
    </type>
    <type name="SofaBig">
        <lifetime>3888000</lifetime>
        <flags count_in_cargo="0" count_in_hoarder="0" count_in_map="1" count_in_player="0" crafted="0" deloot="0"/>
    </type>
<type name="SofaSmall_Kit">
        <nominal>1</nominal>
        <lifetime>10400</lifetime>
        <restock>64000</restock>
        <min>1</min>
        <quantmin>-1</quantmin>
        <quantmax>-1</quantmax>
        <cost>100</cost>
        <flags count_in_cargo="0" count_in_hoarder="0" count_in_map="1" count_in_player="0" crafted="0" deloot="0"/>
        <category name="tools"/>
        <tag name="floor"/>
        <usage name="Military"/>
        <value name="Tier3"/>
        <value name="Tier4"/>
    </type>
    <type name="SofaSmall">
        <lifetime>3888000</lifetime>
        <flags count_in_cargo="0" count_in_hoarder="0" count_in_map="1" count_in_player="0" crafted="0" deloot="0"/>
    </type>
<type name="Grill_Kit">
        <nominal>1</nominal>
        <lifetime>10400</lifetime>
        <restock>64000</restock>
        <min>1</min>
        <quantmin>-1</quantmin>
        <quantmax>-1</quantmax>
        <cost>100</cost>
        <flags count_in_cargo="0" count_in_hoarder="0" count_in_map="1" count_in_player="0" crafted="0" deloot="0"/>
        <category name="tools"/>
        <tag name="floor"/>
        <usage name="Military"/>
        <value name="Tier3"/>
        <value name="Tier4"/>
    </type>
    <type name="Grill">
        <lifetime>3888000</lifetime>
        <flags count_in_cargo="0" count_in_hoarder="0" count_in_map="1" count_in_player="0" crafted="0" deloot="0"/>
    </type>
<type name="Gazebo_Kit">
        <nominal>1</nominal>
        <lifetime>10400</lifetime>
        <restock>64000</restock>
        <min>1</min>
        <quantmin>-1</quantmin>
        <quantmax>-1</quantmax>
        <cost>100</cost>
        <flags count_in_cargo="0" count_in_hoarder="0" count_in_map="1" count_in_player="0" crafted="0" deloot="0"/>
        <category name="tools"/>
        <tag name="floor"/>
        <usage name="Military"/>
        <value name="Tier3"/>
        <value name="Tier4"/>
    </type>
    <type name="Gazebo">
        <lifetime>3888000</lifetime>
        <flags count_in_cargo="0" count_in_hoarder="0" count_in_map="1" count_in_player="0" crafted="0" deloot="0"/>
    </type>
<type name="Rack_Kit">
        <nominal>1</nominal>
        <lifetime>10400</lifetime>
        <restock>64000</restock>
        <min>1</min>
        <quantmin>-1</quantmin>
        <quantmax>-1</quantmax>
        <cost>100</cost>
        <flags count_in_cargo="0" count_in_hoarder="0" count_in_map="1" count_in_player="0" crafted="0" deloot="0"/>
        <category name="tools"/>
        <tag name="floor"/>
        <usage name="Military"/>
        <value name="Tier3"/>
        <value name="Tier4"/>
    </type>
    <type name="Rack">
        <lifetime>3888000</lifetime>
        <flags count_in_cargo="0" count_in_hoarder="0" count_in_map="1" count_in_player="0" crafted="0" deloot="0"/>
    </type>
</types>