<?xml version="1.0" encoding="UTF-8" standalone="yes" ?>
<spawnabletypes>
	<damage min="0.0" max="0.9" />
	<!--Example Damaged Ruined only<damage min="0.9" max="1.0" /> Pristine(100-71) Worn(70-41) Damaged(40-21) BadlyDamaged(20-1) -->
	<type name="geb_CrayFish" />
	<type name="geb_CrayFishTailMeat" />
	<type name="geb_NorthernPike" />
	<type name="geb_NorthernPikeFilletMeat" />
	<type name="geb_LargeMouthBass" />
	<type name="geb_LargeMouthBassFilletMeat" />
	<type name="geb_WhiteBass" />
	<type name="geb_WhiteBassFilletMeat" />
	<type name="geb_BlackBass" />
	<type name="geb_BlackBassFilletMeat" />
	<type name="geb_RainbowTrout" />
	<type name="geb_RainbowTroutFilletMeat" />
	<type name="geb_BrookTrout" />
	<type name="geb_BrookTroutFilletMeat" />
	<type name="geb_BrownTrout" />
	<type name="geb_BrownTroutFilletMeat" />
	<type name="geb_LakeTrout" />
	<type name="geb_LakeTroutFilletMeat" />
	<type name="geb_CutThroatTrout" />
	<type name="geb_CutThroatTroutFilletMeat" />
	<type name="geb_YellowPerch" />
	<type name="geb_YellowPerchFilletMeat" />
	<type name="geb_FlatHeadCatFish" />
	<type name="geb_FlatHeadCatFishFilletMeat" />
	<type name="geb_FatHeadMinnow" />
	<type name="geb_FatHeadMinnowFilletMeat" />
	<type name="geb_BlueGill" />
	<type name="geb_BlueGillFilletMeat" />
	<type name="geb_Sauger" />
	<type name="geb_SaugerFilletMeat" />
	<type name="geb_BowFin" />
	<type name="geb_BowFinFilletMeat" />
	<type name="geb_SlimySculpin" />
	<type name="geb_SlimySculpinFilletMeat" />
	<type name="geb_AngelFish" />
	<type name="geb_AngelFishFilletMeat" />
	<type name="geb_AsianSeaBass" />
	<type name="geb_AsianSeaBassFilletMeat" />
	<type name="geb_AtlanticBlueMarlin" />
	<type name="geb_AtlanticBlueMarlinFilletMeat" />
	<type name="geb_Bonita" />
	<type name="geb_BonitaFilletMeat" />
	<type name="geb_CherrySalmon" />
	<type name="geb_CherrySalmonFilletMeat" />
	<type name="geb_ChinookSalmon" />
	<type name="geb_ChinookSalmonFilletMeat" />	
	<type name="geb_SockEyeSalmon" />
	<type name="geb_SockEyeSalmonFilletMeat" />
	<type name="geb_FlatHeadMullet" />
	<type name="geb_FlatHeadMulletFilletMeat" />
	<type name="geb_LeopardShark" />
	<type name="geb_LeopardSharkFilletMeat" />
	<type name="geb_PacificCod" />
	<type name="geb_PacificCodFilletMeat" />
	<type name="geb_RedHeadCichlid" />
	<type name="geb_RedHeadCichlidFilletMeat" />
	<type name="geb_RoughNeckRock" />
	<type name="geb_RoughNeckRockFilletMeat" />
	<type name="geb_Severum" />
	<type name="geb_SeverumFilletMeat" />
	<type name="geb_BlueTang" />
	<type name="geb_BlueTangFilletMeat" />
	<type name="geb_LargeHeadHairTailFish" />
	<type name="geb_LargeHeadHairTailFishFilletMeat" />
	<type name="geb_HumpHeadWrasse" />
	<type name="geb_HumpHeadWrasseFilletMeat" />
	<type name="geb_SiameseTigerFish" />
	<type name="geb_SiameseTigerFishFilletMeat" />
	<type name="geb_GreatWhiteShark" />
	<type name="geb_GreatWhiteSharkFilletMeat" />
	<type name="geb_AngelShark" />
	<type name="geb_AngelSharkFilletMeat" />
	<type name="geb_YellowFinTuna" />
	<type name="geb_YellowFinTunaFilletMeat" />
	<type name="geb_RedFishingRod" />
	<type name="geb_BlueFishingRod" />
	<type name="geb_GreenFishingRod" />
	<type name="geb_PurpleFishingRod" />
	<type name="geb_Lure1" />
	<type name="geb_Lure2" />
	<type name="geb_Lure3" />
	<type name="geb_Lure4" />
	<type name="geb_SpinnerBait1" />
	<type name="geb_SpinnerBait2" />
	<type name="geb_SpinnerBait3" />
	<type name="geb_SpinnerBait4" />
	<type name="geb_BlueFishKnife" />
	<type name="geb_OrangeFishKnife" />
	<type name="geb_GreenFishKnife" />
	<type name="geb_YellowFishKnife" />
	<type name="geb_RedFishKnife" />
	<type name="geb_PurpleFishKnife" />
	<type name="geb_OldBlueTackle">
		<cargo chance="0.20">
			<item name="geb_Lure1" chance="0.33" />
			<item name="geb_Lure2" chance="0.33" />
			<item name="geb_Lure3" chance="0.33" />
			<item name="geb_Lure4" chance="0.33" />
			<item name="geb_SpinnerBait1" chance="0.33" />
			<item name="geb_SpinnerBait2" chance="0.33" />
			<item name="geb_SpinnerBait3" chance="0.33" />
			<item name="geb_SpinnerBait4" chance="0.33" />
		</cargo>
	</type>
	<type name="geb_OldGreenTackle">
		<cargo chance="0.20">
			<item name="geb_Lure1" chance="0.33" />
			<item name="geb_Lure2" chance="0.33" />
			<item name="geb_Lure3" chance="0.33" />
			<item name="geb_Lure4" chance="0.33" />
			<item name="geb_SpinnerBait1" chance="0.33" />
			<item name="geb_SpinnerBait2" chance="0.33" />
			<item name="geb_SpinnerBait3" chance="0.33" />
			<item name="geb_SpinnerBait4" chance="0.33" />
		</cargo>
	</type>
	<type name="geb_OldPurpleTackle">
		<cargo chance="0.20">
			<item name="geb_Lure1" chance="0.33" />
			<item name="geb_Lure2" chance="0.33" />
			<item name="geb_Lure3" chance="0.33" />
			<item name="geb_Lure4" chance="0.33" />
			<item name="geb_SpinnerBait1" chance="0.33" />
			<item name="geb_SpinnerBait2" chance="0.33" />
			<item name="geb_SpinnerBait3" chance="0.33" />
			<item name="geb_SpinnerBait4" chance="0.33" />
		</cargo>
	</type>
	<type name="geb_OldRedTackle">
		<cargo chance="0.20">
			<item name="geb_Lure1" chance="0.33" />
			<item name="geb_Lure2" chance="0.33" />
			<item name="geb_Lure3" chance="0.33" />
			<item name="geb_Lure4" chance="0.33" />
			<item name="geb_SpinnerBait1" chance="0.33" />
			<item name="geb_SpinnerBait2" chance="0.33" />
			<item name="geb_SpinnerBait3" chance="0.33" />
			<item name="geb_SpinnerBait4" chance="0.33" />
		</cargo>
	</type>
	<type name="geb_RedTackle">
		<cargo chance="0.20">
			<item name="geb_Lure1" chance="0.33" />
			<item name="geb_Lure2" chance="0.33" />
			<item name="geb_Lure3" chance="0.33" />
			<item name="geb_Lure4" chance="0.33" />
			<item name="geb_SpinnerBait1" chance="0.33" />
			<item name="geb_SpinnerBait2" chance="0.33" />
			<item name="geb_SpinnerBait3" chance="0.33" />
			<item name="geb_SpinnerBait4" chance="0.33" />
		</cargo>
	</type>
	<type name="geb_PurpleTackle">
		<cargo chance="0.20">
			<item name="geb_Lure1" chance="0.33" />
			<item name="geb_Lure2" chance="0.33" />
			<item name="geb_Lure3" chance="0.33" />
			<item name="geb_Lure4" chance="0.33" />
			<item name="geb_SpinnerBait1" chance="0.33" />
			<item name="geb_SpinnerBait2" chance="0.33" />
			<item name="geb_SpinnerBait3" chance="0.33" />
			<item name="geb_SpinnerBait4" chance="0.33" />
		</cargo>
	</type>
	<type name="geb_PinkTackle">
		<cargo chance="0.20">
			<item name="geb_Lure1" chance="0.33" />
			<item name="geb_Lure2" chance="0.33" />
			<item name="geb_Lure3" chance="0.33" />
			<item name="geb_Lure4" chance="0.33" />
			<item name="geb_SpinnerBait1" chance="0.33" />
			<item name="geb_SpinnerBait2" chance="0.33" />
			<item name="geb_SpinnerBait3" chance="0.33" />
			<item name="geb_SpinnerBait4" chance="0.33" />
		</cargo>
	</type>
	<type name="geb_OrangeTackle">
		<cargo chance="0.20">
			<item name="geb_Lure1" chance="0.33" />
			<item name="geb_Lure2" chance="0.33" />
			<item name="geb_Lure3" chance="0.33" />
			<item name="geb_Lure4" chance="0.33" />
			<item name="geb_SpinnerBait1" chance="0.33" />
			<item name="geb_SpinnerBait2" chance="0.33" />
			<item name="geb_SpinnerBait3" chance="0.33" />
			<item name="geb_SpinnerBait4" chance="0.33" />
		</cargo>
	</type>
	<type name="geb_LimeTackle">
		<cargo chance="0.20">
			<item name="geb_Lure1" chance="0.33" />
			<item name="geb_Lure2" chance="0.33" />
			<item name="geb_Lure3" chance="0.33" />
			<item name="geb_Lure4" chance="0.33" />
			<item name="geb_SpinnerBait1" chance="0.33" />
			<item name="geb_SpinnerBait2" chance="0.33" />
			<item name="geb_SpinnerBait3" chance="0.33" />
			<item name="geb_SpinnerBait4" chance="0.33" />
		</cargo>
	</type>
	<type name="geb_LightBlueTackle">
		<cargo chance="0.20">
			<item name="geb_Lure1" chance="0.33" />
			<item name="geb_Lure2" chance="0.33" />
			<item name="geb_Lure3" chance="0.33" />
			<item name="geb_Lure4" chance="0.33" />
			<item name="geb_SpinnerBait1" chance="0.33" />
			<item name="geb_SpinnerBait2" chance="0.33" />
			<item name="geb_SpinnerBait3" chance="0.33" />
			<item name="geb_SpinnerBait4" chance="0.33" />
		</cargo>
	</type>
	<type name="geb_GreenTackle">
		<cargo chance="0.20">
			<item name="geb_Lure1" chance="0.33" />
			<item name="geb_Lure2" chance="0.33" />
			<item name="geb_Lure3" chance="0.33" />
			<item name="geb_Lure4" chance="0.33" />
			<item name="geb_SpinnerBait1" chance="0.33" />
			<item name="geb_SpinnerBait2" chance="0.33" />
			<item name="geb_SpinnerBait3" chance="0.33" />
			<item name="geb_SpinnerBait4" chance="0.33" />
		</cargo>
	</type>
	<type name="geb_BrownTackle">
		<cargo chance="0.20">
			<item name="geb_Lure1" chance="0.33" />
			<item name="geb_Lure2" chance="0.33" />
			<item name="geb_Lure3" chance="0.33" />
			<item name="geb_Lure4" chance="0.33" />
			<item name="geb_SpinnerBait1" chance="0.33" />
			<item name="geb_SpinnerBait2" chance="0.33" />
			<item name="geb_SpinnerBait3" chance="0.33" />
			<item name="geb_SpinnerBait4" chance="0.33" />
		</cargo>
	</type>
	<type name="geb_CamoTackle">
		<cargo chance="0.20">
			<item name="geb_Lure1" chance="0.33" />
			<item name="geb_Lure2" chance="0.33" />
			<item name="geb_Lure3" chance="0.33" />
			<item name="geb_Lure4" chance="0.33" />
			<item name="geb_SpinnerBait1" chance="0.33" />
			<item name="geb_SpinnerBait2" chance="0.33" />
			<item name="geb_SpinnerBait3" chance="0.33" />
			<item name="geb_SpinnerBait4" chance="0.33" />
		</cargo>
	</type>
	<type name="geb_BlueTackle">
		<cargo chance="0.20">
			<item name="geb_Lure1" chance="0.33" />
			<item name="geb_Lure2" chance="0.33" />
			<item name="geb_Lure3" chance="0.33" />
			<item name="geb_Lure4" chance="0.33" />
			<item name="geb_SpinnerBait1" chance="0.33" />
			<item name="geb_SpinnerBait2" chance="0.33" />
			<item name="geb_SpinnerBait3" chance="0.33" />
			<item name="geb_SpinnerBait4" chance="0.33" />
		</cargo>
	</type>
	<type name="geb_FunPurpleTackle">
		<cargo chance="0.20">
			<item name="geb_Lure1" chance="0.33" />
			<item name="geb_Lure2" chance="0.33" />
			<item name="geb_Lure3" chance="0.33" />
			<item name="geb_Lure4" chance="0.33" />
			<item name="geb_SpinnerBait1" chance="0.33" />
			<item name="geb_SpinnerBait2" chance="0.33" />
			<item name="geb_SpinnerBait3" chance="0.33" />
			<item name="geb_SpinnerBait4" chance="0.33" />
		</cargo>
	</type>
	<type name="geb_FunYellowTackle">
		<cargo chance="0.20">
			<item name="geb_Lure1" chance="0.33" />
			<item name="geb_Lure2" chance="0.33" />
			<item name="geb_Lure3" chance="0.33" />
			<item name="geb_Lure4" chance="0.33" />
			<item name="geb_SpinnerBait1" chance="0.33" />
			<item name="geb_SpinnerBait2" chance="0.33" />
			<item name="geb_SpinnerBait3" chance="0.33" />
			<item name="geb_SpinnerBait4" chance="0.33" />
		</cargo>
	</type>
	<type name="geb_FunGreenTackle">
		<cargo chance="0.20">
			<item name="geb_Lure1" chance="0.33" />
			<item name="geb_Lure2" chance="0.33" />
			<item name="geb_Lure3" chance="0.33" />
			<item name="geb_Lure4" chance="0.33" />
			<item name="geb_SpinnerBait1" chance="0.33" />
			<item name="geb_SpinnerBait2" chance="0.33" />
			<item name="geb_SpinnerBait3" chance="0.33" />
			<item name="geb_SpinnerBait4" chance="0.33" />
		</cargo>
	</type>
	<type name="geb_FunRedTackle">
		<cargo chance="0.20">
			<item name="geb_Lure1" chance="0.33" />
			<item name="geb_Lure2" chance="0.33" />
			<item name="geb_Lure3" chance="0.33" />
			<item name="geb_Lure4" chance="0.33" />
			<item name="geb_SpinnerBait1" chance="0.33" />
			<item name="geb_SpinnerBait2" chance="0.33" />
			<item name="geb_SpinnerBait3" chance="0.33" />
			<item name="geb_SpinnerBait4" chance="0.33" />
		</cargo>
	</type>
	<type name="geb_SmallTackle">
		<cargo chance="0.20">
			<item name="geb_Lure1" chance="0.33" />
			<item name="geb_Lure2" chance="0.33" />
			<item name="geb_Lure3" chance="0.33" />
			<item name="geb_Lure4" chance="0.33" />
			<item name="geb_SpinnerBait1" chance="0.33" />
			<item name="geb_SpinnerBait2" chance="0.33" />
			<item name="geb_SpinnerBait3" chance="0.33" />
			<item name="geb_SpinnerBait4" chance="0.33" />
		</cargo>
	</type>
	<type name="geb_WormContainer">
		<cargo chance="0.20">
			<item name="geb_Worm" chance="1.00" />
		</cargo>
		<cargo chance="0.20">
			<item name="geb_Worm" chance="1.00" />
		</cargo>
		<cargo chance="0.20">
			<item name="geb_Worm" chance="1.00" />
		</cargo>
		<cargo chance="0.20">
			<item name="geb_Worm" chance="1.00" />
		</cargo>
		<cargo chance="0.20">
			<item name="geb_Worm" chance="1.00" />
		</cargo>
		<cargo chance="0.20">
			<item name="geb_Worm" chance="1.00" />
		</cargo>
	</type>
	<type name="geb_BugContainer">
		<cargo chance="0.20">
			<item name="geb_Worm" chance="0.27" />
			<item name="geb_GrassHopper" chance="0.26" />
			<item name="geb_FieldCricket" chance="0.20" />
			<item name="geb_GrubWorm" chance="0.27" />
		</cargo>
		<cargo chance="0.20">
			<item name="geb_Worm" chance="0.27" />
			<item name="geb_GrassHopper" chance="0.26" />
			<item name="geb_FieldCricket" chance="0.20" />
			<item name="geb_GrubWorm" chance="0.27" />
		</cargo>
		<cargo chance="0.20">
			<item name="geb_Worm" chance="0.27" />
			<item name="geb_GrassHopper" chance="0.26" />
			<item name="geb_FieldCricket" chance="0.20" />
			<item name="geb_GrubWorm" chance="0.27" />
		</cargo>
		<cargo chance="0.20">
			<item name="geb_Worm" chance="0.27" />
			<item name="geb_GrassHopper" chance="0.26" />
			<item name="geb_FieldCricket" chance="0.20" />
			<item name="geb_GrubWorm" chance="0.27" />
		</cargo>
		<cargo chance="0.20">
			<item name="geb_Worm" chance="0.27" />
			<item name="geb_GrassHopper" chance="0.26" />
			<item name="geb_FieldCricket" chance="0.20" />
			<item name="geb_GrubWorm" chance="0.27" />
		</cargo>
		<cargo chance="0.20">
			<item name="geb_Worm" chance="0.27" />
			<item name="geb_GrassHopper" chance="0.26" />
			<item name="geb_FieldCricket" chance="0.20" />
			<item name="geb_GrubWorm" chance="0.27" />
		</cargo>
		<cargo chance="0.20">
			<item name="geb_Worm" chance="0.27" />
			<item name="geb_GrassHopper" chance="0.26" />
			<item name="geb_FieldCricket" chance="0.20" />
			<item name="geb_GrubWorm" chance="0.27" />
		</cargo>
		<cargo chance="0.20">
			<item name="geb_Worm" chance="0.27" />
			<item name="geb_GrassHopper" chance="0.26" />
			<item name="geb_FieldCricket" chance="0.20" />
			<item name="geb_GrubWorm" chance="0.27" />
		</cargo>
		<cargo chance="0.20">
			<item name="geb_Worm" chance="0.27" />
			<item name="geb_GrassHopper" chance="0.26" />
			<item name="geb_FieldCricket" chance="0.20" />
			<item name="geb_GrubWorm" chance="0.27" />
		</cargo>
		<cargo chance="0.20">
			<item name="geb_Worm" chance="0.27" />
			<item name="geb_GrassHopper" chance="0.26" />
			<item name="geb_FieldCricket" chance="0.20" />
			<item name="geb_GrubWorm" chance="0.27" />
		</cargo>
	</type>
	<type name="geb_GrassHopper" />
	<type name="geb_FieldCricket" />
	<type name="geb_GrubWorm" />
	<type name="geb_RubberWorm" />
	<type name="geb_BlueFishGloves" />
	<type name="geb_OrangeFishGloves" />
	<type name="geb_BlueFishHat" />
	<type name="geb_GreenFishHat" />
	<type name="geb_PurpleFishHat" />
	<type name="geb_RedFishHat" />
	<type name="geb_GreenFishShirt">
		<cargo chance="0.20">
			<item name="geb_BlueFishGloves" chance="0.50" />
			<item name="geb_OrangeFishGloves" chance="0.50" />
		</cargo>
		<cargo chance="0.15">
			<item name="geb_BlueFishHat" chance="0.25" />
			<item name="geb_GreenFishHat" chance="0.25" />
			<item name="geb_PurpleFishHat" chance="0.25" />
			<item name="geb_RedFishHat" chance="0.25" />
		</cargo>
		<cargo chance="0.15">
			<item name="geb_BlueFishKnife" chance="0.16" />
			<item name="geb_OrangeFishKnife" chance="0.16" />
			<item name="geb_GreenFishKnife" chance="0.16" />
			<item name="geb_YellowFishKnife" chance="0.16" />
			<item name="geb_RedFishKnife" chance="0.16" />
			<item name="geb_PurpleFishKnife" chance="0.16" />
		</cargo>
	</type>
	<type name="geb_BlueFishShirt">
		<cargo chance="0.20">
			<item name="geb_BlueFishGloves" chance="0.50" />
			<item name="geb_OrangeFishGloves" chance="0.50" />
		</cargo>
		<cargo chance="0.15">
			<item name="geb_BlueFishHat" chance="0.25" />
			<item name="geb_GreenFishHat" chance="0.25" />
			<item name="geb_PurpleFishHat" chance="0.25" />
			<item name="geb_RedFishHat" chance="0.25" />
		</cargo>
		<cargo chance="0.15">
			<item name="geb_BlueFishKnife" chance="0.16" />
			<item name="geb_OrangeFishKnife" chance="0.16" />
			<item name="geb_GreenFishKnife" chance="0.16" />
			<item name="geb_YellowFishKnife" chance="0.16" />
			<item name="geb_RedFishKnife" chance="0.16" />
			<item name="geb_PurpleFishKnife" chance="0.16" />
		</cargo>
	</type>
	<type name="geb_PurpleFishShirt">
		<cargo chance="0.20">
			<item name="geb_BlueFishGloves" chance="0.50" />
			<item name="geb_OrangeFishGloves" chance="0.50" />
		</cargo>
		<cargo chance="0.15">
			<item name="geb_BlueFishHat" chance="0.25" />
			<item name="geb_GreenFishHat" chance="0.25" />
			<item name="geb_PurpleFishHat" chance="0.25" />
			<item name="geb_RedFishHat" chance="0.25" />
		</cargo>
		<cargo chance="0.15">
			<item name="geb_BlueFishKnife" chance="0.16" />
			<item name="geb_OrangeFishKnife" chance="0.16" />
			<item name="geb_GreenFishKnife" chance="0.16" />
			<item name="geb_YellowFishKnife" chance="0.16" />
			<item name="geb_RedFishKnife" chance="0.16" />
			<item name="geb_PurpleFishKnife" chance="0.16" />
		</cargo>
	</type>
	<type name="geb_RedFishShirt">
		<cargo chance="0.20">
			<item name="geb_BlueFishGloves" chance="0.50" />
			<item name="geb_OrangeFishGloves" chance="0.50" />
		</cargo>
		<cargo chance="0.15">
			<item name="geb_BlueFishHat" chance="0.25" />
			<item name="geb_GreenFishHat" chance="0.25" />
			<item name="geb_PurpleFishHat" chance="0.25" />
			<item name="geb_RedFishHat" chance="0.25" />
		</cargo>
		<cargo chance="0.15">
			<item name="geb_BlueFishKnife" chance="0.16" />
			<item name="geb_OrangeFishKnife" chance="0.16" />
			<item name="geb_GreenFishKnife" chance="0.16" />
			<item name="geb_YellowFishKnife" chance="0.16" />
			<item name="geb_RedFishKnife" chance="0.16" />
			<item name="geb_PurpleFishKnife" chance="0.16" />
		</cargo>
	</type>
	<type name="geb_MinnowBucket" />
</spawnabletypes>