<?xml version="1.0" encoding="UTF-8" standalone="yes"?>
<types>
	<type name="rf_helipad_kit">
		<nominal>0</nominal>
		<lifetime>3888000</lifetime>
		<restock>0</restock>
		<min>0</min>
		<quantmin>-1</quantmin>
		<quantmax>-1</quantmax>
		<cost>100</cost>
		<flags count_in_cargo="0" count_in_hoarder="0" count_in_map="1" count_in_player="0" crafted="0" deloot="0" />
	</type> 
	<type name="rf_helipad">
		<nominal>0</nominal>
		<lifetime>3888000</lifetime>
		<restock>0</restock>
		<min>0</min>
		<quantmin>-1</quantmin>
		<quantmax>-1</quantmax>
		<cost>100</cost>
		<flags count_in_cargo="0" count_in_hoarder="0" count_in_map="1" count_in_player="0" crafted="0" deloot="0" />
	</type> 
	<type name="rf_helipad_static">
		<nominal>0</nominal>
		<lifetime>3888000</lifetime>
		<restock>0</restock>
		<min>0</min>
		<quantmin>-1</quantmin>
		<quantmax>-1</quantmax>
		<cost>100</cost>
		<flags count_in_cargo="0" count_in_hoarder="0" count_in_map="1" count_in_player="0" crafted="0" deloot="0" />
	</type> 
</types>

