<?xml version="1.0" encoding="UTF-8" standalone="yes"?>
<types>
	<type name="NM_KeroseneLamp">
        <lifetime>3888000</lifetime>
        <flags count_in_cargo="0" count_in_hoarder="0" count_in_map="0" count_in_player="0" crafted="1" deloot="0"/>
    </type>
	<type name="NM_StreetLamp">
        <lifetime>3888000</lifetime>
        <flags count_in_cargo="0" count_in_hoarder="0" count_in_map="0" count_in_player="0" crafted="1" deloot="0"/>
    </type>
	<type name="NM_IndustrialLamp">
        <lifetime>3888000</lifetime>
        <flags count_in_cargo="0" count_in_hoarder="0" count_in_map="0" count_in_player="0" crafted="1" deloot="0"/>
    </type>
	<type name="NM_Lamp">
        <lifetime>3888000</lifetime>
        <flags count_in_cargo="0" count_in_hoarder="0" count_in_map="0" count_in_player="0" crafted="1" deloot="0"/>
    </type>
</types>	