<?xml version="1.0" encoding="UTF-8" standalone="yes"?>
<types>
    <type name="mm_uni_sling_green">
        <nominal>10</nominal>
        <lifetime>28800</lifetime>
        <restock>0</restock>
        <min>5</min>
        <quantmin>-1</quantmin>
        <quantmax>-1</quantmax>
        <cost>100</cost>
        <flags count_in_cargo="0" count_in_hoarder="0" count_in_map="1" count_in_player="0" crafted="0" deloot="0"/>
        <category name="containers"/>
        <usage name="Coast"/>
        <usage name="Hunting"/>
    </type>
    <type name="mm_uni_sling_black">
        <nominal>10</nominal>
        <lifetime>28800</lifetime>
        <restock>0</restock>
        <min>5</min>
        <quantmin>-1</quantmin>
        <quantmax>-1</quantmax>
        <cost>100</cost>
        <flags count_in_cargo="0" count_in_hoarder="0" count_in_map="1" count_in_player="0" crafted="0" deloot="0"/>
        <category name="containers"/>
        <usage name="Coast"/>
        <usage name="Hunting"/>
    </type>
    <type name="mm_uni_sling_tan">
        <nominal>10</nominal>
        <lifetime>28800</lifetime>
        <restock>0</restock>
        <min>5</min>
        <quantmin>-1</quantmin>
        <quantmax>-1</quantmax>
        <cost>100</cost>
        <flags count_in_cargo="0" count_in_hoarder="0" count_in_map="1" count_in_player="0" crafted="0" deloot="0"/>
        <category name="containers"/>
        <usage name="Coast"/>
        <usage name="Hunting"/>
    </type>
    <type name="mm_uni_sling_tropic">
        <nominal>10</nominal>
        <lifetime>28800</lifetime>
        <restock>0</restock>
        <min>5</min>
        <quantmin>-1</quantmin>
        <quantmax>-1</quantmax>
        <cost>100</cost>
        <flags count_in_cargo="0" count_in_hoarder="0" count_in_map="1" count_in_player="0" crafted="0" deloot="0"/>
        <category name="containers"/>
        <usage name="Coast"/>
        <usage name="Hunting"/>
    </type>
    <type name="mm_commando_bag_green">
        <nominal>5</nominal>
        <lifetime>28800</lifetime>
        <restock>1800</restock>
        <min>1</min>
        <quantmin>-1</quantmin>
        <quantmax>-1</quantmax>
        <cost>100</cost>
        <flags count_in_cargo="1" count_in_hoarder="1" count_in_map="1" count_in_player="1" crafted="0" deloot="0"/>
        <category name="containers"/>
        <usage name="Military"/>
    </type>
    <type name="mm_commando_bag_khaki">
        <nominal>5</nominal>
        <lifetime>28800</lifetime>
        <restock>1800</restock>
        <min>1</min>
        <quantmin>-1</quantmin>
        <quantmax>-1</quantmax>
        <cost>100</cost>
        <flags count_in_cargo="1" count_in_hoarder="1" count_in_map="1" count_in_player="1" crafted="0" deloot="0"/>
        <category name="containers"/>
        <usage name="Military"/>
    </type>
    <type name="mm_commando_bag_black">
        <nominal>5</nominal>
        <lifetime>28800</lifetime>
        <restock>1800</restock>
        <min>1</min>
        <quantmin>-1</quantmin>
        <quantmax>-1</quantmax>
        <cost>100</cost>
        <flags count_in_cargo="1" count_in_hoarder="1" count_in_map="1" count_in_player="1" crafted="0" deloot="0"/>
        <category name="containers"/>
        <usage name="Military"/>
    </type>
    <type name="mm_commando_bag_ucp">
        <nominal>5</nominal>
        <lifetime>28800</lifetime>
        <restock>1800</restock>
        <min>1</min>
        <quantmin>-1</quantmin>
        <quantmax>-1</quantmax>
        <cost>100</cost>
        <flags count_in_cargo="1" count_in_hoarder="1" count_in_map="1" count_in_player="1" crafted="0" deloot="0"/>
        <category name="containers"/>
        <usage name="Military"/>
    </type>
    <type name="mm_commando_bag_nwu">
        <nominal>5</nominal>
        <lifetime>28800</lifetime>
        <restock>1800</restock>
        <min>1</min>
        <quantmin>-1</quantmin>
        <quantmax>-1</quantmax>
        <cost>100</cost>
        <flags count_in_cargo="1" count_in_hoarder="1" count_in_map="1" count_in_player="1" crafted="0" deloot="0"/>
        <category name="containers"/>
        <usage name="Military"/>
    </type>
    <type name="mm_commando_bag_tropic">
        <nominal>5</nominal>
        <lifetime>28800</lifetime>
        <restock>1800</restock>
        <min>1</min>
        <quantmin>-1</quantmin>
        <quantmax>-1</quantmax>
        <cost>100</cost>
        <flags count_in_cargo="1" count_in_hoarder="1" count_in_map="1" count_in_player="1" crafted="0" deloot="0"/>
        <category name="containers"/>
        <usage name="Military"/>
    </type>
    <type name="mm_commando_bag_desert">
        <nominal>5</nominal>
        <lifetime>28800</lifetime>
        <restock>1800</restock>
        <min>1</min>
        <quantmin>-1</quantmin>
        <quantmax>-1</quantmax>
        <cost>100</cost>
        <flags count_in_cargo="1" count_in_hoarder="1" count_in_map="1" count_in_player="1" crafted="0" deloot="0"/>
        <category name="containers"/>
        <usage name="Military"/>
    </type>
    <type name="mm_weapon_bag_custom_green">
        <nominal>5</nominal>
        <lifetime>28800</lifetime>
        <restock>1800</restock>
        <min>1</min>
        <quantmin>-1</quantmin>
        <quantmax>-1</quantmax>
        <cost>100</cost>
        <flags count_in_cargo="1" count_in_hoarder="1" count_in_map="1" count_in_player="1" crafted="0" deloot="0"/>
        <category name="containers"/>
        <usage name="Military"/>
    </type>
    <type name="mm_weapon_bag_custom_black">
        <nominal>5</nominal>
        <lifetime>28800</lifetime>
        <restock>1800</restock>
        <min>1</min>
        <quantmin>-1</quantmin>
        <quantmax>-1</quantmax>
        <cost>100</cost>
        <flags count_in_cargo="1" count_in_hoarder="1" count_in_map="1" count_in_player="1" crafted="0" deloot="0"/>
        <category name="containers"/>
        <usage name="Military"/>
    </type>
    <type name="mm_maska_helmet_green">
        <nominal>5</nominal>
        <lifetime>14400</lifetime>
        <restock>600</restock>
        <min>3</min>
        <quantmin>-1</quantmin>
        <quantmax>-1</quantmax>
        <cost>100</cost>
        <flags count_in_cargo="0" count_in_hoarder="0" count_in_map="1" count_in_player="0" crafted="0" deloot="0"/>
        <category name="clothes"/>
        <tag name="shelves"/>
        <usage name="Military"/>
        <value name="Tier2"/>
        <value name="Tier3"/>
        <value name="Tier4"/>
    </type>
    <type name="mm_maska_helmet_black">
        <nominal>5</nominal>
        <lifetime>14400</lifetime>
        <restock>600</restock>
        <min>3</min>
        <quantmin>-1</quantmin>
        <quantmax>-1</quantmax>
        <cost>100</cost>
        <flags count_in_cargo="0" count_in_hoarder="0" count_in_map="1" count_in_player="0" crafted="0" deloot="0"/>
        <category name="clothes"/>
        <tag name="shelves"/>
        <usage name="Military"/>
        <value name="Tier2"/>
        <value name="Tier3"/>
        <value name="Tier4"/>
    </type>
    <type name="mm_shemagh1_green">
        <nominal>10</nominal>
        <lifetime>14400</lifetime>
        <restock>0</restock>
        <min>5</min>
        <quantmin>-1</quantmin>
        <quantmax>-1</quantmax>
        <cost>100</cost>
        <flags count_in_cargo="0" count_in_hoarder="0" count_in_map="1" count_in_player="0" crafted="0" deloot="0"/>
        <category name="clothes"/>
        <usage name="Town"/>
        <usage name="Village"/>
        <value name="Tier2"/>
        <value name="Tier3"/>
    </type>
    <type name="mm_shemagh1_red">
        <nominal>10</nominal>
        <lifetime>14400</lifetime>
        <restock>0</restock>
        <min>5</min>
        <quantmin>-1</quantmin>
        <quantmax>-1</quantmax>
        <cost>100</cost>
        <flags count_in_cargo="0" count_in_hoarder="0" count_in_map="1" count_in_player="0" crafted="0" deloot="0"/>
        <category name="clothes"/>
        <usage name="Town"/>
        <usage name="Village"/>
        <value name="Tier2"/>
        <value name="Tier3"/>
    </type>
    <type name="mm_shemagh1_blackgold">
        <nominal>10</nominal>
        <lifetime>14400</lifetime>
        <restock>0</restock>
        <min>5</min>
        <quantmin>-1</quantmin>
        <quantmax>-1</quantmax>
        <cost>100</cost>
        <flags count_in_cargo="0" count_in_hoarder="0" count_in_map="1" count_in_player="0" crafted="0" deloot="0"/>
        <category name="clothes"/>
        <usage name="Town"/>
        <usage name="Village"/>
        <value name="Tier2"/>
        <value name="Tier3"/>
    </type>
    <type name="mm_shemagh1_black">
        <nominal>10</nominal>
        <lifetime>14400</lifetime>
        <restock>0</restock>
        <min>5</min>
        <quantmin>-1</quantmin>
        <quantmax>-1</quantmax>
        <cost>100</cost>
        <flags count_in_cargo="0" count_in_hoarder="0" count_in_map="1" count_in_player="0" crafted="0" deloot="0"/>
        <category name="clothes"/>
        <usage name="Town"/>
        <usage name="Village"/>
        <value name="Tier2"/>
        <value name="Tier3"/>
    </type>
    <type name="mm_shemagh1_khaki">
        <nominal>10</nominal>
        <lifetime>14400</lifetime>
        <restock>0</restock>
        <min>5</min>
        <quantmin>-1</quantmin>
        <quantmax>-1</quantmax>
        <cost>100</cost>
        <flags count_in_cargo="0" count_in_hoarder="0" count_in_map="1" count_in_player="0" crafted="0" deloot="0"/>
        <category name="clothes"/>
        <usage name="Town"/>
        <usage name="Village"/>
        <value name="Tier2"/>
        <value name="Tier3"/>
    </type>
    <type name="mm_shemagh2_green">
        <nominal>5</nominal>
        <lifetime>14400</lifetime>
        <restock>0</restock>
        <min>2</min>
        <quantmin>-1</quantmin>
        <quantmax>-1</quantmax>
        <cost>100</cost>
        <flags count_in_cargo="0" count_in_hoarder="0" count_in_map="1" count_in_player="0" crafted="0" deloot="0"/>
        <category name="clothes"/>
        <usage name="Military"/>
        <usage name="Police"/>
        <usage name="Town"/>
        <usage name="Village"/>
        <value name="Tier2"/>
        <value name="Tier3"/>
        <value name="Tier4"/>
    </type>
    <type name="mm_shemagh2_red">
        <nominal>5</nominal>
        <lifetime>14400</lifetime>
        <restock>0</restock>
        <min>2</min>
        <quantmin>-1</quantmin>
        <quantmax>-1</quantmax>
        <cost>100</cost>
        <flags count_in_cargo="0" count_in_hoarder="0" count_in_map="1" count_in_player="0" crafted="0" deloot="0"/>
        <category name="clothes"/>
        <usage name="Military"/>
        <usage name="Police"/>
        <usage name="Town"/>
        <usage name="Village"/>
        <value name="Tier2"/>
        <value name="Tier3"/>
        <value name="Tier4"/>
    </type>
    <type name="mm_shemagh2_grey">
        <nominal>5</nominal>
        <lifetime>14400</lifetime>
        <restock>0</restock>
        <min>2</min>
        <quantmin>-1</quantmin>
        <quantmax>-1</quantmax>
        <cost>100</cost>
        <flags count_in_cargo="0" count_in_hoarder="0" count_in_map="1" count_in_player="0" crafted="0" deloot="0"/>
        <category name="clothes"/>
        <usage name="Military"/>
        <usage name="Police"/>
        <usage name="Town"/>
        <usage name="Village"/>
        <value name="Tier2"/>
        <value name="Tier3"/>
        <value name="Tier4"/>
    </type>
    <type name="mm_shemagh2_khaki">
        <nominal>5</nominal>
        <lifetime>14400</lifetime>
        <restock>0</restock>
        <min>2</min>
        <quantmin>-1</quantmin>
        <quantmax>-1</quantmax>
        <cost>100</cost>
        <flags count_in_cargo="0" count_in_hoarder="0" count_in_map="1" count_in_player="0" crafted="0" deloot="0"/>
        <category name="clothes"/>
        <usage name="Military"/>
        <usage name="Police"/>
        <usage name="Town"/>
        <usage name="Village"/>
        <value name="Tier2"/>
        <value name="Tier3"/>
        <value name="Tier4"/>
    </type>
    <type name="mm_neck_gaiter_green">
        <nominal>5</nominal>
        <lifetime>28800</lifetime>
        <restock>0</restock>
        <min>2</min>
        <quantmin>-1</quantmin>
        <quantmax>-1</quantmax>
        <cost>100</cost>
        <flags count_in_cargo="0" count_in_hoarder="0" count_in_map="1" count_in_player="0" crafted="0" deloot="0"/>
        <category name="clothes"/>
        <tag name="shelves"/>
        <usage name="Industrial"/>
        <usage name="Town"/>
        <usage name="Village"/>
        <value name="Tier1"/>
        <value name="Tier2"/>
    </type>
    <type name="mm_neck_gaiter_red">
        <nominal>5</nominal>
        <lifetime>28800</lifetime>
        <restock>0</restock>
        <min>2</min>
        <quantmin>-1</quantmin>
        <quantmax>-1</quantmax>
        <cost>100</cost>
        <flags count_in_cargo="0" count_in_hoarder="0" count_in_map="1" count_in_player="0" crafted="0" deloot="0"/>
        <category name="clothes"/>
        <tag name="shelves"/>
        <usage name="Industrial"/>
        <usage name="Town"/>
        <usage name="Village"/>
        <value name="Tier1"/>
        <value name="Tier2"/>
    </type>
    <type name="mm_neck_gaiter_grey">
        <nominal>5</nominal>
        <lifetime>28800</lifetime>
        <restock>0</restock>
        <min>2</min>
        <quantmin>-1</quantmin>
        <quantmax>-1</quantmax>
        <cost>100</cost>
        <flags count_in_cargo="0" count_in_hoarder="0" count_in_map="1" count_in_player="0" crafted="0" deloot="0"/>
        <category name="clothes"/>
        <tag name="shelves"/>
        <usage name="Industrial"/>
        <usage name="Town"/>
        <usage name="Village"/>
        <value name="Tier1"/>
        <value name="Tier2"/>
    </type>
    <type name="mm_neck_gaiter_khaki">
        <nominal>5</nominal>
        <lifetime>28800</lifetime>
        <restock>0</restock>
        <min>2</min>
        <quantmin>-1</quantmin>
        <quantmax>-1</quantmax>
        <cost>100</cost>
        <flags count_in_cargo="0" count_in_hoarder="0" count_in_map="1" count_in_player="0" crafted="0" deloot="0"/>
        <category name="clothes"/>
        <tag name="shelves"/>
        <usage name="Industrial"/>
        <usage name="Town"/>
        <usage name="Village"/>
        <value name="Tier1"/>
        <value name="Tier2"/>
    </type>
    <type name="mm_fingerless_gloves_green">
        <nominal>8</nominal>
        <lifetime>14400</lifetime>
        <restock>0</restock>
        <min>3</min>
        <quantmin>-1</quantmin>
        <quantmax>-1</quantmax>
        <cost>100</cost>
        <flags count_in_cargo="0" count_in_hoarder="0" count_in_map="1" count_in_player="0" crafted="0" deloot="0"/>
        <category name="clothes"/>
        <usage name="Military"/>
    </type>
    <type name="mm_fingerless_gloves_black">
        <nominal>8</nominal>
        <lifetime>14400</lifetime>
        <restock>0</restock>
        <min>3</min>
        <quantmin>-1</quantmin>
        <quantmax>-1</quantmax>
        <cost>100</cost>
        <flags count_in_cargo="0" count_in_hoarder="0" count_in_map="1" count_in_player="0" crafted="0" deloot="0"/>
        <category name="clothes"/>
        <usage name="Military"/>
    </type>
    <type name="mm_fingerless_gloves_grey">
        <nominal>8</nominal>
        <lifetime>14400</lifetime>
        <restock>0</restock>
        <min>3</min>
        <quantmin>-1</quantmin>
        <quantmax>-1</quantmax>
        <cost>100</cost>
        <flags count_in_cargo="0" count_in_hoarder="0" count_in_map="1" count_in_player="0" crafted="0" deloot="0"/>
        <category name="clothes"/>
        <usage name="Military"/>
    </type>
    <type name="mm_survival_pants_black">
        <nominal>10</nominal>
        <lifetime>14400</lifetime>
        <restock>0</restock>
        <min>5</min>
        <quantmin>-1</quantmin>
        <quantmax>-1</quantmax>
        <cost>100</cost>
        <flags count_in_cargo="0" count_in_hoarder="0" count_in_map="1" count_in_player="0" crafted="0" deloot="0"/>
        <category name="clothes"/>
        <usage name="Town"/>
        <usage name="Hunting"/>
    </type>
    <type name="mm_survival_pants_blue">
        <nominal>10</nominal>
        <lifetime>14400</lifetime>
        <restock>0</restock>
        <min>5</min>
        <quantmin>-1</quantmin>
        <quantmax>-1</quantmax>
        <cost>100</cost>
        <flags count_in_cargo="0" count_in_hoarder="0" count_in_map="1" count_in_player="0" crafted="0" deloot="0"/>
        <category name="clothes"/>
        <usage name="Town"/>
        <usage name="Hunting"/>
    </type>
    <type name="mm_padded_jeans_black">
        <nominal>15</nominal>
        <lifetime>14400</lifetime>
        <restock>0</restock>
        <min>5</min>
        <quantmin>-1</quantmin>
        <quantmax>-1</quantmax>
        <cost>100</cost>
        <flags count_in_cargo="0" count_in_hoarder="0" count_in_map="1" count_in_player="0" crafted="0" deloot="0"/>
        <category name="clothes"/>
        <usage name="Town"/>
    </type>
    <type name="mm_padded_jeans_blue">
        <nominal>15</nominal>
        <lifetime>14400</lifetime>
        <restock>0</restock>
        <min>5</min>
        <quantmin>-1</quantmin>
        <quantmax>-1</quantmax>
        <cost>100</cost>
        <flags count_in_cargo="0" count_in_hoarder="0" count_in_map="1" count_in_player="0" crafted="0" deloot="0"/>
        <category name="clothes"/>
        <usage name="Town"/>
    </type>
    <type name="mm_longsleeve_green">
        <nominal>15</nominal>
        <lifetime>14400</lifetime>
        <restock>0</restock>
        <min>5</min>
        <quantmin>-1</quantmin>
        <quantmax>-1</quantmax>
        <cost>100</cost>
        <flags count_in_cargo="0" count_in_hoarder="0" count_in_map="1" count_in_player="0" crafted="0" deloot="0"/>
        <category name="clothes"/>
        <usage name="Town"/>
    </type>
    <type name="mm_longsleeve_black">
        <nominal>20</nominal>
        <lifetime>14400</lifetime>
        <restock>0</restock>
        <min>5</min>
        <quantmin>-1</quantmin>
        <quantmax>-1</quantmax>
        <cost>100</cost>
        <flags count_in_cargo="0" count_in_hoarder="0" count_in_map="1" count_in_player="0" crafted="0" deloot="0"/>
        <category name="clothes"/>
        <usage name="Town"/>
        <usage name="Village"/>
    </type>
    <type name="mm_longsleeve_blue">
        <nominal>20</nominal>
        <lifetime>14400</lifetime>
        <restock>0</restock>
        <min>5</min>
        <quantmin>-1</quantmin>
        <quantmax>-1</quantmax>
        <cost>100</cost>
        <flags count_in_cargo="0" count_in_hoarder="0" count_in_map="1" count_in_player="0" crafted="0" deloot="0"/>
        <category name="clothes"/>
        <usage name="Town"/>
        <usage name="Village"/>
    </type>
    <type name="mm_longsleeve_red">
        <nominal>20</nominal>
        <lifetime>14400</lifetime>
        <restock>0</restock>
        <min>5</min>
        <quantmin>-1</quantmin>
        <quantmax>-1</quantmax>
        <cost>100</cost>
        <flags count_in_cargo="0" count_in_hoarder="0" count_in_map="1" count_in_player="0" crafted="0" deloot="0"/>
        <category name="clothes"/>
        <usage name="Town"/>
        <usage name="Village"/>
    </type>
    <type name="mm_longsleeve_white">
        <nominal>20</nominal>
        <lifetime>14400</lifetime>
        <restock>0</restock>
        <min>5</min>
        <quantmin>-1</quantmin>
        <quantmax>-1</quantmax>
        <cost>100</cost>
        <flags count_in_cargo="0" count_in_hoarder="0" count_in_map="1" count_in_player="0" crafted="0" deloot="0"/>
        <category name="clothes"/>
        <usage name="Town"/>
        <usage name="Village"/>
    </type>
    <type name="mm_longsleeve_blue_yellow">
        <nominal>20</nominal>
        <lifetime>14400</lifetime>
        <restock>0</restock>
        <min>5</min>
        <quantmin>-1</quantmin>
        <quantmax>-1</quantmax>
        <cost>100</cost>
        <flags count_in_cargo="0" count_in_hoarder="0" count_in_map="1" count_in_player="0" crafted="0" deloot="0"/>
        <category name="clothes"/>
        <usage name="Town"/>
        <usage name="Village"/>
    </type>
    <type name="mm_longsleeve_red_white">
        <nominal>20</nominal>
        <lifetime>14400</lifetime>
        <restock>0</restock>
        <min>5</min>
        <quantmin>-1</quantmin>
        <quantmax>-1</quantmax>
        <cost>100</cost>
        <flags count_in_cargo="0" count_in_hoarder="0" count_in_map="1" count_in_player="0" crafted="0" deloot="0"/>
        <category name="clothes"/>
        <usage name="Town"/>
        <usage name="Village"/>
    </type>
    <type name="mm_longsleeve_white_blue">
        <nominal>20</nominal>
        <lifetime>14400</lifetime>
        <restock>0</restock>
        <min>5</min>
        <quantmin>-1</quantmin>
        <quantmax>-1</quantmax>
        <cost>100</cost>
        <flags count_in_cargo="0" count_in_hoarder="0" count_in_map="1" count_in_player="0" crafted="0" deloot="0"/>
        <category name="clothes"/>
        <usage name="Town"/>
        <usage name="Village"/>
    </type>
    <type name="mm_hoodie_green">
        <nominal>20</nominal>
        <lifetime>14400</lifetime>
        <restock>0</restock>
        <min>10</min>
        <quantmin>-1</quantmin>
        <quantmax>-1</quantmax>
        <cost>100</cost>
        <flags count_in_cargo="0" count_in_hoarder="0" count_in_map="1" count_in_player="0" crafted="0" deloot="0"/>
        <category name="clothes"/>
        <usage name="Town"/>
        <usage name="Village"/>
        <value name="Tier2"/>
        <value name="Tier3"/>
        <value name="Tier4"/>
    </type>
    <type name="mm_hoodie_yellow">
        <nominal>20</nominal>
        <lifetime>14400</lifetime>
        <restock>0</restock>
        <min>10</min>
        <quantmin>-1</quantmin>
        <quantmax>-1</quantmax>
        <cost>100</cost>
        <flags count_in_cargo="0" count_in_hoarder="0" count_in_map="1" count_in_player="0" crafted="0" deloot="0"/>
        <category name="clothes"/>
        <usage name="Town"/>
        <usage name="Village"/>
        <value name="Tier2"/>
        <value name="Tier3"/>
        <value name="Tier4"/>
    </type>
    <type name="mm_hoodie_blue">
        <nominal>20</nominal>
        <lifetime>14400</lifetime>
        <restock>0</restock>
        <min>10</min>
        <quantmin>-1</quantmin>
        <quantmax>-1</quantmax>
        <cost>100</cost>
        <flags count_in_cargo="0" count_in_hoarder="0" count_in_map="1" count_in_player="0" crafted="0" deloot="0"/>
        <category name="clothes"/>
        <usage name="Town"/>
        <usage name="Village"/>
        <value name="Tier2"/>
        <value name="Tier3"/>
        <value name="Tier4"/>
    </type>
    <type name="mm_hoodie_black">
        <nominal>20</nominal>
        <lifetime>14400</lifetime>
        <restock>0</restock>
        <min>10</min>
        <quantmin>-1</quantmin>
        <quantmax>-1</quantmax>
        <cost>100</cost>
        <flags count_in_cargo="0" count_in_hoarder="0" count_in_map="1" count_in_player="0" crafted="0" deloot="0"/>
        <category name="clothes"/>
        <usage name="Town"/>
        <usage name="Village"/>
        <value name="Tier2"/>
        <value name="Tier3"/>
        <value name="Tier4"/>
    </type>
    <type name="mm_hoodie_hooded_green">
        <nominal>20</nominal>
        <lifetime>14400</lifetime>
        <restock>0</restock>
        <min>10</min>
        <quantmin>-1</quantmin>
        <quantmax>-1</quantmax>
        <cost>100</cost>
        <flags count_in_cargo="0" count_in_hoarder="0" count_in_map="1" count_in_player="0" crafted="0" deloot="0"/>
        <category name="clothes"/>
        <usage name="Town"/>
        <usage name="Village"/>
        <value name="Tier2"/>
        <value name="Tier3"/>
        <value name="Tier4"/>
    </type>
    <type name="mm_hoodie_hooded_yellow">
        <nominal>20</nominal>
        <lifetime>14400</lifetime>
        <restock>0</restock>
        <min>10</min>
        <quantmin>-1</quantmin>
        <quantmax>-1</quantmax>
        <cost>100</cost>
        <flags count_in_cargo="0" count_in_hoarder="0" count_in_map="1" count_in_player="0" crafted="0" deloot="0"/>
        <category name="clothes"/>
        <usage name="Town"/>
        <usage name="Village"/>
        <value name="Tier2"/>
        <value name="Tier3"/>
        <value name="Tier4"/>
    </type>
    <type name="mm_hoodie_hooded_blue">
        <nominal>20</nominal>
        <lifetime>14400</lifetime>
        <restock>0</restock>
        <min>10</min>
        <quantmin>-1</quantmin>
        <quantmax>-1</quantmax>
        <cost>100</cost>
        <flags count_in_cargo="0" count_in_hoarder="0" count_in_map="1" count_in_player="0" crafted="0" deloot="0"/>
        <category name="clothes"/>
        <usage name="Town"/>
        <usage name="Village"/>
        <value name="Tier2"/>
        <value name="Tier3"/>
        <value name="Tier4"/>
    </type>
    <type name="mm_hoodie_hooded_black">
        <nominal>20</nominal>
        <lifetime>14400</lifetime>
        <restock>0</restock>
        <min>10</min>
        <quantmin>-1</quantmin>
        <quantmax>-1</quantmax>
        <cost>100</cost>
        <flags count_in_cargo="0" count_in_hoarder="0" count_in_map="1" count_in_player="0" crafted="0" deloot="0"/>
        <category name="clothes"/>
        <usage name="Town"/>
        <usage name="Village"/>
        <value name="Tier2"/>
        <value name="Tier3"/>
        <value name="Tier4"/>
    </type>
    <type name="mm_winter_jacket_green">
        <nominal>10</nominal>
        <lifetime>14400</lifetime>
        <restock>0</restock>
        <min>5</min>
        <quantmin>-1</quantmin>
        <quantmax>-1</quantmax>
        <cost>100</cost>
        <flags count_in_cargo="0" count_in_hoarder="0" count_in_map="1" count_in_player="0" crafted="0" deloot="0"/>
        <category name="clothes"/>
        <usage name="Town"/>
        <usage name="Village"/>
        <value name="Tier3"/>
        <value name="Tier4"/>
    </type>
    <type name="mm_winter_jacket_black">
        <nominal>10</nominal>
        <lifetime>14400</lifetime>
        <restock>0</restock>
        <min>5</min>
        <quantmin>-1</quantmin>
        <quantmax>-1</quantmax>
        <cost>100</cost>
        <flags count_in_cargo="0" count_in_hoarder="0" count_in_map="1" count_in_player="0" crafted="0" deloot="0"/>
        <category name="clothes"/>
        <usage name="Town"/>
        <usage name="Village"/>
        <value name="Tier3"/>
        <value name="Tier4"/>
    </type>
    <type name="mm_winter_jacket_yellow">
        <nominal>10</nominal>
        <lifetime>14400</lifetime>
        <restock>0</restock>
        <min>5</min>
        <quantmin>-1</quantmin>
        <quantmax>-1</quantmax>
        <cost>100</cost>
        <flags count_in_cargo="0" count_in_hoarder="0" count_in_map="1" count_in_player="0" crafted="0" deloot="0"/>
        <category name="clothes"/>
        <usage name="Town"/>
        <usage name="Village"/>
        <value name="Tier3"/>
        <value name="Tier4"/>
    </type>
    <type name="mm_winter_jacket_red">
        <nominal>10</nominal>
        <lifetime>14400</lifetime>
        <restock>0</restock>
        <min>5</min>
        <quantmin>-1</quantmin>
        <quantmax>-1</quantmax>
        <cost>100</cost>
        <flags count_in_cargo="0" count_in_hoarder="0" count_in_map="1" count_in_player="0" crafted="0" deloot="0"/>
        <category name="clothes"/>
        <usage name="Town"/>
        <usage name="Village"/>
        <value name="Tier3"/>
        <value name="Tier4"/>
    </type>
    <type name="mm_winter_jacket_blue">
        <nominal>10</nominal>
        <lifetime>14400</lifetime>
        <restock>0</restock>
        <min>5</min>
        <quantmin>-1</quantmin>
        <quantmax>-1</quantmax>
        <cost>100</cost>
        <flags count_in_cargo="0" count_in_hoarder="0" count_in_map="1" count_in_player="0" crafted="0" deloot="0"/>
        <category name="clothes"/>
        <usage name="Town"/>
        <usage name="Village"/>
        <value name="Tier3"/>
        <value name="Tier4"/>
    </type>
    <type name="mm_combat_vest_green">
        <nominal>3</nominal>
        <lifetime>14400</lifetime>
        <restock>0</restock>
        <min>1</min>
        <quantmin>-1</quantmin>
        <quantmax>-1</quantmax>
        <cost>100</cost>
        <flags count_in_cargo="0" count_in_hoarder="0" count_in_map="1" count_in_player="0" crafted="0" deloot="0"/>
        <category name="clothes"/>
        <usage name="Military"/>
        <value name="Tier3"/>
        <value name="Tier4"/>
    </type>
    <type name="mm_combat_vest_grey">
        <nominal>3</nominal>
        <lifetime>14400</lifetime>
        <restock>0</restock>
        <min>1</min>
        <quantmin>-1</quantmin>
        <quantmax>-1</quantmax>
        <cost>100</cost>
        <flags count_in_cargo="0" count_in_hoarder="0" count_in_map="1" count_in_player="0" crafted="0" deloot="0"/>
        <category name="clothes"/>
        <usage name="Military"/>
        <value name="Tier3"/>
        <value name="Tier4"/>
    </type>
    <type name="mm_combat_vest_black">
        <nominal>3</nominal>
        <lifetime>14400</lifetime>
        <restock>0</restock>
        <min>1</min>
        <quantmin>-1</quantmin>
        <quantmax>-1</quantmax>
        <cost>100</cost>
        <flags count_in_cargo="0" count_in_hoarder="0" count_in_map="1" count_in_player="0" crafted="0" deloot="0"/>
        <category name="clothes"/>
        <usage name="Military"/>
        <value name="Tier3"/>
        <value name="Tier4"/>
    </type>
    <type name="mm_combat_vest_tan">
        <nominal>3</nominal>
        <lifetime>14400</lifetime>
        <restock>0</restock>
        <min>1</min>
        <quantmin>-1</quantmin>
        <quantmax>-1</quantmax>
        <cost>100</cost>
        <flags count_in_cargo="0" count_in_hoarder="0" count_in_map="1" count_in_player="0" crafted="0" deloot="0"/>
        <category name="clothes"/>
        <usage name="Military"/>
        <value name="Tier3"/>
        <value name="Tier4"/>
    </type>
</types>
