<?xml version="1.0" encoding="UTF-8" standalone="yes"?>
<types>
	<type name="mz_KOTHflag">
		<lifetime>3600</lifetime>
		<flags count_in_cargo="0" count_in_hoarder="0" count_in_map="1" count_in_player="0" crafted="1" deloot="0" />
	</type>
	<type name="mz_KOTHchest_SupplyBox1">
		<lifetime>1800</lifetime>
		<flags count_in_cargo="0" count_in_hoarder="0" count_in_map="1" count_in_player="0" crafted="1" deloot="0" />
	</type>
	<type name="mz_KOTHchest_SupplyBox2">
		<lifetime>1800</lifetime>
		<flags count_in_cargo="0" count_in_hoarder="0" count_in_map="1" count_in_player="0" crafted="1" deloot="0" />
	</type>
	<type name="mz_KOTHchest_SupplyBox3">
		<lifetime>1800</lifetime>
		<flags count_in_cargo="0" count_in_hoarder="0" count_in_map="1" count_in_player="0" crafted="1" deloot="0" />
	</type>
</types>
