<?xml version="1.0" encoding="UTF-8" standalone="yes"?>
<types> 
    <type name="PaydayMask_Wolf">
        <nominal>0</nominal>
        <lifetime>7200</lifetime>
        <restock>1800</restock>
        <min>0</min>
        <quantmin>-1</quantmin>
        <quantmax>-1</quantmax>
        <cost>100</cost>
        <flags count_in_cargo="0" count_in_hoarder="0" count_in_map="1" count_in_player="0" crafted="0" deloot="0"/>
        <category name="weapons"/>
        <usage name="Military"/>				
    </type>	
  <type name="PaydayMask_Dallas">
        <nominal>0</nominal>
        <lifetime>7200</lifetime>
        <restock>1800</restock>
        <min>0</min>
        <quantmin>-1</quantmin>
        <quantmax>-1</quantmax>
        <cost>100</cost>
        <flags count_in_cargo="0" count_in_hoarder="0" count_in_map="1" count_in_player="0" crafted="0" deloot="0"/>
        <category name="weapons"/>
        <usage name="Military"/>				
    </type>	
  <type name="PaydayMask_Chains">
        <nominal>0</nominal>
        <lifetime>7200</lifetime>
        <restock>1800</restock>
        <min>0</min>
        <quantmin>-1</quantmin>
        <quantmax>-1</quantmax>
        <cost>100</cost>
        <flags count_in_cargo="0" count_in_hoarder="0" count_in_map="1" count_in_player="0" crafted="0" deloot="0"/>
        <category name="weapons"/>
        <usage name="Military"/>				
    </type>	
  <type name="PaydayMask_Hoxton">
        <nominal>0</nominal>
        <lifetime>7200</lifetime>
        <restock>1800</restock>
        <min>0</min>
        <quantmin>-1</quantmin>
        <quantmax>-1</quantmax>
        <cost>100</cost>
        <flags count_in_cargo="0" count_in_hoarder="0" count_in_map="1" count_in_player="0" crafted="0" deloot="0"/>
        <category name="weapons"/>
        <usage name="Military"/>				
    </type>	
</types>