<?xml version="1.0" encoding="utf-8"?>
<types>
    <type name="Bitcoin">
        <nominal>0</nominal>
        <lifetime>3888000</lifetime>
        <restock>240</restock>
        <min>0</min>
        <quantmin>-1</quantmin>
        <quantmax>-1</quantmax>
        <cost>100</cost>
        <flags count_in_cargo="0" count_in_hoarder="0" count_in_map="1" count_in_player="0" crafted="0" deloot="0"/>
        <category name="tools"/>
    </type>
    <type name="PC">
        <nominal>0</nominal>
        <lifetime>3888000</lifetime>
        <restock>240</restock>
        <min>0</min>
        <quantmin>-1</quantmin>
        <quantmax>-1</quantmax>
        <cost>100</cost>
        <flags count_in_cargo="0" count_in_hoarder="0" count_in_map="1" count_in_player="0" crafted="0" deloot="0"/>
        <category name="containers"/>
    </type>
    <type name="PSU">
        <nominal>25</nominal>
        <lifetime>3888000</lifetime>
        <restock>240</restock>
        <min>12</min>
        <quantmin>-1</quantmin>
        <quantmax>-1</quantmax>
        <cost>100</cost>
        <flags count_in_cargo="0" count_in_hoarder="0" count_in_map="1" count_in_player="0" crafted="0" deloot="0"/>
        <category name="containers"/>
        <usage name="Underground"/>
        <value name="Unique"/>
    </type>
    <type name="GPU">
        <nominal>30</nominal>
        <lifetime>3888000</lifetime>
        <restock>240</restock>
        <min>15</min>
        <quantmin>-1</quantmin>
        <quantmax>-1</quantmax>
        <cost>100</cost>
        <flags count_in_cargo="0" count_in_hoarder="0" count_in_map="1" count_in_player="0" crafted="0" deloot="0"/>
        <category name="containers"/>
    </type>
	<type name="GPU_RTX_ThirtyNinty">
        <nominal>25</nominal>
        <lifetime>3888000</lifetime>
        <restock>240</restock>
        <min>12</min>
        <quantmin>-1</quantmin>
        <quantmax>-1</quantmax>
        <cost>100</cost>
        <flags count_in_cargo="0" count_in_hoarder="0" count_in_map="1" count_in_player="0" crafted="0" deloot="0"/>
        <category name="tools"/>
        <usage name="Industrial"/>
    </type>
    <type name="PC_Kit">
        <nominal>25</nominal>
        <lifetime>3888000</lifetime>
        <restock>240</restock>
        <min>12</min>
        <quantmin>-1</quantmin>
        <quantmax>-1</quantmax>
        <cost>100</cost>
        <flags count_in_cargo="0" count_in_hoarder="0" count_in_map="1" count_in_player="0" crafted="0" deloot="0"/>
        <category name="tools"/>
        <usage name="Industrial"/>
    </type>
	<type name="Soldering_Iron">
        <nominal>25</nominal>
        <lifetime>3888000</lifetime>
        <restock>240</restock>
        <min>10</min>
        <quantmin>-1</quantmin>
        <quantmax>-1</quantmax>
        <cost>100</cost>
        <flags count_in_cargo="0" count_in_hoarder="0" count_in_map="1" count_in_player="0" crafted="0" deloot="0"/>
        <category name="tools"/>
        <usage name="Industrial"/>
    </type>
	<type name="RTX_GPU_Box">
        <nominal>25</nominal>
        <lifetime>3888000</lifetime>
        <restock>240</restock>
        <min>10</min>
        <quantmin>-1</quantmin>
        <quantmax>-1</quantmax>
        <cost>100</cost>
        <flags count_in_cargo="0" count_in_hoarder="0" count_in_map="1" count_in_player="0" crafted="0" deloot="0"/>
        <category name="tools"/>
        <usage name="Industrial"/>
        <usage name="Underground"/>
        <value name="Unique"/>
    </type>
	<type name="SSD_Box">
        <nominal>0</nominal>
        <lifetime>3888000</lifetime>
        <restock>240</restock>
        <min>0</min>
        <quantmin>-1</quantmin>
        <quantmax>-1</quantmax>
        <cost>100</cost>
        <flags count_in_cargo="0" count_in_hoarder="0" count_in_map="1" count_in_player="0" crafted="0" deloot="0"/>
        <category name="tools"/>
        <usage name="Industrial"/>
    </type>
	<type name="SSD">
        <nominal>25</nominal>
        <lifetime>3888000</lifetime>
        <restock>240</restock>
        <min>12</min>
        <quantmin>-1</quantmin>
        <quantmax>-1</quantmax>
        <cost>100</cost>
        <flags count_in_cargo="0" count_in_hoarder="0" count_in_map="1" count_in_player="0" crafted="0" deloot="0"/>
        <category name="tools"/>
        <usage name="Industrial"/>
    </type>
	<type name="Ram">
        <nominal>25</nominal>
        <lifetime>3888000</lifetime>
        <restock>240</restock>
        <min>12</min>
        <quantmin>-1</quantmin>
        <quantmax>-1</quantmax>
        <cost>100</cost>
        <flags count_in_cargo="0" count_in_hoarder="0" count_in_map="1" count_in_player="0" crafted="0" deloot="0"/>
        <category name="tools"/>
        <usage name="Industrial"/>
    </type>
	<type name="Duct_Tape">
        <nominal>20</nominal>
        <lifetime>3888000</lifetime>
        <restock>240</restock>
        <min>10</min>
        <quantmin>-1</quantmin>
        <quantmax>-1</quantmax>
        <cost>100</cost>
        <flags count_in_cargo="0" count_in_hoarder="0" count_in_map="1" count_in_player="0" crafted="0" deloot="0"/>
        <category name="tools"/>
        <usage name="Industrial"/>
    </type>
	<type name="CardBoard_Box">
        <nominal>20</nominal>
        <lifetime>3888000</lifetime>
        <restock>240</restock>
        <min>10</min>
        <quantmin>-1</quantmin>
        <quantmax>-1</quantmax>
        <cost>100</cost>
        <flags count_in_cargo="0" count_in_hoarder="0" count_in_map="1" count_in_player="0" crafted="0" deloot="0"/>
        <category name="tools"/>
        <usage name="Industrial"/>
    </type>
	<type name="Copper_Strands">
        <nominal>20</nominal>
        <lifetime>3888000</lifetime>
        <restock>240</restock>
        <min>10</min>
        <quantmin>-1</quantmin>
        <quantmax>-1</quantmax>
        <cost>100</cost>
        <flags count_in_cargo="0" count_in_hoarder="0" count_in_map="1" count_in_player="0" crafted="0" deloot="0"/>
        <category name="tools"/>
        <usage name="Industrial"/>
    </type>
	<type name="Wiring">
        <nominal>20</nominal>
        <lifetime>3888000</lifetime>
        <restock>240</restock>
        <min>10</min>
        <quantmin>-1</quantmin>
        <quantmax>-1</quantmax>
        <cost>100</cost>
        <flags count_in_cargo="0" count_in_hoarder="0" count_in_map="1" count_in_player="0" crafted="0" deloot="0"/>
        <category name="tools"/>
        <usage name="Industrial"/>
    </type>	
	<type name="CPU">
        <nominal>25</nominal>
        <lifetime>3888000</lifetime>
        <restock>240</restock>
        <min>12</min>
        <quantmin>-1</quantmin>
        <quantmax>-1</quantmax>
        <cost>100</cost>
        <flags count_in_cargo="0" count_in_hoarder="0" count_in_map="1" count_in_player="0" crafted="0" deloot="0"/>
        <category name="tools"/>
        <usage name="Industrial"/>
    </type>	
	<type name="MetaLeon">
        <nominal>0</nominal>
        <lifetime>3888000</lifetime>
        <restock>240</restock>
        <min>0</min>
        <quantmin>-1</quantmin>
        <quantmax>-1</quantmax>
        <cost>100</cost>
        <flags count_in_cargo="0" count_in_hoarder="0" count_in_map="1" count_in_player="0" crafted="0" deloot="0"/>
        <category name="tools"/>
        <usage name="Industrial"/>
    </type>	
	<type name="Ethereum">
        <nominal>0</nominal>
        <lifetime>3888000</lifetime>
        <restock>240</restock>
        <min>0</min>
        <quantmin>-1</quantmin>
        <quantmax>-1</quantmax>
        <cost>100</cost>
        <flags count_in_cargo="0" count_in_hoarder="0" count_in_map="1" count_in_player="0" crafted="0" deloot="0"/>
        <category name="tools"/>
    </type>
	<type name="Radeon_GPU">
        <nominal>25</nominal>
        <lifetime>3888000</lifetime>
        <restock>240</restock>
        <min>10</min>
        <quantmin>-1</quantmin>
        <quantmax>-1</quantmax>
        <cost>100</cost>
        <flags count_in_cargo="0" count_in_hoarder="0" count_in_map="1" count_in_player="0" crafted="0" deloot="0"/>
        <category name="tools"/>
        <usage name="Industrial"/>
    </type>	
</types>