<?xml version="1.0" encoding="UTF-8" standalone="yes"?>
<types>
<type name="MB_GengarPlush">
<nominal>3</nominal>
<lifetime>28800</lifetime>
<restock>0</restock>
<min>0</min>
<quantmin>-1</quantmin>
<quantmax>-1</quantmax>
<cost>100</cost>
<flags count_in_cargo="0" count_in_hoarder="0" count_in_map="1" count_in_player="0" crafted="0" deloot="0" />
<category name="tools" />
<usage name="Industrial" />
<usage name="Farm" />
<usage name="Village" />
<usage name="Medic" />
<usage name="Hunting" />
<usage name="Coast" />
<tag name="floor" />
</type>
  <type name="MB_BulbasaurPlush">
<nominal>3</nominal>
<lifetime>28800</lifetime>
<restock>0</restock>
<min>0</min>
<quantmin>-1</quantmin>
<quantmax>-1</quantmax>
<cost>100</cost>
<flags count_in_cargo="0" count_in_hoarder="0" count_in_map="1" count_in_player="0" crafted="0" deloot="0" />
<category name="tools" />
<usage name="Industrial" />
<usage name="Farm" />
<usage name="Village" />
<usage name="Medic" />
<usage name="Hunting" />
<usage name="Coast" />
<tag name="floor" />
</type>
  <type name="MB_MewPlush">
<nominal>3</nominal>
<lifetime>28800</lifetime>
<restock>0</restock>
<min>0</min>
<quantmin>-1</quantmin>
<quantmax>-1</quantmax>
<cost>100</cost>
<flags count_in_cargo="0" count_in_hoarder="0" count_in_map="1" count_in_player="0" crafted="0" deloot="0" />
<category name="tools" />
<usage name="Industrial" />
<usage name="Farm" />
<usage name="Village" />
<usage name="Medic" />
<usage name="Hunting" />
<usage name="Coast" />
<tag name="floor" />
</type>
</types>