<?xml version="1.0" encoding="utf-8"?>
<types>
  <type name="BLR_Hammer">
    <nominal>0</nominal>
    <lifetime>7200</lifetime>
    <restock>0</restock>
    <min>0</min>
    <quantmin>-1</quantmin>
    <quantmax>-1</quantmax>
    <cost>100</cost>
    <flags count_in_cargo="0" count_in_hoarder="0" count_in_map="1" count_in_player="0" crafted="0" deloot="0" />
    <category name="tools" />
    <usage name="Industrial" />
    <usage name="Farm" />
    <usage name="Village" />
  </type>
  <type name="BLR_House1_Kit">
    <nominal>0</nominal>
    <lifetime>7200</lifetime>
    <restock>1800</restock>
    <min>0</min>
    <quantmin>-1</quantmin>
    <quantmax>-1</quantmax>
    <cost>100</cost>
    <flags count_in_cargo="0" count_in_hoarder="0" count_in_map="1" count_in_player="0" crafted="0" deloot="0" />
  </type>
  <type name="Land_BLR_House1">
    <nominal>0</nominal>
    <lifetime>3888000</lifetime>
    <restock>1800</restock>
    <min>0</min>
    <quantmin>-1</quantmin>
    <quantmax>-1</quantmax>
    <cost>100</cost>
    <flags count_in_cargo="0" count_in_hoarder="0" count_in_map="1" count_in_player="0" crafted="0" deloot="0" />
  </type>
  <type name="BLR_House2_Kit">
    <nominal>0</nominal>
    <lifetime>7200</lifetime>
    <restock>1800</restock>
    <min>0</min>
    <quantmin>-1</quantmin>
    <quantmax>-1</quantmax>
    <cost>100</cost>
    <flags count_in_cargo="0" count_in_hoarder="0" count_in_map="1" count_in_player="0" crafted="0" deloot="0" />
  </type>
  <type name="Land_BLR_House2">
    <nominal>0</nominal>
    <lifetime>3888000</lifetime>
    <restock>1800</restock>
    <min>0</min>
    <quantmin>-1</quantmin>
    <quantmax>-1</quantmax>
    <cost>100</cost>
    <flags count_in_cargo="0" count_in_hoarder="0" count_in_map="1" count_in_player="0" crafted="0" deloot="0" />
  </type>
  <type name="BLR_House3_Kit">
    <nominal>0</nominal>
    <lifetime>7200</lifetime>
    <restock>1800</restock>
    <min>0</min>
    <quantmin>-1</quantmin>
    <quantmax>-1</quantmax>
    <cost>100</cost>
    <flags count_in_cargo="0" count_in_hoarder="0" count_in_map="1" count_in_player="0" crafted="0" deloot="0" />
  </type>
  <type name="Land_BLR_House3">
    <nominal>0</nominal>
    <lifetime>3888000</lifetime>
    <restock>1800</restock>
    <min>0</min>
    <quantmin>-1</quantmin>
    <quantmax>-1</quantmax>
    <cost>100</cost>
    <flags count_in_cargo="0" count_in_hoarder="0" count_in_map="1" count_in_player="0" crafted="0" deloot="0" />
  </type>
  <type name="BLR_House4_Kit">
    <nominal>0</nominal>
    <lifetime>7200</lifetime>
    <restock>1800</restock>
    <min>0</min>
    <quantmin>-1</quantmin>
    <quantmax>-1</quantmax>
    <cost>100</cost>
    <flags count_in_cargo="0" count_in_hoarder="0" count_in_map="1" count_in_player="0" crafted="0" deloot="0" />
  </type>
  <type name="Land_BLR_House4">
    <nominal>0</nominal>
    <lifetime>3888000</lifetime>
    <restock>1800</restock>
    <min>0</min>
    <quantmin>-1</quantmin>
    <quantmax>-1</quantmax>
    <cost>100</cost>
    <flags count_in_cargo="0" count_in_hoarder="0" count_in_map="1" count_in_player="0" crafted="0" deloot="0" />
  </type>
  <type name="BLR_House5_Kit">
    <nominal>0</nominal>
    <lifetime>7200</lifetime>
    <restock>1800</restock>
    <min>0</min>
    <quantmin>-1</quantmin>
    <quantmax>-1</quantmax>
    <cost>100</cost>
    <flags count_in_cargo="0" count_in_hoarder="0" count_in_map="1" count_in_player="0" crafted="0" deloot="0" />
  </type>
  <type name="Land_BLR_House5">
    <nominal>0</nominal>
    <lifetime>3888000</lifetime>
    <restock>1800</restock>
    <min>0</min>
    <quantmin>-1</quantmin>
    <quantmax>-1</quantmax>
    <cost>100</cost>
    <flags count_in_cargo="0" count_in_hoarder="0" count_in_map="1" count_in_player="0" crafted="0" deloot="0" />
  </type>
</types>