<?xml version="1.0" encoding="UTF-8" standalone="yes"?>
<types>
    <!-- Keycards once activated -->
    <!-- Dont Spawn these only keep them alive if dropped -->
    <type name="DNA_KeyCard_Red">
        <lifetime>14400</lifetime>
        <flags count_in_cargo="0" count_in_hoarder="0" count_in_map="1" count_in_player="0" crafted="0" deloot="0"/>
    </type>
    <type name="DNA_KeyCard_Purple">
        <lifetime>14400</lifetime>
        <flags count_in_cargo="0" count_in_hoarder="0" count_in_map="1" count_in_player="0" crafted="0" deloot="0"/>
    </type>
    <type name="DNA_KeyCard_Blue">
        <lifetime>14400</lifetime>
        <flags count_in_cargo="0" count_in_hoarder="0" count_in_map="1" count_in_player="0" crafted="0" deloot="0"/>
    </type>
    <type name="DNA_KeyCard_Green">
        <lifetime>14400</lifetime>
        <flags count_in_cargo="0" count_in_hoarder="0" count_in_map="1" count_in_player="0" crafted="0" deloot="0"/>
    </type>
    <type name="DNA_KeyCard_Yellow">
        <lifetime>14400</lifetime>
        <flags count_in_cargo="0" count_in_hoarder="0" count_in_map="1" count_in_player="0" crafted="0" deloot="0"/>
    </type>
    <type name="DNA_KeyCard_Orange">
        <lifetime>14400</lifetime>
        <flags count_in_cargo="0" count_in_hoarder="0" count_in_map="1" count_in_player="0" crafted="0" deloot="0"/>
    </type>
    <!-- Keycards once used -->
    <!-- You can spawn these in but they need to be fixed to be used -->
    <!-- I have given the spawning version in below, uncomment them and comment out the others IMPORTANT -->
    <type name="DNA_KeyCard_Error">
        <lifetime>14400</lifetime>
        <flags count_in_cargo="0" count_in_hoarder="0" count_in_map="1" count_in_player="0" crafted="0" deloot="0"/>
    </type>
    <type name="DNA_KeyCard_Blank">
        <lifetime>14400</lifetime>
        <flags count_in_cargo="0" count_in_hoarder="0" count_in_map="1" count_in_player="0" crafted="0" deloot="0"/>
    </type>
    <type name="DNA_KeyCard_Error">
        <lifetime>14400</lifetime>
        <flags count_in_cargo="0" count_in_hoarder="0" count_in_map="1" count_in_player="0" crafted="0" deloot="0"/>
    </type>
    <type name="DNA_KeyCard_Blank">
        <lifetime>14400</lifetime>
        <flags count_in_cargo="0" count_in_hoarder="0" count_in_map="1" count_in_player="0" crafted="0" deloot="0"/>
    </type>
    <type name="DNA_KeyCard_Orange_Unprogrammed">
        <lifetime>14400</lifetime>
        <flags count_in_cargo="0" count_in_hoarder="0" count_in_map="1" count_in_player="0" crafted="0" deloot="0"/>
    </type>
    <type name="DNA_KeyCard_Yellow_Unprogrammed">
        <lifetime>14400</lifetime>
        <flags count_in_cargo="0" count_in_hoarder="0" count_in_map="1" count_in_player="0" crafted="0" deloot="0"/>
    </type>
    <type name="DNA_KeyCard_Green_Unprogrammed">
        <lifetime>14400</lifetime>
        <flags count_in_cargo="0" count_in_hoarder="0" count_in_map="1" count_in_player="0" crafted="0" deloot="0"/>
    </type>
    <type name="DNA_KeyCard_Blue_Unprogrammed">
        <lifetime>14400</lifetime>
        <flags count_in_cargo="0" count_in_hoarder="0" count_in_map="1" count_in_player="0" crafted="0" deloot="0"/>
    </type>
    <type name="DNA_KeyCard_Purple_Unprogrammed">
        <lifetime>14400</lifetime>
        <flags count_in_cargo="0" count_in_hoarder="0" count_in_map="1" count_in_player="0" crafted="0" deloot="0"/>
    </type>
    <type name="DNA_KeyCard_Red_Unprogrammed">
        <lifetime>14400</lifetime>
        <flags count_in_cargo="0" count_in_hoarder="0" count_in_map="1" count_in_player="0" crafted="0" deloot="0"/>
    </type>
    <type name="DNA_KeyCard_Error">
        <nominal>10</nominal>
        <lifetime>14400</lifetime>
        <restock>100</restock>
        <min>5</min>
        <quantmin>-1</quantmin>
        <quantmax>-1</quantmax>
        <cost>100</cost>
        <flags count_in_cargo="0" count_in_hoarder="0" count_in_map="1" count_in_player="0" crafted="0" deloot="0"/>
        <category name="weapons"/>
        <usage name="Military"/>
        <usage name="Underground"/>
        <value name="Unique"/>
    </type>
    <type name="DNA_KeyCard_Blank">
        <nominal>5</nominal>
        <lifetime>14400</lifetime>
        <restock>100</restock>
        <min>3</min>
        <quantmin>-1</quantmin>
        <quantmax>-1</quantmax>
        <cost>100</cost>
        <flags count_in_cargo="0" count_in_hoarder="0" count_in_map="1" count_in_player="0" crafted="0" deloot="0"/>
        <category name="weapons"/>
        <usage name="Military"/>
    </type>
    <type name="DNA_KeyCard_Orange_Unprogrammed">
        <nominal>5</nominal>
        <lifetime>14400</lifetime>
        <restock>100</restock>
        <min>3</min>
        <quantmin>-1</quantmin>
        <quantmax>-1</quantmax>
        <cost>100</cost>
        <flags count_in_cargo="0" count_in_hoarder="0" count_in_map="1" count_in_player="0" crafted="0" deloot="0"/>
        <category name="weapons"/>
        <usage name="Military"/>
    </type>
    <type name="DNA_KeyCard_Yellow_Unprogrammed">
        <nominal>10</nominal>
        <lifetime>14400</lifetime>
        <restock>100</restock>
        <min>5</min>
        <quantmin>-1</quantmin>
        <quantmax>-1</quantmax>
        <cost>100</cost>
        <flags count_in_cargo="0" count_in_hoarder="0" count_in_map="1" count_in_player="0" crafted="0" deloot="0"/>
        <category name="weapons"/>
        <usage name="Military"/>
    </type>
    <type name="DNA_KeyCard_Green_Unprogrammed">
        <nominal>10</nominal>
        <lifetime>14400</lifetime>
        <restock>100</restock>
        <min>5</min>
        <quantmin>-1</quantmin>
        <quantmax>-1</quantmax>
        <cost>100</cost>
        <flags count_in_cargo="0" count_in_hoarder="0" count_in_map="1" count_in_player="0" crafted="0" deloot="0"/>
        <category name="weapons"/>
        <usage name="Military"/>
    </type>
    <type name="DNA_KeyCard_Blue_Unprogrammed">
        <nominal>10</nominal>
        <lifetime>14400</lifetime>
        <restock>100</restock>
        <min>5</min>
        <quantmin>-1</quantmin>
        <quantmax>-1</quantmax>
        <cost>100</cost>
        <flags count_in_cargo="0" count_in_hoarder="0" count_in_map="1" count_in_player="0" crafted="0" deloot="0"/>
        <category name="weapons"/>
        <usage name="Military"/>
        <usage name="Underground"/>
        <value name="Unique"/>
    </type>
    <type name="DNA_KeyCard_Purple_Unprogrammed">
        <nominal>10</nominal>
        <lifetime>14400</lifetime>
        <restock>100</restock>
        <min>5</min>
        <quantmin>-1</quantmin>
        <quantmax>-1</quantmax>
        <cost>100</cost>
        <flags count_in_cargo="0" count_in_hoarder="0" count_in_map="1" count_in_player="0" crafted="0" deloot="0"/>
        <category name="weapons"/>
        <usage name="Military"/>
    </type>
    <type name="DNA_KeyCard_Red_Unprogrammed">
        <nominal>10</nominal>
        <lifetime>14400</lifetime>
        <restock>100</restock>
        <min>5</min>
        <quantmin>-1</quantmin>
        <quantmax>-1</quantmax>
        <cost>100</cost>
        <flags count_in_cargo="0" count_in_hoarder="0" count_in_map="1" count_in_player="0" crafted="0" deloot="0"/>
        <category name="weapons"/>
        <usage name="Military"/>
    </type>
    
    <!-- Keycards that need activating -->
    <!-- These are the default spawn -->
    <!-- Set up as military spawns -->
 
   <type name="DNA_KeyCard_Orange_Inactive">
        <nominal>1</nominal>
        <lifetime>14400</lifetime>
        <restock>100</restock>
        <min>1</min>
        <quantmin>-1</quantmin>
        <quantmax>-1</quantmax>
        <cost>100</cost>
        <flags count_in_cargo="0" count_in_hoarder="0" count_in_map="1" count_in_player="0" crafted="0" deloot="0"/>
        <category name="weapons"/>
        <usage name="Military"/>
    </type>
    <type name="DNA_KeyCard_Red_Inactive">
        <nominal>1</nominal>
        <lifetime>14400</lifetime>
        <restock>100</restock>
        <min>1</min>
        <quantmin>-1</quantmin>
        <quantmax>-1</quantmax>
        <cost>100</cost>
        <flags count_in_cargo="0" count_in_hoarder="0" count_in_map="1" count_in_player="0" crafted="0" deloot="0"/>
        <category name="weapons"/>
        <usage name="Military"/>
    </type>
    <type name="DNA_KeyCard_Purple_Inactive">
        <nominal>1</nominal>
        <lifetime>14400</lifetime>
        <restock>100</restock>
        <min>1</min>
        <quantmin>-1</quantmin>
        <quantmax>-1</quantmax>
        <cost>100</cost>
        <flags count_in_cargo="0" count_in_hoarder="0" count_in_map="1" count_in_player="0" crafted="0" deloot="0"/>
        <category name="weapons"/>
        <usage name="Military"/>
        <usage name="Underground"/>
        <value name="Unique"/>
    </type>
    <type name="DNA_KeyCard_Blue_Inactive">
        <nominal>1</nominal>
        <lifetime>14400</lifetime>
        <restock>100</restock>
        <min>1</min>
        <quantmin>-1</quantmin>
        <quantmax>-1</quantmax>
        <cost>100</cost>
        <flags count_in_cargo="0" count_in_hoarder="0" count_in_map="1" count_in_player="0" crafted="0" deloot="0"/>
        <category name="weapons"/>
        <usage name="Military"/>
    </type>
    <type name="DNA_KeyCard_Green_Inactive">
        <nominal>1</nominal>
        <lifetime>14400</lifetime>
        <restock>100</restock>
        <min>1</min>
        <quantmin>-1</quantmin>
        <quantmax>-1</quantmax>
        <cost>100</cost>
        <flags count_in_cargo="0" count_in_hoarder="0" count_in_map="1" count_in_player="0" crafted="0" deloot="0"/>
        <category name="weapons"/>
        <usage name="Military"/>
    </type>
    <type name="DNA_KeyCard_Yellow_Inactive">
        <nominal>1</nominal>
        <lifetime>14400</lifetime>
        <restock>100</restock>
        <min>1</min>
        <quantmin>-1</quantmin>
        <quantmax>-1</quantmax>
        <cost>100</cost>
        <flags count_in_cargo="0" count_in_hoarder="0" count_in_map="1" count_in_player="0" crafted="0" deloot="0"/>
        <category name="weapons"/>
        <usage name="Military"/>
        <usage name="Underground"/>
        <value name="Unique"/>
    </type>  
    <!-- Keycard Chip Blister Packs can be used to fix the used or blank keycards -->
    <!-- These are the default spawn -->
    <!-- Set up as military spawns -->
    <type name="DNA_KeyCard_BlisterPackChip_Orange">
        <nominal>8</nominal>
        <lifetime>14400</lifetime>
        <restock>100</restock>
        <min>4</min>
        <quantmin>-1</quantmin>
        <quantmax>-1</quantmax>
        <cost>100</cost>
        <flags count_in_cargo="0" count_in_hoarder="0" count_in_map="1" count_in_player="0" crafted="0" deloot="0"/>
        <category name="weapons"/>
        <usage name="Military"/>
    </type>
    <type name="DNA_KeyCard_BlisterPackChip_Red">
        <nominal>8</nominal>
        <lifetime>14400</lifetime>
        <restock>100</restock>
        <min>4</min>
        <quantmin>-1</quantmin>
        <quantmax>-1</quantmax>
        <cost>100</cost>
        <flags count_in_cargo="0" count_in_hoarder="0" count_in_map="1" count_in_player="0" crafted="0" deloot="0"/>
        <category name="weapons"/>
        <usage name="Military"/>
    </type>
    <type name="DNA_KeyCard_BlisterPackChip_Purple">
        <nominal>8</nominal>
        <lifetime>14400</lifetime>
        <restock>100</restock>
        <min>4</min>
        <quantmin>-1</quantmin>
        <quantmax>-1</quantmax>
        <cost>100</cost>
        <flags count_in_cargo="0" count_in_hoarder="0" count_in_map="1" count_in_player="0" crafted="0" deloot="0"/>
        <category name="weapons"/>
        <usage name="Military"/>
    </type>
    <type name="DNA_KeyCard_BlisterPackChip_Blue">
        <nominal>8</nominal>
        <lifetime>14400</lifetime>
        <restock>100</restock>
        <min>4</min>
        <quantmin>-1</quantmin>
        <quantmax>-1</quantmax>
        <cost>100</cost>
        <flags count_in_cargo="0" count_in_hoarder="0" count_in_map="1" count_in_player="0" crafted="0" deloot="0"/>
        <category name="weapons"/>
        <usage name="Military"/>
    </type>
    <type name="DNA_KeyCard_BlisterPackChip_Green">
        <nominal>8</nominal>
        <lifetime>14400</lifetime>
        <restock>100</restock>
        <min>4</min>
        <quantmin>-1</quantmin>
        <quantmax>-1</quantmax>
        <cost>100</cost>
        <flags count_in_cargo="0" count_in_hoarder="0" count_in_map="1" count_in_player="0" crafted="0" deloot="0"/>
        <category name="weapons"/>
        <usage name="Military"/>
    </type>
    <type name="DNA_KeyCard_BlisterPackChip_Yellow">
        <nominal>8</nominal>
        <lifetime>14400</lifetime>
        <restock>100</restock>
        <min>4</min>
        <quantmin>-1</quantmin>
        <quantmax>-1</quantmax>
        <cost>100</cost>
        <flags count_in_cargo="0" count_in_hoarder="0" count_in_map="1" count_in_player="0" crafted="0" deloot="0"/>
        <category name="weapons"/>
        <usage name="Military"/>
    </type>
    <type name="DNA_KeyCard_BlisterPackChipEmpty">
        <lifetime>300</lifetime>
        <flags count_in_cargo="0" count_in_hoarder="0" count_in_map="1" count_in_player="0" crafted="0" deloot="0"/>
    </type>
    <!-- Keycard Chips can be used to fix the used or blank keycards -->
    <!-- Keep Alive only as you get these from the blister packs above -->
    <type name="DNA_KeyCard_KeyCardChip_Orange">
        <lifetime>14400</lifetime>
        <flags count_in_cargo="0" count_in_hoarder="0" count_in_map="1" count_in_player="0" crafted="0" deloot="0"/>
    </type>
    <type name="DNA_KeyCard_KeyCardChip_Yellow">
        <lifetime>14400</lifetime>
        <flags count_in_cargo="0" count_in_hoarder="0" count_in_map="1" count_in_player="0" crafted="0" deloot="0"/>
    </type>
    <type name="DNA_KeyCard_KeyCardChip_Green">
        <lifetime>14400</lifetime>
        <flags count_in_cargo="0" count_in_hoarder="0" count_in_map="1" count_in_player="0" crafted="0" deloot="0"/>
    </type>
    <type name="DNA_KeyCard_KeyCardChip_Blue">
        <lifetime>14400</lifetime>
        <flags count_in_cargo="0" count_in_hoarder="0" count_in_map="1" count_in_player="0" crafted="0" deloot="0"/>
    </type>
    <type name="DNA_KeyCard_KeyCardChip_Purple">
        <lifetime>14400</lifetime>
        <flags count_in_cargo="0" count_in_hoarder="0" count_in_map="1" count_in_player="0" crafted="0" deloot="0"/>
    </type>
    <type name="DNA_KeyCard_KeyCardChip_Red">
        <lifetime>14400</lifetime>
        <flags count_in_cargo="0" count_in_hoarder="0" count_in_map="1" count_in_player="0" crafted="0" deloot="0"/>
    </type>
    <type name="DNA_KeyCard_KeyCardChip_Burnt">
        <lifetime>14400</lifetime>
        <flags count_in_cargo="0" count_in_hoarder="0" count_in_map="1" count_in_player="0" crafted="0" deloot="0"/>
    </type>
    <!-- Dimple Key for the metal doors and wood crates -->
    <!-- Set up as military spawns -->
    <type name="DNA_DimpleKey_Orange">
        <nominal>0</nominal>
        <lifetime>14400</lifetime>
        <restock>100</restock>
        <min>0</min>
        <quantmin>-1</quantmin>
        <quantmax>-1</quantmax>
        <cost>100</cost>
        <flags count_in_cargo="0" count_in_hoarder="0" count_in_map="1" count_in_player="0" crafted="0" deloot="0"/>
        <category name="weapons"/>
        <usage name="Military"/>
    </type>
    <type name="DNA_DimpleKey_Red">
        <nominal>0</nominal>
        <lifetime>14400</lifetime>
        <restock>100</restock>
        <min>0</min>
        <quantmin>-1</quantmin>
        <quantmax>-1</quantmax>
        <cost>100</cost>
        <flags count_in_cargo="0" count_in_hoarder="0" count_in_map="1" count_in_player="0" crafted="0" deloot="0"/>
        <category name="weapons"/>
        <usage name="Military"/>
    </type>
    <type name="DNA_DimpleKey_Purple">
        <nominal>0</nominal>
        <lifetime>14400</lifetime>
        <restock>100</restock>
        <min>0</min>
        <quantmin>-1</quantmin>
        <quantmax>-1</quantmax>
        <cost>100</cost>
        <flags count_in_cargo="0" count_in_hoarder="0" count_in_map="1" count_in_player="0" crafted="0" deloot="0"/>
        <category name="weapons"/>
        <usage name="Military"/>
    </type>
    <type name="DNA_DimpleKey_Blue">
        <nominal>0</nominal>
        <lifetime>14400</lifetime>
        <restock>100</restock>
        <min>0</min>
        <quantmin>-1</quantmin>
        <quantmax>-1</quantmax>
        <cost>100</cost>
        <flags count_in_cargo="0" count_in_hoarder="0" count_in_map="1" count_in_player="0" crafted="0" deloot="0"/>
        <category name="weapons"/>
        <usage name="Military"/>
    </type>
    <type name="DNA_DimpleKey_Green">
        <nominal>0</nominal>
        <lifetime>14400</lifetime>
        <restock>100</restock>
        <min>0</min>
        <quantmin>-1</quantmin>
        <quantmax>-1</quantmax>
        <cost>100</cost>
        <flags count_in_cargo="0" count_in_hoarder="0" count_in_map="1" count_in_player="0" crafted="0" deloot="0"/>
        <category name="weapons"/>
        <usage name="Military"/>
    </type>
    <type name="DNA_DimpleKey_Yellow">
        <nominal>0</nominal>
        <lifetime>14400</lifetime>
        <restock>100</restock>
        <min>0</min>
        <quantmin>-1</quantmin>
        <quantmax>-1</quantmax>
        <cost>100</cost>
        <flags count_in_cargo="0" count_in_hoarder="0" count_in_map="1" count_in_player="0" crafted="0" deloot="0"/>
        <category name="weapons"/>
        <usage name="Military"/>
    </type>
    <!-- Workbench Stuff -->
    <!-- Set up as industrial spawns -->
    <type name="DNA_Solder_Kit">
        <nominal>16</nominal>
        <lifetime>14400</lifetime>
        <restock>100</restock>
        <min>8</min>
        <quantmin>-1</quantmin>
        <quantmax>-1</quantmax>
        <cost>100</cost>
        <flags count_in_cargo="0" count_in_hoarder="0" count_in_map="1" count_in_player="0" crafted="0" deloot="0"/>
        <category name="tools"/>
        <tag name="floor"/>
        <usage name="Industrial"/>
        <usage name="Farm"/>
    </type>
    <type name="DNA_HelpingHands_Kit">
        <nominal>18</nominal>
        <lifetime>14400</lifetime>
        <restock>100</restock>
        <min>9</min>
        <quantmin>-1</quantmin>
        <quantmax>-1</quantmax>
        <cost>100</cost>
        <flags count_in_cargo="0" count_in_hoarder="0" count_in_map="1" count_in_player="0" crafted="0" deloot="0"/>
        <category name="tools"/>
        <tag name="floor"/>
        <usage name="Industrial"/>
        <usage name="Farm"/>
    </type>
    <type name="DNA_Battery_40v">
        <nominal>16</nominal>
        <lifetime>14400</lifetime>
        <restock>100</restock>
        <min>8</min>
        <quantmin>-1</quantmin>
        <quantmax>-1</quantmax>
        <cost>100</cost>
        <flags count_in_cargo="0" count_in_hoarder="0" count_in_map="1" count_in_player="0" crafted="0" deloot="0"/>
        <category name="tools"/>
        <tag name="floor"/>
        <usage name="Industrial"/>
        <usage name="Farm"/>
    </type>
    <type name="DNA_Laptop">
        <nominal>16</nominal>
        <lifetime>14400</lifetime>
        <restock>100</restock>
        <min>8</min>
        <quantmin>-1</quantmin>
        <quantmax>-1</quantmax>
        <cost>100</cost>
        <flags count_in_cargo="0" count_in_hoarder="0" count_in_map="1" count_in_player="0" crafted="0" deloot="0"/>
        <category name="tools"/>
        <tag name="floor"/>
        <usage name="Industrial"/>
    </type>
    <type name="DNA_Solder">
        <nominal>25</nominal>
        <lifetime>14400</lifetime>
        <restock>100</restock>
        <min>14</min>
        <quantmin>-1</quantmin>
        <quantmax>-1</quantmax>
        <cost>100</cost>
        <flags count_in_cargo="0" count_in_hoarder="0" count_in_map="1" count_in_player="0" crafted="0" deloot="0"/>
        <category name="tools"/>
        <tag name="floor"/>
        <usage name="Industrial"/>
        <usage name="Farm"/>
    </type>
    <type name="DNA_Flux">
        <nominal>25</nominal>
        <lifetime>14400</lifetime>
        <restock>100</restock>
        <min>14</min>
        <quantmin>-1</quantmin>
        <quantmax>-1</quantmax>
        <cost>100</cost>
        <flags count_in_cargo="0" count_in_hoarder="0" count_in_map="1" count_in_player="0" crafted="0" deloot="0"/>
        <category name="tools"/>
        <tag name="floor"/>
        <usage name="Industrial"/>
        <usage name="Farm"/>
    </type>
    <type name="DNA_Bolts">
        <nominal>22</nominal>
        <lifetime>14400</lifetime>
        <restock>100</restock>
        <min>14</min>
        <quantmin>-1</quantmin>
        <quantmax>-1</quantmax>
        <cost>100</cost>
        <flags count_in_cargo="0" count_in_hoarder="0" count_in_map="1" count_in_player="0" crafted="0" deloot="0"/>
        <category name="tools"/>
        <tag name="floor"/>
        <usage name="Industrial"/>
        <usage name="Farm"/>
    </type>
  	 <type name="DNA_CardReader">
        <nominal>16</nominal>
        <lifetime>14400</lifetime>
        <restock>100</restock>
        <min>8</min>
        <quantmin>-1</quantmin>
        <quantmax>-1</quantmax>
        <cost>100</cost>
        <flags count_in_cargo="0" count_in_hoarder="0" count_in_map="1" count_in_player="0" crafted="0" deloot="0"/>
        <category name="tools"/>
        <tag name="floor"/>
        <usage name="Industrial"/>
        <usage name="Farm"/>
    </type>
    <type name="DNA_Workbench_Kit">
        <nominal>12</nominal>
        <lifetime>14400</lifetime>
        <restock>100</restock>
        <min>8</min>
        <quantmin>-1</quantmin>
        <quantmax>-1</quantmax>
        <cost>100</cost>
        <flags count_in_cargo="0" count_in_hoarder="0" count_in_map="1" count_in_player="0" crafted="0" deloot="0"/>
        <category name="tools"/>
        <tag name="floor"/>
        <usage name="Industrial"/>
        <usage name="Farm"/>
    </type>
    <type name="DNA_Workbench_Hologram">
        <lifetime>3888000</lifetime>
        <flags count_in_cargo="0" count_in_hoarder="0" count_in_map="1" count_in_player="0" crafted="0" deloot="0"/>
    </type>
    <type name="DNA_Workbench_Build">
        <lifetime>3888000</lifetime>
        <flags count_in_cargo="0" count_in_hoarder="0" count_in_map="1" count_in_player="0" crafted="0" deloot="0"/>
    </type>
    <type name="DNA_Workbench">
        <lifetime>3888000</lifetime>
        <flags count_in_cargo="0" count_in_hoarder="0" count_in_map="1" count_in_player="0" crafted="0" deloot="0"/>
    </type>
</types>