<?xml version="1.0" encoding="UTF-8" standalone="yes"?>
<types>
<type name="Large_TreeHouse_Kit"> 
        <nominal>0</nominal>
        <lifetime>7200</lifetime>
        <restock>1800</restock>
        <min>0</min>
        <quantmin>-1</quantmin>
        <quantmax>-1</quantmax>
        <cost>100</cost>
        <flags count_in_cargo="0" count_in_hoarder="0" count_in_map="1" count_in_player="0" crafted="0" deloot="0" />
    </type>
    <type name="Small_TreeHouse_Kit"> 
        <nominal>0</nominal>
        <lifetime>7200</lifetime>
        <restock>1800</restock>
        <min>0</min>
        <quantmin>-1</quantmin>
        <quantmax>-1</quantmax>
        <cost>100</cost>
        <flags count_in_cargo="0" count_in_hoarder="0" count_in_map="1" count_in_player="0" crafted="0" deloot="0" />
    </type>
    <type name="Placeable_Large_TreeHouse">
        <lifetime>3888000</lifetime>
    </type>
    <type name="Placeable_Small_TreeHouse">
        <lifetime>3888000</lifetime>
    </type>
</types>