<?xml version="1.0" encoding="UTF-8"?>
<types>
    <type name="Van_DodgePhoenix">
        <lifetime>3888000</lifetime>
        <flags count_in_cargo="0" count_in_hoarder="0" count_in_map="1" count_in_player="0" crafted="0" deloot="0" />
    </type>
    <type name="Van_DodgePhoenix_blue">
        <lifetime>3888000</lifetime>
        <flags count_in_cargo="0" count_in_hoarder="0" count_in_map="1" count_in_player="0" crafted="0" deloot="0" />
    </type>
    <type name="Van_DodgePhoenix_green">
        <lifetime>3888000</lifetime>
        <flags count_in_cargo="0" count_in_hoarder="0" count_in_map="1" count_in_player="0" crafted="0" deloot="0" />
    </type>
    <type name="Van_DodgePhoenix_grey">
        <lifetime>3888000</lifetime>
        <flags count_in_cargo="0" count_in_hoarder="0" count_in_map="1" count_in_player="0" crafted="0" deloot="0" />
    </type>
    <type name="Van_DodgePhoenix_orange">
        <lifetime>3888000</lifetime>
        <flags count_in_cargo="0" count_in_hoarder="0" count_in_map="1" count_in_player="0" crafted="0" deloot="0" />
    </type>
    <type name="Van_DodgePhoenix_red">
        <lifetime>3888000</lifetime>
        <flags count_in_cargo="0" count_in_hoarder="0" count_in_map="1" count_in_player="0" crafted="0" deloot="0" />
    </type>
    <type name="Van_DodgePhoenix_Wheel">
        <nominal>0</nominal>
        <lifetime>2700</lifetime>
        <restock>0</restock>
        <min>0</min>
        <quantmin>-1</quantmin>
        <quantmax>-1</quantmax>
        <cost>100</cost>
        <flags count_in_cargo="0" count_in_hoarder="0" count_in_map="1" count_in_player="0" crafted="0" deloot="0" />
        <tag name="floor" />
        <usage name="Industrial" />
    </type>
    <type name="Van_DodgePhoenix_Doors_Driver">
        <nominal>0</nominal>
        <lifetime>2700</lifetime>
        <restock>0</restock>
        <min>0</min>
        <quantmin>-1</quantmin>
        <quantmax>-1</quantmax>
        <cost>100</cost>
        <flags count_in_cargo="0" count_in_hoarder="0" count_in_map="1" count_in_player="0" crafted="0" deloot="0" />
        <tag name="floor" />
        <usage name="Industrial" />
    </type>
    <type name="Van_DodgePhoenix_Doors_Driver_blue">
        <nominal>0</nominal>
        <lifetime>2700</lifetime>
        <restock>0</restock>
        <min>0</min>
        <quantmin>-1</quantmin>
        <quantmax>-1</quantmax>
        <cost>100</cost>
        <flags count_in_cargo="0" count_in_hoarder="0" count_in_map="1" count_in_player="0" crafted="0" deloot="0" />
        <tag name="floor" />
        <usage name="Industrial" />
    </type>
    <type name="Van_DodgePhoenix_Doors_Driver_grey">
        <nominal>0</nominal>
        <lifetime>2700</lifetime>
        <restock>0</restock>
        <min>0</min>
        <quantmin>-1</quantmin>
        <quantmax>-1</quantmax>
        <cost>100</cost>
        <flags count_in_cargo="0" count_in_hoarder="0" count_in_map="1" count_in_player="0" crafted="0" deloot="0" />
        <tag name="floor" />
        <usage name="Industrial" />
    </type>
    <type name="Van_DodgePhoenix_Doors_Driver_green">
        <nominal>0</nominal>
        <lifetime>2700</lifetime>
        <restock>0</restock>
        <min>0</min>
        <quantmin>-1</quantmin>
        <quantmax>-1</quantmax>
        <cost>100</cost>
        <flags count_in_cargo="0" count_in_hoarder="0" count_in_map="1" count_in_player="0" crafted="0" deloot="0" />
        <tag name="floor" />
        <usage name="Industrial" />
    </type>
    <type name="Van_DodgePhoenix_Doors_Driver_orange">
        <nominal>0</nominal>
        <lifetime>2700</lifetime>
        <restock>0</restock>
        <min>0</min>
        <quantmin>-1</quantmin>
        <quantmax>-1</quantmax>
        <cost>100</cost>
        <flags count_in_cargo="0" count_in_hoarder="0" count_in_map="1" count_in_player="0" crafted="0" deloot="0" />
        <tag name="floor" />
        <usage name="Industrial" />
    </type>
    <type name="Van_DodgePhoenix_Doors_Driver_red">
        <nominal>0</nominal>
        <lifetime>2700</lifetime>
        <restock>0</restock>
        <min>0</min>
        <quantmin>-1</quantmin>
        <quantmax>-1</quantmax>
        <cost>100</cost>
        <flags count_in_cargo="0" count_in_hoarder="0" count_in_map="1" count_in_player="0" crafted="0" deloot="0" />
        <tag name="floor" />
        <usage name="Industrial" />
    </type>
    <type name="Van_DodgePhoenix_Doors_CoDriver">
        <nominal>0</nominal>
        <lifetime>2700</lifetime>
        <restock>0</restock>
        <min>0</min>
        <quantmin>-1</quantmin>
        <quantmax>-1</quantmax>
        <cost>100</cost>
        <flags count_in_cargo="0" count_in_hoarder="0" count_in_map="1" count_in_player="0" crafted="0" deloot="0" />
        <tag name="floor" />
        <usage name="Industrial" />
    </type>
    <type name="Van_DodgePhoenix_Doors_CoDriver_blue">
        <nominal>0</nominal>
        <lifetime>2700</lifetime>
        <restock>0</restock>
        <min>0</min>
        <quantmin>-1</quantmin>
        <quantmax>-1</quantmax>
        <cost>100</cost>
        <flags count_in_cargo="0" count_in_hoarder="0" count_in_map="1" count_in_player="0" crafted="0" deloot="0" />
        <tag name="floor" />
        <usage name="Industrial" />
    </type>
    <type name="Van_DodgePhoenix_Doors_CoDriver_green">
        <nominal>0</nominal>
        <lifetime>2700</lifetime>
        <restock>0</restock>
        <min>0</min>
        <quantmin>-1</quantmin>
        <quantmax>-1</quantmax>
        <cost>100</cost>
        <flags count_in_cargo="0" count_in_hoarder="0" count_in_map="1" count_in_player="0" crafted="0" deloot="0" />
        <tag name="floor" />
        <usage name="Industrial" />
    </type>
    <type name="Van_DodgePhoenix_Doors_CoDriver_grey">
        <nominal>0</nominal>
        <lifetime>2700</lifetime>
        <restock>0</restock>
        <min>0</min>
        <quantmin>-1</quantmin>
        <quantmax>-1</quantmax>
        <cost>100</cost>
        <flags count_in_cargo="0" count_in_hoarder="0" count_in_map="1" count_in_player="0" crafted="0" deloot="0" />
        <tag name="floor" />
        <usage name="Industrial" />
    </type>
    <type name="Van_DodgePhoenix_Doors_CoDriver_orange">
        <nominal>0</nominal>
        <lifetime>2700</lifetime>
        <restock>0</restock>
        <min>0</min>
        <quantmin>-1</quantmin>
        <quantmax>-1</quantmax>
        <cost>100</cost>
        <flags count_in_cargo="0" count_in_hoarder="0" count_in_map="1" count_in_player="0" crafted="0" deloot="0" />
        <tag name="floor" />
        <usage name="Industrial" />
    </type>
    <type name="Van_DodgePhoenix_Doors_CoDriver_red">
        <nominal>0</nominal>
        <lifetime>2700</lifetime>
        <restock>0</restock>
        <min>0</min>
        <quantmin>-1</quantmin>
        <quantmax>-1</quantmax>
        <cost>100</cost>
        <flags count_in_cargo="0" count_in_hoarder="0" count_in_map="1" count_in_player="0" crafted="0" deloot="0" />
        <tag name="floor" />
        <usage name="Industrial" />
    </type>
    <type name="Van_DodgePhoenix_Doors_Trunk">
        <nominal>0</nominal>
        <lifetime>2700</lifetime>
        <restock>0</restock>
        <min>0</min>
        <quantmin>-1</quantmin>
        <quantmax>-1</quantmax>
        <cost>100</cost>
        <flags count_in_cargo="0" count_in_hoarder="0" count_in_map="1" count_in_player="0" crafted="0" deloot="0" />
        <tag name="floor" />
        <usage name="Industrial" />
    </type>
    <type name="Van_DodgePhoenix_Doors_Trunk_blue">
        <nominal>0</nominal>
        <lifetime>2700</lifetime>
        <restock>0</restock>
        <min>0</min>
        <quantmin>-1</quantmin>
        <quantmax>-1</quantmax>
        <cost>100</cost>
        <flags count_in_cargo="0" count_in_hoarder="0" count_in_map="1" count_in_player="0" crafted="0" deloot="0" />
        <tag name="floor" />
        <usage name="Industrial" />
    </type>
    <type name="Van_DodgePhoenix_Doors_Trunk_green">
        <nominal>0</nominal>
        <lifetime>2700</lifetime>
        <restock>0</restock>
        <min>0</min>
        <quantmin>-1</quantmin>
        <quantmax>-1</quantmax>
        <cost>100</cost>
        <flags count_in_cargo="0" count_in_hoarder="0" count_in_map="1" count_in_player="0" crafted="0" deloot="0" />
        <tag name="floor" />
        <usage name="Industrial" />
    </type>
    <type name="Van_DodgePhoenix_Doors_Trunk_grey">
        <nominal>0</nominal>
        <lifetime>2700</lifetime>
        <restock>0</restock>
        <min>0</min>
        <quantmin>-1</quantmin>
        <quantmax>-1</quantmax>
        <cost>100</cost>
        <flags count_in_cargo="0" count_in_hoarder="0" count_in_map="1" count_in_player="0" crafted="0" deloot="0" />
        <tag name="floor" />
        <usage name="Industrial" />
    </type>
    <type name="Van_DodgePhoenix_Doors_Trunk_orange">
        <nominal>0</nominal>
        <lifetime>2700</lifetime>
        <restock>0</restock>
        <min>0</min>
        <quantmin>-1</quantmin>
        <quantmax>-1</quantmax>
        <cost>100</cost>
        <flags count_in_cargo="0" count_in_hoarder="0" count_in_map="1" count_in_player="0" crafted="0" deloot="0" />
        <tag name="floor" />
        <usage name="Industrial" />
    </type>
    <type name="Van_DodgePhoenix_Doors_Trunk_red">
        <nominal>0</nominal>
        <lifetime>2700</lifetime>
        <restock>0</restock>
        <min>0</min>
        <quantmin>-1</quantmin>
        <quantmax>-1</quantmax>
        <cost>100</cost>
        <flags count_in_cargo="0" count_in_hoarder="0" count_in_map="1" count_in_player="0" crafted="0" deloot="0" />
        <tag name="floor" />
        <usage name="Industrial" />
    </type>
    <type name="Van_DodgePhoenix_Doors_Hood">
        <nominal>0</nominal>
        <lifetime>2700</lifetime>
        <restock>0</restock>
        <min>0</min>
        <quantmin>-1</quantmin>
        <quantmax>-1</quantmax>
        <cost>100</cost>
        <flags count_in_cargo="0" count_in_hoarder="0" count_in_map="1" count_in_player="0" crafted="0" deloot="0" />
        <tag name="floor" />
        <usage name="Industrial" />
    </type>
    <type name="Van_DodgePhoenix_Doors_Hood_blue">
        <nominal>0</nominal>
        <lifetime>2700</lifetime>
        <restock>0</restock>
        <min>0</min>
        <quantmin>-1</quantmin>
        <quantmax>-1</quantmax>
        <cost>100</cost>
        <flags count_in_cargo="0" count_in_hoarder="0" count_in_map="1" count_in_player="0" crafted="0" deloot="0" />
        <tag name="floor" />
        <usage name="Industrial" />
    </type>
    <type name="Van_DodgePhoenix_Doors_Hood_green">
        <nominal>0</nominal>
        <lifetime>2700</lifetime>
        <restock>0</restock>
        <min>0</min>
        <quantmin>-1</quantmin>
        <quantmax>-1</quantmax>
        <cost>100</cost>
        <flags count_in_cargo="0" count_in_hoarder="0" count_in_map="1" count_in_player="0" crafted="0" deloot="0" />
        <tag name="floor" />
        <usage name="Industrial" />
    </type>
    <type name="Van_DodgePhoenix_Doors_Hood_grey">
        <nominal>0</nominal>
        <lifetime>2700</lifetime>
        <restock>0</restock>
        <min>0</min>
        <quantmin>-1</quantmin>
        <quantmax>-1</quantmax>
        <cost>100</cost>
        <flags count_in_cargo="0" count_in_hoarder="0" count_in_map="1" count_in_player="0" crafted="0" deloot="0" />
        <tag name="floor" />
        <usage name="Industrial" />
    </type>
    <type name="Van_DodgePhoenix_Doors_Hood_orange">
        <nominal>0</nominal>
        <lifetime>2700</lifetime>
        <restock>0</restock>
        <min>0</min>
        <quantmin>-1</quantmin>
        <quantmax>-1</quantmax>
        <cost>100</cost>
        <flags count_in_cargo="0" count_in_hoarder="0" count_in_map="1" count_in_player="0" crafted="0" deloot="0" />
        <tag name="floor" />
        <usage name="Industrial" />
    </type>
    <type name="Van_DodgePhoenix_Doors_Hood_red">
        <nominal>0</nominal>
        <lifetime>2700</lifetime>
        <restock>0</restock>
        <min>0</min>
        <quantmin>-1</quantmin>
        <quantmax>-1</quantmax>
        <cost>100</cost>
        <flags count_in_cargo="0" count_in_hoarder="0" count_in_map="1" count_in_player="0" crafted="0" deloot="0" />
        <tag name="floor" />
        <usage name="Industrial" />
    </type>
    <type name="Van_Motorhome_Wheel">
        <nominal>0</nominal>
        <lifetime>28800</lifetime>
        <restock>0</restock>
        <min>0</min>
        <quantmin>-1</quantmin>
        <quantmax>-1</quantmax>
        <cost>100</cost>
        <flags count_in_cargo="0" count_in_hoarder="0" count_in_map="1" count_in_player="0" crafted="0" deloot="0" />
        <category name="vehiclesparts" />
        <tag name="floor" />
        <usage name="Industrial" />
    </type>
    <type name="Van_Motorhome_Doors_Driver">
        <nominal>0</nominal>
        <lifetime>28800</lifetime>
        <restock>0</restock>
        <min>0</min>
        <quantmin>-1</quantmin>
        <quantmax>-1</quantmax>
        <cost>100</cost>
        <flags count_in_cargo="0" count_in_hoarder="0" count_in_map="1" count_in_player="0" crafted="0" deloot="0" />
        <category name="vehiclesparts" />
        <tag name="floor" />
        <usage name="Industrial" />
    </type>
    <type name="Van_Motorhome_Doors_Driver_Tan">
        <nominal>0</nominal>
        <lifetime>28800</lifetime>
        <restock>0</restock>
        <min>0</min>
        <quantmin>-1</quantmin>
        <quantmax>-1</quantmax>
        <cost>100</cost>
        <flags count_in_cargo="0" count_in_hoarder="0" count_in_map="1" count_in_player="0" crafted="0" deloot="0" />
        <category name="vehiclesparts" />
        <tag name="floor" />
        <usage name="Industrial" />
    </type>
    <type name="Van_Motorhome_Doors_Driver_Teal">
        <nominal>0</nominal>
        <lifetime>28800</lifetime>
        <restock>0</restock>
        <min>0</min>
        <quantmin>-1</quantmin>
        <quantmax>-1</quantmax>
        <cost>100</cost>
        <flags count_in_cargo="0" count_in_hoarder="0" count_in_map="1" count_in_player="0" crafted="0" deloot="0" />
        <category name="vehiclesparts" />
        <tag name="floor" />
        <usage name="Industrial" />
    </type>
    <type name="Van_Motorhome_Doors_Driver_Purple">
        <nominal>0</nominal>
        <lifetime>28800</lifetime>
        <restock>0</restock>
        <min>0</min>
        <quantmin>-1</quantmin>
        <quantmax>-1</quantmax>
        <cost>100</cost>
        <flags count_in_cargo="0" count_in_hoarder="0" count_in_map="1" count_in_player="0" crafted="0" deloot="0" />
        <category name="vehiclesparts" />
        <tag name="floor" />
        <usage name="Industrial" />
    </type>
    <type name="Van_Motorhome_Doors_Driver_Black">
        <nominal>0</nominal>
        <lifetime>28800</lifetime>
        <restock>0</restock>
        <min>0</min>
        <quantmin>-1</quantmin>
        <quantmax>-1</quantmax>
        <cost>100</cost>
        <flags count_in_cargo="0" count_in_hoarder="0" count_in_map="1" count_in_player="0" crafted="0" deloot="0" />
        <category name="vehiclesparts" />
        <tag name="floor" />
        <usage name="Industrial" />
    </type>
    <type name="Van_Motorhome_Doors_Driver_Camo">
        <nominal>0</nominal>
        <lifetime>28800</lifetime>
        <restock>0</restock>
        <min>0</min>
        <quantmin>-1</quantmin>
        <quantmax>-1</quantmax>
        <cost>100</cost>
        <flags count_in_cargo="0" count_in_hoarder="0" count_in_map="1" count_in_player="0" crafted="0" deloot="0" />
        <category name="vehiclesparts" />
        <tag name="floor" />
        <usage name="Industrial" />
    </type>
    <type name="Van_Motorhome_Doors_Hood_1">
        <nominal>0</nominal>
        <lifetime>28800</lifetime>
        <restock>0</restock>
        <min>0</min>
        <quantmin>-1</quantmin>
        <quantmax>-1</quantmax>
        <cost>100</cost>
        <flags count_in_cargo="0" count_in_hoarder="0" count_in_map="1" count_in_player="0" crafted="0" deloot="0" />
        <category name="vehiclesparts" />
        <tag name="floor" />
        <usage name="Industrial" />
    </type>
    <type name="Van_Motorhome_Doors_Hood_1_Tan">
        <nominal>0</nominal>
        <lifetime>28800</lifetime>
        <restock>0</restock>
        <min>0</min>
        <quantmin>-1</quantmin>
        <quantmax>-1</quantmax>
        <cost>100</cost>
        <flags count_in_cargo="0" count_in_hoarder="0" count_in_map="1" count_in_player="0" crafted="0" deloot="0" />
        <category name="vehiclesparts" />
        <tag name="floor" />
        <usage name="Industrial" />
    </type>
    <type name="Van_Motorhome_Doors_Hood_1_Teal">
        <nominal>0</nominal>
        <lifetime>28800</lifetime>
        <restock>0</restock>
        <min>0</min>
        <quantmin>-1</quantmin>
        <quantmax>-1</quantmax>
        <cost>100</cost>
        <flags count_in_cargo="0" count_in_hoarder="0" count_in_map="1" count_in_player="0" crafted="0" deloot="0" />
        <category name="vehiclesparts" />
        <tag name="floor" />
        <usage name="Industrial" />
    </type>
    <type name="Van_Motorhome_Doors_Hood_1_Purple">
        <nominal>0</nominal>
        <lifetime>28800</lifetime>
        <restock>0</restock>
        <min>0</min>
        <quantmin>-1</quantmin>
        <quantmax>-1</quantmax>
        <cost>100</cost>
        <flags count_in_cargo="0" count_in_hoarder="0" count_in_map="1" count_in_player="0" crafted="0" deloot="0" />
        <category name="vehiclesparts" />
        <tag name="floor" />
        <usage name="Industrial" />
    </type>
    <type name="Van_Motorhome_Doors_Hood_1_Black">
        <nominal>0</nominal>
        <lifetime>28800</lifetime>
        <restock>0</restock>
        <min>0</min>
        <quantmin>-1</quantmin>
        <quantmax>-1</quantmax>
        <cost>100</cost>
        <flags count_in_cargo="0" count_in_hoarder="0" count_in_map="1" count_in_player="0" crafted="0" deloot="0" />
        <category name="vehiclesparts" />
        <tag name="floor" />
        <usage name="Industrial" />
    </type>
    <type name="Van_Motorhome_Doors_Hood_1_Camo">
        <nominal>0</nominal>
        <lifetime>28800</lifetime>
        <restock>0</restock>
        <min>0</min>
        <quantmin>-1</quantmin>
        <quantmax>-1</quantmax>
        <cost>100</cost>
        <flags count_in_cargo="0" count_in_hoarder="0" count_in_map="1" count_in_player="0" crafted="0" deloot="0" />
        <category name="vehiclesparts" />
        <tag name="floor" />
        <usage name="Industrial" />
    </type>
    <type name="Van_Motorhome_Doors_Hood_2">
        <nominal>0</nominal>
        <lifetime>28800</lifetime>
        <restock>0</restock>
        <min>0</min>
        <quantmin>-1</quantmin>
        <quantmax>-1</quantmax>
        <cost>100</cost>
        <flags count_in_cargo="0" count_in_hoarder="0" count_in_map="1" count_in_player="0" crafted="0" deloot="0" />
        <category name="vehiclesparts" />
        <tag name="floor" />
        <usage name="Industrial" />
    </type>
    <type name="Van_Motorhome_Doors_Hood_2_Tan">
        <nominal>0</nominal>
        <lifetime>28800</lifetime>
        <restock>0</restock>
        <min>0</min>
        <quantmin>-1</quantmin>
        <quantmax>-1</quantmax>
        <cost>100</cost>
        <flags count_in_cargo="0" count_in_hoarder="0" count_in_map="1" count_in_player="0" crafted="0" deloot="0" />
        <category name="vehiclesparts" />
        <tag name="floor" />
        <usage name="Industrial" />
    </type>
    <type name="Van_Motorhome_Doors_Hood_2_Teal">
        <nominal>0</nominal>
        <lifetime>28800</lifetime>
        <restock>0</restock>
        <min>0</min>
        <quantmin>-1</quantmin>
        <quantmax>-1</quantmax>
        <cost>100</cost>
        <flags count_in_cargo="0" count_in_hoarder="0" count_in_map="1" count_in_player="0" crafted="0" deloot="0" />
        <category name="vehiclesparts" />
        <tag name="floor" />
        <usage name="Industrial" />
    </type>
    <type name="Van_Motorhome_Doors_Hood_2_Purple">
        <nominal>0</nominal>
        <lifetime>28800</lifetime>
        <restock>0</restock>
        <min>0</min>
        <quantmin>-1</quantmin>
        <quantmax>-1</quantmax>
        <cost>100</cost>
        <flags count_in_cargo="0" count_in_hoarder="0" count_in_map="1" count_in_player="0" crafted="0" deloot="0" />
        <category name="vehiclesparts" />
        <tag name="floor" />
        <usage name="Industrial" />
    </type>
    <type name="Van_Motorhome_Doors_Hood_2_Black">
        <nominal>0</nominal>
        <lifetime>28800</lifetime>
        <restock>0</restock>
        <min>0</min>
        <quantmin>-1</quantmin>
        <quantmax>-1</quantmax>
        <cost>100</cost>
        <flags count_in_cargo="0" count_in_hoarder="0" count_in_map="1" count_in_player="0" crafted="0" deloot="0" />
        <category name="vehiclesparts" />
        <tag name="floor" />
        <usage name="Industrial" />
    </type>
    <type name="Van_Motorhome_Doors_Hood_2_Camo">
        <nominal>0</nominal>
        <lifetime>28800</lifetime>
        <restock>0</restock>
        <min>0</min>
        <quantmin>-1</quantmin>
        <quantmax>-1</quantmax>
        <cost>100</cost>
        <flags count_in_cargo="0" count_in_hoarder="0" count_in_map="1" count_in_player="0" crafted="0" deloot="0" />
        <category name="vehiclesparts" />
        <tag name="floor" />
        <usage name="Industrial" />
    </type>
    <type name="Van_Motorhome">
        <lifetime>3888000</lifetime>
        <flags count_in_cargo="0" count_in_hoarder="0" count_in_map="1" count_in_player="0" crafted="0" deloot="0" />
    </type>
    <type name="Van_Motorhome_Tan">
        <lifetime>3888000</lifetime>
        <flags count_in_cargo="0" count_in_hoarder="0" count_in_map="1" count_in_player="0" crafted="0" deloot="0" />
    </type>
    <type name="Van_Motorhome_Teal">
        <lifetime>3888000</lifetime>
        <flags count_in_cargo="0" count_in_hoarder="0" count_in_map="1" count_in_player="0" crafted="0" deloot="0" />
    </type>
    <type name="Van_Motorhome_Purple">
        <lifetime>3888000</lifetime>
        <flags count_in_cargo="0" count_in_hoarder="0" count_in_map="1" count_in_player="0" crafted="0" deloot="0" />
    </type>
    <type name="Van_Motorhome_Black">
        <lifetime>3888000</lifetime>
        <flags count_in_cargo="0" count_in_hoarder="0" count_in_map="1" count_in_player="0" crafted="0" deloot="0" />
    </type>
    <type name="Van_Motorhome_Camo">
        <lifetime>3888000</lifetime>
        <flags count_in_cargo="0" count_in_hoarder="0" count_in_map="1" count_in_player="0" crafted="0" deloot="0" />
    </type>
    <type name="Van_ModernMotorhome">
        <lifetime>3888000</lifetime>
        <flags count_in_cargo="0" count_in_hoarder="0" count_in_map="1" count_in_player="0" crafted="0" deloot="0" />
    </type>
    <type name="Van_ModernMotorhome_Wheel">
        <lifetime>2700</lifetime>
        <restock>0</restock>
        <quantmin>-1</quantmin>
        <quantmax>-1</quantmax>
        <cost>100</cost>
        <flags count_in_cargo="0" count_in_hoarder="0" count_in_map="1" count_in_player="0" crafted="0" deloot="0" />
        <tag name="floor" />
        <usage name="Industrial" />
    </type>
    <type name="Van_ModernMotorhome_Doors_Driver">
        <lifetime>2700</lifetime>
        <restock>0</restock>
        <quantmin>-1</quantmin>
        <quantmax>-1</quantmax>
        <cost>100</cost>
        <flags count_in_cargo="0" count_in_hoarder="0" count_in_map="1" count_in_player="0" crafted="0" deloot="0" />
        <tag name="floor" />
        <usage name="Industrial" />
    </type>
    <type name="Van_ModernMotorhome_Doors_coDriver">
        <lifetime>2700</lifetime>
        <restock>0</restock>
        <quantmin>-1</quantmin>
        <quantmax>-1</quantmax>
        <cost>100</cost>
        <flags count_in_cargo="0" count_in_hoarder="0" count_in_map="1" count_in_player="0" crafted="0" deloot="0" />
        <tag name="floor" />
        <usage name="Industrial" />
    </type>
    <type name="Van_ModernMotorhome_Doors_Trunk">
        <lifetime>2700</lifetime>
        <restock>0</restock>
        <quantmin>-1</quantmin>
        <quantmax>-1</quantmax>
        <cost>100</cost>
        <flags count_in_cargo="0" count_in_hoarder="0" count_in_map="1" count_in_player="0" crafted="0" deloot="0" />
        <tag name="floor" />
        <usage name="Industrial" />
    </type>
    <type name="Van_ModernMotorhome_Doors_Cargo1">
        <lifetime>2700</lifetime>
        <restock>0</restock>
        <quantmin>-1</quantmin>
        <quantmax>-1</quantmax>
        <cost>100</cost>
        <flags count_in_cargo="0" count_in_hoarder="0" count_in_map="1" count_in_player="0" crafted="0" deloot="0" />
        <tag name="floor" />
        <usage name="Industrial" />
    </type>
    <type name="Van_ModernMotorhome_Fridge">
        <lifetime>2700</lifetime>
        <restock>0</restock>
        <quantmin>-1</quantmin>
        <quantmax>-1</quantmax>
        <cost>100</cost>
        <flags count_in_cargo="0" count_in_hoarder="0" count_in_map="1" count_in_player="0" crafted="0" deloot="0" />
        <tag name="floor" />
        <usage name="Industrial" />
    </type>
    <type name="Van_Cybertruck">
        <lifetime>3888000</lifetime>
        <flags count_in_cargo="0" count_in_hoarder="0" count_in_map="1" count_in_player="0" crafted="0" deloot="0" />
    </type>
    <type name="Van_Cybertruck_Wheel">
        <nominal>0</nominal>
        <lifetime>2700</lifetime>
        <restock>1800</restock>
        <min>0</min>
        <quantmin>-1</quantmin>
        <quantmax>-1</quantmax>
        <cost>100</cost>
        <flags count_in_cargo="0" count_in_hoarder="0" count_in_map="1" count_in_player="0" crafted="0" deloot="0" />
        <category name="tools" />
        <usage name="Industrial" />
        <usage name="Farm" />
        <usage name="Town" />
        <usage name="Village" />
    </type>
    <type name="Van_Cybertruck_Doors_Driver">
        <nominal>0</nominal>
        <lifetime>2700</lifetime>
        <restock>1800</restock>
        <min>0</min>
        <quantmin>-1</quantmin>
        <quantmax>-1</quantmax>
        <cost>100</cost>
        <flags count_in_cargo="0" count_in_hoarder="0" count_in_map="1" count_in_player="0" crafted="0" deloot="0" />
        <category name="tools" />
        <usage name="Industrial" />
        <usage name="Farm" />
        <usage name="Town" />
        <usage name="Village" />
    </type>
    <type name="Van_Cybertruck_Doors_CoDriver">
        <nominal>0</nominal>
        <lifetime>2700</lifetime>
        <restock>1800</restock>
        <min>0</min>
        <quantmin>-1</quantmin>
        <quantmax>-1</quantmax>
        <cost>100</cost>
        <flags count_in_cargo="0" count_in_hoarder="0" count_in_map="1" count_in_player="0" crafted="0" deloot="0" />
        <category name="tools" />
        <usage name="Industrial" />
        <usage name="Farm" />
        <usage name="Town" />
        <usage name="Village" />
    </type>
    <type name="Van_Cybertruck_Doors_Cargo1">
        <nominal>0</nominal>
        <lifetime>2700</lifetime>
        <restock>1800</restock>
        <min>0</min>
        <quantmin>-1</quantmin>
        <quantmax>-1</quantmax>
        <cost>100</cost>
        <flags count_in_cargo="0" count_in_hoarder="0" count_in_map="1" count_in_player="0" crafted="0" deloot="0" />
        <category name="tools" />
        <usage name="Industrial" />
        <usage name="Farm" />
        <usage name="Town" />
        <usage name="Village" />
    </type>
    <type name="Van_Cybertruck_Doors_Cargo2">
        <nominal>0</nominal>
        <lifetime>2700</lifetime>
        <restock>1800</restock>
        <min>0</min>
        <quantmin>-1</quantmin>
        <quantmax>-1</quantmax>
        <cost>100</cost>
        <flags count_in_cargo="0" count_in_hoarder="0" count_in_map="1" count_in_player="0" crafted="0" deloot="0" />
        <category name="tools" />
        <usage name="Industrial" />
        <usage name="Farm" />
        <usage name="Town" />
        <usage name="Village" />
    </type>
    <type name="Van_Cybertruck_Doors_Trunk">
        <nominal>0</nominal>
        <lifetime>2700</lifetime>
        <restock>1800</restock>
        <min>0</min>
        <quantmin>-1</quantmin>
        <quantmax>-1</quantmax>
        <cost>100</cost>
        <flags count_in_cargo="0" count_in_hoarder="0" count_in_map="1" count_in_player="0" crafted="0" deloot="0" />
        <category name="tools" />
        <usage name="Industrial" />
        <usage name="Farm" />
        <usage name="Town" />
        <usage name="Village" />
    </type>
    <type name="Van_CamperRV">
        <lifetime>3888000</lifetime>
        <flags count_in_cargo="0" count_in_hoarder="0" count_in_map="1" count_in_player="0" crafted="0" deloot="0" />
    </type>
    <type name="Van_CamperRV_Fridge">
        <nominal>0</nominal>
        <lifetime>2700</lifetime>
        <restock>1800</restock>
        <min>0</min>
        <quantmin>-1</quantmin>
        <quantmax>-1</quantmax>
        <cost>100</cost>
        <flags count_in_cargo="0" count_in_hoarder="0" count_in_map="1" count_in_player="0" crafted="0" deloot="0" />
        <category name="tools" />
        <usage name="Industrial" />
        <usage name="Farm" />
        <usage name="Town" />
        <usage name="Village" />
    </type>
    <type name="Van_CamperRV_Wheel">
        <nominal>0</nominal>
        <lifetime>2700</lifetime>
        <restock>1800</restock>
        <min>0</min>
        <quantmin>-1</quantmin>
        <quantmax>-1</quantmax>
        <cost>100</cost>
        <flags count_in_cargo="0" count_in_hoarder="0" count_in_map="1" count_in_player="0" crafted="0" deloot="0" />
        <category name="tools" />
        <usage name="Industrial" />
        <usage name="Farm" />
        <usage name="Town" />
        <usage name="Village" />
    </type>
    <type name="Van_CamperRV_Doors_Driver">
        <nominal>0</nominal>
        <lifetime>2700</lifetime>
        <restock>1800</restock>
        <min>0</min>
        <quantmin>-1</quantmin>
        <quantmax>-1</quantmax>
        <cost>100</cost>
        <flags count_in_cargo="0" count_in_hoarder="0" count_in_map="1" count_in_player="0" crafted="0" deloot="0" />
        <category name="tools" />
        <usage name="Industrial" />
        <usage name="Farm" />
        <usage name="Town" />
        <usage name="Village" />
    </type>
    <type name="Van_CamperRV_Doors_CoDriver">
        <nominal>0</nominal>
        <lifetime>2700</lifetime>
        <restock>1800</restock>
        <min>0</min>
        <quantmin>-1</quantmin>
        <quantmax>-1</quantmax>
        <cost>100</cost>
        <flags count_in_cargo="0" count_in_hoarder="0" count_in_map="1" count_in_player="0" crafted="0" deloot="0" />
        <category name="tools" />
        <usage name="Industrial" />
        <usage name="Farm" />
        <usage name="Town" />
        <usage name="Village" />
    </type>
    <type name="Van_CamperRV_Doors_Cabin">
        <nominal>0</nominal>
        <lifetime>2700</lifetime>
        <restock>1800</restock>
        <min>0</min>
        <quantmin>-1</quantmin>
        <quantmax>-1</quantmax>
        <cost>100</cost>
        <flags count_in_cargo="0" count_in_hoarder="0" count_in_map="1" count_in_player="0" crafted="0" deloot="0" />
        <category name="tools" />
        <usage name="Industrial" />
        <usage name="Farm" />
        <usage name="Town" />
        <usage name="Village" />
    </type>
    <type name="Van_CamperRV_Doors_Bathroom">
        <nominal>0</nominal>
        <lifetime>2700</lifetime>
        <restock>1800</restock>
        <min>0</min>
        <quantmin>-1</quantmin>
        <quantmax>-1</quantmax>
        <cost>100</cost>
        <flags count_in_cargo="0" count_in_hoarder="0" count_in_map="1" count_in_player="0" crafted="0" deloot="0" />
        <category name="tools" />
        <usage name="Industrial" />
        <usage name="Farm" />
        <usage name="Town" />
        <usage name="Village" />
    </type>
    <type name="Van_CamperRV_Doors_Fridge">
        <nominal>0</nominal>
        <lifetime>2700</lifetime>
        <restock>1800</restock>
        <min>0</min>
        <quantmin>-1</quantmin>
        <quantmax>-1</quantmax>
        <cost>100</cost>
        <flags count_in_cargo="0" count_in_hoarder="0" count_in_map="1" count_in_player="0" crafted="0" deloot="0" />
        <category name="tools" />
        <usage name="Industrial" />
        <usage name="Farm" />
        <usage name="Town" />
        <usage name="Village" />
    </type>
    <!-- Extra Car Items Start -->
    <type name="Van_WaterContainer">
        <nominal>0</nominal>
        <lifetime>2700</lifetime>
        <restock>1800</restock>
        <min>0</min>
        <quantmin>-1</quantmin>
        <quantmax>-1</quantmax>
        <cost>100</cost>
        <flags count_in_cargo="0" count_in_hoarder="0" count_in_map="1" count_in_player="0" crafted="0" deloot="0" />
        <category name="tools" />
        <usage name="Industrial" />
        <usage name="Farm" />
        <usage name="Town" />
        <usage name="Village" />
    </type>
    <type name="Van_Detergent">
        <nominal>0</nominal>
        <lifetime>2700</lifetime>
        <restock>1800</restock>
        <min>0</min>
        <quantmin>-1</quantmin>
        <quantmax>-1</quantmax>
        <cost>100</cost>
        <flags count_in_cargo="0" count_in_hoarder="0" count_in_map="1" count_in_player="0" crafted="0" deloot="0" />
        <category name="tools" />
        <usage name="Industrial" />
        <usage name="Farm" />
        <usage name="Town" />
        <usage name="Village" />
        <usage name="Office" />
        <usage name="School" />
    </type>
    <!-- Extra Car Items End -->
</types>