<?xml version="1.0" encoding="UTF-8"?>
<types>
    <type name="Van_WoodenHouse_Hologram">
        <lifetime>3888000</lifetime>
        <flags count_in_cargo="0" count_in_hoarder="0" count_in_map="1" count_in_player="0" crafted="0" deloot="0" />
    </type>
    <type name="Van_WoodenHouse_B_Hologram">
        <lifetime>3888000</lifetime>
        <flags count_in_cargo="0" count_in_hoarder="0" count_in_map="1" count_in_player="0" crafted="0" deloot="0" />
    </type>
    <type name="Van_WoodenHouse_C_Hologram">
        <lifetime>3888000</lifetime>
        <flags count_in_cargo="0" count_in_hoarder="0" count_in_map="1" count_in_player="0" crafted="0" deloot="0" />
    </type>
    <type name="Van_WoodenHouse_D_Hologram">
        <lifetime>3888000</lifetime>
        <flags count_in_cargo="0" count_in_hoarder="0" count_in_map="1" count_in_player="0" crafted="0" deloot="0" />
    </type>
    <type name="Van_WoodenHouse_E_Hologram">
        <lifetime>3888000</lifetime>
        <flags count_in_cargo="0" count_in_hoarder="0" count_in_map="1" count_in_player="0" crafted="0" deloot="0" />
    </type>
    <type name="Van_WoodenHouse_F_Hologram">
        <lifetime>3888000</lifetime>
        <flags count_in_cargo="0" count_in_hoarder="0" count_in_map="1" count_in_player="0" crafted="0" deloot="0" />
    </type>
	<type name="Van_WoodenHouse">
        <lifetime>3888000</lifetime>
        <flags count_in_cargo="0" count_in_hoarder="0" count_in_map="1" count_in_player="0" crafted="0" deloot="0" />
    </type>
	<type name="Van_WoodenHouse_B">
        <lifetime>3888000</lifetime>
        <flags count_in_cargo="0" count_in_hoarder="0" count_in_map="1" count_in_player="0" crafted="0" deloot="0" />
    </type>
	<type name="Van_WoodenHouse_C">
        <lifetime>3888000</lifetime>
        <flags count_in_cargo="0" count_in_hoarder="0" count_in_map="1" count_in_player="0" crafted="0" deloot="0" />
    </type>
	<type name="Van_WoodenHouse_D">
        <lifetime>3888000</lifetime>
        <flags count_in_cargo="0" count_in_hoarder="0" count_in_map="1" count_in_player="0" crafted="0" deloot="0" />
    </type>
	<type name="Van_WoodenHouse_E">
        <lifetime>3888000</lifetime>
        <flags count_in_cargo="0" count_in_hoarder="0" count_in_map="1" count_in_player="0" crafted="0" deloot="0" />
    </type>
	<type name="Van_WoodenHouse_F">
        <lifetime>3888000</lifetime>
        <flags count_in_cargo="0" count_in_hoarder="0" count_in_map="1" count_in_player="0" crafted="0" deloot="0" />
    </type>
	<type name="Van_WoodenHouse_Door">
        <lifetime>3888000</lifetime>
        <flags count_in_cargo="0" count_in_hoarder="0" count_in_map="1" count_in_player="0" crafted="0" deloot="0" />
    </type>
    <type name="Van_Woodenhouse_Kit">
        <nominal>0</nominal>
        <lifetime>7200</lifetime>
        <restock>1800</restock>
        <min>0</min>
        <quantmin>-1</quantmin>
        <quantmax>-1</quantmax>
        <cost>100</cost>
        <flags count_in_cargo="0" count_in_hoarder="0" count_in_map="1" count_in_player="0" crafted="0" deloot="0" />
        <category name="tools" />
        <usage name="Farm" />
        <usage name="Village" />
        <usage name="Hunting" />
        <usage name="Industrial" />
    </type>
    <type name="Van_WoodenHouse_B_Kit">
        <nominal>0</nominal>
        <lifetime>7200</lifetime>
        <restock>1800</restock>
        <min>0</min>
        <quantmin>-1</quantmin>
        <quantmax>-1</quantmax>
        <cost>100</cost>
        <flags count_in_cargo="0" count_in_hoarder="0" count_in_map="1" count_in_player="0" crafted="0" deloot="0" />
        <category name="tools" />
        <usage name="Farm" />
        <usage name="Village" />
        <usage name="Hunting" />
        <usage name="Industrial" />
    </type>
    <type name="Van_WoodenHouse_C_Kit">
        <nominal>0</nominal>
        <lifetime>7200</lifetime>
        <restock>1800</restock>
        <min>0</min>
        <quantmin>-1</quantmin>
        <quantmax>-1</quantmax>
        <cost>100</cost>
        <flags count_in_cargo="0" count_in_hoarder="0" count_in_map="1" count_in_player="0" crafted="0" deloot="0" />
        <category name="tools" />
        <usage name="Farm" />
        <usage name="Village" />
        <usage name="Hunting" />
        <usage name="Industrial" />
    </type>
    <type name="Van_WoodenHouse_D_Kit">
        <nominal>0</nominal>
        <lifetime>7200</lifetime>
        <restock>1800</restock>
        <min>0</min>
        <quantmin>-1</quantmin>
        <quantmax>-1</quantmax>
        <cost>100</cost>
        <flags count_in_cargo="0" count_in_hoarder="0" count_in_map="1" count_in_player="0" crafted="0" deloot="0" />
        <category name="tools" />
        <usage name="Farm" />
        <usage name="Village" />
        <usage name="Hunting" />
        <usage name="Industrial" />
    </type>
    <type name="Van_WoodenHouse_E_Kit">
        <nominal>0</nominal>
        <lifetime>7200</lifetime>
        <restock>1800</restock>
        <min>0</min>
        <quantmin>-1</quantmin>
        <quantmax>-1</quantmax>
        <cost>100</cost>
        <flags count_in_cargo="0" count_in_hoarder="0" count_in_map="1" count_in_player="0" crafted="0" deloot="0" />
        <category name="tools" />
        <usage name="Farm" />
        <usage name="Village" />
        <usage name="Hunting" />
        <usage name="Industrial" />
    </type>
    <type name="Van_WoodenHouse_F_Kit">
        <nominal>0</nominal>
        <lifetime>7200</lifetime>
        <restock>1800</restock>
        <min>0</min>
        <quantmin>-1</quantmin>
        <quantmax>-1</quantmax>
        <cost>100</cost>
        <flags count_in_cargo="0" count_in_hoarder="0" count_in_map="1" count_in_player="0" crafted="0" deloot="0" />
        <category name="tools" />
        <usage name="Farm" />
        <usage name="Village" />
        <usage name="Hunting" />
        <usage name="Industrial" />
    </type>
</types>