<?xml version="1.0" encoding="UTF-8" standalone="yes"?>
<types>
    <type name="Garage_Sign_PlayerKit">
        <nominal>0</nominal>
        <lifetime>3600</lifetime>
        <restock>0</restock>
        <min>0</min>
        <quantmin>-1</quantmin>
        <quantmax>-1</quantmax>
        <cost>100</cost>
        <flags count_in_cargo="0" count_in_hoarder="0" count_in_map="1" count_in_player="0" crafted="0" deloot="0" />
    </type>
    <type name="Garage_Sign_Player">
        <nominal>0</nominal>
        <lifetime>3888000</lifetime>
        <restock>0</restock>
        <min>0</min>
        <quantmin>-1</quantmin>
        <quantmax>-1</quantmax>
        <cost>100</cost>
        <flags count_in_cargo="0" count_in_hoarder="0" count_in_map="1" count_in_player="0" crafted="0" deloot="0" />
    </type>
    <type name="Garage_Sign_PlayerKit_2">
        <nominal>0</nominal>
        <lifetime>3600</lifetime>
        <restock>0</restock>
        <min>0</min>
        <quantmin>-1</quantmin>
        <quantmax>-1</quantmax>
        <cost>100</cost>
        <flags count_in_cargo="0" count_in_hoarder="0" count_in_map="1" count_in_player="0" crafted="0" deloot="0" />
    </type>
    <type name="Garage_Sign_Player_2">
        <nominal>0</nominal>
        <lifetime>3888000</lifetime>
        <restock>0</restock>
        <min>0</min>
        <quantmin>-1</quantmin>
        <quantmax>-1</quantmax>
        <cost>100</cost>
        <flags count_in_cargo="0" count_in_hoarder="0" count_in_map="1" count_in_player="0" crafted="0" deloot="0" />
    </type>
</types>