[
    {
        "steamid": "76561199013042927",
        "current_killstreak": 0,
        "last_accounced": 0,
        "highest_killstreak": 0
    },
    {
        "steamid": "76561197993129246",
        "current_killstreak": 0,
        "last_accounced": 0,
        "highest_killstreak": 0
    },
    {
        "steamid": "76561199826516695",
        "current_killstreak": 0,
        "last_accounced": 0,
        "highest_killstreak": 0
    },
    {
        "steamid": "76561199435018595",
        "current_killstreak": 0,
        "last_accounced": 0,
        "highest_killstreak": 0
    },
    {
        "steamid": "76561197980643030",
        "current_killstreak": 0,
        "last_accounced": 0,
        "highest_killstreak": 0
    },
    {
        "steamid": "76561199832490415",
        "current_killstreak": 0,
        "last_accounced": 0,
        "highest_killstreak": 0
    },
    {
        "steamid": "76561197968721752",
        "current_killstreak": 0,
        "last_accounced": 0,
        "highest_killstreak": 0
    },
    {
        "steamid": "76561198025676500",
        "current_killstreak": 0,
        "last_accounced": 0,
        "highest_killstreak": 0
    },
    {
        "steamid": "76561199556926331",
        "current_killstreak": 0,
        "last_accounced": 0,
        "highest_killstreak": 0
    },
    {
        "steamid": "76561197972314315",
        "current_killstreak": 0,
        "last_accounced": 0,
        "highest_killstreak": 0
    },
    {
        "steamid": "76561199789647600",
        "current_killstreak": 0,
        "last_accounced": 0,
        "highest_killstreak": 0
    },
    {
        "steamid": "76561197972041923",
        "current_killstreak": 0,
        "last_accounced": 0,
        "highest_killstreak": 0
    },
    {
        "steamid": "76561198019953975",
        "current_killstreak": 0,
        "last_accounced": 0,
        "highest_killstreak": 0
    },
    {
        "steamid": "76561199825521032",
        "current_killstreak": 0,
        "last_accounced": 0,
        "highest_killstreak": 0
    },
    {
        "steamid": "76561199672612754",
        "current_killstreak": 0,
        "last_accounced": 0,
        "highest_killstreak": 0
    },
    {
        "steamid": "76561198135309944",
        "current_killstreak": 0,
        "last_accounced": 0,
        "highest_killstreak": 0
    },
    {
        "steamid": "76561199065644405",
        "current_killstreak": 0,
        "last_accounced": 0,
        "highest_killstreak": 0
    },
    {
        "steamid": "76561198164286079",
        "current_killstreak": 0,
        "last_accounced": 0,
        "highest_killstreak": 0
    },
    {
        "steamid": "76561198067795605",
        "current_killstreak": 0,
        "last_accounced": 0,
        "highest_killstreak": 0
    },
    {
        "steamid": "76561199654039522",
        "current_killstreak": 0,
        "last_accounced": 0,
        "highest_killstreak": 0
    },
    {
        "steamid": "76561198376460546",
        "current_killstreak": 0,
        "last_accounced": 0,
        "highest_killstreak": 0
    },
    {
        "steamid": "76561199582396519",
        "current_killstreak": 0,
        "last_accounced": 0,
        "highest_killstreak": 0
    },
    {
        "steamid": "76561199125157584",
        "current_killstreak": 0,
        "last_accounced": 0,
        "highest_killstreak": 0
    },
    {
        "steamid": "76561198057194532",
        "current_killstreak": 0,
        "last_accounced": 0,
        "highest_killstreak": 0
    },
    {
        "steamid": "76561198306878980",
        "current_killstreak": 0,
        "last_accounced": 0,
        "highest_killstreak": 0
    },
    {
        "steamid": "76561198435082740",
        "current_killstreak": 0,
        "last_accounced": 0,
        "highest_killstreak": 0
    },
    {
        "steamid": "76561199571059874",
        "current_killstreak": 0,
        "last_accounced": 0,
        "highest_killstreak": 0
    },
    {
        "steamid": "76561199605000871",
        "current_killstreak": 0,
        "last_accounced": 0,
        "highest_killstreak": 0
    },
    {
        "steamid": "76561198077711864",
        "current_killstreak": 0,
        "last_accounced": 0,
        "highest_killstreak": 0
    },
    {
        "steamid": "76561199377685295",
        "current_killstreak": 0,
        "last_accounced": 0,
        "highest_killstreak": 0
    },
    {
        "steamid": "76561198426149487",
        "current_killstreak": 0,
        "last_accounced": 0,
        "highest_killstreak": 0
    },
    {
        "steamid": "76561198346205012",
        "current_killstreak": 0,
        "last_accounced": 0,
        "highest_killstreak": 0
    },
    {
        "steamid": "76561198263073718",
        "current_killstreak": 1,
        "last_accounced": 1,
        "highest_killstreak": 1
    },
    {
        "steamid": "76561198037735719",
        "current_killstreak": 0,
        "last_accounced": 0,
        "highest_killstreak": 0
    },
    {
        "steamid": "76561197991159263",
        "current_killstreak": 0,
        "last_accounced": 0,
        "highest_killstreak": 0
    },
    {
        "steamid": "76561199510959005",
        "current_killstreak": 0,
        "last_accounced": 0,
        "highest_killstreak": 0
    },
    {
        "steamid": "76561198867584065",
        "current_killstreak": 0,
        "last_accounced": 0,
        "highest_killstreak": 0
    },
    {
        "steamid": "76561197991165610",
        "current_killstreak": 0,
        "last_accounced": 0,
        "highest_killstreak": 0
    },
    {
        "steamid": "76561198208433255",
        "current_killstreak": 0,
        "last_accounced": 0,
        "highest_killstreak": 0
    },
    {
        "steamid": "76561198065225079",
        "current_killstreak": 0,
        "last_accounced": 0,
        "highest_killstreak": 0
    },
    {
        "steamid": "76561198297298244",
        "current_killstreak": 0,
        "last_accounced": 0,
        "highest_killstreak": 0
    },
    {
        "steamid": "76561199413528753",
        "current_killstreak": 0,
        "last_accounced": 0,
        "highest_killstreak": 0
    },
    {
        "steamid": "76561199151289755",
        "current_killstreak": 0,
        "last_accounced": 0,
        "highest_killstreak": 0
    },
    {
        "steamid": "76561199245796665",
        "current_killstreak": 0,
        "last_accounced": 0,
        "highest_killstreak": 0
    },
    {
        "steamid": "76561198027106045",
        "current_killstreak": 0,
        "last_accounced": 0,
        "highest_killstreak": 0
    },
    {
        "steamid": "76561198210693188",
        "current_killstreak": 0,
        "last_accounced": 0,
        "highest_killstreak": 0
    },
    {
        "steamid": "76561199147423914",
        "current_killstreak": 0,
        "last_accounced": 0,
        "highest_killstreak": 0
    },
    {
        "steamid": "76561197971210692",
        "current_killstreak": 0,
        "last_accounced": 0,
        "highest_killstreak": 0
    },
    {
        "steamid": "76561198077659216",
        "current_killstreak": 0,
        "last_accounced": 0,
        "highest_killstreak": 0
    },
    {
        "steamid": "76561198849910364",
        "current_killstreak": 0,
        "last_accounced": 0,
        "highest_killstreak": 0
    },
    {
        "steamid": "76561199211181104",
        "current_killstreak": 0,
        "last_accounced": 0,
        "highest_killstreak": 0
    },
    {
        "steamid": "76561198158754172",
        "current_killstreak": 0,
        "last_accounced": 0,
        "highest_killstreak": 0
    },
    {
        "steamid": "76561198870600136",
        "current_killstreak": 0,
        "last_accounced": 0,
        "highest_killstreak": 0
    },
    {
        "steamid": "76561198969620923",
        "current_killstreak": 0,
        "last_accounced": 0,
        "highest_killstreak": 0
    },
    {
        "steamid": "76561198182993843",
        "current_killstreak": 0,
        "last_accounced": 0,
        "highest_killstreak": 0
    },
    {
        "steamid": "76561198042316461",
        "current_killstreak": 0,
        "last_accounced": 0,
        "highest_killstreak": 0
    },
    {
        "steamid": "76561198062497259",
        "current_killstreak": 0,
        "last_accounced": 0,
        "highest_killstreak": 0
    },
    {
        "steamid": "76561199348511302",
        "current_killstreak": 0,
        "last_accounced": 0,
        "highest_killstreak": 0
    },
    {
        "steamid": "76561198969776598",
        "current_killstreak": 0,
        "last_accounced": 0,
        "highest_killstreak": 0
    },
    {
        "steamid": "76561199056028586",
        "current_killstreak": 0,
        "last_accounced": 0,
        "highest_killstreak": 0
    },
    {
        "steamid": "76561198031882930",
        "current_killstreak": 0,
        "last_accounced": 0,
        "highest_killstreak": 0
    },
    {
        "steamid": "76561198386072609",
        "current_killstreak": 0,
        "last_accounced": 0,
        "highest_killstreak": 0
    },
    {
        "steamid": "76561199154658804",
        "current_killstreak": 0,
        "last_accounced": 0,
        "highest_killstreak": 0
    },
    {
        "steamid": "76561197999918199",
        "current_killstreak": 0,
        "last_accounced": 0,
        "highest_killstreak": 0
    },
    {
        "steamid": "76561199588516225",
        "current_killstreak": 0,
        "last_accounced": 0,
        "highest_killstreak": 0
    },
    {
        "steamid": "76561198002890992",
        "current_killstreak": 0,
        "last_accounced": 0,
        "highest_killstreak": 0
    },
    {
        "steamid": "76561197993128697",
        "current_killstreak": 0,
        "last_accounced": 0,
        "highest_killstreak": 0
    },
    {
        "steamid": "76561198396697905",
        "current_killstreak": 0,
        "last_accounced": 0,
        "highest_killstreak": 0
    },
    {
        "steamid": "76561198977936365",
        "current_killstreak": 0,
        "last_accounced": 0,
        "highest_killstreak": 0
    },
    {
        "steamid": "76561198040073882",
        "current_killstreak": 0,
        "last_accounced": 0,
        "highest_killstreak": 0
    },
    {
        "steamid": "76561198070584185",
        "current_killstreak": 0,
        "last_accounced": 0,
        "highest_killstreak": 0
    },
    {
        "steamid": "76561199158816124",
        "current_killstreak": 0,
        "last_accounced": 0,
        "highest_killstreak": 0
    },
    {
        "steamid": "76561198986473971",
        "current_killstreak": 0,
        "last_accounced": 0,
        "highest_killstreak": 0
    },
    {
        "steamid": "76561199218125804",
        "current_killstreak": 0,
        "last_accounced": 0,
        "highest_killstreak": 0
    },
    {
        "steamid": "76561199486876442",
        "current_killstreak": 0,
        "last_accounced": 0,
        "highest_killstreak": 0
    },
    {
        "steamid": "76561198129834787",
        "current_killstreak": 0,
        "last_accounced": 0,
        "highest_killstreak": 0
    },
    {
        "steamid": "76561198085787713",
        "current_killstreak": 0,
        "last_accounced": 0,
        "highest_killstreak": 0
    },
    {
        "steamid": "76561198112999567",
        "current_killstreak": 0,
        "last_accounced": 0,
        "highest_killstreak": 0
    },
    {
        "steamid": "76561199214064852",
        "current_killstreak": 0,
        "last_accounced": 0,
        "highest_killstreak": 0
    },
    {
        "steamid": "76561198212244411",
        "current_killstreak": 0,
        "last_accounced": 0,
        "highest_killstreak": 0
    },
    {
        "steamid": "76561198024481298",
        "current_killstreak": 0,
        "last_accounced": 0,
        "highest_killstreak": 0
    },
    {
        "steamid": "76561198061307480",
        "current_killstreak": 0,
        "last_accounced": 0,
        "highest_killstreak": 0
    },
    {
        "steamid": "76561198400310298",
        "current_killstreak": 0,
        "last_accounced": 0,
        "highest_killstreak": 0
    },
    {
        "steamid": "76561198077976558",
        "current_killstreak": 0,
        "last_accounced": 0,
        "highest_killstreak": 0
    },
    {
        "steamid": "76561197989572526",
        "current_killstreak": 0,
        "last_accounced": 0,
        "highest_killstreak": 0
    },
    {
        "steamid": "76561198080822832",
        "current_killstreak": 0,
        "last_accounced": 0,
        "highest_killstreak": 0
    },
    {
        "steamid": "76561198951222132",
        "current_killstreak": 0,
        "last_accounced": 0,
        "highest_killstreak": 0
    },
    {
        "steamid": "76561198077585102",
        "current_killstreak": 0,
        "last_accounced": 0,
        "highest_killstreak": 0
    },
    {
        "steamid": "76561198447031405",
        "current_killstreak": 0,
        "last_accounced": 0,
        "highest_killstreak": 0
    },
    {
        "steamid": "76561198002617026",
        "current_killstreak": 0,
        "last_accounced": 0,
        "highest_killstreak": 0
    },
    {
        "steamid": "76561198157529990",
        "current_killstreak": 0,
        "last_accounced": 0,
        "highest_killstreak": 0
    },
    {
        "steamid": "76561199444378826",
        "current_killstreak": 0,
        "last_accounced": 0,
        "highest_killstreak": 0
    },
    {
        "steamid": "76561198821691893",
        "current_killstreak": 0,
        "last_accounced": 0,
        "highest_killstreak": 0
    },
    {
        "steamid": "76561198344084633",
        "current_killstreak": 0,
        "last_accounced": 0,
        "highest_killstreak": 0
    },
    {
        "steamid": "76561198185783061",
        "current_killstreak": 0,
        "last_accounced": 0,
        "highest_killstreak": 0
    },
    {
        "steamid": "76561199830788974",
        "current_killstreak": 0,
        "last_accounced": 0,
        "highest_killstreak": 0
    },
    {
        "steamid": "76561199255371384",
        "current_killstreak": 0,
        "last_accounced": 0,
        "highest_killstreak": 0
    },
    {
        "steamid": "76561199257577732",
        "current_killstreak": 0,
        "last_accounced": 0,
        "highest_killstreak": 0
    },
    {
        "steamid": "76561198142563583",
        "current_killstreak": 0,
        "last_accounced": 0,
        "highest_killstreak": 0
    },
    {
        "steamid": "76561198055522358",
        "current_killstreak": 0,
        "last_accounced": 0,
        "highest_killstreak": 0
    },
    {
        "steamid": "76561198165032902",
        "current_killstreak": 0,
        "last_accounced": 0,
        "highest_killstreak": 0
    },
    {
        "steamid": "76561199031431394",
        "current_killstreak": 0,
        "last_accounced": 0,
        "highest_killstreak": 0
    },
    {
        "steamid": "76561199760284980",
        "current_killstreak": 0,
        "last_accounced": 0,
        "highest_killstreak": 0
    },
    {
        "steamid": "76561198175916855",
        "current_killstreak": 0,
        "last_accounced": 0,
        "highest_killstreak": 0
    },
    {
        "steamid": "76561199381421354",
        "current_killstreak": 0,
        "last_accounced": 0,
        "highest_killstreak": 0
    },
    {
        "steamid": "76561198243090704",
        "current_killstreak": 0,
        "last_accounced": 0,
        "highest_killstreak": 0
    },
    {
        "steamid": "76561199005448502",
        "current_killstreak": 0,
        "last_accounced": 0,
        "highest_killstreak": 0
    },
    {
        "steamid": "76561198072253293",
        "current_killstreak": 0,
        "last_accounced": 0,
        "highest_killstreak": 0
    },
    {
        "steamid": "76561198027922988",
        "current_killstreak": 0,
        "last_accounced": 0,
        "highest_killstreak": 0
    },
    {
        "steamid": "76561199731866505",
        "current_killstreak": 0,
        "last_accounced": 0,
        "highest_killstreak": 0
    },
    {
        "steamid": "76561198302271573",
        "current_killstreak": 0,
        "last_accounced": 0,
        "highest_killstreak": 0
    },
    {
        "steamid": "76561199180111642",
        "current_killstreak": 0,
        "last_accounced": 0,
        "highest_killstreak": 0
    },
    {
        "steamid": "76561198081213920",
        "current_killstreak": 0,
        "last_accounced": 0,
        "highest_killstreak": 0
    },
    {
        "steamid": "76561199418345934",
        "current_killstreak": 0,
        "last_accounced": 0,
        "highest_killstreak": 0
    },
    {
        "steamid": "76561199350273812",
        "current_killstreak": 0,
        "last_accounced": 0,
        "highest_killstreak": 0
    },
    {
        "steamid": "76561198855420010",
        "current_killstreak": 0,
        "last_accounced": 0,
        "highest_killstreak": 0
    },
    {
        "steamid": "76561198017506315",
        "current_killstreak": 0,
        "last_accounced": 0,
        "highest_killstreak": 0
    },
    {
        "steamid": "76561199560485471",
        "current_killstreak": 0,
        "last_accounced": 0,
        "highest_killstreak": 0
    },
    {
        "steamid": "76561199844290278",
        "current_killstreak": 0,
        "last_accounced": 0,
        "highest_killstreak": 0
    },
    {
        "steamid": "76561199290253137",
        "current_killstreak": 0,
        "last_accounced": 0,
        "highest_killstreak": 0
    },
    {
        "steamid": "76561198133119279",
        "current_killstreak": 0,
        "last_accounced": 0,
        "highest_killstreak": 0
    },
    {
        "steamid": "76561198382346049",
        "current_killstreak": 0,
        "last_accounced": 0,
        "highest_killstreak": 0
    },
    {
        "steamid": "76561198057008030",
        "current_killstreak": 0,
        "last_accounced": 0,
        "highest_killstreak": 0
    },
    {
        "steamid": "76561198007006685",
        "current_killstreak": 0,
        "last_accounced": 0,
        "highest_killstreak": 0
    },
    {
        "steamid": "76561199488667838",
        "current_killstreak": 0,
        "last_accounced": 0,
        "highest_killstreak": 0
    },
    {
        "steamid": "76561198041217465",
        "current_killstreak": 0,
        "last_accounced": 0,
        "highest_killstreak": 0
    },
    {
        "steamid": "76561198056843612",
        "current_killstreak": 0,
        "last_accounced": 0,
        "highest_killstreak": 0
    },
    {
        "steamid": "76561198320019129",
        "current_killstreak": 0,
        "last_accounced": 0,
        "highest_killstreak": 0
    },
    {
        "steamid": "76561198029918082",
        "current_killstreak": 0,
        "last_accounced": 0,
        "highest_killstreak": 0
    },
    {
        "steamid": "76561198034747653",
        "current_killstreak": 0,
        "last_accounced": 0,
        "highest_killstreak": 0
    },
    {
        "steamid": "76561199033991587",
        "current_killstreak": 0,
        "last_accounced": 0,
        "highest_killstreak": 0
    },
    {
        "steamid": "76561198090417635",
        "current_killstreak": 0,
        "last_accounced": 0,
        "highest_killstreak": 0
    },
    {
        "steamid": "76561198003748774",
        "current_killstreak": 0,
        "last_accounced": 0,
        "highest_killstreak": 0
    },
    {
        "steamid": "76561199066013412",
        "current_killstreak": 0,
        "last_accounced": 0,
        "highest_killstreak": 0
    },
    {
        "steamid": "76561198363532297",
        "current_killstreak": 0,
        "last_accounced": 0,
        "highest_killstreak": 0
    },
    {
        "steamid": "76561199085997364",
        "current_killstreak": 0,
        "last_accounced": 0,
        "highest_killstreak": 0
    },
    {
        "steamid": "76561198355092583",
        "current_killstreak": 0,
        "last_accounced": 0,
        "highest_killstreak": 0
    },
    {
        "steamid": "76561199343239791",
        "current_killstreak": 0,
        "last_accounced": 0,
        "highest_killstreak": 0
    },
    {
        "steamid": "76561198080332996",
        "current_killstreak": 0,
        "last_accounced": 0,
        "highest_killstreak": 0
    },
    {
        "steamid": "76561198252490464",
        "current_killstreak": 0,
        "last_accounced": 0,
        "highest_killstreak": 0
    },
    {
        "steamid": "76561198382492382",
        "current_killstreak": 0,
        "last_accounced": 0,
        "highest_killstreak": 0
    },
    {
        "steamid": "76561198975189450",
        "current_killstreak": 0,
        "last_accounced": 0,
        "highest_killstreak": 0
    },
    {
        "steamid": "76561198323359112",
        "current_killstreak": 0,
        "last_accounced": 0,
        "highest_killstreak": 0
    },
    {
        "steamid": "76561199310065234",
        "current_killstreak": 0,
        "last_accounced": 0,
        "highest_killstreak": 0
    },
    {
        "steamid": "76561198284776489",
        "current_killstreak": 0,
        "last_accounced": 0,
        "highest_killstreak": 0
    },
    {
        "steamid": "76561198165397732",
        "current_killstreak": 0,
        "last_accounced": 0,
        "highest_killstreak": 0
    },
    {
        "steamid": "76561198122744578",
        "current_killstreak": 0,
        "last_accounced": 0,
        "highest_killstreak": 0
    },
    {
        "steamid": "76561198153931764",
        "current_killstreak": 0,
        "last_accounced": 0,
        "highest_killstreak": 0
    },
    {
        "steamid": "76561198841850192",
        "current_killstreak": 0,
        "last_accounced": 0,
        "highest_killstreak": 0
    },
    {
        "steamid": "76561199114137323",
        "current_killstreak": 0,
        "last_accounced": 0,
        "highest_killstreak": 0
    },
    {
        "steamid": "76561198027471269",
        "current_killstreak": 0,
        "last_accounced": 0,
        "highest_killstreak": 0
    },
    {
        "steamid": "76561198258359841",
        "current_killstreak": 0,
        "last_accounced": 0,
        "highest_killstreak": 0
    },
    {
        "steamid": "76561198453574742",
        "current_killstreak": 0,
        "last_accounced": 0,
        "highest_killstreak": 0
    },
    {
        "steamid": "76561198107055954",
        "current_killstreak": 0,
        "last_accounced": 0,
        "highest_killstreak": 0
    },
    {
        "steamid": "76561198042063945",
        "current_killstreak": 0,
        "last_accounced": 0,
        "highest_killstreak": 0
    },
    {
        "steamid": "76561198892343748",
        "current_killstreak": 0,
        "last_accounced": 0,
        "highest_killstreak": 0
    },
    {
        "steamid": "76561198070652583",
        "current_killstreak": 0,
        "last_accounced": 0,
        "highest_killstreak": 0
    },
    {
        "steamid": "76561199008329312",
        "current_killstreak": 0,
        "last_accounced": 0,
        "highest_killstreak": 0
    },
    {
        "steamid": "76561198853030217",
        "current_killstreak": 0,
        "last_accounced": 0,
        "highest_killstreak": 0
    },
    {
        "steamid": "76561197976735472",
        "current_killstreak": 0,
        "last_accounced": 0,
        "highest_killstreak": 0
    },
    {
        "steamid": "76561198105799913",
        "current_killstreak": 0,
        "last_accounced": 0,
        "highest_killstreak": 0
    },
    {
        "steamid": "76561198330571726",
        "current_killstreak": 0,
        "last_accounced": 0,
        "highest_killstreak": 0
    },
    {
        "steamid": "76561198078254605",
        "current_killstreak": 0,
        "last_accounced": 0,
        "highest_killstreak": 0
    },
    {
        "steamid": "76561199196001629",
        "current_killstreak": 0,
        "last_accounced": 0,
        "highest_killstreak": 0
    },
    {
        "steamid": "76561198865015790",
        "current_killstreak": 0,
        "last_accounced": 0,
        "highest_killstreak": 0
    },
    {
        "steamid": "76561199197959175",
        "current_killstreak": 0,
        "last_accounced": 0,
        "highest_killstreak": 0
    },
    {
        "steamid": "76561197977129785",
        "current_killstreak": 0,
        "last_accounced": 0,
        "highest_killstreak": 0
    },
    {
        "steamid": "76561199147102850",
        "current_killstreak": 0,
        "last_accounced": 0,
        "highest_killstreak": 0
    },
    {
        "steamid": "76561199159918577",
        "current_killstreak": 0,
        "last_accounced": 0,
        "highest_killstreak": 0
    },
    {
        "steamid": "76561199546980559",
        "current_killstreak": 0,
        "last_accounced": 0,
        "highest_killstreak": 0
    },
    {
        "steamid": "76561198120964236",
        "current_killstreak": 0,
        "last_accounced": 0,
        "highest_killstreak": 0
    },
    {
        "steamid": "76561198078525912",
        "current_killstreak": 0,
        "last_accounced": 0,
        "highest_killstreak": 0
    },
    {
        "steamid": "76561198074458484",
        "current_killstreak": 0,
        "last_accounced": 0,
        "highest_killstreak": 0
    },
    {
        "steamid": "76561197997135629",
        "current_killstreak": 0,
        "last_accounced": 0,
        "highest_killstreak": 0
    },
    {
        "steamid": "76561198920583984",
        "current_killstreak": 0,
        "last_accounced": 0,
        "highest_killstreak": 0
    },
    {
        "steamid": "76561197960388460",
        "current_killstreak": 0,
        "last_accounced": 0,
        "highest_killstreak": 0
    },
    {
        "steamid": "76561198189372854",
        "current_killstreak": 0,
        "last_accounced": 0,
        "highest_killstreak": 0
    },
    {
        "steamid": "76561199530490373",
        "current_killstreak": 0,
        "last_accounced": 0,
        "highest_killstreak": 0
    },
    {
        "steamid": "76561199385448172",
        "current_killstreak": 0,
        "last_accounced": 0,
        "highest_killstreak": 0
    },
    {
        "steamid": "76561199107736142",
        "current_killstreak": 0,
        "last_accounced": 0,
        "highest_killstreak": 0
    },
    {
        "steamid": "76561199401275332",
        "current_killstreak": 0,
        "last_accounced": 0,
        "highest_killstreak": 0
    },
    {
        "steamid": "76561198945382145",
        "current_killstreak": 0,
        "last_accounced": 0,
        "highest_killstreak": 0
    },
    {
        "steamid": "76561199253570817",
        "current_killstreak": 0,
        "last_accounced": 0,
        "highest_killstreak": 0
    },
    {
        "steamid": "76561197998423744",
        "current_killstreak": 0,
        "last_accounced": 0,
        "highest_killstreak": 0
    },
    {
        "steamid": "76561198162668093",
        "current_killstreak": 0,
        "last_accounced": 0,
        "highest_killstreak": 0
    },
    {
        "steamid": "76561198054687741",
        "current_killstreak": 0,
        "last_accounced": 0,
        "highest_killstreak": 0
    },
    {
        "steamid": "76561198272435801",
        "current_killstreak": 0,
        "last_accounced": 0,
        "highest_killstreak": 0
    },
    {
        "steamid": "76561198397433833",
        "current_killstreak": 0,
        "last_accounced": 0,
        "highest_killstreak": 0
    },
    {
        "steamid": "76561198073590417",
        "current_killstreak": 0,
        "last_accounced": 0,
        "highest_killstreak": 0
    },
    {
        "steamid": "76561198411348457",
        "current_killstreak": 0,
        "last_accounced": 0,
        "highest_killstreak": 0
    },
    {
        "steamid": "76561198385343240",
        "current_killstreak": 0,
        "last_accounced": 0,
        "highest_killstreak": 0
    },
    {
        "steamid": "76561199669046782",
        "current_killstreak": 0,
        "last_accounced": 0,
        "highest_killstreak": 0
    },
    {
        "steamid": "76561198009774720",
        "current_killstreak": 0,
        "last_accounced": 0,
        "highest_killstreak": 0
    },
    {
        "steamid": "76561198963278005",
        "current_killstreak": 0,
        "last_accounced": 0,
        "highest_killstreak": 0
    },
    {
        "steamid": "76561198101170761",
        "current_killstreak": 0,
        "last_accounced": 0,
        "highest_killstreak": 0
    },
    {
        "steamid": "76561198015228086",
        "current_killstreak": 0,
        "last_accounced": 0,
        "highest_killstreak": 0
    },
    {
        "steamid": "76561199343245315",
        "current_killstreak": 0,
        "last_accounced": 0,
        "highest_killstreak": 0
    },
    {
        "steamid": "76561197963597175",
        "current_killstreak": 0,
        "last_accounced": 0,
        "highest_killstreak": 0
    },
    {
        "steamid": "76561198179092302",
        "current_killstreak": 0,
        "last_accounced": 0,
        "highest_killstreak": 0
    },
    {
        "steamid": "76561198174109613",
        "current_killstreak": 0,
        "last_accounced": 0,
        "highest_killstreak": 0
    },
    {
        "steamid": "76561198002746000",
        "current_killstreak": 0,
        "last_accounced": 0,
        "highest_killstreak": 0
    },
    {
        "steamid": "76561198348699129",
        "current_killstreak": 0,
        "last_accounced": 0,
        "highest_killstreak": 0
    },
    {
        "steamid": "76561198020243058",
        "current_killstreak": 0,
        "last_accounced": 0,
        "highest_killstreak": 0
    },
    {
        "steamid": "76561197980334634",
        "current_killstreak": 0,
        "last_accounced": 0,
        "highest_killstreak": 0
    },
    {
        "steamid": "76561198004968765",
        "current_killstreak": 0,
        "last_accounced": 0,
        "highest_killstreak": 0
    },
    {
        "steamid": "76561198930400774",
        "current_killstreak": 0,
        "last_accounced": 0,
        "highest_killstreak": 0
    },
    {
        "steamid": "76561199405325795",
        "current_killstreak": 0,
        "last_accounced": 0,
        "highest_killstreak": 0
    },
    {
        "steamid": "76561198032957668",
        "current_killstreak": 0,
        "last_accounced": 0,
        "highest_killstreak": 0
    },
    {
        "steamid": "76561198158750844",
        "current_killstreak": 0,
        "last_accounced": 0,
        "highest_killstreak": 0
    },
    {
        "steamid": "76561198013327949",
        "current_killstreak": 0,
        "last_accounced": 0,
        "highest_killstreak": 0
    },
    {
        "steamid": "76561198150743697",
        "current_killstreak": 0,
        "last_accounced": 0,
        "highest_killstreak": 0
    },
    {
        "steamid": "76561199218941223",
        "current_killstreak": 0,
        "last_accounced": 0,
        "highest_killstreak": 0
    },
    {
        "steamid": "76561199731854150",
        "current_killstreak": 0,
        "last_accounced": 0,
        "highest_killstreak": 0
    },
    {
        "steamid": "76561199087243690",
        "current_killstreak": 0,
        "last_accounced": 0,
        "highest_killstreak": 0
    },
    {
        "steamid": "76561199128384866",
        "current_killstreak": 0,
        "last_accounced": 0,
        "highest_killstreak": 0
    },
    {
        "steamid": "76561198049250313",
        "current_killstreak": 0,
        "last_accounced": 0,
        "highest_killstreak": 0
    },
    {
        "steamid": "76561198202657060",
        "current_killstreak": 0,
        "last_accounced": 0,
        "highest_killstreak": 0
    }
]