{
    "ConfigVersion": 28,
    "ID": 1,
    "ObjectiveType": 7,
    "ObjectiveText": "Kill all 5 units of the bandit patrol at the marked location",
    "TimeLimit": -1,
    "Active": 1,
    "MaxDistance": -1.0,
    "MinDistance": -1.0,
    "AllowedWeapons": [],
    "AllowedDamageZones": [],
    "AISpawn": {
        "Name": "Bandit",
        "Persist": 0,
        "Faction": "West",
        "Formation": "Vee",
        "FormationLooseness": 0.0,
        "Loadout": "BanditLoadout",
        "Units": [
            "eAI_SurvivorF_Eva",
            "eAI_SurvivorF_Frida",
            "eAI_SurvivorF_Gabi",
            "eAI_SurvivorF_Helga",
            "eAI_SurvivorF_Irena",
            "eAI_SurvivorF_Judy",
            "eAI_SurvivorF_Keiko",
            "eAI_SurvivorF_Linda",
            "eAI_SurvivorF_Maria",
            "eAI_SurvivorF_Naomi",
            "eAI_SurvivorF_Baty",
            "eAI_SurvivorM_Boris",
            "eAI_SurvivorM_Cyril",
            "eAI_SurvivorM_Denis",
            "eAI_SurvivorM_Elias",
            "eAI_SurvivorM_Francis",
            "eAI_SurvivorM_Guo",
            "eAI_SurvivorM_Hassan",
            "eAI_SurvivorM_Indar",
            "eAI_SurvivorM_Jose",
            "eAI_SurvivorM_Kaito",
            "eAI_SurvivorM_Lewis",
            "eAI_SurvivorM_Manua",
            "eAI_SurvivorM_Mirek",
            "eAI_SurvivorM_Niki",
            "eAI_SurvivorM_Oliver",
            "eAI_SurvivorM_Peter",
            "eAI_SurvivorM_Quinn",
            "eAI_SurvivorM_Rolf",
            "eAI_SurvivorM_Seth",
            "eAI_SurvivorM_Taiki"
        ],
        "NumberOfAI": 5,
        "Behaviour": "HALT_OR_LOOP",
        "LootingBehaviour": "",
        "Speed": "JOG",
        "UnderThreatSpeed": "SPRINT",
        "CanBeLooted": 1,
        "UnlimitedReload": 1,
        "SniperProneDistanceThreshold": 300.0,
        "AccuracyMin": 0.5,
        "AccuracyMax": 0.800000011920929,
        "ThreatDistanceLimit": 500.0,
        "NoiseInvestigationDistanceLimit": -1.0,
        "DamageMultiplier": 1.0,
        "DamageReceivedMultiplier": 1.0,
        "CanBeTriggeredByAI": 0,
        "MinDistRadius": 50.0,
        "MaxDistRadius": 500.0,
        "DespawnRadius": 600.0,
        "MinSpreadRadius": 0.0,
        "MaxSpreadRadius": 0.0,
        "Chance": 1.0,
        "WaypointInterpolation": "",
        "DespawnTime": 1.0,
        "RespawnTime": 1.0,
        "UseRandomWaypointAsStartPoint": 1,
        "Waypoints": [
            [
                6914.7001953125,
                403.0270080566406,
                11381.7001953125
            ],
            [
                6931.27001953125,
                399.8599853515625,
                11456.7001953125
            ],
            [
                6891.919921875,
                397.4549865722656,
                11496.099609375
            ],
            [
                6850.8798828125,
                399.1470031738281,
                11468.099609375
            ],
            [
                6883.97998046875,
                403.1919860839844,
                11380.7998046875
            ]
        ]
    }
}