{
  "m_Version": 8,
  "ServerMarkerOnDropLocation": 1,
  "Server3DMarkerOnDropLocation": 1,
  "ShowAirdropTypeOnMarker": 1,
  "HideCargoWhileParachuteIsDeployed": 1,
  "HeightIsRelativeToGroundLevel": 1,
  "Height": 450,
  "DropZoneHeight": 250,
  "FollowTerrainFraction": 0.5,
  "Speed": 160,
  "DropZoneSpeed": 40,
  "Radius": 1,
  "InfectedSpawnRadius": 100,
  "InfectedSpawnInterval": 250,
  "ItemCount": 8,
  "AirdropPlaneClassName": "",
  "DropZoneProximityDistance": 1500,
  "ExplodeAirVehiclesOnCollision": 0,
  "Containers": [
    {
      "Container": "ExpansionAirdropContainer",
      "FallSpeed": 12,
      "Usage": 0,
      "Weight": 100,
      "Infected": [
        "eAI_SurvivorM_Mirek|faction:Shamans,loadout:CrashedHeliLoadout,canbelooted:false",
        "eAI_SurvivorM_Manua|faction:Shamans,loadout:CrashedHeliLoadout,canbelooted:false",
        "eAI_SurvivorM_Cyril|faction:Shamans,loadout:CrashedHeliLoadout,canbelooted:false",
        "eAI_SurvivorM_Lewis|faction:Shamans,loadout:CrashedHeliLoadout,canbelooted:false",
        "eAI_SurvivorM_Mirek|faction:Shamans,loadout:CrashedHeliLoadout,canbelooted:false",
        "eAI_SurvivorM_Manua|faction:Shamans,loadout:CrashedHeliLoadout,canbelooted:false",
        "eAI_SurvivorM_Cyril|faction:Shamans,loadout:CrashedHeliLoadout,canbelooted:false",
        "eAI_SurvivorM_Lewis|faction:Shamans,loadout:CrashedHeliLoadout,canbelooted:false",
        "eAI_SurvivorM_Mirek|faction:Shamans,loadout:CrashedHeliLoadout,canbelooted:false",
        "eAI_SurvivorM_Manua|faction:Shamans,loadout:CrashedHeliLoadout,canbelooted:false",
        "eAI_SurvivorM_Cyril|faction:Shamans,loadout:CrashedHeliLoadout,canbelooted:false",
        "eAI_SurvivorM_Lewis|faction:Shamans,loadout:CrashedHeliLoadout,canbelooted:false",
        "eAI_SurvivorM_Mirek|faction:Shamans,loadout:CrashedHeliLoadout,canbelooted:false",
        "eAI_SurvivorM_Manua|faction:Shamans,loadout:CrashedHeliLoadout,canbelooted:false",
        "eAI_SurvivorM_Cyril|faction:Shamans,loadout:CrashedHeliLoadout,canbelooted:false",
        "eAI_SurvivorM_Lewis|faction:Shamans,loadout:CrashedHeliLoadout,canbelooted:false"
      ],
      "ItemCount": 15,
      "InfectedCount": 5,
      "SpawnInfectedForPlayerCalledDrops": 1,
      "ExplodeAirVehiclesOnCollision": -1,
      "Loot": [
        {
          "Name": "CookZ_LecsoCan",
          "Chance": 1,
          "Attachments": [],
          "QuantityPercent": -1,
          "Max": -1,
          "Min": 0,
          "Variants": []
        },
        {
          "Name": "CookZ_Cookbook_Item",
          "Chance": 1,
          "Attachments": [],
          "QuantityPercent": -1,
          "Max": -1,
          "Min": 0,
          "Variants": []
        },
        {
          "Name": "SodaCan_Cola",
          "Chance": 1,
          "Attachments": [],
          "QuantityPercent": -1,
          "Max": -1,
          "Min": 0,
          "Variants": []
        },
        {
          "Name": "SodaCan_Spite",
          "Chance": 1,
          "Attachments": [],
          "QuantityPercent": -1,
          "Max": -1,
          "Min": 0,
          "Variants": []
        },
        {
          "Name": "Stim_Blood",
          "Chance": 1,
          "Attachments": [],
          "QuantityPercent": -1,
          "Max": -1,
          "Min": 0,
          "Variants": []
        },
        {
          "Name": "Stim_Health",
          "Chance": 1,
          "Attachments": [],
          "QuantityPercent": -1,
          "Max": -1,
          "Min": 0,
          "Variants": []
        },
        {
          "Name": "Stim_Shock",
          "Chance": 1,
          "Attachments": [],
          "QuantityPercent": -1,
          "Max": -1,
          "Min": 0,
          "Variants": []
        },
        {
          "Name": "AmmoBox_545x39_20Rnd",
          "Chance": 1,
          "Attachments": [],
          "QuantityPercent": -1,
          "Max": -1,
          "Min": 0,
          "Variants": []
        },
        {
          "Name": "AmmoBox_556x45_20Rnd",
          "Chance": 1,
          "Attachments": [],
          "QuantityPercent": -1,
          "Max": -1,
          "Min": 0,
          "Variants": []
        },
        {
          "Name": "AmmoBox_762x39_20Rnd",
          "Chance": 1,
          "Attachments": [],
          "QuantityPercent": -1,
          "Max": -1,
          "Min": 0,
          "Variants": []
        },
        {
          "Name": "Ammo_40mm_Smoke_Red",
          "Chance": 1,
          "Attachments": [],
          "QuantityPercent": -1,
          "Max": -1,
          "Min": 0,
          "Variants": []
        },
        {
          "Name": "DNA_KeyCard_BlisterPackChip_Red",
          "Chance": 1,
          "Attachments": [],
          "QuantityPercent": -1,
          "Max": -1,
          "Min": 0,
          "Variants": []
        },
        {
          "Name": "DNA_KeyCard_BlisterPackChip_Green",
          "Chance": 1,
          "Attachments": [],
          "QuantityPercent": -1,
          "Max": -1,
          "Min": 0,
          "Variants": []
        },
        {
          "Name": "LB_LC_Key1_Grey",
          "Chance": 1,
          "Attachments": [],
          "QuantityPercent": -1,
          "Max": -1,
          "Min": 0,
          "Variants": []
        },
        {
          "Name": "SNAFUM24_GUN",
          "Chance": 1,
          "Attachments": [],
          "QuantityPercent": -1,
          "Max": -1,
          "Min": 0,
          "Variants": []
        },
        {
          "Name": "SNAFUT5000_Dkmcc_GUN",
          "Chance": 1,
          "Attachments": [],
          "QuantityPercent": -1,
          "Max": -1,
          "Min": 0,
          "Variants": []
        },
        {
          "Name": "SNAFUKivaari_Black_GUN",
          "Chance": 1,
          "Attachments": [],
          "QuantityPercent": -1,
          "Max": -1,
          "Min": 0,
          "Variants": []
        },
        {
          "Name": "SNAFUGevar_Grey",
          "Chance": 1,
          "Attachments": [],
          "QuantityPercent": -1,
          "Max": -1,
          "Min": 0,
          "Variants": []
        },
        {
          "Name": "SNAFUTac21",
          "Chance": 1,
          "Attachments": [],
          "QuantityPercent": -1,
          "Max": -1,
          "Min": 0,
          "Variants": []
        },
        {
          "Name": "GCGN_Vepr",
          "Chance": 1,
          "Attachments": [],
          "QuantityPercent": -1,
          "Max": -1,
          "Min": 0,
          "Variants": []
        },
        {
          "Name": "RGD5Grenade",
          "Chance": 1,
          "Attachments": [],
          "QuantityPercent": -1,
          "Max": -1,
          "Min": 0,
          "Variants": []
        },
        {
          "Name": "GCGN_Ammo_408Chey",
          "Chance": 1,
          "Attachments": [],
          "QuantityPercent": -1,
          "Max": -1,
          "Min": 0,
          "Variants": []
        },
        {
          "Name": "GCGN_Ammo_50Cal",
          "Chance": 1,
          "Attachments": [],
          "QuantityPercent": -1,
          "Max": -1,
          "Min": 0,
          "Variants": []
        },
        {
          "Name": "SNAFU_Ammo_127x55mm",
          "Chance": 1,
          "Attachments": [],
          "QuantityPercent": -1,
          "Max": -1,
          "Min": 0,
          "Variants": []
        },
        {
          "Name": "SNAFU_Ammo_145Cal",
          "Chance": 1,
          "Attachments": [],
          "QuantityPercent": -1,
          "Max": -1,
          "Min": 0,
          "Variants": []
        }
      ]
    },
    {
      "Container": "ExpansionAirdropContainer",
      "FallSpeed": 12,
      "Usage": 0,
      "Weight": 100,
      "Infected": [
        "eAI_SurvivorM_Mirek|faction:Shamans,loadout:CrashedHeliLoadout,canbelooted:false",
        "eAI_SurvivorM_Manua|faction:Shamans,loadout:CrashedHeliLoadout,canbelooted:false",
        "eAI_SurvivorM_Cyril|faction:Shamans,loadout:CrashedHeliLoadout,canbelooted:false",
        "eAI_SurvivorM_Lewis|faction:Shamans,loadout:CrashedHeliLoadout,canbelooted:false",
        "eAI_SurvivorM_Mirek|faction:Shamans,loadout:CrashedHeliLoadout,canbelooted:false",
        "eAI_SurvivorM_Manua|faction:Shamans,loadout:CrashedHeliLoadout,canbelooted:false",
        "eAI_SurvivorM_Cyril|faction:Shamans,loadout:CrashedHeliLoadout,canbelooted:false",
        "eAI_SurvivorM_Lewis|faction:Shamans,loadout:CrashedHeliLoadout,canbelooted:false",
        "eAI_SurvivorM_Mirek|faction:Shamans,loadout:CrashedHeliLoadout,canbelooted:false",
        "eAI_SurvivorM_Manua|faction:Shamans,loadout:CrashedHeliLoadout,canbelooted:false",
        "eAI_SurvivorM_Cyril|faction:Shamans,loadout:CrashedHeliLoadout,canbelooted:false",
        "eAI_SurvivorM_Lewis|faction:Shamans,loadout:CrashedHeliLoadout,canbelooted:false",
        "eAI_SurvivorM_Mirek|faction:Shamans,loadout:CrashedHeliLoadout,canbelooted:false",
        "eAI_SurvivorM_Manua|faction:Shamans,loadout:CrashedHeliLoadout,canbelooted:false",
        "eAI_SurvivorM_Cyril|faction:Shamans,loadout:CrashedHeliLoadout,canbelooted:false",
        "eAI_SurvivorM_Lewis|faction:Shamans,loadout:CrashedHeliLoadout,canbelooted:false"
      ],
      "ItemCount": 15,
      "InfectedCount": 5,
      "SpawnInfectedForPlayerCalledDrops": 1,
      "ExplodeAirVehiclesOnCollision": -1,
      "Loot": [
        {
          "Name": "SodaCan_Cola",
          "Chance": 1,
          "Attachments": [],
          "QuantityPercent": -1,
          "Max": -1,
          "Min": 0,
          "Variants": []
        },
        {
          "Name": "SodaCan_Spite",
          "Chance": 1,
          "Attachments": [],
          "QuantityPercent": -1,
          "Max": -1,
          "Min": 0,
          "Variants": []
        },
        {
          "Name": "CookZ_RabbitRoastBox",
          "Chance": 1,
          "Attachments": [],
          "QuantityPercent": -1,
          "Max": -1,
          "Min": 0,
          "Variants": []
        },
        {
          "Name": "CookZ_GoulashCan",
          "Chance": 1,
          "Attachments": [],
          "QuantityPercent": -1,
          "Max": -1,
          "Min": 0,
          "Variants": []
        },
        {
          "Name": "Stim_Health",
          "Chance": 1,
          "Attachments": [],
          "QuantityPercent": -1,
          "Max": -1,
          "Min": 0,
          "Variants": []
        },
        {
          "Name": "Stim_Fractures",
          "Chance": 1,
          "Attachments": [],
          "QuantityPercent": -1,
          "Max": -1,
          "Min": 0,
          "Variants": []
        },
        {
          "Name": "Stim_Shock",
          "Chance": 1,
          "Attachments": [],
          "QuantityPercent": -1,
          "Max": -1,
          "Min": 0,
          "Variants": []
        },
        {
          "Name": "AmmoBox_762x39Tracer_20Rnd",
          "Chance": 1,
          "Attachments": [],
          "QuantityPercent": -1,
          "Max": -1,
          "Min": 0,
          "Variants": []
        },
        {
          "Name": "AmmoBox_545x39_20Rnd",
          "Chance": 1,
          "Attachments": [],
          "QuantityPercent": -1,
          "Max": -1,
          "Min": 0,
          "Variants": []
        },
        {
          "Name": "AmmoBox_762x39_20Rnd",
          "Chance": 1,
          "Attachments": [],
          "QuantityPercent": -1,
          "Max": -1,
          "Min": 0,
          "Variants": []
        },
        {
          "Name": "Ammo_40mm_Smoke_Green",
          "Chance": 1,
          "Attachments": [],
          "QuantityPercent": -1,
          "Max": -1,
          "Min": 0,
          "Variants": []
        },
        {
          "Name": "DNA_KeyCard_BlisterPackChip_Purple",
          "Chance": 1,
          "Attachments": [],
          "QuantityPercent": -1,
          "Max": -1,
          "Min": 0,
          "Variants": []
        },
        {
          "Name": "LB_LC_Key1_Black",
          "Chance": 1,
          "Attachments": [],
          "QuantityPercent": -1,
          "Max": -1,
          "Min": 0,
          "Variants": []
        },
        {
          "Name": "SNAFUAlligator",
          "Chance": 1,
          "Attachments": [],
          "QuantityPercent": -1,
          "Max": -1,
          "Min": 0,
          "Variants": []
        },
        {
          "Name": "SNAFU_M70",
          "Chance": 1,
          "Attachments": [],
          "QuantityPercent": -1,
          "Max": -1,
          "Min": 0,
          "Variants": []
        },
        {
          "Name": "SNAFU_M76",
          "Chance": 1,
          "Attachments": [],
          "QuantityPercent": -1,
          "Max": -1,
          "Min": 0,
          "Variants": []
        },
        {
          "Name": "GCGN_M110_Black",
          "Chance": 1,
          "Attachments": [],
          "QuantityPercent": -1,
          "Max": -1,
          "Min": 0,
          "Variants": []
        },
        {
          "Name": "SNAFU_AWM_GUN",
          "Chance": 1,
          "Attachments": [],
          "QuantityPercent": -1,
          "Max": -1,
          "Min": 0,
          "Variants": []
        },
        {
          "Name": "GCGN_M249",
          "Chance": 1,
          "Attachments": [],
          "QuantityPercent": -1,
          "Max": -1,
          "Min": 0,
          "Variants": []
        },
        {
          "Name": "RGD5Grenade",
          "Chance": 1,
          "Attachments": [],
          "QuantityPercent": -1,
          "Max": -1,
          "Min": 0,
          "Variants": []
        },
        {
          "Name": "GCGN_Ammo_408Chey",
          "Chance": 1,
          "Attachments": [],
          "QuantityPercent": -1,
          "Max": -1,
          "Min": 0,
          "Variants": []
        },
        {
          "Name": "GCGN_Ammo_50Cal",
          "Chance": 1,
          "Attachments": [],
          "QuantityPercent": -1,
          "Max": -1,
          "Min": 0,
          "Variants": []
        },
        {
          "Name": "SNAFU_Ammo_127x55mm",
          "Chance": 1,
          "Attachments": [],
          "QuantityPercent": -1,
          "Max": -1,
          "Min": 0,
          "Variants": []
        },
        {
          "Name": "SNAFU_Ammo_145Cal",
          "Chance": 1,
          "Attachments": [],
          "QuantityPercent": -1,
          "Max": -1,
          "Min": 0,
          "Variants": []
        }
      ]
    },
    {
      "Container": "ExpansionAirdropContainer",
      "FallSpeed": 12,
      "Usage": 0,
      "Weight": 100,
      "Infected": [
        "eAI_SurvivorM_Mirek|faction:Shamans,loadout:CrashedHeliLoadout,canbelooted:false",
        "eAI_SurvivorM_Manua|faction:Shamans,loadout:CrashedHeliLoadout,canbelooted:false",
        "eAI_SurvivorM_Cyril|faction:Shamans,loadout:CrashedHeliLoadout,canbelooted:false",
        "eAI_SurvivorM_Lewis|faction:Shamans,loadout:CrashedHeliLoadout,canbelooted:false",
        "eAI_SurvivorM_Mirek|faction:Shamans,loadout:CrashedHeliLoadout,canbelooted:false",
        "eAI_SurvivorM_Manua|faction:Shamans,loadout:CrashedHeliLoadout,canbelooted:false",
        "eAI_SurvivorM_Cyril|faction:Shamans,loadout:CrashedHeliLoadout,canbelooted:false",
        "eAI_SurvivorM_Lewis|faction:Shamans,loadout:CrashedHeliLoadout,canbelooted:false",
        "eAI_SurvivorM_Mirek|faction:Shamans,loadout:CrashedHeliLoadout,canbelooted:false",
        "eAI_SurvivorM_Manua|faction:Shamans,loadout:CrashedHeliLoadout,canbelooted:false",
        "eAI_SurvivorM_Cyril|faction:Shamans,loadout:CrashedHeliLoadout,canbelooted:false",
        "eAI_SurvivorM_Lewis|faction:Shamans,loadout:CrashedHeliLoadout,canbelooted:false",
        "eAI_SurvivorM_Mirek|faction:Shamans,loadout:CrashedHeliLoadout,canbelooted:false",
        "eAI_SurvivorM_Manua|faction:Shamans,loadout:CrashedHeliLoadout,canbelooted:false",
        "eAI_SurvivorM_Cyril|faction:Shamans,loadout:CrashedHeliLoadout,canbelooted:false",
        "eAI_SurvivorM_Lewis|faction:Shamans,loadout:CrashedHeliLoadout,canbelooted:false"
      ],
      "ItemCount": 15,
      "InfectedCount": 5,
      "SpawnInfectedForPlayerCalledDrops": 1,
      "ExplodeAirVehiclesOnCollision": -1,
      "Loot": [
        {
          "Name": "SNAFU_Ammo_145Cal",
          "Chance": 1,
          "Attachments": [],
          "QuantityPercent": -1,
          "Max": -1,
          "Min": 0,
          "Variants": []
        },
        {
          "Name": "SNAFU_Ammo_127x55mm",
          "Chance": 1,
          "Attachments": [],
          "QuantityPercent": -1,
          "Max": -1,
          "Min": 0,
          "Variants": []
        },
        {
          "Name": "GCGN_Ammo_50Cal",
          "Chance": 1,
          "Attachments": [],
          "QuantityPercent": -1,
          "Max": -1,
          "Min": 0,
          "Variants": []
        },
        {
          "Name": "GCGN_Ammo_408Chey",
          "Chance": 1,
          "Attachments": [],
          "QuantityPercent": -1,
          "Max": -1,
          "Min": 0,
          "Variants": []
        },
        {
          "Name": "RGD5Grenade",
          "Chance": 1,
          "Attachments": [],
          "QuantityPercent": -1,
          "Max": -1,
          "Min": 0,
          "Variants": []
        },
        {
          "Name": "GCGN_M82_Barret",
          "Chance": 1,
          "Attachments": [],
          "QuantityPercent": -1,
          "Max": -1,
          "Min": 0,
          "Variants": []
        },
        {
          "Name": "SNAFUVSSK",
          "Chance": 1,
          "Attachments": [],
          "QuantityPercent": -1,
          "Max": -1,
          "Min": 0,
          "Variants": []
        },
        {
          "Name": "SNAFU_SR25_Gun",
          "Chance": 1,
          "Attachments": [],
          "QuantityPercent": -1,
          "Max": -1,
          "Min": 0,
          "Variants": []
        },
        {
          "Name": "SNAFUAX50_GUN",
          "Chance": 1,
          "Attachments": [],
          "QuantityPercent": -1,
          "Max": -1,
          "Min": 0,
          "Variants": []
        },
        {
          "Name": "GCGN_M700",
          "Chance": 1,
          "Attachments": [],
          "QuantityPercent": -1,
          "Max": -1,
          "Min": 0,
          "Variants": []
        },
        {
          "Name": "GCGN_M200",
          "Chance": 1,
          "Attachments": [],
          "QuantityPercent": -1,
          "Max": -1,
          "Min": 0,
          "Variants": []
        },
        {
          "Name": "LB_LC_Key1_Green",
          "Chance": 1,
          "Attachments": [],
          "QuantityPercent": -1,
          "Max": -1,
          "Min": 0,
          "Variants": []
        },
        {
          "Name": "DNA_KeyCard_BlisterPackChip_Yellow",
          "Chance": 1,
          "Attachments": [],
          "QuantityPercent": -1,
          "Max": -1,
          "Min": 0,
          "Variants": []
        },
        {
          "Name": "Ammo_40mm_Smoke_Black",
          "Chance": 1,
          "Attachments": [],
          "QuantityPercent": -1,
          "Max": -1,
          "Min": 0,
          "Variants": []
        },
        {
          "Name": "AmmoBox_545x39_20Rnd",
          "Chance": 1,
          "Attachments": [],
          "QuantityPercent": -1,
          "Max": -1,
          "Min": 0,
          "Variants": []
        },
        {
          "Name": "AmmoBox_556x45_20Rnd",
          "Chance": 1,
          "Attachments": [],
          "QuantityPercent": -1,
          "Max": -1,
          "Min": 0,
          "Variants": []
        },
        {
          "Name": "AmmoBox_762x39Tracer_20Rnd",
          "Chance": 1,
          "Attachments": [],
          "QuantityPercent": -1,
          "Max": -1,
          "Min": 0,
          "Variants": []
        },
        {
          "Name": "Stim_Fractures",
          "Chance": 1,
          "Attachments": [],
          "QuantityPercent": -1,
          "Max": -1,
          "Min": 0,
          "Variants": []
        },
        {
          "Name": "Stim_Shock",
          "Chance": 1,
          "Attachments": [],
          "QuantityPercent": -1,
          "Max": -1,
          "Min": 0,
          "Variants": []
        },
        {
          "Name": "Stim_Blood",
          "Chance": 1,
          "Attachments": [],
          "QuantityPercent": -1,
          "Max": -1,
          "Min": 0,
          "Variants": []
        },
        {
          "Name": "CookZ_StuffedPeppersBox",
          "Chance": 1,
          "Attachments": [],
          "QuantityPercent": -1,
          "Max": -1,
          "Min": 0,
          "Variants": []
        },
        {
          "Name": "CookZ_StirFryBox",
          "Chance": 1,
          "Attachments": [],
          "QuantityPercent": -1,
          "Max": -1,
          "Min": 0,
          "Variants": []
        },
        {
          "Name": "SodaCan_Fronta",
          "Chance": 1,
          "Attachments": [],
          "QuantityPercent": -1,
          "Max": -1,
          "Min": 0,
          "Variants": []
        },
        {
          "Name": "SodaCan_Cola",
          "Chance": 1,
          "Attachments": [],
          "QuantityPercent": -1,
          "Max": -1,
          "Min": 0,
          "Variants": []
        }
      ]
    },
    {
      "Container": "ExpansionAirdropContainer",
      "FallSpeed": 12,
      "Usage": 0,
      "Weight": 100,
      "Infected": [
        "eAI_SurvivorM_Mirek|faction:Shamans,loadout:CrashedHeliLoadout,canbelooted:false",
        "eAI_SurvivorM_Manua|faction:Shamans,loadout:CrashedHeliLoadout,canbelooted:false",
        "eAI_SurvivorM_Cyril|faction:Shamans,loadout:CrashedHeliLoadout,canbelooted:false",
        "eAI_SurvivorM_Lewis|faction:Shamans,loadout:CrashedHeliLoadout,canbelooted:false",
        "eAI_SurvivorM_Mirek|faction:Shamans,loadout:CrashedHeliLoadout,canbelooted:false",
        "eAI_SurvivorM_Manua|faction:Shamans,loadout:CrashedHeliLoadout,canbelooted:false",
        "eAI_SurvivorM_Cyril|faction:Shamans,loadout:CrashedHeliLoadout,canbelooted:false",
        "eAI_SurvivorM_Lewis|faction:Shamans,loadout:CrashedHeliLoadout,canbelooted:false",
        "eAI_SurvivorM_Mirek|faction:Shamans,loadout:CrashedHeliLoadout,canbelooted:false",
        "eAI_SurvivorM_Manua|faction:Shamans,loadout:CrashedHeliLoadout,canbelooted:false",
        "eAI_SurvivorM_Cyril|faction:Shamans,loadout:CrashedHeliLoadout,canbelooted:false",
        "eAI_SurvivorM_Lewis|faction:Shamans,loadout:CrashedHeliLoadout,canbelooted:false",
        "eAI_SurvivorM_Mirek|faction:Shamans,loadout:CrashedHeliLoadout,canbelooted:false",
        "eAI_SurvivorM_Manua|faction:Shamans,loadout:CrashedHeliLoadout,canbelooted:false",
        "eAI_SurvivorM_Cyril|faction:Shamans,loadout:CrashedHeliLoadout,canbelooted:false",
        "eAI_SurvivorM_Lewis|faction:Shamans,loadout:CrashedHeliLoadout,canbelooted:false"
      ],
      "ItemCount": 15,
      "InfectedCount": 5,
      "SpawnInfectedForPlayerCalledDrops": 1,
      "ExplodeAirVehiclesOnCollision": -1,
      "Loot": [
        {
          "Name": "SNAFU_Ammo_145Cal",
          "Chance": 1,
          "Attachments": [],
          "QuantityPercent": -1,
          "Max": -1,
          "Min": 0,
          "Variants": []
        },
        {
          "Name": "SNAFU_Ammo_127x55mm",
          "Chance": 1,
          "Attachments": [],
          "QuantityPercent": -1,
          "Max": -1,
          "Min": 0,
          "Variants": []
        },
        {
          "Name": "GCGN_Ammo_50Cal",
          "Chance": 1,
          "Attachments": [],
          "QuantityPercent": -1,
          "Max": -1,
          "Min": 0,
          "Variants": []
        },
        {
          "Name": "GCGN_Ammo_408Chey",
          "Chance": 1,
          "Attachments": [],
          "QuantityPercent": -1,
          "Max": -1,
          "Min": 0,
          "Variants": []
        },
        {
          "Name": "RGD5Grenade",
          "Chance": 1,
          "Attachments": [],
          "QuantityPercent": -1,
          "Max": -1,
          "Min": 0,
          "Variants": []
        },
        {
          "Name": "LargeTent",
          "Chance": 1,
          "Attachments": [],
          "QuantityPercent": -1,
          "Max": -1,
          "Min": 0,
          "Variants": []
        },
        {
          "Name": "SNAFUGM6Lynx",
          "Chance": 1,
          "Attachments": [],
          "QuantityPercent": -1,
          "Max": -1,
          "Min": 0,
          "Variants": []
        },
        {
          "Name": "SNAFU_M300BK",
          "Chance": 1,
          "Attachments": [],
          "QuantityPercent": -1,
          "Max": -1,
          "Min": 0,
          "Variants": []
        },
        {
          "Name": "SNAFUHoneyBadger_Black",
          "Chance": 1,
          "Attachments": [],
          "QuantityPercent": -1,
          "Max": -1,
          "Min": 0,
          "Variants": []
        },
        {
          "Name": "SNAFURPD",
          "Chance": 1,
          "Attachments": [],
          "QuantityPercent": -1,
          "Max": -1,
          "Min": 0,
          "Variants": []
        },
        {
          "Name": "SNAFU_RPK16_Black",
          "Chance": 1,
          "Attachments": [],
          "QuantityPercent": -1,
          "Max": -1,
          "Min": 0,
          "Variants": []
        },
        {
          "Name": "SN_Auto_Shotgun",
          "Chance": 1,
          "Attachments": [],
          "QuantityPercent": -1,
          "Max": -1,
          "Min": 0,
          "Variants": []
        },
        {
          "Name": "LB_LC_Key1_Blue",
          "Chance": 1,
          "Attachments": [],
          "QuantityPercent": -1,
          "Max": -1,
          "Min": 0,
          "Variants": []
        },
        {
          "Name": "DNA_KeyCard_BlisterPackChip_Blue",
          "Chance": 1,
          "Attachments": [],
          "QuantityPercent": -1,
          "Max": -1,
          "Min": 0,
          "Variants": []
        },
        {
          "Name": "Ammo_40mm_Explosive",
          "Chance": 1,
          "Attachments": [],
          "QuantityPercent": -1,
          "Max": -1,
          "Min": 0,
          "Variants": []
        },
        {
          "Name": "AmmoBox_545x39_20Rnd",
          "Chance": 1,
          "Attachments": [],
          "QuantityPercent": -1,
          "Max": -1,
          "Min": 0,
          "Variants": []
        },
        {
          "Name": "AmmoBox_556x45_20Rnd",
          "Chance": 1,
          "Attachments": [],
          "QuantityPercent": -1,
          "Max": -1,
          "Min": 0,
          "Variants": []
        },
        {
          "Name": "AmmoBox_762x39Tracer_20Rnd",
          "Chance": 1,
          "Attachments": [],
          "QuantityPercent": -1,
          "Max": -1,
          "Min": 0,
          "Variants": []
        },
        {
          "Name": "Stim_Fractures",
          "Chance": 1,
          "Attachments": [],
          "QuantityPercent": -1,
          "Max": -1,
          "Min": 0,
          "Variants": []
        },
        {
          "Name": "Stim_Blood",
          "Chance": 1,
          "Attachments": [],
          "QuantityPercent": -1,
          "Max": -1,
          "Min": 0,
          "Variants": []
        },
        {
          "Name": "Stim_Health",
          "Chance": 1,
          "Attachments": [],
          "QuantityPercent": -1,
          "Max": -1,
          "Min": 0,
          "Variants": []
        },
        {
          "Name": "CookZ_StuffedPeppersBox",
          "Chance": 1,
          "Attachments": [],
          "QuantityPercent": -1,
          "Max": -1,
          "Min": 0,
          "Variants": []
        },
        {
          "Name": "CookZ_FriedPotatoesBox",
          "Chance": 1,
          "Attachments": [],
          "QuantityPercent": -1,
          "Max": -1,
          "Min": 0,
          "Variants": []
        },
        {
          "Name": "SodaCan_Fronta",
          "Chance": 1,
          "Attachments": [],
          "QuantityPercent": -1,
          "Max": -1,
          "Min": 0,
          "Variants": []
        },
        {
          "Name": "SodaCan_Cola",
          "Chance": 1,
          "Attachments": [],
          "QuantityPercent": -1,
          "Max": -1,
          "Min": 0,
          "Variants": []
        }
      ]
    },
    {
      "Container": "ExpansionAirdropContainer",
      "FallSpeed": 12,
      "Usage": 0,
      "Weight": 100,
      "Infected": [
        "eAI_SurvivorM_Mirek|faction:Shamans,loadout:CrashedHeliLoadout,canbelooted:false",
        "eAI_SurvivorM_Manua|faction:Shamans,loadout:CrashedHeliLoadout,canbelooted:false",
        "eAI_SurvivorM_Cyril|faction:Shamans,loadout:CrashedHeliLoadout,canbelooted:false",
        "eAI_SurvivorM_Lewis|faction:Shamans,loadout:CrashedHeliLoadout,canbelooted:false",
        "eAI_SurvivorM_Mirek|faction:Shamans,loadout:CrashedHeliLoadout,canbelooted:false",
        "eAI_SurvivorM_Manua|faction:Shamans,loadout:CrashedHeliLoadout,canbelooted:false",
        "eAI_SurvivorM_Cyril|faction:Shamans,loadout:CrashedHeliLoadout,canbelooted:false",
        "eAI_SurvivorM_Lewis|faction:Shamans,loadout:CrashedHeliLoadout,canbelooted:false",
        "eAI_SurvivorM_Mirek|faction:Shamans,loadout:CrashedHeliLoadout,canbelooted:false",
        "eAI_SurvivorM_Manua|faction:Shamans,loadout:CrashedHeliLoadout,canbelooted:false",
        "eAI_SurvivorM_Cyril|faction:Shamans,loadout:CrashedHeliLoadout,canbelooted:false",
        "eAI_SurvivorM_Lewis|faction:Shamans,loadout:CrashedHeliLoadout,canbelooted:false",
        "eAI_SurvivorM_Mirek|faction:Shamans,loadout:CrashedHeliLoadout,canbelooted:false",
        "eAI_SurvivorM_Manua|faction:Shamans,loadout:CrashedHeliLoadout,canbelooted:false",
        "eAI_SurvivorM_Cyril|faction:Shamans,loadout:CrashedHeliLoadout,canbelooted:false",
        "eAI_SurvivorM_Lewis|faction:Shamans,loadout:CrashedHeliLoadout,canbelooted:false"
      ],
      "ItemCount": 15,
      "InfectedCount": 5,
      "SpawnInfectedForPlayerCalledDrops": 1,
      "ExplodeAirVehiclesOnCollision": -1,
      "Loot": [
        {
          "Name": "CamoNet",
          "Chance": 1,
          "Attachments": [],
          "QuantityPercent": -1,
          "Max": -1,
          "Min": 0,
          "Variants": []
        },
        {
          "Name": "BBP_Workbench_Kit",
          "Chance": 1,
          "Attachments": [],
          "QuantityPercent": -1,
          "Max": -1,
          "Min": 0,
          "Variants": []
        },
        {
          "Name": "BBP_Blueprint",
          "Chance": 1,
          "Attachments": [],
          "QuantityPercent": -1,
          "Max": -1,
          "Min": 0,
          "Variants": []
        },
        {
          "Name": "BBP_TapeMeasure",
          "Chance": 1,
          "Attachments": [],
          "QuantityPercent": -1,
          "Max": -1,
          "Min": 0,
          "Variants": []
        },
        {
          "Name": "CookZ_FishSoupCan",
          "Chance": 1,
          "Attachments": [],
          "QuantityPercent": -1,
          "Max": -1,
          "Min": 0,
          "Variants": []
        },
        {
          "Name": "CookZ_Deer_Sausage",
          "Chance": 1,
          "Attachments": [],
          "QuantityPercent": -1,
          "Max": -1,
          "Min": 0,
          "Variants": []
        },
        {
          "Name": "AmmoBox_762x39_20Rnd",
          "Chance": 1,
          "Attachments": [],
          "QuantityPercent": -1,
          "Max": -1,
          "Min": 0,
          "Variants": []
        },
        {
          "Name": "AmmoBox_556x45_20Rnd",
          "Chance": 1,
          "Attachments": [],
          "QuantityPercent": -1,
          "Max": -1,
          "Min": 0,
          "Variants": []
        },
        {
          "Name": "AmmoBox_762x54_20Rnd",
          "Chance": 1,
          "Attachments": [],
          "QuantityPercent": -1,
          "Max": -1,
          "Min": 0,
          "Variants": []
        },
        {
          "Name": "ACOGOptic",
          "Chance": 1,
          "Attachments": [],
          "QuantityPercent": -1,
          "Max": -1,
          "Min": 0,
          "Variants": []
        },
        {
          "Name": "Snafu_ScarH_Black_GUN",
          "Chance": 1,
          "Attachments": [],
          "QuantityPercent": -1,
          "Max": -1,
          "Min": 0,
          "Variants": []
        },
        {
          "Name": "SNAFU_M14",
          "Chance": 1,
          "Attachments": [],
          "QuantityPercent": -1,
          "Max": -1,
          "Min": 0,
          "Variants": []
        },
        {
          "Name": "Mosin9130_Black",
          "Chance": 1,
          "Attachments": [],
          "QuantityPercent": -1,
          "Max": -1,
          "Min": 0,
          "Variants": []
        },
        {
          "Name": "AA12_Gun",
          "Chance": 1,
          "Attachments": [],
          "QuantityPercent": -1,
          "Max": -1,
          "Min": 0,
          "Variants": []
        },
        {
          "Name": "PlateCarrierHolster",
          "Chance": 1,
          "Attachments": [],
          "QuantityPercent": -1,
          "Max": -1,
          "Min": 0,
          "Variants": []
        },
        {
          "Name": "PlateCarrierVest",
          "Chance": 1,
          "Attachments": [],
          "QuantityPercent": -1,
          "Max": -1,
          "Min": 0,
          "Variants": []
        },
        {
          "Name": "PlateCarrierPouches",
          "Chance": 1,
          "Attachments": [],
          "QuantityPercent": -1,
          "Max": -1,
          "Min": 0,
          "Variants": []
        },
        {
          "Name": "BDUJacket",
          "Chance": 1,
          "Attachments": [],
          "QuantityPercent": -1,
          "Max": -1,
          "Min": 0,
          "Variants": []
        },
        {
          "Name": "BDUPants",
          "Chance": 1,
          "Attachments": [],
          "QuantityPercent": -1,
          "Max": -1,
          "Min": 0,
          "Variants": []
        },
        {
          "Name": "CombatBoots_Black",
          "Chance": 1,
          "Attachments": [],
          "QuantityPercent": -1,
          "Max": -1,
          "Min": 0,
          "Variants": []
        },
        {
          "Name": "Mich2001Helmet",
          "Chance": 1,
          "Attachments": [],
          "QuantityPercent": -1,
          "Max": -1,
          "Min": 0,
          "Variants": []
        },
        {
          "Name": "battery9v",
          "Chance": 1,
          "Attachments": [],
          "QuantityPercent": -1,
          "Max": -1,
          "Min": 0,
          "Variants": []
        }
      ]
    },
    {
      "Container": "ExpansionAirdropContainer",
      "FallSpeed": 12,
      "Usage": 0,
      "Weight": 100,
      "Infected": [
        "eAI_SurvivorM_Mirek|faction:Shamans,loadout:CrashedHeliLoadout,canbelooted:false",
        "eAI_SurvivorM_Manua|faction:Shamans,loadout:CrashedHeliLoadout,canbelooted:false",
        "eAI_SurvivorM_Cyril|faction:Shamans,loadout:CrashedHeliLoadout,canbelooted:false",
        "eAI_SurvivorM_Lewis|faction:Shamans,loadout:CrashedHeliLoadout,canbelooted:false",
        "eAI_SurvivorM_Mirek|faction:Shamans,loadout:CrashedHeliLoadout,canbelooted:false",
        "eAI_SurvivorM_Manua|faction:Shamans,loadout:CrashedHeliLoadout,canbelooted:false",
        "eAI_SurvivorM_Cyril|faction:Shamans,loadout:CrashedHeliLoadout,canbelooted:false",
        "eAI_SurvivorM_Lewis|faction:Shamans,loadout:CrashedHeliLoadout,canbelooted:false",
        "eAI_SurvivorM_Mirek|faction:Shamans,loadout:CrashedHeliLoadout,canbelooted:false",
        "eAI_SurvivorM_Manua|faction:Shamans,loadout:CrashedHeliLoadout,canbelooted:false",
        "eAI_SurvivorM_Cyril|faction:Shamans,loadout:CrashedHeliLoadout,canbelooted:false",
        "eAI_SurvivorM_Lewis|faction:Shamans,loadout:CrashedHeliLoadout,canbelooted:false",
        "eAI_SurvivorM_Mirek|faction:Shamans,loadout:CrashedHeliLoadout,canbelooted:false",
        "eAI_SurvivorM_Manua|faction:Shamans,loadout:CrashedHeliLoadout,canbelooted:false",
        "eAI_SurvivorM_Cyril|faction:Shamans,loadout:CrashedHeliLoadout,canbelooted:false",
        "eAI_SurvivorM_Lewis|faction:Shamans,loadout:CrashedHeliLoadout,canbelooted:false"
      ],
      "ItemCount": 15,
      "InfectedCount": 5,
      "SpawnInfectedForPlayerCalledDrops": 1,
      "ExplodeAirVehiclesOnCollision": -1,
      "Loot": [
        {
          "Name": "MediumTent",
          "Chance": 1,
          "Attachments": [],
          "QuantityPercent": -1,
          "Max": -1,
          "Min": 0,
          "Variants": []
        },
        {
          "Name": "DisinfectantAlcohol",
          "Chance": 1,
          "Attachments": [],
          "QuantityPercent": -1,
          "Max": -1,
          "Min": 0,
          "Variants": []
        },
        {
          "Name": "VitaminBottle",
          "Chance": 1,
          "Attachments": [],
          "QuantityPercent": -1,
          "Max": -1,
          "Min": 0,
          "Variants": []
        },
        {
          "Name": "TetracyclineAntibiotics",
          "Chance": 1,
          "Attachments": [],
          "QuantityPercent": -1,
          "Max": -1,
          "Min": 0,
          "Variants": []
        },
        {
          "Name": "BandageDressing",
          "Chance": 1,
          "Attachments": [],
          "QuantityPercent": -1,
          "Max": -1,
          "Min": 0,
          "Variants": []
        },
        {
          "Name": "Stim_Blood",
          "Chance": 1,
          "Attachments": [],
          "QuantityPercent": -1,
          "Max": -1,
          "Min": 0,
          "Variants": []
        },
        {
          "Name": "Stim_Health",
          "Chance": 1,
          "Attachments": [],
          "QuantityPercent": -1,
          "Max": -1,
          "Min": 0,
          "Variants": []
        },
        {
          "Name": "Stim_Shock",
          "Chance": 1,
          "Attachments": [],
          "QuantityPercent": -1,
          "Max": -1,
          "Min": 0,
          "Variants": []
        },
        {
          "Name": "Stim_Fractures",
          "Chance": 1,
          "Attachments": [],
          "QuantityPercent": -1,
          "Max": -1,
          "Min": 0,
          "Variants": []
        },
        {
          "Name": "CookZ_BangersAndMashBox",
          "Chance": 1,
          "Attachments": [],
          "QuantityPercent": -1,
          "Max": -1,
          "Min": 0,
          "Variants": []
        },
        {
          "Name": "CookZ_GoulashCan",
          "Chance": 1,
          "Attachments": [],
          "QuantityPercent": -1,
          "Max": -1,
          "Min": 0,
          "Variants": []
        },
        {
          "Name": "AmmoBox_45ACP_25rnd",
          "Chance": 1,
          "Attachments": [],
          "QuantityPercent": -1,
          "Max": -1,
          "Min": 0,
          "Variants": []
        },
        {
          "Name": "AmmoBox_9x19_25rnd",
          "Chance": 1,
          "Attachments": [],
          "QuantityPercent": -1,
          "Max": -1,
          "Min": 0,
          "Variants": []
        },
        {
          "Name": "AmmoBox_762x54Tracer_20Rnd",
          "Chance": 1,
          "Attachments": [],
          "QuantityPercent": -1,
          "Max": -1,
          "Min": 0,
          "Variants": []
        },
        {
          "Name": "AmmoBox_545x39_20Rnd",
          "Chance": 1,
          "Attachments": [],
          "QuantityPercent": -1,
          "Max": -1,
          "Min": 0,
          "Variants": []
        },
        {
          "Name": "PSO1Optic",
          "Chance": 1,
          "Attachments": [],
          "QuantityPercent": -1,
          "Max": -1,
          "Min": 0,
          "Variants": []
        },
        {
          "Name": "SNAFURSASS_Wood_GUN",
          "Chance": 1,
          "Attachments": [],
          "QuantityPercent": -1,
          "Max": -1,
          "Min": 0,
          "Variants": []
        },
        {
          "Name": "SNAFU_MAR10_Black_GUN",
          "Chance": 1,
          "Attachments": [],
          "QuantityPercent": -1,
          "Max": -1,
          "Min": 0,
          "Variants": []
        },
        {
          "Name": "Spas12_Gun",
          "Chance": 1,
          "Attachments": [],
          "QuantityPercent": -1,
          "Max": -1,
          "Min": 0,
          "Variants": []
        },
        {
          "Name": "SKS_Black",
          "Chance": 1,
          "Attachments": [],
          "QuantityPercent": -1,
          "Max": -1,
          "Min": 0,
          "Variants": []
        },
        {
          "Name": "PlateCarrierVest_Black",
          "Chance": 1,
          "Attachments": [],
          "QuantityPercent": -1,
          "Max": -1,
          "Min": 0,
          "Variants": []
        },
        {
          "Name": "PlateCarrierHolster_Black",
          "Chance": 1,
          "Attachments": [],
          "QuantityPercent": -1,
          "Max": -1,
          "Min": 0,
          "Variants": []
        },
        {
          "Name": "PlateCarrierPouches_Black",
          "Chance": 1,
          "Attachments": [],
          "QuantityPercent": -1,
          "Max": -1,
          "Min": 0,
          "Variants": []
        },
        {
          "Name": "M65Jacket_Black",
          "Chance": 1,
          "Attachments": [],
          "QuantityPercent": -1,
          "Max": -1,
          "Min": 0,
          "Variants": []
        },
        {
          "Name": "CargoPants_Black",
          "Chance": 1,
          "Attachments": [],
          "QuantityPercent": -1,
          "Max": -1,
          "Min": 0,
          "Variants": []
        },
        {
          "Name": "CombatBoots_Black",
          "Chance": 1,
          "Attachments": [],
          "QuantityPercent": -1,
          "Max": -1,
          "Min": 0,
          "Variants": []
        },
        {
          "Name": "Mich2001Helmet",
          "Chance": 1,
          "Attachments": [],
          "QuantityPercent": -1,
          "Max": -1,
          "Min": 0,
          "Variants": []
        },
        {
          "Name": "battery9v",
          "Chance": 1,
          "Attachments": [],
          "QuantityPercent": -1,
          "Max": -1,
          "Min": 0,
          "Variants": []
        }
      ]
    },
    {
      "Container": "ExpansionAirdropContainer",
      "FallSpeed": 12,
      "Usage": 0,
      "Weight": 100,
      "Infected": [
        "eAI_SurvivorM_Mirek|faction:Shamans,loadout:CrashedHeliLoadout,canbelooted:false",
        "eAI_SurvivorM_Manua|faction:Shamans,loadout:CrashedHeliLoadout,canbelooted:false",
        "eAI_SurvivorM_Cyril|faction:Shamans,loadout:CrashedHeliLoadout,canbelooted:false",
        "eAI_SurvivorM_Lewis|faction:Shamans,loadout:CrashedHeliLoadout,canbelooted:false",
        "eAI_SurvivorM_Mirek|faction:Shamans,loadout:CrashedHeliLoadout,canbelooted:false",
        "eAI_SurvivorM_Manua|faction:Shamans,loadout:CrashedHeliLoadout,canbelooted:false",
        "eAI_SurvivorM_Cyril|faction:Shamans,loadout:CrashedHeliLoadout,canbelooted:false",
        "eAI_SurvivorM_Lewis|faction:Shamans,loadout:CrashedHeliLoadout,canbelooted:false",
        "eAI_SurvivorM_Mirek|faction:Shamans,loadout:CrashedHeliLoadout,canbelooted:false",
        "eAI_SurvivorM_Manua|faction:Shamans,loadout:CrashedHeliLoadout,canbelooted:false",
        "eAI_SurvivorM_Cyril|faction:Shamans,loadout:CrashedHeliLoadout,canbelooted:false",
        "eAI_SurvivorM_Lewis|faction:Shamans,loadout:CrashedHeliLoadout,canbelooted:false",
        "eAI_SurvivorM_Mirek|faction:Shamans,loadout:CrashedHeliLoadout,canbelooted:false",
        "eAI_SurvivorM_Manua|faction:Shamans,loadout:CrashedHeliLoadout,canbelooted:false",
        "eAI_SurvivorM_Cyril|faction:Shamans,loadout:CrashedHeliLoadout,canbelooted:false",
        "eAI_SurvivorM_Lewis|faction:Shamans,loadout:CrashedHeliLoadout,canbelooted:false"
      ],
      "ItemCount": 15,
      "InfectedCount": 5,
      "SpawnInfectedForPlayerCalledDrops": 1,
      "ExplodeAirVehiclesOnCollision": -1,
      "Loot": [
        {
          "Name": "CarTent",
          "Chance": 1,
          "Attachments": [],
          "QuantityPercent": -1,
          "Max": -1,
          "Min": 0,
          "Variants": []
        },
        {
          "Name": "CookZ_Cookbook_Item",
          "Chance": 1,
          "Attachments": [],
          "QuantityPercent": -1,
          "Max": -1,
          "Min": 0,
          "Variants": []
        },
        {
          "Name": "CanOpener",
          "Chance": 1,
          "Attachments": [],
          "QuantityPercent": -1,
          "Max": -1,
          "Min": 0,
          "Variants": []
        },
        {
          "Name": "Canteen",
          "Chance": 1,
          "Attachments": [],
          "QuantityPercent": -1,
          "Max": -1,
          "Min": 0,
          "Variants": []
        },
        {
          "Name": "CombatKnife",
          "Chance": 1,
          "Attachments": [],
          "QuantityPercent": -1,
          "Max": -1,
          "Min": 0,
          "Variants": []
        },
        {
          "Name": "NylonKnifeSheath",
          "Chance": 1,
          "Attachments": [],
          "QuantityPercent": -1,
          "Max": -1,
          "Min": 0,
          "Variants": []
        },
        {
          "Name": "ChestHolster",
          "Chance": 1,
          "Attachments": [],
          "QuantityPercent": -1,
          "Max": -1,
          "Min": 0,
          "Variants": []
        },
        {
          "Name": "CookZ_RicePuddingBox",
          "Chance": 1,
          "Attachments": [],
          "QuantityPercent": -1,
          "Max": -1,
          "Min": 0,
          "Variants": []
        },
        {
          "Name": "CookZ_HaggisBox",
          "Chance": 1,
          "Attachments": [],
          "QuantityPercent": -1,
          "Max": -1,
          "Min": 0,
          "Variants": []
        },
        {
          "Name": "AmmoBox_12gaSlug_10Rnd",
          "Chance": 1,
          "Attachments": [],
          "QuantityPercent": -1,
          "Max": -1,
          "Min": 0,
          "Variants": []
        },
        {
          "Name": "AmmoBox_308Win_20Rnd",
          "Chance": 1,
          "Attachments": [],
          "QuantityPercent": -1,
          "Max": -1,
          "Min": 0,
          "Variants": []
        },
        {
          "Name": "AmmoBox_357_20Rnd",
          "Chance": 1,
          "Attachments": [],
          "QuantityPercent": -1,
          "Max": -1,
          "Min": 0,
          "Variants": []
        },
        {
          "Name": "PSO11Optic",
          "Chance": 1,
          "Attachments": [],
          "QuantityPercent": -1,
          "Max": -1,
          "Min": 0,
          "Variants": []
        },
        {
          "Name": "SNAFUM98B_Atac_GUN",
          "Chance": 1,
          "Attachments": [],
          "QuantityPercent": -1,
          "Max": -1,
          "Min": 0,
          "Variants": []
        },
        {
          "Name": "Snafu_PKP_Black_GUN",
          "Chance": 1,
          "Attachments": [],
          "QuantityPercent": -1,
          "Max": -1,
          "Min": 0,
          "Variants": []
        },
        {
          "Name": "ACR_Gun",
          "Chance": 1,
          "Attachments": [],
          "QuantityPercent": -1,
          "Max": -1,
          "Min": 0,
          "Variants": []
        },
        {
          "Name": "HK416_Gun",
          "Chance": 1,
          "Attachments": [],
          "QuantityPercent": -1,
          "Max": -1,
          "Min": 0,
          "Variants": []
        },
        {
          "Name": "PlateCarrierVest_Camo",
          "Chance": 1,
          "Attachments": [],
          "QuantityPercent": -1,
          "Max": -1,
          "Min": 0,
          "Variants": []
        },
        {
          "Name": "PlateCarrierPouches_Camo",
          "Chance": 1,
          "Attachments": [],
          "QuantityPercent": -1,
          "Max": -1,
          "Min": 0,
          "Variants": []
        },
        {
          "Name": "PlateCarrierHolster_Camo",
          "Chance": 1,
          "Attachments": [],
          "QuantityPercent": -1,
          "Max": -1,
          "Min": 0,
          "Variants": []
        },
        {
          "Name": "M65Jacket_Olive",
          "Chance": 1,
          "Attachments": [],
          "QuantityPercent": -1,
          "Max": -1,
          "Min": 0,
          "Variants": []
        },
        {
          "Name": "CargoPants_Beige",
          "Chance": 1,
          "Attachments": [],
          "QuantityPercent": -1,
          "Max": -1,
          "Min": 0,
          "Variants": []
        },
        {
          "Name": "CombatBoots_Brown",
          "Chance": 1,
          "Attachments": [],
          "QuantityPercent": -1,
          "Max": -1,
          "Min": 0,
          "Variants": []
        },
        {
          "Name": "Mich2001Helmet",
          "Chance": 1,
          "Attachments": [],
          "QuantityPercent": -1,
          "Max": -1,
          "Min": 0,
          "Variants": []
        },
        {
          "Name": "NVGoggles",
          "Chance": 1,
          "Attachments": [],
          "QuantityPercent": -1,
          "Max": -1,
          "Min": 0,
          "Variants": []
        },
        {
          "Name": "battery9v",
          "Chance": 1,
          "Attachments": [],
          "QuantityPercent": -1,
          "Max": -1,
          "Min": 0,
          "Variants": []
        }
      ]
    },
    {
      "Container": "ExpansionAirdropContainer",
      "FallSpeed": 12,
      "Usage": 0,
      "Weight": 100,
      "Infected": [
        "eAI_SurvivorM_Mirek|faction:Shamans,loadout:CrashedHeliLoadout,canbelooted:false",
        "eAI_SurvivorM_Manua|faction:Shamans,loadout:CrashedHeliLoadout,canbelooted:false",
        "eAI_SurvivorM_Cyril|faction:Shamans,loadout:CrashedHeliLoadout,canbelooted:false",
        "eAI_SurvivorM_Lewis|faction:Shamans,loadout:CrashedHeliLoadout,canbelooted:false",
        "eAI_SurvivorM_Mirek|faction:Shamans,loadout:CrashedHeliLoadout,canbelooted:false",
        "eAI_SurvivorM_Manua|faction:Shamans,loadout:CrashedHeliLoadout,canbelooted:false",
        "eAI_SurvivorM_Cyril|faction:Shamans,loadout:CrashedHeliLoadout,canbelooted:false",
        "eAI_SurvivorM_Lewis|faction:Shamans,loadout:CrashedHeliLoadout,canbelooted:false",
        "eAI_SurvivorM_Mirek|faction:Shamans,loadout:CrashedHeliLoadout,canbelooted:false",
        "eAI_SurvivorM_Manua|faction:Shamans,loadout:CrashedHeliLoadout,canbelooted:false",
        "eAI_SurvivorM_Cyril|faction:Shamans,loadout:CrashedHeliLoadout,canbelooted:false",
        "eAI_SurvivorM_Lewis|faction:Shamans,loadout:CrashedHeliLoadout,canbelooted:false",
        "eAI_SurvivorM_Mirek|faction:Shamans,loadout:CrashedHeliLoadout,canbelooted:false",
        "eAI_SurvivorM_Manua|faction:Shamans,loadout:CrashedHeliLoadout,canbelooted:false",
        "eAI_SurvivorM_Cyril|faction:Shamans,loadout:CrashedHeliLoadout,canbelooted:false",
        "eAI_SurvivorM_Lewis|faction:Shamans,loadout:CrashedHeliLoadout,canbelooted:false"
      ],
      "ItemCount": 15,
      "InfectedCount": 5,
      "SpawnInfectedForPlayerCalledDrops": 1,
      "ExplodeAirVehiclesOnCollision": -1,
      "Loot": [
        {
          "Name": "PartyTent_Brown",
          "Chance": 1,
          "Attachments": [],
          "QuantityPercent": -1,
          "Max": -1,
          "Min": 0,
          "Variants": []
        },
        {
          "Name": "M67Grenade",
          "Chance": 1,
          "Attachments": [],
          "QuantityPercent": -1,
          "Max": -1,
          "Min": 0,
          "Variants": []
        },
        {
          "Name": "TG_Spawn_Item_3",
          "Chance": 1,
          "Attachments": [],
          "QuantityPercent": -1,
          "Max": -1,
          "Min": 0,
          "Variants": []
        },
        {
          "Name": "CookZ_HaggisBox",
          "Chance": 1,
          "Attachments": [],
          "QuantityPercent": -1,
          "Max": -1,
          "Min": 0,
          "Variants": []
        },
        {
          "Name": "CookZ_FishAndChipsBox",
          "Chance": 1,
          "Attachments": [],
          "QuantityPercent": -1,
          "Max": -1,
          "Min": 0,
          "Variants": []
        },
        {
          "Name": "AmmoBox_12gaSlug_10Rnd",
          "Chance": 1,
          "Attachments": [],
          "QuantityPercent": -1,
          "Max": -1,
          "Min": 0,
          "Variants": []
        },
        {
          "Name": "AmmoBox_308Win_20Rnd",
          "Chance": 1,
          "Attachments": [],
          "QuantityPercent": -1,
          "Max": -1,
          "Min": 0,
          "Variants": []
        },
        {
          "Name": "AmmoBox_357_20Rnd",
          "Chance": 1,
          "Attachments": [],
          "QuantityPercent": -1,
          "Max": -1,
          "Min": 0,
          "Variants": []
        },
        {
          "Name": "ACOGOptic_6x",
          "Chance": 1,
          "Attachments": [],
          "QuantityPercent": -1,
          "Max": -1,
          "Min": 0,
          "Variants": []
        },
        {
          "Name": "NVGoggles",
          "Chance": 1,
          "Attachments": [],
          "QuantityPercent": -1,
          "Max": -1,
          "Min": 0,
          "Variants": []
        },
        {
          "Name": "NVGHeadstrap",
          "Chance": 1,
          "Attachments": [],
          "QuantityPercent": -1,
          "Max": -1,
          "Min": 0,
          "Variants": []
        },
        {
          "Name": "SNAFU_M48",
          "Chance": 1,
          "Attachments": [],
          "QuantityPercent": -1,
          "Max": -1,
          "Min": 0,
          "Variants": []
        },
        {
          "Name": "GCGN_BenelliM4",
          "Chance": 1,
          "Attachments": [],
          "QuantityPercent": -1,
          "Max": -1,
          "Min": 0,
          "Variants": []
        },
        {
          "Name": "SNAFUChiappaRhino",
          "Chance": 1,
          "Attachments": [],
          "QuantityPercent": -1,
          "Max": -1,
          "Min": 0,
          "Variants": []
        },
        {
          "Name": "SNAFUDVL10M2",
          "Chance": 1,
          "Attachments": [],
          "QuantityPercent": -1,
          "Max": -1,
          "Min": 0,
          "Variants": []
        },
        {
          "Name": "PlateCarrierVest_Green",
          "Chance": 1,
          "Attachments": [],
          "QuantityPercent": -1,
          "Max": -1,
          "Min": 0,
          "Variants": []
        },
        {
          "Name": "PlateCarrierPouches_Green",
          "Chance": 1,
          "Attachments": [],
          "QuantityPercent": -1,
          "Max": -1,
          "Min": 0,
          "Variants": []
        },
        {
          "Name": "PlateCarrierHolster_Green",
          "Chance": 1,
          "Attachments": [],
          "QuantityPercent": -1,
          "Max": -1,
          "Min": 0,
          "Variants": []
        },
        {
          "Name": "M65Jacket_Olive",
          "Chance": 1,
          "Attachments": [],
          "QuantityPercent": -1,
          "Max": -1,
          "Min": 0,
          "Variants": []
        },
        {
          "Name": "CargoPants_Beige",
          "Chance": 1,
          "Attachments": [],
          "QuantityPercent": -1,
          "Max": -1,
          "Min": 0,
          "Variants": []
        },
        {
          "Name": "CombatBoots_Brown",
          "Chance": 1,
          "Attachments": [],
          "QuantityPercent": -1,
          "Max": -1,
          "Min": 0,
          "Variants": []
        },
        {
          "Name": "booniehat_olive",
          "Chance": 1,
          "Attachments": [],
          "QuantityPercent": -1,
          "Max": -1,
          "Min": 0,
          "Variants": []
        },
        {
          "Name": "battery9v",
          "Chance": 1,
          "Attachments": [],
          "QuantityPercent": -1,
          "Max": -1,
          "Min": 0,
          "Variants": []
        }
      ]
    },
    {
      "Container": "ExpansionAirdropContainer_Military",
      "FallSpeed": 12,
      "Usage": 0,
      "Weight": 50,
      "Infected": [
        "eAI_SurvivorM_Mirek|faction:Shamans,loadout:CrashedHeliLoadout,canbelooted:false",
        "eAI_SurvivorM_Manua|faction:Shamans,loadout:CrashedHeliLoadout,canbelooted:false",
        "eAI_SurvivorM_Cyril|faction:Shamans,loadout:CrashedHeliLoadout,canbelooted:false",
        "eAI_SurvivorM_Lewis|faction:Shamans,loadout:CrashedHeliLoadout,canbelooted:false",
        "eAI_SurvivorM_Mirek|faction:Shamans,loadout:CrashedHeliLoadout,canbelooted:false",
        "eAI_SurvivorM_Manua|faction:Shamans,loadout:CrashedHeliLoadout,canbelooted:false",
        "eAI_SurvivorM_Cyril|faction:Shamans,loadout:CrashedHeliLoadout,canbelooted:false",
        "eAI_SurvivorM_Lewis|faction:Shamans,loadout:CrashedHeliLoadout,canbelooted:false",
        "eAI_SurvivorM_Mirek|faction:Shamans,loadout:CrashedHeliLoadout,canbelooted:false",
        "eAI_SurvivorM_Manua|faction:Shamans,loadout:CrashedHeliLoadout,canbelooted:false",
        "eAI_SurvivorM_Cyril|faction:Shamans,loadout:CrashedHeliLoadout,canbelooted:false",
        "eAI_SurvivorM_Lewis|faction:Shamans,loadout:CrashedHeliLoadout,canbelooted:false",
        "eAI_SurvivorM_Mirek|faction:Shamans,loadout:CrashedHeliLoadout,canbelooted:false",
        "eAI_SurvivorM_Manua|faction:Shamans,loadout:CrashedHeliLoadout,canbelooted:false",
        "eAI_SurvivorM_Cyril|faction:Shamans,loadout:CrashedHeliLoadout,canbelooted:false",
        "eAI_SurvivorM_Lewis|faction:Shamans,loadout:CrashedHeliLoadout,canbelooted:false"
      ],
      "ItemCount": 10,
      "InfectedCount": 8,
      "SpawnInfectedForPlayerCalledDrops": 1,
      "ExplodeAirVehiclesOnCollision": -1,
      "Loot": [
        {
          "Name": "TG_Spawn_Item_12",
          "Chance": 1,
          "Attachments": [],
          "QuantityPercent": -1,
          "Max": -1,
          "Min": 0,
          "Variants": []
        },
        {
          "Name": "TG_Spawn_Item_14",
          "Chance": 1,
          "Attachments": [],
          "QuantityPercent": -1,
          "Max": -1,
          "Min": 0,
          "Variants": []
        },
        {
          "Name": "TG_Spawn_Item_17",
          "Chance": 1,
          "Attachments": [],
          "QuantityPercent": -1,
          "Max": -1,
          "Min": 0,
          "Variants": []
        },
        {
          "Name": "TG_Spawn_SeaChestEpic_4",
          "Chance": 1,
          "Attachments": [],
          "QuantityPercent": -1,
          "Max": -1,
          "Min": 0,
          "Variants": []
        },
        {
          "Name": "TG_Spawn_WeaponCase_5",
          "Chance": 1,
          "Attachments": [],
          "QuantityPercent": -1,
          "Max": -1,
          "Min": 0,
          "Variants": []
        },
        {
          "Name": "TG_Spawn_Olga",
          "Chance": 1,
          "Attachments": [],
          "QuantityPercent": -1,
          "Max": -1,
          "Min": 0,
          "Variants": []
        },
        {
          "Name": "TG_Spawn_ArmourSet_3",
          "Chance": 1,
          "Attachments": [],
          "QuantityPercent": -1,
          "Max": -1,
          "Min": 0,
          "Variants": []
        },
        {
          "Name": "CP_CannabisBrickBlackFrost",
          "Chance": 1,
          "Attachments": [],
          "QuantityPercent": -1,
          "Max": -1,
          "Min": 0,
          "Variants": []
        },
        {
          "Name": "CP_CannabisSeedsPackNomad",
          "Chance": 1,
          "Attachments": [],
          "QuantityPercent": -1,
          "Max": -1,
          "Min": 0,
          "Variants": []
        },
        {
          "Name": "CP_CannabisSeedsPackBlackFrost",
          "Chance": 1,
          "Attachments": [],
          "QuantityPercent": -1,
          "Max": -1,
          "Min": 0,
          "Variants": []
        },
        {
          "Name": "Paragon_EarCovers_Green",
          "Chance": 1,
          "Attachments": [],
          "QuantityPercent": -1,
          "Max": -1,
          "Min": 0,
          "Variants": []
        },
        {
          "Name": "PunchedCard",
          "Chance": 1,
          "Attachments": [],
          "QuantityPercent": -1,
          "Max": -1,
          "Min": 0,
          "Variants": []
        },
        {
          "Name": "DNA_KeyCard_Purple_Inactive",
          "Chance": 1,
          "Attachments": [],
          "QuantityPercent": -1,
          "Max": -1,
          "Min": 0,
          "Variants": []
        },
        {
          "Name": "Paragon_Silver_Stack",
          "Chance": 1,
          "Attachments": [],
          "QuantityPercent": -1,
          "Max": -1,
          "Min": 0,
          "Variants": []
        },
        {
          "Name": "NailBox",
          "Chance": 1,
          "Attachments": [],
          "QuantityPercent": -1,
          "Max": -1,
          "Min": 0,
          "Variants": []
        },
        {
          "Name": "CookZ_ChiliConCarneCan",
          "Chance": 1,
          "Attachments": [],
          "QuantityPercent": -1,
          "Max": -1,
          "Min": 0,
          "Variants": []
        },
        {
          "Name": "CookZ_MysteryMeatCan",
          "Chance": 1,
          "Attachments": [],
          "QuantityPercent": -1,
          "Max": -1,
          "Min": 0,
          "Variants": []
        },
        {
          "Name": "SodaCan_Cola",
          "Chance": 1,
          "Attachments": [],
          "QuantityPercent": -1,
          "Max": -1,
          "Min": 0,
          "Variants": []
        },
        {
          "Name": "SodaCan_Kvass",
          "Chance": 1,
          "Attachments": [],
          "QuantityPercent": -1,
          "Max": -1,
          "Min": 0,
          "Variants": []
        }
      ]
    },
    {
      "Container": "ExpansionAirdropContainer_Military",
      "FallSpeed": 12,
      "Usage": 0,
      "Weight": 50,
      "Infected": [
        "eAI_SurvivorM_Mirek|faction:Shamans,loadout:CrashedHeliLoadout,canbelooted:false",
        "eAI_SurvivorM_Manua|faction:Shamans,loadout:CrashedHeliLoadout,canbelooted:false",
        "eAI_SurvivorM_Cyril|faction:Shamans,loadout:CrashedHeliLoadout,canbelooted:false",
        "eAI_SurvivorM_Lewis|faction:Shamans,loadout:CrashedHeliLoadout,canbelooted:false",
        "eAI_SurvivorM_Mirek|faction:Shamans,loadout:CrashedHeliLoadout,canbelooted:false",
        "eAI_SurvivorM_Manua|faction:Shamans,loadout:CrashedHeliLoadout,canbelooted:false",
        "eAI_SurvivorM_Cyril|faction:Shamans,loadout:CrashedHeliLoadout,canbelooted:false",
        "eAI_SurvivorM_Lewis|faction:Shamans,loadout:CrashedHeliLoadout,canbelooted:false",
        "eAI_SurvivorM_Mirek|faction:Shamans,loadout:CrashedHeliLoadout,canbelooted:false",
        "eAI_SurvivorM_Manua|faction:Shamans,loadout:CrashedHeliLoadout,canbelooted:false",
        "eAI_SurvivorM_Cyril|faction:Shamans,loadout:CrashedHeliLoadout,canbelooted:false",
        "eAI_SurvivorM_Lewis|faction:Shamans,loadout:CrashedHeliLoadout,canbelooted:false",
        "eAI_SurvivorM_Mirek|faction:Shamans,loadout:CrashedHeliLoadout,canbelooted:false",
        "eAI_SurvivorM_Manua|faction:Shamans,loadout:CrashedHeliLoadout,canbelooted:false",
        "eAI_SurvivorM_Cyril|faction:Shamans,loadout:CrashedHeliLoadout,canbelooted:false",
        "eAI_SurvivorM_Lewis|faction:Shamans,loadout:CrashedHeliLoadout,canbelooted:false"
      ],
      "ItemCount": 10,
      "InfectedCount": 8,
      "SpawnInfectedForPlayerCalledDrops": 1,
      "ExplodeAirVehiclesOnCollision": -1,
      "Loot": [
        {
          "Name": "CookZ_BeefStewCan",
          "Chance": 1,
          "Attachments": [],
          "QuantityPercent": -1,
          "Max": -1,
          "Min": 0,
          "Variants": []
        },
        {
          "Name": "CookZ_SpaghettiWithMeatballsCan",
          "Chance": 1,
          "Attachments": [],
          "QuantityPercent": -1,
          "Max": -1,
          "Min": 0,
          "Variants": []
        },
        {
          "Name": "Bitcoin",
          "Chance": 1,
          "Attachments": [],
          "QuantityPercent": -1,
          "Max": -1,
          "Min": 0,
          "Variants": []
        },
        {
          "Name": "LBS_SleepingPacked_New_Camo",
          "Chance": 1,
          "Attachments": [],
          "QuantityPercent": -1,
          "Max": -1,
          "Min": 0,
          "Variants": []
        },
        {
          "Name": "Paragon_Sword_Gold",
          "Chance": 1,
          "Attachments": [],
          "QuantityPercent": -1,
          "Max": -1,
          "Min": 0,
          "Variants": []
        },
        {
          "Name": "Paragon_GoldBar_Stack",
          "Chance": 1,
          "Attachments": [],
          "QuantityPercent": -1,
          "Max": -1,
          "Min": 0,
          "Variants": []
        },
        {
          "Name": "DNA_KeyCard_Blue_Inactive",
          "Chance": 1,
          "Attachments": [],
          "QuantityPercent": -1,
          "Max": -1,
          "Min": 0,
          "Variants": []
        },
        {
          "Name": "LandMineTrap",
          "Chance": 1,
          "Attachments": [],
          "QuantityPercent": -1,
          "Max": -1,
          "Min": 0,
          "Variants": []
        },
        {
          "Name": "Paragon_EarCovers_Desert",
          "Chance": 1,
          "Attachments": [],
          "QuantityPercent": -1,
          "Max": -1,
          "Min": 0,
          "Variants": []
        },
        {
          "Name": "CP_CannabisSeedsPackSkunk",
          "Chance": 1,
          "Attachments": [],
          "QuantityPercent": -1,
          "Max": -1,
          "Min": 0,
          "Variants": []
        },
        {
          "Name": "CP_CannabisSeedsPackS1",
          "Chance": 1,
          "Attachments": [],
          "QuantityPercent": -1,
          "Max": -1,
          "Min": 0,
          "Variants": []
        },
        {
          "Name": "CP_CannabisBrickSkunk",
          "Chance": 1,
          "Attachments": [],
          "QuantityPercent": -1,
          "Max": -1,
          "Min": 0,
          "Variants": []
        },
        {
          "Name": "TG_Spawn_ArmourSet_4",
          "Chance": 1,
          "Attachments": [],
          "QuantityPercent": -1,
          "Max": -1,
          "Min": 0,
          "Variants": []
        },
        {
          "Name": "TG_Spawn_OffroadHatchback",
          "Chance": 1,
          "Attachments": [],
          "QuantityPercent": -1,
          "Max": -1,
          "Min": 0,
          "Variants": []
        },
        {
          "Name": "TG_Spawn_WeaponCase_4",
          "Chance": 1,
          "Attachments": [],
          "QuantityPercent": -1,
          "Max": -1,
          "Min": 0,
          "Variants": []
        },
        {
          "Name": "TG_Spawn_SeaChestEpic_3",
          "Chance": 1,
          "Attachments": [],
          "QuantityPercent": -1,
          "Max": -1,
          "Min": 0,
          "Variants": []
        },
        {
          "Name": "TG_Spawn_Item_18",
          "Chance": 1,
          "Attachments": [],
          "QuantityPercent": -1,
          "Max": -1,
          "Min": 0,
          "Variants": []
        },
        {
          "Name": "TG_Spawn_Item_15",
          "Chance": 1,
          "Attachments": [],
          "QuantityPercent": -1,
          "Max": -1,
          "Min": 0,
          "Variants": []
        },
        {
          "Name": "TG_Spawn_Item_13",
          "Chance": 1,
          "Attachments": [],
          "QuantityPercent": -1,
          "Max": -1,
          "Min": 0,
          "Variants": []
        },
        {
          "Name": "SodaCan_Cola",
          "Chance": 1,
          "Attachments": [],
          "QuantityPercent": -1,
          "Max": -1,
          "Min": 0,
          "Variants": []
        },
        {
          "Name": "SodaCan_Pipsi",
          "Chance": 1,
          "Attachments": [],
          "QuantityPercent": -1,
          "Max": -1,
          "Min": 0,
          "Variants": []
        }
      ]
    },
    {
      "Container": "ExpansionAirdropContainer_Military",
      "FallSpeed": 12,
      "Usage": 0,
      "Weight": 50,
      "Infected": [
        "eAI_SurvivorM_Mirek|faction:Shamans,loadout:CrashedHeliLoadout,canbelooted:false",
        "eAI_SurvivorM_Manua|faction:Shamans,loadout:CrashedHeliLoadout,canbelooted:false",
        "eAI_SurvivorM_Cyril|faction:Shamans,loadout:CrashedHeliLoadout,canbelooted:false",
        "eAI_SurvivorM_Lewis|faction:Shamans,loadout:CrashedHeliLoadout,canbelooted:false",
        "eAI_SurvivorM_Mirek|faction:Shamans,loadout:CrashedHeliLoadout,canbelooted:false",
        "eAI_SurvivorM_Manua|faction:Shamans,loadout:CrashedHeliLoadout,canbelooted:false",
        "eAI_SurvivorM_Cyril|faction:Shamans,loadout:CrashedHeliLoadout,canbelooted:false",
        "eAI_SurvivorM_Lewis|faction:Shamans,loadout:CrashedHeliLoadout,canbelooted:false",
        "eAI_SurvivorM_Mirek|faction:Shamans,loadout:CrashedHeliLoadout,canbelooted:false",
        "eAI_SurvivorM_Manua|faction:Shamans,loadout:CrashedHeliLoadout,canbelooted:false",
        "eAI_SurvivorM_Cyril|faction:Shamans,loadout:CrashedHeliLoadout,canbelooted:false",
        "eAI_SurvivorM_Lewis|faction:Shamans,loadout:CrashedHeliLoadout,canbelooted:false",
        "eAI_SurvivorM_Mirek|faction:Shamans,loadout:CrashedHeliLoadout,canbelooted:false",
        "eAI_SurvivorM_Manua|faction:Shamans,loadout:CrashedHeliLoadout,canbelooted:false",
        "eAI_SurvivorM_Cyril|faction:Shamans,loadout:CrashedHeliLoadout,canbelooted:false",
        "eAI_SurvivorM_Lewis|faction:Shamans,loadout:CrashedHeliLoadout,canbelooted:false"
      ],
      "ItemCount": 10,
      "InfectedCount": 8,
      "SpawnInfectedForPlayerCalledDrops": 1,
      "ExplodeAirVehiclesOnCollision": -1,
      "Loot": [
        {
          "Name": "TG_Spawn_Item_12",
          "Chance": 1,
          "Attachments": [],
          "QuantityPercent": -1,
          "Max": -1,
          "Min": 0,
          "Variants": []
        },
        {
          "Name": "TG_Spawn_Item_16",
          "Chance": 1,
          "Attachments": [],
          "QuantityPercent": -1,
          "Max": -1,
          "Min": 0,
          "Variants": []
        },
        {
          "Name": "TG_Spawn_Item_19",
          "Chance": 1,
          "Attachments": [],
          "QuantityPercent": -1,
          "Max": -1,
          "Min": 0,
          "Variants": []
        },
        {
          "Name": "TG_Spawn_SeaChestEpic_2",
          "Chance": 1,
          "Attachments": [],
          "QuantityPercent": -1,
          "Max": -1,
          "Min": 0,
          "Variants": []
        },
        {
          "Name": "TG_Spawn_WeaponCase_3",
          "Chance": 1,
          "Attachments": [],
          "QuantityPercent": -1,
          "Max": -1,
          "Min": 0,
          "Variants": []
        },
        {
          "Name": "TG_Spawn_WeaponCase_8",
          "Chance": 1,
          "Attachments": [],
          "QuantityPercent": -1,
          "Max": -1,
          "Min": 0,
          "Variants": []
        },
        {
          "Name": "TG_Spawn_ArmourSet_2",
          "Chance": 1,
          "Attachments": [],
          "QuantityPercent": -1,
          "Max": -1,
          "Min": 0,
          "Variants": []
        },
        {
          "Name": "CP_CannabisBrickBlue",
          "Chance": 1,
          "Attachments": [],
          "QuantityPercent": -1,
          "Max": -1,
          "Min": 0,
          "Variants": []
        },
        {
          "Name": "CP_CannabisSeedsPackBlue",
          "Chance": 1,
          "Attachments": [],
          "QuantityPercent": -1,
          "Max": -1,
          "Min": 0,
          "Variants": []
        },
        {
          "Name": "CP_CannabisSeedsPackFuture",
          "Chance": 1,
          "Attachments": [],
          "QuantityPercent": -1,
          "Max": -1,
          "Min": 0,
          "Variants": []
        },
        {
          "Name": "Paragon_EarCovers_Blue",
          "Chance": 1,
          "Attachments": [],
          "QuantityPercent": -1,
          "Max": -1,
          "Min": 0,
          "Variants": []
        },
        {
          "Name": "DNA_KeyCard_Green_Inactive",
          "Chance": 1,
          "Attachments": [],
          "QuantityPercent": -1,
          "Max": -1,
          "Min": 0,
          "Variants": []
        },
        {
          "Name": "DNA_KeyCard_Orange_Inactive",
          "Chance": 1,
          "Attachments": [],
          "QuantityPercent": -1,
          "Max": -1,
          "Min": 0,
          "Variants": []
        },
        {
          "Name": "Paragon_Intel",
          "Chance": 1,
          "Attachments": [],
          "QuantityPercent": -1,
          "Max": -1,
          "Min": 0,
          "Variants": []
        },
        {
          "Name": "MetaLeon",
          "Chance": 1,
          "Attachments": [],
          "QuantityPercent": -1,
          "Max": -1,
          "Min": 0,
          "Variants": []
        },
        {
          "Name": "CookZ_Bear_Sausage",
          "Chance": 1,
          "Attachments": [],
          "QuantityPercent": -1,
          "Max": -1,
          "Min": 0,
          "Variants": []
        },
        {
          "Name": "CookZ_MysteryMeatCan",
          "Chance": 1,
          "Attachments": [],
          "QuantityPercent": -1,
          "Max": -1,
          "Min": 0,
          "Variants": []
        },
        {
          "Name": "SodaCan_Cola",
          "Chance": 1,
          "Attachments": [],
          "QuantityPercent": -1,
          "Max": -1,
          "Min": 0,
          "Variants": []
        },
        {
          "Name": "SodaCan_Fronta",
          "Chance": 1,
          "Attachments": [],
          "QuantityPercent": -1,
          "Max": -1,
          "Min": 0,
          "Variants": []
        }
      ]
    },
    {
      "Container": "ExpansionAirdropContainer_Military",
      "FallSpeed": 12,
      "Usage": 0,
      "Weight": 50,
      "Infected": [
        "eAI_SurvivorM_Mirek|faction:Shamans,loadout:CrashedHeliLoadout,canbelooted:false",
        "eAI_SurvivorM_Manua|faction:Shamans,loadout:CrashedHeliLoadout,canbelooted:false",
        "eAI_SurvivorM_Cyril|faction:Shamans,loadout:CrashedHeliLoadout,canbelooted:false",
        "eAI_SurvivorM_Lewis|faction:Shamans,loadout:CrashedHeliLoadout,canbelooted:false",
        "eAI_SurvivorM_Mirek|faction:Shamans,loadout:CrashedHeliLoadout,canbelooted:false",
        "eAI_SurvivorM_Manua|faction:Shamans,loadout:CrashedHeliLoadout,canbelooted:false",
        "eAI_SurvivorM_Cyril|faction:Shamans,loadout:CrashedHeliLoadout,canbelooted:false",
        "eAI_SurvivorM_Lewis|faction:Shamans,loadout:CrashedHeliLoadout,canbelooted:false",
        "eAI_SurvivorM_Mirek|faction:Shamans,loadout:CrashedHeliLoadout,canbelooted:false",
        "eAI_SurvivorM_Manua|faction:Shamans,loadout:CrashedHeliLoadout,canbelooted:false",
        "eAI_SurvivorM_Cyril|faction:Shamans,loadout:CrashedHeliLoadout,canbelooted:false",
        "eAI_SurvivorM_Lewis|faction:Shamans,loadout:CrashedHeliLoadout,canbelooted:false",
        "eAI_SurvivorM_Mirek|faction:Shamans,loadout:CrashedHeliLoadout,canbelooted:false",
        "eAI_SurvivorM_Manua|faction:Shamans,loadout:CrashedHeliLoadout,canbelooted:false",
        "eAI_SurvivorM_Cyril|faction:Shamans,loadout:CrashedHeliLoadout,canbelooted:false",
        "eAI_SurvivorM_Lewis|faction:Shamans,loadout:CrashedHeliLoadout,canbelooted:false"
      ],
      "ItemCount": 10,
      "InfectedCount": 8,
      "SpawnInfectedForPlayerCalledDrops": 1,
      "ExplodeAirVehiclesOnCollision": -1,
      "Loot": [
        {
          "Name": "TG_Spawn_Item_13",
          "Chance": 1,
          "Attachments": [],
          "QuantityPercent": -1,
          "Max": -1,
          "Min": 0,
          "Variants": []
        },
        {
          "Name": "TG_Spawn_Item_15",
          "Chance": 1,
          "Attachments": [],
          "QuantityPercent": -1,
          "Max": -1,
          "Min": 0,
          "Variants": []
        },
        {
          "Name": "TG_Spawn_Item_20",
          "Chance": 1,
          "Attachments": [],
          "QuantityPercent": -1,
          "Max": -1,
          "Min": 0,
          "Variants": []
        },
        {
          "Name": "TG_Spawn_SeaChestEpic_1",
          "Chance": 1,
          "Attachments": [],
          "QuantityPercent": -1,
          "Max": -1,
          "Min": 0,
          "Variants": []
        },
        {
          "Name": "TG_Spawn_WeaponCase_2",
          "Chance": 1,
          "Attachments": [],
          "QuantityPercent": -1,
          "Max": -1,
          "Min": 0,
          "Variants": []
        },
        {
          "Name": "TG_Spawn_WeaponCase_6",
          "Chance": 1,
          "Attachments": [],
          "QuantityPercent": -1,
          "Max": -1,
          "Min": 0,
          "Variants": []
        },
        {
          "Name": "TG_Spawn_ArmourSet_1",
          "Chance": 1,
          "Attachments": [],
          "QuantityPercent": -1,
          "Max": -1,
          "Min": 0,
          "Variants": []
        },
        {
          "Name": "CP_CannabisBrickKush",
          "Chance": 1,
          "Attachments": [],
          "QuantityPercent": -1,
          "Max": -1,
          "Min": 0,
          "Variants": []
        },
        {
          "Name": "CP_CannabisSeedsPackKush",
          "Chance": 1,
          "Attachments": [],
          "QuantityPercent": -1,
          "Max": -1,
          "Min": 0,
          "Variants": []
        },
        {
          "Name": "CP_CannabisSeedsPackStardawg",
          "Chance": 1,
          "Attachments": [],
          "QuantityPercent": -1,
          "Max": -1,
          "Min": 0,
          "Variants": []
        },
        {
          "Name": "Paragon_Visor_Green",
          "Chance": 1,
          "Attachments": [],
          "QuantityPercent": -1,
          "Max": -1,
          "Min": 0,
          "Variants": []
        },
        {
          "Name": "expansionsupplysignal",
          "Chance": 1,
          "Attachments": [],
          "QuantityPercent": -1,
          "Max": -1,
          "Min": 0,
          "Variants": []
        },
        {
          "Name": "DNA_KeyCard_Yellow_Inactive",
          "Chance": 1,
          "Attachments": [],
          "QuantityPercent": -1,
          "Max": -1,
          "Min": 0,
          "Variants": []
        },
        {
          "Name": "DNA_KeyCard_Orange_Inactive",
          "Chance": 1,
          "Attachments": [],
          "QuantityPercent": -1,
          "Max": -1,
          "Min": 0,
          "Variants": []
        },
        {
          "Name": "Paragon_Trophy_Gold",
          "Chance": 1,
          "Attachments": [],
          "QuantityPercent": -1,
          "Max": -1,
          "Min": 0,
          "Variants": []
        },
        {
          "Name": "MetaLeon",
          "Chance": 1,
          "Attachments": [],
          "QuantityPercent": -1,
          "Max": -1,
          "Min": 0,
          "Variants": []
        },
        {
          "Name": "CookZ_Deer_Sausage",
          "Chance": 1,
          "Attachments": [],
          "QuantityPercent": -1,
          "Max": -1,
          "Min": 0,
          "Variants": []
        },
        {
          "Name": "CookZ_BeefStewCan",
          "Chance": 1,
          "Attachments": [],
          "QuantityPercent": -1,
          "Max": -1,
          "Min": 0,
          "Variants": []
        },
        {
          "Name": "SodaCan_Cola",
          "Chance": 1,
          "Attachments": [],
          "QuantityPercent": -1,
          "Max": -1,
          "Min": 0,
          "Variants": []
        },
        {
          "Name": "SodaCan_Spite",
          "Chance": 1,
          "Attachments": [],
          "QuantityPercent": -1,
          "Max": -1,
          "Min": 0,
          "Variants": []
        }
      ]
    }
  ]
}