{
  "m_Version": 13,
  "AccuracyMin": 0.3499999940395355,
  "AccuracyMax": 0.949999988079071,
  "ThreatDistanceLimit": 500,
  "NoiseInvestigationDistanceLimit": 500,
  "DamageMultiplier": 1,
  "DamageReceivedMultiplier": 1,
  "Admins": [],
  "Vaulting": 1,
  "SniperProneDistanceThreshold": 500,
  "Manners": 0,
  "MemeLevel": 1,
  "CanRecruitFriendly": 1,
  "CanRecruitGuards": 1,
  "PreventClimb": [],
  "FormationScale": 1,
  "PlayerFactions": [],
  "LogAIHitBy": 1,
  "LogAIKilled": 1
}