{
  "m_Version": 5,
  "EnableStatusTab": 0,
  "EnablePartyTab": 0,
  "EnableServerInfoTab": 1,
  "EnableServerRulesTab": 1,
  "EnableTerritoryTab": 1,
  "EnableBookMenu": 1,
  "CreateBookmarks": 1,
  "ShowHaBStats": 0,
  "ShowPlayerFaction": 0,
  "RuleCategories": [
    {
      "CategoryName": "General",
      "Rules": [
        {
          "RuleParagraph": "1.1.",
          "RuleText": "This is a PvE server no KoS and no base raiding. Anyone caught entering a base without permission will be banned."
        },
        {
          "RuleParagraph": "1.2.",
          "RuleText": "Insults, discrimination, extremist and racist statements or texts are taboo."
        },
        {
          "RuleParagraph": "1.3.",
          "RuleText": "We reserve the right to exclude people from the server who share extremist or racist ideas or who clearly disturb the server harmony."
        },
        {
          "RuleParagraph": "1.4.",
          "RuleText": "Decisions of the team members, both the supporter and the admin are to be accepted without discussion."
        },
        {
          "RuleParagraph": "1.5.",
          "RuleText": "Provocations and toxic behavior will not be tolerated and punished! Be friendly to fellow players and your team, both in chat and in voice!"
        },
        {
          "RuleParagraph": "1.6.",
          "RuleText": "The use of external programs, scripts and cheats is not tolerated and is punished with a permanent exclusion."
        },
        {
          "RuleParagraph": "1.7.",
          "RuleText": "Exploiting the trader is not tolerated and is punished with a permanent exclusion."
        },
        {
          "RuleParagraph": "1.8.",
          "RuleText": "The use of Alt accounts is not permitted on this server, anyone doing so will result in a ban"
        }
      ]
    },
    {
      "CategoryName": "Safe Store Loot Rooms",
      "Rules": [
        {
          "RuleParagraph": "1.1.",
          "RuleText": "Always park 50m away from Loot Room."
        },
        {
          "RuleParagraph": "1.2.",
          "RuleText": "Always kill all animals and zombies that spawn in for the room. This stops them wandering further away and killing freshies!"
        }
      ]
    },
    {
      "CategoryName": "Claiming Missions and Drops",
      "Rules": [
        {
          "RuleParagraph": "1.1.",
          "RuleText": "All missions must be claimed in global chat at least 500 meters from the location."
        },
        {
          "RuleParagraph": "1.2.",
          "RuleText": "All air drops must be claimed in global chat at least 500 meters from the location."
        }
      ]
    },
    {
      "CategoryName": "Building Rules",
      "Rules": [
        {
          "RuleParagraph": "1.1.",
          "RuleText": "For base building we will be using Base building plus,ExpansionBasebuilding and vanilla is active also."
        },
        {
          "RuleParagraph": "1.2.",
          "RuleText": "Building in military zones is not allowed or any PoI anyone caught doing so will lose there base any loot inside."
        },
        {
          "RuleParagraph": "1.3.",
          "RuleText": "Garden plots are not permitted please use Greenhouses"
        }
      ]
    },
    {
      "CategoryName": "Vehicle Rules",
      "Rules": [
        {
          "RuleParagraph": "1.1.",
          "RuleText": "vehicles must be stored in garage and not left on map."
        },
        {
          "RuleParagraph": "1.2.",
          "RuleText": "All Fuel stations have parking and you can buy parking garage at vehicles parts trader for your base."
        },
        {
          "RuleParagraph": "1.3.",
          "RuleText": "You need to use parking at safe zones as vehicles will DE Spawn at restarts , you have been warned!"
        }
      ]
    }
  ],
  "DisplayServerSettingsInServerInfoTab": 0,
  "SettingCategories": [
    {
      "CategoryName": "Base-Building Settings",
      "Settings": [
        {
          "SettingTitle": "Expansion.Settings.BaseBuilding.CanCraftVanillaBasebuilding",
          "SettingText": "",
          "SettingValue": ""
        },
        {
          "SettingTitle": "Expansion.Settings.BaseBuilding.CanCraftExpansionBasebuilding",
          "SettingText": "",
          "SettingValue": ""
        }
      ]
    },
    {
      "CategoryName": "Raid Settings",
      "Settings": [
        {
          "SettingTitle": "Expansion.Settings.Raid.CanRaidSafes",
          "SettingText": "",
          "SettingValue": ""
        },
        {
          "SettingTitle": "Expansion.Settings.Raid.SafeExplosionDamageMultiplier",
          "SettingText": "",
          "SettingValue": ""
        },
        {
          "SettingTitle": "Expansion.Settings.Raid.SafeProjectileDamageMultiplier",
          "SettingText": "",
          "SettingValue": ""
        },
        {
          "SettingTitle": "Expansion.Settings.Raid.ExplosionTime",
          "SettingText": "",
          "SettingValue": ""
        },
        {
          "SettingTitle": "Expansion.Settings.Raid.ExplosionDamageMultiplier",
          "SettingText": "",
          "SettingValue": ""
        },
        {
          "SettingTitle": "Expansion.Settings.Raid.ProjectileDamageMultiplier",
          "SettingText": "",
          "SettingValue": ""
        }
      ]
    },
    {
      "CategoryName": "Territory Settings",
      "Settings": [
        {
          "SettingTitle": "Expansion.Settings.Territory.TerritorySize",
          "SettingText": "",
          "SettingValue": ""
        },
        {
          "SettingTitle": "Expansion.Settings.Territory.UseWholeMapForInviteList",
          "SettingText": "",
          "SettingValue": ""
        }
      ]
    },
    {
      "CategoryName": "Map Settings",
      "Settings": [
        {
          "SettingTitle": "Expansion.Settings.Map.NeedGPSItemForKeyBinding",
          "SettingText": "",
          "SettingValue": ""
        },
        {
          "SettingTitle": "Expansion.Settings.Map.NeedMapItemForKeyBinding",
          "SettingText": "",
          "SettingValue": ""
        }
      ]
    },
    {
      "CategoryName": "Party Settings",
      "Settings": [
        {
          "SettingTitle": "Expansion.Settings.Party.MaxMembersInParty",
          "SettingText": "",
          "SettingValue": ""
        },
        {
          "SettingTitle": "Expansion.Settings.Party.UseWholeMapForInviteList",
          "SettingText": "",
          "SettingValue": ""
        }
      ]
    }
  ],
  "Links": [
    {
      "Name": "Discord",
      "URL": "https://discord.gg/tcqmhFa54V",
      "IconName": "Discord",
      "IconColor": -9270822
    },
    {
      "Name": "PayPal",
      "URL": "https://paypal.me/breakingpointuk",
      "IconName": "PayPal",
      "IconColor": -14835214
    }
  ],
  "Descriptions": [
    {
      "CategoryName": "General Info",
      "Descriptions": [
        {
          "DescriptionText": ""
        },
        {
          "DescriptionText": ""
        },
        {
          "DescriptionText": ""
        }
      ]
    },
    {
      "CategoryName": "Mod Info",
      "Descriptions": [
        {
          "DescriptionText": ""
        },
        {
          "DescriptionText": ""
        },
        {
          "DescriptionText": ""
        }
      ]
    }
  ],
  "CraftingCategories": [
    {
      "CategoryName": "Accessories",
      "Results": [
        "armband_",
        "armband_white",
        "eyepatch_improvised"
      ]
    },
    {
      "CategoryName": "Backpacks",
      "Results": [
        "courierbag",
        "furcourierbag",
        "furimprovisedbag",
        "improvisedbag",
        "leathersack_brown"
      ]
    },
    {
      "CategoryName": "Base-Building",
      "Results": [
        "expansionbarbedwirekit",
        "fencekit",
        "expansionfloorkit",
        "expansionhelipadkit",
        "expansionhescokit",
        "expansionrampkit",
        "shelterkit",
        "expansionstairkit",
        "territoryflagkit",
        "expansionwallkit",
        "watchtowerkit"
      ]
    },
    {
      "CategoryName": "Camouflage",
      "Results": [
        "camonet",
        "ghillieatt_tan",
        "ghillieatt_mossy",
        "ghillieatt_woodland",
        "ghilliebushrag_tan",
        "ghilliebushrag_mossy",
        "ghilliebushrag_woodland",
        "ghilliehood_tan",
        "ghilliehood_mossy",
        "ghilliehood_woodland",
        "ghilliesuit_tan",
        "ghilliesuit_mossy",
        "ghilliesuit_woodland",
        "ghillietop_tan",
        "ghillietop_mossy",
        "ghillietop_woodland"
      ]
    },
    {
      "CategoryName": "Cooking",
      "Results": [
        "fireplace",
        "firewood",
        "handdrillkit"
      ]
    },
    {
      "CategoryName": "Fishing",
      "Results": [
        "bait",
        "bonebait",
        "bonehook",
        "improvisedfishingrod"
      ]
    },
    {
      "CategoryName": "Food",
      "Results": [
        "carpfilletmeat",
        "mackerelfilletmeat",
        "expansionmilkbottle",
        "potato",
        "slicedpumpkin"
      ]
    },
    {
      "CategoryName": "Horticulture",
      "Results": [
        "pepperseeds",
        "pumpkinseeds",
        "tomatoseeds",
        "zucchiniseeds"
      ]
    },
    {
      "CategoryName": "Lights",
      "Results": [
        "longtorch",
        "torch"
      ]
    },
    {
      "CategoryName": "Medical Supplies",
      "Results": [
        "bloodbagiv",
        "salinebagiv",
        "splint"
      ]
    },
    {
      "CategoryName": "Melee Weapons",
      "Results": [
        "nailedbaseballbat",
        "stoneknife"
      ]
    },
    {
      "CategoryName": "Storage",
      "Results": [
        "woodencrate"
      ]
    },
    {
      "CategoryName": "Supplies",
      "Results": [
        "boarpelt",
        "burlapsack",
        "burlapstrip",
        "longwoodenstick",
        "expansionlumber1",
        "expansionlumber1_5",
        "expansionlumber3",
        "nails",
        "netting",
        "rag",
        "rope",
        "sharpwoodenstick",
        "smallstone",
        "tannedleather",
        "woodenplank",
        "woodenstick"
      ]
    },
    {
      "CategoryName": "Weapon Modifications",
      "Results": [
        "sawedoffizh18shotgun"
      ]
    },
    {
      "CategoryName": "Weapon Attachments",
      "Results": [
        "improvisedsuppressor"
      ]
    }
  ],
  "EnableCraftingRecipesTab": 0
}