<?xml version="1.0" encoding="UTF-8"?>
<!-- Version: 3.3 -->
<spawnabletypes>
    <!-- Tackle -->
    <type name="geb_OldBlueTackle">
        <cargo chance="0.20">
            <item name="geb_Lure1" chance="0.33" />
            <item name="geb_Lure2" chance="0.33" />
            <item name="geb_Lure3" chance="0.33" />
            <item name="geb_Lure4" chance="0.33" />
            <item name="geb_SpinnerBait1" chance="0.33" />
            <item name="geb_SpinnerBait2" chance="0.33" />
            <item name="geb_SpinnerBait3" chance="0.33" />
            <item name="geb_SpinnerBait4" chance="0.33" />
        </cargo>
    </type>
    <type name="geb_OldGreenTackle">
        <cargo chance="0.20">
            <item name="geb_Lure1" chance="0.33" />
            <item name="geb_Lure2" chance="0.33" />
            <item name="geb_Lure3" chance="0.33" />
            <item name="geb_Lure4" chance="0.33" />
            <item name="geb_SpinnerBait1" chance="0.33" />
            <item name="geb_SpinnerBait2" chance="0.33" />
            <item name="geb_SpinnerBait3" chance="0.33" />
            <item name="geb_SpinnerBait4" chance="0.33" />
        </cargo>
    </type>
    <type name="geb_OldPurpleTackle">
        <cargo chance="0.20">
            <item name="geb_Lure1" chance="0.33" />
            <item name="geb_Lure2" chance="0.33" />
            <item name="geb_Lure3" chance="0.33" />
            <item name="geb_Lure4" chance="0.33" />
            <item name="geb_SpinnerBait1" chance="0.33" />
            <item name="geb_SpinnerBait2" chance="0.33" />
            <item name="geb_SpinnerBait3" chance="0.33" />
            <item name="geb_SpinnerBait4" chance="0.33" />
        </cargo>
    </type>
    <type name="geb_OldRedTackle">
        <cargo chance="0.20">
            <item name="geb_Lure1" chance="0.33" />
            <item name="geb_Lure2" chance="0.33" />
            <item name="geb_Lure3" chance="0.33" />
            <item name="geb_Lure4" chance="0.33" />
            <item name="geb_SpinnerBait1" chance="0.33" />
            <item name="geb_SpinnerBait2" chance="0.33" />
            <item name="geb_SpinnerBait3" chance="0.33" />
            <item name="geb_SpinnerBait4" chance="0.33" />
        </cargo>
    </type>
    <type name="geb_RedTackle">
        <cargo chance="0.20">
            <item name="geb_Lure1" chance="0.33" />
            <item name="geb_Lure2" chance="0.33" />
            <item name="geb_Lure3" chance="0.33" />
            <item name="geb_Lure4" chance="0.33" />
            <item name="geb_SpinnerBait1" chance="0.33" />
            <item name="geb_SpinnerBait2" chance="0.33" />
            <item name="geb_SpinnerBait3" chance="0.33" />
            <item name="geb_SpinnerBait4" chance="0.33" />
        </cargo>
    </type>
    <type name="geb_PurpleTackle">
        <cargo chance="0.20">
            <item name="geb_Lure1" chance="0.33" />
            <item name="geb_Lure2" chance="0.33" />
            <item name="geb_Lure3" chance="0.33" />
            <item name="geb_Lure4" chance="0.33" />
            <item name="geb_SpinnerBait1" chance="0.33" />
            <item name="geb_SpinnerBait2" chance="0.33" />
            <item name="geb_SpinnerBait3" chance="0.33" />
            <item name="geb_SpinnerBait4" chance="0.33" />
        </cargo>
    </type>
    <type name="geb_PinkTackle">
        <cargo chance="0.20">
            <item name="geb_Lure1" chance="0.33" />
            <item name="geb_Lure2" chance="0.33" />
            <item name="geb_Lure3" chance="0.33" />
            <item name="geb_Lure4" chance="0.33" />
            <item name="geb_SpinnerBait1" chance="0.33" />
            <item name="geb_SpinnerBait2" chance="0.33" />
            <item name="geb_SpinnerBait3" chance="0.33" />
            <item name="geb_SpinnerBait4" chance="0.33" />
        </cargo>
    </type>
    <type name="geb_OrangeTackle">
        <cargo chance="0.20">
            <item name="geb_Lure1" chance="0.33" />
            <item name="geb_Lure2" chance="0.33" />
            <item name="geb_Lure3" chance="0.33" />
            <item name="geb_Lure4" chance="0.33" />
            <item name="geb_SpinnerBait1" chance="0.33" />
            <item name="geb_SpinnerBait2" chance="0.33" />
            <item name="geb_SpinnerBait3" chance="0.33" />
            <item name="geb_SpinnerBait4" chance="0.33" />
        </cargo>
    </type>
    <type name="geb_LimeTackle">
        <cargo chance="0.20">
            <item name="geb_Lure1" chance="0.33" />
            <item name="geb_Lure2" chance="0.33" />
            <item name="geb_Lure3" chance="0.33" />
            <item name="geb_Lure4" chance="0.33" />
            <item name="geb_SpinnerBait1" chance="0.33" />
            <item name="geb_SpinnerBait2" chance="0.33" />
            <item name="geb_SpinnerBait3" chance="0.33" />
            <item name="geb_SpinnerBait4" chance="0.33" />
        </cargo>
    </type>
    <type name="geb_LightBlueTackle">
        <cargo chance="0.20">
            <item name="geb_Lure1" chance="0.33" />
            <item name="geb_Lure2" chance="0.33" />
            <item name="geb_Lure3" chance="0.33" />
            <item name="geb_Lure4" chance="0.33" />
            <item name="geb_SpinnerBait1" chance="0.33" />
            <item name="geb_SpinnerBait2" chance="0.33" />
            <item name="geb_SpinnerBait3" chance="0.33" />
            <item name="geb_SpinnerBait4" chance="0.33" />
        </cargo>
    </type>
    <type name="geb_GreenTackle">
        <cargo chance="0.20">
            <item name="geb_Lure1" chance="0.33" />
            <item name="geb_Lure2" chance="0.33" />
            <item name="geb_Lure3" chance="0.33" />
            <item name="geb_Lure4" chance="0.33" />
            <item name="geb_SpinnerBait1" chance="0.33" />
            <item name="geb_SpinnerBait2" chance="0.33" />
            <item name="geb_SpinnerBait3" chance="0.33" />
            <item name="geb_SpinnerBait4" chance="0.33" />
        </cargo>
    </type>
    <type name="geb_BrownTackle">
        <cargo chance="0.20">
            <item name="geb_Lure1" chance="0.33" />
            <item name="geb_Lure2" chance="0.33" />
            <item name="geb_Lure3" chance="0.33" />
            <item name="geb_Lure4" chance="0.33" />
            <item name="geb_SpinnerBait1" chance="0.33" />
            <item name="geb_SpinnerBait2" chance="0.33" />
            <item name="geb_SpinnerBait3" chance="0.33" />
            <item name="geb_SpinnerBait4" chance="0.33" />
        </cargo>
    </type>
    <type name="geb_CamoTackle">
        <cargo chance="0.20">
            <item name="geb_Lure1" chance="0.33" />
            <item name="geb_Lure2" chance="0.33" />
            <item name="geb_Lure3" chance="0.33" />
            <item name="geb_Lure4" chance="0.33" />
            <item name="geb_SpinnerBait1" chance="0.33" />
            <item name="geb_SpinnerBait2" chance="0.33" />
            <item name="geb_SpinnerBait3" chance="0.33" />
            <item name="geb_SpinnerBait4" chance="0.33" />
        </cargo>
    </type>
    <type name="geb_BlueTackle">
        <cargo chance="0.20">
            <item name="geb_Lure1" chance="0.33" />
            <item name="geb_Lure2" chance="0.33" />
            <item name="geb_Lure3" chance="0.33" />
            <item name="geb_Lure4" chance="0.33" />
            <item name="geb_SpinnerBait1" chance="0.33" />
            <item name="geb_SpinnerBait2" chance="0.33" />
            <item name="geb_SpinnerBait3" chance="0.33" />
            <item name="geb_SpinnerBait4" chance="0.33" />
        </cargo>
    </type>
    <type name="geb_FunPurpleTackle">
        <cargo chance="0.20">
            <item name="geb_Lure1" chance="0.33" />
            <item name="geb_Lure2" chance="0.33" />
            <item name="geb_Lure3" chance="0.33" />
            <item name="geb_Lure4" chance="0.33" />
            <item name="geb_SpinnerBait1" chance="0.33" />
            <item name="geb_SpinnerBait2" chance="0.33" />
            <item name="geb_SpinnerBait3" chance="0.33" />
            <item name="geb_SpinnerBait4" chance="0.33" />
        </cargo>
    </type>
    <type name="geb_FunYellowTackle">
        <cargo chance="0.20">
            <item name="geb_Lure1" chance="0.33" />
            <item name="geb_Lure2" chance="0.33" />
            <item name="geb_Lure3" chance="0.33" />
            <item name="geb_Lure4" chance="0.33" />
            <item name="geb_SpinnerBait1" chance="0.33" />
            <item name="geb_SpinnerBait2" chance="0.33" />
            <item name="geb_SpinnerBait3" chance="0.33" />
            <item name="geb_SpinnerBait4" chance="0.33" />
        </cargo>
    </type>
    <type name="geb_FunGreenTackle">
        <cargo chance="0.20">
            <item name="geb_Lure1" chance="0.33" />
            <item name="geb_Lure2" chance="0.33" />
            <item name="geb_Lure3" chance="0.33" />
            <item name="geb_Lure4" chance="0.33" />
            <item name="geb_SpinnerBait1" chance="0.33" />
            <item name="geb_SpinnerBait2" chance="0.33" />
            <item name="geb_SpinnerBait3" chance="0.33" />
            <item name="geb_SpinnerBait4" chance="0.33" />
        </cargo>
    </type>
    <type name="geb_FunRedTackle">
        <cargo chance="0.20">
            <item name="geb_Lure1" chance="0.33" />
            <item name="geb_Lure2" chance="0.33" />
            <item name="geb_Lure3" chance="0.33" />
            <item name="geb_Lure4" chance="0.33" />
            <item name="geb_SpinnerBait1" chance="0.33" />
            <item name="geb_SpinnerBait2" chance="0.33" />
            <item name="geb_SpinnerBait3" chance="0.33" />
            <item name="geb_SpinnerBait4" chance="0.33" />
        </cargo>
    </type>
    <type name="geb_SmallTackle">
        <cargo chance="0.20">
            <item name="geb_Lure1" chance="0.33" />
            <item name="geb_Lure2" chance="0.33" />
            <item name="geb_Lure3" chance="0.33" />
            <item name="geb_Lure4" chance="0.33" />
            <item name="geb_SpinnerBait1" chance="0.33" />
            <item name="geb_SpinnerBait2" chance="0.33" />
            <item name="geb_SpinnerBait3" chance="0.33" />
            <item name="geb_SpinnerBait4" chance="0.33" />
        </cargo>
    </type>
    <type name="geb_LimeTackle">
        <cargo chance="0.20">
            <item name="geb_Lure1" chance="0.33" />
            <item name="geb_Lure2" chance="0.33" />
            <item name="geb_Lure3" chance="0.33" />
            <item name="geb_Lure4" chance="0.33" />
            <item name="geb_SpinnerBait1" chance="0.33" />
            <item name="geb_SpinnerBait2" chance="0.33" />
            <item name="geb_SpinnerBait3" chance="0.33" />
            <item name="geb_SpinnerBait4" chance="0.33" />
        </cargo>
    </type>
    <type name="geb_LimeTackle">
        <cargo chance="0.20">
            <item name="geb_Lure1" chance="0.33" />
            <item name="geb_Lure2" chance="0.33" />
            <item name="geb_Lure3" chance="0.33" />
            <item name="geb_Lure4" chance="0.33" />
            <item name="geb_SpinnerBait1" chance="0.33" />
            <item name="geb_SpinnerBait2" chance="0.33" />
            <item name="geb_SpinnerBait3" chance="0.33" />
            <item name="geb_SpinnerBait4" chance="0.33" />
        </cargo>
    </type>
    <type name="geb_LimeTackle">
        <cargo chance="0.20">
            <item name="geb_Lure1" chance="0.33" />
            <item name="geb_Lure2" chance="0.33" />
            <item name="geb_Lure3" chance="0.33" />
            <item name="geb_Lure4" chance="0.33" />
            <item name="geb_SpinnerBait1" chance="0.33" />
            <item name="geb_SpinnerBait2" chance="0.33" />
            <item name="geb_SpinnerBait3" chance="0.33" />
            <item name="geb_SpinnerBait4" chance="0.33" />
        </cargo>
    </type>
    <type name="geb_LimeTackle">
        <cargo chance="0.20">
            <item name="geb_Lure1" chance="0.33" />
            <item name="geb_Lure2" chance="0.33" />
            <item name="geb_Lure3" chance="0.33" />
            <item name="geb_Lure4" chance="0.33" />
            <item name="geb_SpinnerBait1" chance="0.33" />
            <item name="geb_SpinnerBait2" chance="0.33" />
            <item name="geb_SpinnerBait3" chance="0.33" />
            <item name="geb_SpinnerBait4" chance="0.33" />
        </cargo>
    </type>
    <type name="geb_LimeTackle">
        <cargo chance="0.20">
            <item name="geb_Lure1" chance="0.33" />
            <item name="geb_Lure2" chance="0.33" />
            <item name="geb_Lure3" chance="0.33" />
            <item name="geb_Lure4" chance="0.33" />
            <item name="geb_SpinnerBait1" chance="0.33" />
            <item name="geb_SpinnerBait2" chance="0.33" />
            <item name="geb_SpinnerBait3" chance="0.33" />
            <item name="geb_SpinnerBait4" chance="0.33" />
        </cargo>
    </type>
    <type name="geb_LimeTackle">
        <cargo chance="0.20">
            <item name="geb_Lure1" chance="0.33" />
            <item name="geb_Lure2" chance="0.33" />
            <item name="geb_Lure3" chance="0.33" />
            <item name="geb_Lure4" chance="0.33" />
            <item name="geb_SpinnerBait1" chance="0.33" />
            <item name="geb_SpinnerBait2" chance="0.33" />
            <item name="geb_SpinnerBait3" chance="0.33" />
            <item name="geb_SpinnerBait4" chance="0.33" />
        </cargo>
    </type>
    <type name="geb_LimeTackle">
        <cargo chance="0.20">
            <item name="geb_Lure1" chance="0.33" />
            <item name="geb_Lure2" chance="0.33" />
            <item name="geb_Lure3" chance="0.33" />
            <item name="geb_Lure4" chance="0.33" />
            <item name="geb_SpinnerBait1" chance="0.33" />
            <item name="geb_SpinnerBait2" chance="0.33" />
            <item name="geb_SpinnerBait3" chance="0.33" />
            <item name="geb_SpinnerBait4" chance="0.33" />
        </cargo>
    </type>
    <type name="geb_LimeTackle">
        <cargo chance="0.20">
            <item name="geb_Lure1" chance="0.33" />
            <item name="geb_Lure2" chance="0.33" />
            <item name="geb_Lure3" chance="0.33" />
            <item name="geb_Lure4" chance="0.33" />
            <item name="geb_SpinnerBait1" chance="0.33" />
            <item name="geb_SpinnerBait2" chance="0.33" />
            <item name="geb_SpinnerBait3" chance="0.33" />
            <item name="geb_SpinnerBait4" chance="0.33" />
        </cargo>
    </type>
    <type name="geb_LimeTackle">
        <cargo chance="0.20">
            <item name="geb_Lure1" chance="0.33" />
            <item name="geb_Lure2" chance="0.33" />
            <item name="geb_Lure3" chance="0.33" />
            <item name="geb_Lure4" chance="0.33" />
            <item name="geb_SpinnerBait1" chance="0.33" />
            <item name="geb_SpinnerBait2" chance="0.33" />
            <item name="geb_SpinnerBait3" chance="0.33" />
            <item name="geb_SpinnerBait4" chance="0.33" />
        </cargo>
    </type>
    <type name="geb_LimeTackle">
        <cargo chance="0.20">
            <item name="geb_Lure1" chance="0.33" />
            <item name="geb_Lure2" chance="0.33" />
            <item name="geb_Lure3" chance="0.33" />
            <item name="geb_Lure4" chance="0.33" />
            <item name="geb_SpinnerBait1" chance="0.33" />
            <item name="geb_SpinnerBait2" chance="0.33" />
            <item name="geb_SpinnerBait3" chance="0.33" />
            <item name="geb_SpinnerBait4" chance="0.33" />
        </cargo>
    </type>
    <type name="geb_LimeTackle">
        <cargo chance="0.20">
            <item name="geb_Lure1" chance="0.33" />
            <item name="geb_Lure2" chance="0.33" />
            <item name="geb_Lure3" chance="0.33" />
            <item name="geb_Lure4" chance="0.33" />
            <item name="geb_SpinnerBait1" chance="0.33" />
            <item name="geb_SpinnerBait2" chance="0.33" />
            <item name="geb_SpinnerBait3" chance="0.33" />
            <item name="geb_SpinnerBait4" chance="0.33" />
        </cargo>
    </type>
    <type name="geb_LimeTackle">
        <cargo chance="0.20">
            <item name="geb_Lure1" chance="0.33" />
            <item name="geb_Lure2" chance="0.33" />
            <item name="geb_Lure3" chance="0.33" />
            <item name="geb_Lure4" chance="0.33" />
            <item name="geb_SpinnerBait1" chance="0.33" />
            <item name="geb_SpinnerBait2" chance="0.33" />
            <item name="geb_SpinnerBait3" chance="0.33" />
            <item name="geb_SpinnerBait4" chance="0.33" />
        </cargo>
    </type>
    <type name="geb_LimeTackle">
        <cargo chance="0.20">
            <item name="geb_Lure1" chance="0.33" />
            <item name="geb_Lure2" chance="0.33" />
            <item name="geb_Lure3" chance="0.33" />
            <item name="geb_Lure4" chance="0.33" />
            <item name="geb_SpinnerBait1" chance="0.33" />
            <item name="geb_SpinnerBait2" chance="0.33" />
            <item name="geb_SpinnerBait3" chance="0.33" />
            <item name="geb_SpinnerBait4" chance="0.33" />
        </cargo>
    </type>
    <type name="geb_LimeTackle">
        <cargo chance="0.20">
            <item name="geb_Lure1" chance="0.33" />
            <item name="geb_Lure2" chance="0.33" />
            <item name="geb_Lure3" chance="0.33" />
            <item name="geb_Lure4" chance="0.33" />
            <item name="geb_SpinnerBait1" chance="0.33" />
            <item name="geb_SpinnerBait2" chance="0.33" />
            <item name="geb_SpinnerBait3" chance="0.33" />
            <item name="geb_SpinnerBait4" chance="0.33" />
        </cargo>
    </type>
    <!-- Clothes -->
    <type name="geb_GreenFishShirt">
        <cargo chance="0.15">
            <item name="geb_BlueFishKnife" chance="0.16" />
            <item name="geb_OrangeFishKnife" chance="0.16" />
            <item name="geb_GreenFishKnife" chance="0.16" />
            <item name="geb_YellowFishKnife" chance="0.16" />
            <item name="geb_RedFishKnife" chance="0.16" />
            <item name="geb_PurpleFishKnife" chance="0.16" />
        </cargo>
        <cargo chance="0.15">
            <item name="geb_BlueFishHat" chance="0.25" />
            <item name="geb_GreenFishHat" chance="0.25" />
            <item name="geb_PurpleFishHat" chance="0.25" />
            <item name="geb_RedFishHat" chance="0.25" />
        </cargo>
        <cargo chance="0.20">
            <item name="geb_BlueFishGloves" chance="0.50" />
            <item name="geb_OrangeFishGloves" chance="0.50" />
        </cargo>
    </type>
    <type name="geb_BlueFishShirt">
        <cargo chance="0.15">
            <item name="geb_BlueFishKnife" chance="0.16" />
            <item name="geb_OrangeFishKnife" chance="0.16" />
            <item name="geb_GreenFishKnife" chance="0.16" />
            <item name="geb_YellowFishKnife" chance="0.16" />
            <item name="geb_RedFishKnife" chance="0.16" />
            <item name="geb_PurpleFishKnife" chance="0.16" />
        </cargo>
        <cargo chance="0.15">
            <item name="geb_BlueFishHat" chance="0.25" />
            <item name="geb_GreenFishHat" chance="0.25" />
            <item name="geb_PurpleFishHat" chance="0.25" />
            <item name="geb_RedFishHat" chance="0.25" />
        </cargo>
        <cargo chance="0.20">
            <item name="geb_BlueFishGloves" chance="0.50" />
            <item name="geb_OrangeFishGloves" chance="0.50" />
        </cargo>
    </type>
    <type name="geb_PurpleFishShirt">
        <cargo chance="0.15">
            <item name="geb_BlueFishKnife" chance="0.16" />
            <item name="geb_OrangeFishKnife" chance="0.16" />
            <item name="geb_GreenFishKnife" chance="0.16" />
            <item name="geb_YellowFishKnife" chance="0.16" />
            <item name="geb_RedFishKnife" chance="0.16" />
            <item name="geb_PurpleFishKnife" chance="0.16" />
        </cargo>
        <cargo chance="0.15">
            <item name="geb_BlueFishHat" chance="0.25" />
            <item name="geb_GreenFishHat" chance="0.25" />
            <item name="geb_PurpleFishHat" chance="0.25" />
            <item name="geb_RedFishHat" chance="0.25" />
        </cargo>
        <cargo chance="0.20">
            <item name="geb_BlueFishGloves" chance="0.50" />
            <item name="geb_OrangeFishGloves" chance="0.50" />
        </cargo>
    </type>
    <type name="geb_RedFishShirt">
        <cargo chance="0.15">
            <item name="geb_BlueFishKnife" chance="0.16" />
            <item name="geb_OrangeFishKnife" chance="0.16" />
            <item name="geb_GreenFishKnife" chance="0.16" />
            <item name="geb_YellowFishKnife" chance="0.16" />
            <item name="geb_RedFishKnife" chance="0.16" />
            <item name="geb_PurpleFishKnife" chance="0.16" />
        </cargo>
        <cargo chance="0.15">
            <item name="geb_BlueFishHat" chance="0.25" />
            <item name="geb_GreenFishHat" chance="0.25" />
            <item name="geb_PurpleFishHat" chance="0.25" />
            <item name="geb_RedFishHat" chance="0.25" />
        </cargo>
        <cargo chance="0.20">
            <item name="geb_BlueFishGloves" chance="0.50" />
            <item name="geb_OrangeFishGloves" chance="0.50" />
        </cargo>
    </type>
    <!-- Containers -->
    <type name="geb_WormContainer">
        <cargo chance="0.20">
            <item name="geb_Worm" chance="1.00" />
        </cargo>
        <cargo chance="0.20">
            <item name="geb_Worm" chance="1.00" />
        </cargo>
        <cargo chance="0.20">
            <item name="geb_Worm" chance="1.00" />
        </cargo>
        <cargo chance="0.20">
            <item name="geb_Worm" chance="1.00" />
        </cargo>
        <cargo chance="0.20">
            <item name="geb_Worm" chance="1.00" />
        </cargo>
        <cargo chance="0.20">
            <item name="geb_Worm" chance="1.00" />
        </cargo>
    </type>
    <type name="geb_BugContainer">
        <cargo chance="0.20">
            <item name="geb_Worm" chance="0.27" />
            <item name="geb_GrassHopper" chance="0.26" />
            <item name="geb_FieldCricket" chance="0.20" />
            <item name="geb_GrubWorm" chance="0.27" />
        </cargo>
        <cargo chance="0.20">
            <item name="geb_Worm" chance="0.27" />
            <item name="geb_GrassHopper" chance="0.26" />
            <item name="geb_FieldCricket" chance="0.20" />
            <item name="geb_GrubWorm" chance="0.27" />
        </cargo>
        <cargo chance="0.20">
            <item name="geb_Worm" chance="0.27" />
            <item name="geb_GrassHopper" chance="0.26" />
            <item name="geb_FieldCricket" chance="0.20" />
            <item name="geb_GrubWorm" chance="0.27" />
        </cargo>
        <cargo chance="0.20">
            <item name="geb_Worm" chance="0.27" />
            <item name="geb_GrassHopper" chance="0.26" />
            <item name="geb_FieldCricket" chance="0.20" />
            <item name="geb_GrubWorm" chance="0.27" />
        </cargo>
        <cargo chance="0.20">
            <item name="geb_Worm" chance="0.27" />
            <item name="geb_GrassHopper" chance="0.26" />
            <item name="geb_FieldCricket" chance="0.20" />
            <item name="geb_GrubWorm" chance="0.27" />
        </cargo>
        <cargo chance="0.20">
            <item name="geb_Worm" chance="0.27" />
            <item name="geb_GrassHopper" chance="0.26" />
            <item name="geb_FieldCricket" chance="0.20" />
            <item name="geb_GrubWorm" chance="0.27" />
        </cargo>
        <cargo chance="0.20">
            <item name="geb_Worm" chance="0.27" />
            <item name="geb_GrassHopper" chance="0.26" />
            <item name="geb_FieldCricket" chance="0.20" />
            <item name="geb_GrubWorm" chance="0.27" />
        </cargo>
        <cargo chance="0.20">
            <item name="geb_Worm" chance="0.27" />
            <item name="geb_GrassHopper" chance="0.26" />
            <item name="geb_FieldCricket" chance="0.20" />
            <item name="geb_GrubWorm" chance="0.27" />
        </cargo>
        <cargo chance="0.20">
            <item name="geb_Worm" chance="0.27" />
            <item name="geb_GrassHopper" chance="0.26" />
            <item name="geb_FieldCricket" chance="0.20" />
            <item name="geb_GrubWorm" chance="0.27" />
        </cargo>
        <cargo chance="0.20">
            <item name="geb_Worm" chance="0.27" />
            <item name="geb_GrassHopper" chance="0.26" />
            <item name="geb_FieldCricket" chance="0.20" />
            <item name="geb_GrubWorm" chance="0.27" />
        </cargo>
        <cargo chance="0.20">
            <item name="geb_Worm" chance="0.27" />
            <item name="geb_GrassHopper" chance="0.26" />
            <item name="geb_FieldCricket" chance="0.20" />
            <item name="geb_GrubWorm" chance="0.27" />
        </cargo>
        <cargo chance="0.20">
            <item name="geb_Worm" chance="0.27" />
            <item name="geb_GrassHopper" chance="0.26" />
            <item name="geb_FieldCricket" chance="0.20" />
            <item name="geb_GrubWorm" chance="0.27" />
        </cargo>
        <cargo chance="0.20">
            <item name="geb_Worm" chance="0.27" />
            <item name="geb_GrassHopper" chance="0.26" />
            <item name="geb_FieldCricket" chance="0.20" />
            <item name="geb_GrubWorm" chance="0.27" />
        </cargo>
    </type>
    <type name="geb_MinnowBucket">
        <cargo chance="0.20">
            <item name="geb_FatHeadMinnow" chance="1.00" />
        </cargo>
        <cargo chance="0.20">
            <item name="geb_FatHeadMinnow" chance="1.00" />
        </cargo>
        <cargo chance="0.20">
            <item name="geb_FatHeadMinnow" chance="1.00" />
        </cargo>
        <cargo chance="0.20">
            <item name="geb_FatHeadMinnow" chance="1.00" />
        </cargo>
        <cargo chance="0.20">
            <item name="geb_FatHeadMinnow" chance="1.00" />
        </cargo>
        <cargo chance="0.20">
            <item name="geb_FatHeadMinnow" chance="1.00" />
        </cargo>
        <cargo chance="0.20">
            <item name="geb_FatHeadMinnow" chance="1.00" />
        </cargo>
        <cargo chance="0.20">
            <item name="geb_FatHeadMinnow" chance="1.00" />
        </cargo>
        <cargo chance="0.20">
            <item name="geb_FatHeadMinnow" chance="1.00" />
        </cargo>
        <cargo chance="0.20">
            <item name="geb_FatHeadMinnow" chance="1.00" />
        </cargo>
        <cargo chance="0.20">
            <item name="geb_FatHeadMinnow" chance="1.00" />
        </cargo>
        <cargo chance="0.20">
            <item name="geb_FatHeadMinnow" chance="1.00" />
        </cargo>
    </type>
</spawnabletypes>