{
    "version": 2,
    "enabled": 1,
    "keepLogsTime": 604800,
    "loggedActions": {
        "Weather": 1,
        "BuildingSet": 1,
        "Logout": 1,
        "Strip": 1,
        "IndexItems": 1,
        "Kill": 1,
        "Login": 1,
        "Bans": 1,
        "SetStat": 1,
        "Watchlist": 1,
        "ConfigSave": 1,
        "SetScale": 1,
        "DeleteItem": 1,
        "ServerLock": 1,
        "Teleport": 1,
        "PlayerAction": 1,
        "ServerRestart": 1,
        "AdminMenu": 1,
        "Spectate": 1,
        "Clear": 1,
        "Time": 1,
        "Cheat": 1,
        "MessagePlayer": 1,
        "TeleportPosition": 1,
        "Heal": 1,
        "Modifier": 1,
        "Presets": 1,
        "Kick": 1,
        "Adminmode": 1,
        "SpawnItem": 1,
        "ConstructionEdit": 1,
        "ESP": 1
    }
}