{
    "version": 1,
    "showRemainingTime": 1,
    "deleteExpiredBans": 0,
    "bans": [
        {
            "steamid": "76561197972314315",
            "name": "Ninja-Max",
            "bannedBy": "76561197993129246",
            "bannedByName": "ghenga",
            "bannedTimestamp": 1746027761,
            "duration": -1,
            "reason": "Expoliting marketplace",
            "comment": ""
        },
        {
            "steamid": "76561199435018595",
            "name": "XxBeth2210xX",
            "bannedBy": "76561197993129246",
            "bannedByName": "ghenga",
            "bannedTimestamp": 1746027787,
            "duration": -1,
            "reason": "Duping",
            "comment": ""
        },
        {
            "steamid": "76561199825521032",
            "name": "MrFeathers",
            "bannedBy": "76561197993129246",
            "bannedByName": "ghenga",
            "bannedTimestamp": 1746027825,
            "duration": -1,
            "reason": "exploiting marketplace",
            "comment": ""
        },
        {
            "steamid": "76561198302271573",
            "name": "AI Risd",
            "bannedBy": "76561197993129246",
            "bannedByName": "ghenga",
            "bannedTimestamp": 1747585811,
            "duration": -1,
            "reason": "Cheater",
            "comment": "Duping, alt f4 relogging, different names"
        }
    ]
}