{
    "version": 1,
    "presets": [
        {
            "itemname": "Green Dono Gear",
            "spawnIn": 0,
            "foodStage": 0,
            "quantity": 1.0,
            "health": 1.0,
            "debugSpawn": 0,
            "ceSpawn": 0,
            "children": [
                {
                    "itemname": "TG_SetGreen_Bag",
                    "spawnIn": 0,
                    "foodStage": 0,
                    "quantity": 1.0,
                    "health": 1.0,
                    "debugSpawn": 0,
                    "ceSpawn": 0,
                    "children": []
                },
                {
                    "itemname": "TG_SetGreen_Boots",
                    "spawnIn": 0,
                    "foodStage": 0,
                    "quantity": 1.0,
                    "health": 1.0,
                    "debugSpawn": 0,
                    "ceSpawn": 0,
                    "children": []
                },
                {
                    "itemname": "TG_SetGreen_Helmet",
                    "spawnIn": 0,
                    "foodStage": 0,
                    "quantity": 1.0,
                    "health": 1.0,
                    "debugSpawn": 0,
                    "ceSpawn": 0,
                    "children": []
                },
                {
                    "itemname": "TG_SetGreen_Jacket",
                    "spawnIn": 0,
                    "foodStage": 0,
                    "quantity": 1.0,
                    "health": 1.0,
                    "debugSpawn": 0,
                    "ceSpawn": 0,
                    "children": []
                },
                {
                    "itemname": "TG_SetGreen_Pants",
                    "spawnIn": 0,
                    "foodStage": 0,
                    "quantity": 1.0,
                    "health": 1.0,
                    "debugSpawn": 0,
                    "ceSpawn": 0,
                    "children": []
                },
                {
                    "itemname": "TG_SetGreen_Vest",
                    "spawnIn": 0,
                    "foodStage": 0,
                    "quantity": 1.0,
                    "health": 1.0,
                    "debugSpawn": 0,
                    "ceSpawn": 0,
                    "children": []
                },
                {
                    "itemname": "mmg_tactical_gloves_green",
                    "spawnIn": 0,
                    "foodStage": 0,
                    "quantity": 1.0,
                    "health": 1.0,
                    "debugSpawn": 0,
                    "ceSpawn": 0,
                    "children": []
                }
            ]
        },
        {
            "itemname": "Black Dono Gear",
            "spawnIn": 0,
            "foodStage": 0,
            "quantity": 1.0,
            "health": 1.0,
            "debugSpawn": 0,
            "ceSpawn": 0,
            "children": [
                {
                    "itemname": "TG_SetBlack_Bag",
                    "spawnIn": 0,
                    "foodStage": 0,
                    "quantity": 1.0,
                    "health": 1.0,
                    "debugSpawn": 0,
                    "ceSpawn": 0,
                    "children": []
                },
                {
                    "itemname": "TG_SetBlack_Boots",
                    "spawnIn": 0,
                    "foodStage": 0,
                    "quantity": 1.0,
                    "health": 1.0,
                    "debugSpawn": 0,
                    "ceSpawn": 0,
                    "children": []
                },
                {
                    "itemname": "TG_SetBlack_Helmet",
                    "spawnIn": 0,
                    "foodStage": 0,
                    "quantity": 1.0,
                    "health": 1.0,
                    "debugSpawn": 0,
                    "ceSpawn": 0,
                    "children": []
                },
                {
                    "itemname": "TG_SetBlack_Jacket",
                    "spawnIn": 0,
                    "foodStage": 0,
                    "quantity": 1.0,
                    "health": 1.0,
                    "debugSpawn": 0,
                    "ceSpawn": 0,
                    "children": []
                },
                {
                    "itemname": "TG_SetBlack_Pants",
                    "spawnIn": 0,
                    "foodStage": 0,
                    "quantity": 1.0,
                    "health": 1.0,
                    "debugSpawn": 0,
                    "ceSpawn": 0,
                    "children": []
                },
                {
                    "itemname": "TG_SetBlack_Vest",
                    "spawnIn": 0,
                    "foodStage": 0,
                    "quantity": 1.0,
                    "health": 1.0,
                    "debugSpawn": 0,
                    "ceSpawn": 0,
                    "children": []
                },
                {
                    "itemname": "mmg_tactical_gloves_black",
                    "spawnIn": 0,
                    "foodStage": 0,
                    "quantity": 1.0,
                    "health": 1.0,
                    "debugSpawn": 0,
                    "ceSpawn": 0,
                    "children": []
                }
            ]
        },
        {
            "itemname": "Desert Dono Gear",
            "spawnIn": 0,
            "foodStage": 0,
            "quantity": 1.0,
            "health": 1.0,
            "debugSpawn": 0,
            "ceSpawn": 0,
            "children": [
                {
                    "itemname": "TG_SetDesert_Bag",
                    "spawnIn": 0,
                    "foodStage": 0,
                    "quantity": 1.0,
                    "health": 1.0,
                    "debugSpawn": 0,
                    "ceSpawn": 0,
                    "children": []
                },
                {
                    "itemname": "TG_SetDesert_Boots",
                    "spawnIn": 0,
                    "foodStage": 0,
                    "quantity": 1.0,
                    "health": 1.0,
                    "debugSpawn": 0,
                    "ceSpawn": 0,
                    "children": []
                },
                {
                    "itemname": "TG_SetDesert_Helmet",
                    "spawnIn": 0,
                    "foodStage": 0,
                    "quantity": 1.0,
                    "health": 1.0,
                    "debugSpawn": 0,
                    "ceSpawn": 0,
                    "children": []
                },
                {
                    "itemname": "TG_SetDesert_Jacket",
                    "spawnIn": 0,
                    "foodStage": 0,
                    "quantity": 1.0,
                    "health": 1.0,
                    "debugSpawn": 0,
                    "ceSpawn": 0,
                    "children": []
                },
                {
                    "itemname": "TG_SetDesert_Pants",
                    "spawnIn": 0,
                    "foodStage": 0,
                    "quantity": 1.0,
                    "health": 1.0,
                    "debugSpawn": 0,
                    "ceSpawn": 0,
                    "children": []
                },
                {
                    "itemname": "TG_SetDesert_Vest",
                    "spawnIn": 0,
                    "foodStage": 0,
                    "quantity": 1.0,
                    "health": 1.0,
                    "debugSpawn": 0,
                    "ceSpawn": 0,
                    "children": []
                },
                {
                    "itemname": "mmg_tactical_gloves_multicam",
                    "spawnIn": 0,
                    "foodStage": 0,
                    "quantity": 1.0,
                    "health": 1.0,
                    "debugSpawn": 0,
                    "ceSpawn": 0,
                    "children": []
                }
            ]
        },
        {
            "itemname": "Green pouches",
            "spawnIn": 0,
            "foodStage": 0,
            "quantity": 1.0,
            "health": 1.0,
            "debugSpawn": 0,
            "ceSpawn": 0,
            "children": [
                {
                    "itemname": "Paragon_BackPouch_Green",
                    "spawnIn": 0,
                    "foodStage": 0,
                    "quantity": 1.0,
                    "health": 1.0,
                    "debugSpawn": 0,
                    "ceSpawn": 0,
                    "children": []
                },
                {
                    "itemname": "Paragon_IFAK_Green",
                    "spawnIn": 0,
                    "foodStage": 0,
                    "quantity": 1.0,
                    "health": 1.0,
                    "debugSpawn": 0,
                    "ceSpawn": 0,
                    "children": []
                },
                {
                    "itemname": "Paragon_IFAK_Green",
                    "spawnIn": 0,
                    "foodStage": 0,
                    "quantity": 1.0,
                    "health": 1.0,
                    "debugSpawn": 0,
                    "ceSpawn": 0,
                    "children": []
                },
                {
                    "itemname": "Paragon_IFAK_Green",
                    "spawnIn": 0,
                    "foodStage": 0,
                    "quantity": 1.0,
                    "health": 1.0,
                    "debugSpawn": 0,
                    "ceSpawn": 0,
                    "children": []
                },
                {
                    "itemname": "Paragon_IFAK_Green",
                    "spawnIn": 0,
                    "foodStage": 0,
                    "quantity": 1.0,
                    "health": 1.0,
                    "debugSpawn": 0,
                    "ceSpawn": 0,
                    "children": []
                },
                {
                    "itemname": "Paragon_MapPouch_Green",
                    "spawnIn": 0,
                    "foodStage": 0,
                    "quantity": 1.0,
                    "health": 1.0,
                    "debugSpawn": 0,
                    "ceSpawn": 0,
                    "children": []
                },
                {
                    "itemname": "Paragon_MapPouch_Green",
                    "spawnIn": 0,
                    "foodStage": 0,
                    "quantity": 1.0,
                    "health": 1.0,
                    "debugSpawn": 0,
                    "ceSpawn": 0,
                    "children": []
                },
                {
                    "itemname": "Paragon_Mag_Pouch_Green",
                    "spawnIn": 0,
                    "foodStage": 0,
                    "quantity": 1.0,
                    "health": 1.0,
                    "debugSpawn": 0,
                    "ceSpawn": 0,
                    "children": []
                },
                {
                    "itemname": "Paragon_Mag_Pouch_Green",
                    "spawnIn": 0,
                    "foodStage": 0,
                    "quantity": 1.0,
                    "health": 1.0,
                    "debugSpawn": 0,
                    "ceSpawn": 0,
                    "children": []
                },
                {
                    "itemname": "Paragon_Mag_Pouch_Green",
                    "spawnIn": 0,
                    "foodStage": 0,
                    "quantity": 1.0,
                    "health": 1.0,
                    "debugSpawn": 0,
                    "ceSpawn": 0,
                    "children": []
                },
                {
                    "itemname": "Paragon_Mag_Pouch_Green",
                    "spawnIn": 0,
                    "foodStage": 0,
                    "quantity": 1.0,
                    "health": 1.0,
                    "debugSpawn": 0,
                    "ceSpawn": 0,
                    "children": []
                },
                {
                    "itemname": "Paragon_Mag_Pouch_Green",
                    "spawnIn": 0,
                    "foodStage": 0,
                    "quantity": 1.0,
                    "health": 1.0,
                    "debugSpawn": 0,
                    "ceSpawn": 0,
                    "children": []
                },
                {
                    "itemname": "Paragon_Mag_Pouch_Green",
                    "spawnIn": 0,
                    "foodStage": 0,
                    "quantity": 1.0,
                    "health": 1.0,
                    "debugSpawn": 0,
                    "ceSpawn": 0,
                    "children": []
                },
                {
                    "itemname": "Paragon_Mag_Pouch_Green",
                    "spawnIn": 0,
                    "foodStage": 0,
                    "quantity": 1.0,
                    "health": 1.0,
                    "debugSpawn": 0,
                    "ceSpawn": 0,
                    "children": []
                },
                {
                    "itemname": "Paragon_Mag_Pouch_Green",
                    "spawnIn": 0,
                    "foodStage": 0,
                    "quantity": 1.0,
                    "health": 1.0,
                    "debugSpawn": 0,
                    "ceSpawn": 0,
                    "children": []
                },
                {
                    "itemname": "Paragon_Mag_Pouch_Green",
                    "spawnIn": 0,
                    "foodStage": 0,
                    "quantity": 1.0,
                    "health": 1.0,
                    "debugSpawn": 0,
                    "ceSpawn": 0,
                    "children": []
                },
                {
                    "itemname": "Paragon_Mag_Pouch_Green",
                    "spawnIn": 0,
                    "foodStage": 0,
                    "quantity": 1.0,
                    "health": 1.0,
                    "debugSpawn": 0,
                    "ceSpawn": 0,
                    "children": []
                },
                {
                    "itemname": "Paragon_Mag_Pouch_Green",
                    "spawnIn": 0,
                    "foodStage": 0,
                    "quantity": 1.0,
                    "health": 1.0,
                    "debugSpawn": 0,
                    "ceSpawn": 0,
                    "children": []
                }
            ]
        },
        {
            "itemname": "Black Pouches",
            "spawnIn": 0,
            "foodStage": 0,
            "quantity": 1.0,
            "health": 1.0,
            "debugSpawn": 0,
            "ceSpawn": 0,
            "children": [
                {
                    "itemname": "Paragon_BackPouch_Black",
                    "spawnIn": 0,
                    "foodStage": 0,
                    "quantity": 1.0,
                    "health": 1.0,
                    "debugSpawn": 0,
                    "ceSpawn": 0,
                    "children": []
                },
                {
                    "itemname": "Paragon_IFAK_Black",
                    "spawnIn": 0,
                    "foodStage": 0,
                    "quantity": 1.0,
                    "health": 1.0,
                    "debugSpawn": 0,
                    "ceSpawn": 0,
                    "children": []
                },
                {
                    "itemname": "Paragon_IFAK_Black",
                    "spawnIn": 0,
                    "foodStage": 0,
                    "quantity": 1.0,
                    "health": 1.0,
                    "debugSpawn": 0,
                    "ceSpawn": 0,
                    "children": []
                },
                {
                    "itemname": "Paragon_IFAK_Black",
                    "spawnIn": 0,
                    "foodStage": 0,
                    "quantity": 1.0,
                    "health": 1.0,
                    "debugSpawn": 0,
                    "ceSpawn": 0,
                    "children": []
                },
                {
                    "itemname": "Paragon_IFAK_Black",
                    "spawnIn": 0,
                    "foodStage": 0,
                    "quantity": 1.0,
                    "health": 1.0,
                    "debugSpawn": 0,
                    "ceSpawn": 0,
                    "children": []
                },
                {
                    "itemname": "Paragon_MapPouch_Black",
                    "spawnIn": 0,
                    "foodStage": 0,
                    "quantity": 1.0,
                    "health": 1.0,
                    "debugSpawn": 0,
                    "ceSpawn": 0,
                    "children": []
                },
                {
                    "itemname": "Paragon_MapPouch_Black",
                    "spawnIn": 0,
                    "foodStage": 0,
                    "quantity": 1.0,
                    "health": 1.0,
                    "debugSpawn": 0,
                    "ceSpawn": 0,
                    "children": []
                },
                {
                    "itemname": "Paragon_Mag_Pouch_Black",
                    "spawnIn": 0,
                    "foodStage": 0,
                    "quantity": 1.0,
                    "health": 1.0,
                    "debugSpawn": 0,
                    "ceSpawn": 0,
                    "children": []
                },
                {
                    "itemname": "Paragon_Mag_Pouch_Black",
                    "spawnIn": 0,
                    "foodStage": 0,
                    "quantity": 1.0,
                    "health": 1.0,
                    "debugSpawn": 0,
                    "ceSpawn": 0,
                    "children": []
                },
                {
                    "itemname": "Paragon_Mag_Pouch_Black",
                    "spawnIn": 0,
                    "foodStage": 0,
                    "quantity": 1.0,
                    "health": 1.0,
                    "debugSpawn": 0,
                    "ceSpawn": 0,
                    "children": []
                },
                {
                    "itemname": "Paragon_Mag_Pouch_Black",
                    "spawnIn": 0,
                    "foodStage": 0,
                    "quantity": 1.0,
                    "health": 1.0,
                    "debugSpawn": 0,
                    "ceSpawn": 0,
                    "children": []
                },
                {
                    "itemname": "Paragon_Mag_Pouch_Black",
                    "spawnIn": 0,
                    "foodStage": 0,
                    "quantity": 1.0,
                    "health": 1.0,
                    "debugSpawn": 0,
                    "ceSpawn": 0,
                    "children": []
                },
                {
                    "itemname": "Paragon_Mag_Pouch_Black",
                    "spawnIn": 0,
                    "foodStage": 0,
                    "quantity": 1.0,
                    "health": 1.0,
                    "debugSpawn": 0,
                    "ceSpawn": 0,
                    "children": []
                },
                {
                    "itemname": "Paragon_Mag_Pouch_Black",
                    "spawnIn": 0,
                    "foodStage": 0,
                    "quantity": 1.0,
                    "health": 1.0,
                    "debugSpawn": 0,
                    "ceSpawn": 0,
                    "children": []
                },
                {
                    "itemname": "Paragon_Mag_Pouch_Black",
                    "spawnIn": 0,
                    "foodStage": 0,
                    "quantity": 1.0,
                    "health": 1.0,
                    "debugSpawn": 0,
                    "ceSpawn": 0,
                    "children": []
                },
                {
                    "itemname": "Paragon_Mag_Pouch_Black",
                    "spawnIn": 0,
                    "foodStage": 0,
                    "quantity": 1.0,
                    "health": 1.0,
                    "debugSpawn": 0,
                    "ceSpawn": 0,
                    "children": []
                },
                {
                    "itemname": "Paragon_Mag_Pouch_Black",
                    "spawnIn": 0,
                    "foodStage": 0,
                    "quantity": 1.0,
                    "health": 1.0,
                    "debugSpawn": 0,
                    "ceSpawn": 0,
                    "children": []
                },
                {
                    "itemname": "Paragon_Mag_Pouch_Black",
                    "spawnIn": 0,
                    "foodStage": 0,
                    "quantity": 1.0,
                    "health": 1.0,
                    "debugSpawn": 0,
                    "ceSpawn": 0,
                    "children": []
                }
            ]
        },
        {
            "itemname": "Desert Pouches",
            "spawnIn": 0,
            "foodStage": 0,
            "quantity": 1.0,
            "health": 1.0,
            "debugSpawn": 0,
            "ceSpawn": 0,
            "children": [
                {
                    "itemname": "Paragon_BackPouch_Desert",
                    "spawnIn": 0,
                    "foodStage": 0,
                    "quantity": 1.0,
                    "health": 1.0,
                    "debugSpawn": 0,
                    "ceSpawn": 0,
                    "children": []
                },
                {
                    "itemname": "Paragon_IFAK_Desert",
                    "spawnIn": 0,
                    "foodStage": 0,
                    "quantity": 1.0,
                    "health": 1.0,
                    "debugSpawn": 0,
                    "ceSpawn": 0,
                    "children": []
                },
                {
                    "itemname": "Paragon_IFAK_Desert",
                    "spawnIn": 0,
                    "foodStage": 0,
                    "quantity": 1.0,
                    "health": 1.0,
                    "debugSpawn": 0,
                    "ceSpawn": 0,
                    "children": []
                },
                {
                    "itemname": "Paragon_IFAK_Desert",
                    "spawnIn": 0,
                    "foodStage": 0,
                    "quantity": 1.0,
                    "health": 1.0,
                    "debugSpawn": 0,
                    "ceSpawn": 0,
                    "children": []
                },
                {
                    "itemname": "Paragon_IFAK_Desert",
                    "spawnIn": 0,
                    "foodStage": 0,
                    "quantity": 1.0,
                    "health": 1.0,
                    "debugSpawn": 0,
                    "ceSpawn": 0,
                    "children": []
                },
                {
                    "itemname": "Paragon_Mag_Pouch_Desert",
                    "spawnIn": 0,
                    "foodStage": 0,
                    "quantity": 1.0,
                    "health": 1.0,
                    "debugSpawn": 0,
                    "ceSpawn": 0,
                    "children": []
                },
                {
                    "itemname": "Paragon_Mag_Pouch_Desert",
                    "spawnIn": 0,
                    "foodStage": 0,
                    "quantity": 1.0,
                    "health": 1.0,
                    "debugSpawn": 0,
                    "ceSpawn": 0,
                    "children": []
                },
                {
                    "itemname": "Paragon_Mag_Pouch_Desert",
                    "spawnIn": 0,
                    "foodStage": 0,
                    "quantity": 1.0,
                    "health": 1.0,
                    "debugSpawn": 0,
                    "ceSpawn": 0,
                    "children": []
                },
                {
                    "itemname": "Paragon_Mag_Pouch_Desert",
                    "spawnIn": 0,
                    "foodStage": 0,
                    "quantity": 1.0,
                    "health": 1.0,
                    "debugSpawn": 0,
                    "ceSpawn": 0,
                    "children": []
                },
                {
                    "itemname": "Paragon_Mag_Pouch_Desert",
                    "spawnIn": 0,
                    "foodStage": 0,
                    "quantity": 1.0,
                    "health": 1.0,
                    "debugSpawn": 0,
                    "ceSpawn": 0,
                    "children": []
                },
                {
                    "itemname": "Paragon_Mag_Pouch_Desert",
                    "spawnIn": 0,
                    "foodStage": 0,
                    "quantity": 1.0,
                    "health": 1.0,
                    "debugSpawn": 0,
                    "ceSpawn": 0,
                    "children": []
                },
                {
                    "itemname": "Paragon_Mag_Pouch_Desert",
                    "spawnIn": 0,
                    "foodStage": 0,
                    "quantity": 1.0,
                    "health": 1.0,
                    "debugSpawn": 0,
                    "ceSpawn": 0,
                    "children": []
                },
                {
                    "itemname": "Paragon_Mag_Pouch_Desert",
                    "spawnIn": 0,
                    "foodStage": 0,
                    "quantity": 1.0,
                    "health": 1.0,
                    "debugSpawn": 0,
                    "ceSpawn": 0,
                    "children": []
                },
                {
                    "itemname": "Paragon_Mag_Pouch_Desert",
                    "spawnIn": 0,
                    "foodStage": 0,
                    "quantity": 1.0,
                    "health": 1.0,
                    "debugSpawn": 0,
                    "ceSpawn": 0,
                    "children": []
                },
                {
                    "itemname": "Paragon_Mag_Pouch_Desert",
                    "spawnIn": 0,
                    "foodStage": 0,
                    "quantity": 1.0,
                    "health": 1.0,
                    "debugSpawn": 0,
                    "ceSpawn": 0,
                    "children": []
                },
                {
                    "itemname": "Paragon_Mag_Pouch_Desert",
                    "spawnIn": 0,
                    "foodStage": 0,
                    "quantity": 1.0,
                    "health": 1.0,
                    "debugSpawn": 0,
                    "ceSpawn": 0,
                    "children": []
                },
                {
                    "itemname": "Paragon_MapPouch_Black",
                    "spawnIn": 0,
                    "foodStage": 0,
                    "quantity": 1.0,
                    "health": 1.0,
                    "debugSpawn": 0,
                    "ceSpawn": 0,
                    "children": []
                },
                {
                    "itemname": "Paragon_MapPouch_Black",
                    "spawnIn": 0,
                    "foodStage": 0,
                    "quantity": 1.0,
                    "health": 1.0,
                    "debugSpawn": 0,
                    "ceSpawn": 0,
                    "children": []
                }
            ]
        }
    ]
}