{
    "version": 1,
    "positions": [
        {
            "name": "Klen Trader",
            "pos": [
                11499.865234375,
                341.5522155761719,
                11343.7470703125
            ],
            "dir": [
                59.30808639526367,
                0.0,
                -0.0
            ],
            "addedBy": "76561199013042927"
        },
        {
            "name": "Black Market Trader",
            "pos": [
                2146.69775390625,
                105.1751708984375,
                3357.876220703125
            ],
            "dir": [
                -131.13858032226563,
                0.0,
                -0.0
            ],
            "addedBy": "76561197993129246"
        },
        {
            "name": "Fishing Trader",
            "pos": [
                14378.5,
                3.304537057876587,
                13264.576171875
            ],
            "dir": [
                -104.8421630859375,
                -0.0,
                -0.0
            ],
            "addedBy": "76561199013042927"
        },
        {
            "name": "Heli Trader",
            "pos": [
                4969.03662109375,
                9.511996269226075,
                2437.787841796875
            ],
            "dir": [
                73.30929565429688,
                0.0,
                -0.0
            ],
            "addedBy": "76561199013042927"
        },
        {
            "name": "Drug Trader",
            "pos": [
                1233.0556640625,
                139.14968872070313,
                6243.05517578125
            ],
            "dir": [
                -106.20612335205078,
                -0.0,
                -0.0
            ],
            "addedBy": "76561199013042927"
        },
        {
            "name": "Hunting Trader",
            "pos": [
                9071.83984375,
                245.06961059570313,
                8035.095703125
            ],
            "dir": [
                26.85268783569336,
                0.0,
                -0.0
            ],
            "addedBy": "76561199013042927"
        },
        {
            "name": "R4MS3Y'S",
            "pos": [
                2008.3836669921876,
                434.8692626953125,
                14871.2685546875
            ],
            "dir": [
                173.74305725097657,
                0.0,
                -0.0
            ],
            "addedBy": "76561199789647600"
        },
        {
            "name": "Smoke",
            "pos": [
                6232.509765625,
                483.2928466796875,
                15054.21875
            ],
            "dir": [
                18.104019165039064,
                0.0,
                -0.0
            ],
            "addedBy": "76561199013042927"
        },
        {
            "name": "BlastedSinders",
            "pos": [
                12125.0615234375,
                4.087554931640625,
                3173.34130859375
            ],
            "dir": [
                71.29269409179688,
                0.0,
                -0.0
            ],
            "addedBy": "76561199672612754"
        },
        {
            "name": "Stevens Base",
            "pos": [
                6556.8251953125,
                335.7430419921875,
                9301.322265625
            ],
            "dir": [
                -37.467952728271487,
                0.0,
                0.0
            ],
            "addedBy": "76561197993129246"
        }
    ]
}