{
    "version": 1,
    "entries": [
        {
            "steamid": "76561198386072609",
            "name": "Selina :3 ",
            "addedDate": 1746084441,
            "lastModified": 1746300274,
            "addedBySteamid": "76561199013042927",
            "addedByName": "Nicesmoke",
            "reason": "Cheater",
            "confidence": 0.7699999809265137,
            "message": "Bullet Speedhack"
        },
        {
            "steamid": "76561199348511302",
            "name": "Bubing",
            "addedDate": 1746633071,
            "lastModified": 1746633119,
            "addedBySteamid": "76561199013042927",
            "addedByName": "Nicesmoke",
            "reason": "lots of alts with bans",
            "confidence": 0.699999988079071,
            "message": ""
        },
        {
            "steamid": "76561198400310298",
            "name": "Edward5150",
            "addedDate": 1747147778,
            "lastModified": 1747147820,
            "addedBySteamid": "76561199013042927",
            "addedByName": "Nicesmoke",
            "reason": "5000 alts some with bans",
            "confidence": 0.5,
            "message": ""
        },
        {
            "steamid": "76561198157529990",
            "name": "Agareth",
            "addedDate": 1747315173,
            "lastModified": 1747315517,
            "addedBySteamid": "System",
            "addedByName": "",
            "reason": "Cheater",
            "confidence": 1.5,
            "message": "Speedhack"
        },
        {
            "steamid": "76561198185783061",
            "name": "LaoDeng",
            "addedDate": 1747417404,
            "lastModified": 1747417465,
            "addedBySteamid": "76561199013042927",
            "addedByName": "Nicesmoke",
            "reason": "Cftools ban list ",
            "confidence": 1.0,
            "message": ""
        },
        {
            "steamid": "76561199486876442",
            "name": "scody9322",
            "addedDate": 1747855264,
            "lastModified": 1747855345,
            "addedBySteamid": "76561197993129246",
            "addedByName": "ghenga",
            "reason": "possible duper",
            "confidence": 0.3499999940395355,
            "message": "disconnects reconnects multiple times. in middle of nowhere 1.7km from base."
        },
        {
            "steamid": "76561199401275332",
            "name": "Skif",
            "addedDate": 1749755122,
            "lastModified": 1749755159,
            "addedBySteamid": "76561197993129246",
            "addedByName": "ghenga",
            "reason": "Lots of alts, few have bans",
            "confidence": 0.20000000298023225,
            "message": "keep an eye, a lot of alts have bans."
        },
        {
            "steamid": "76561198243090704",
            "name": "Jian",
            "addedDate": 1750308344,
            "lastModified": 1750308344,
            "addedBySteamid": "System",
            "addedByName": "",
            "reason": "Cheater",
            "confidence": 0.20000000298023225,
            "message": "Duped Items"
        }
    ]
}