{
  "version": "7",
  "isInitialized": 1,
  "destroyDefibrillatorAfterUsage": 0,
  "deleteDeadBodyTimeWhenHealedByPlayer": 5,
  "minTimeBeforeKillButton": 5,
  "revive": {
    "maxWounds": 2,
    "minWounds": 1,
    "health": 0.5,
    "blood": 0.5,
    "shock": 0.5
  },
  "enableRealEstateRespawn": 1,
  "priceForRealEstateRespawn": -1,
  "minTimerBeforeRealEstateRespawn": 120,
  "saveItemInHandRealEstate": 1,
  "putItemInHandRealEstate": 1,
  "reviveRealEstate": {
    "maxWounds": 1,
    "minWounds": 1,
    "health": 1,
    "blood": 1,
    "shock": 1
  },
  "enableHospital": 1,
  "minTimeBeforeHospital": 90,
  "minTimeBeforeHospitalWhenNoOtherPlayerIsOnline": 60,
  "priceForReviveInHospital": 0,
  "saveItemInHandHospital": 1,
  "putItemInHandHospital": 1,
  "reviveHospital": {
    "maxWounds": 1,
    "minWounds": 1,
    "health": 1,
    "blood": 1,
    "shock": 1
  },
  "hospitalSpawnPoints": [
    {
      "id": "Svet",
      "orientation": [
        0,
        21.0551,
        0
      ],
      "point": [
        13880.881836,
        21.055052,
        13115.790039
      ]
    },
    {
      "id": "Electro",
      "orientation": [
        0,
        12.8516,
        0
      ],
      "point": [
        10277.621094,
        12.851862,
        2276.497314
      ]
    },
    {
      "id": "Solnechny",
      "orientation": [
        0,
        6.5998,
        0
      ],
      "point": [
        13390.374023,
        6.699741,
        6324.699219
      ]
    },
    {
      "id": "Sverograd",
      "orientation": [
        0,
        6.5998,
        0
      ],
      "point": [
        8013.004395,
        114.260757,
        12737.613281
      ]
    }
  ],
  "priceMedicHeal": 0,
  "minMedicCountForHospitalTimer": 1,
  "medicRevive": {
    "maxWounds": 2,
    "minWounds": 0,
    "health": 0.699999988079071,
    "blood": 0.699999988079071,
    "shock": 0.699999988079071
  }
}