{
    "version": 0,
    "keys": [
        {
            "classname": "LB_LC_Key1_Black",
            "displayname": "Dam Bunker Key",
            "description": "This will open loot chest down at the dam bunker.",
            "deleteOnRuined": 0
        },
        {
            "classname": "LB_LC_Key1_Blue",
            "displayname": "Oil Rig Key",
            "description": "After your swin, open some boxes with this bad boi!",
            "deleteOnRuined": 0
        },
        {
            "classname": "LB_LC_Key1_Green",
            "displayname": "Bunker Island Key",
            "description": "This opens the chests on Bunker Island",
            "deleteOnRuined": 0
        },
        {
            "classname": "LB_LC_Key1_Grey",
            "displayname": "Solnechy Bunker Key",
            "description": "Open some Loot boxes and get shit with this dazzling grey key!",
            "deleteOnRuined": 0
        },
        {
            "classname": "LB_LC_Key1_Orange",
            "displayname": "LB_LC_Key1_Orange",
            "description": "Edit me too!",
            "deleteOnRuined": 0
        },
        {
            "classname": "LB_LC_Key1_Red",
            "displayname": "LB_LC_Key1_Red",
            "description": "Edit me too!",
            "deleteOnRuined": 0
        },
        {
            "classname": "LB_LC_Key1_Violet",
            "displayname": "LB_LC_Key1_Violet",
            "description": "Edit me too!",
            "deleteOnRuined": 0
        },
        {
            "classname": "LB_LC_Key1_White",
            "displayname": "LB_LC_Key1_White",
            "description": "Edit me too!",
            "deleteOnRuined": 0
        },
        {
            "classname": "LB_LC_Key1_Yellow",
            "displayname": "LB_LC_Key1_Yellow",
            "description": "Edit me too!",
            "deleteOnRuined": 0
        },
        {
            "classname": "LB_LC_Key2_Black",
            "displayname": "LB_LC_Key2_Black",
            "description": "Edit me too!",
            "deleteOnRuined": 0
        },
        {
            "classname": "LB_LC_Key2_Blue",
            "displayname": "LB_LC_Key2_Blue",
            "description": "Edit me too!",
            "deleteOnRuined": 0
        },
        {
            "classname": "LB_LC_Key2_Green",
            "displayname": "LB_LC_Key2_Green",
            "description": "Edit me too!",
            "deleteOnRuined": 0
        },
        {
            "classname": "LB_LC_Key2_Grey",
            "displayname": "LB_LC_Key2_Grey",
            "description": "Edit me too!",
            "deleteOnRuined": 0
        },
        {
            "classname": "LB_LC_Key2_Orange",
            "displayname": "LB_LC_Key2_Orange",
            "description": "Edit me too!",
            "deleteOnRuined": 0
        },
        {
            "classname": "LB_LC_Key2_Red",
            "displayname": "LB_LC_Key2_Red",
            "description": "Edit me too!",
            "deleteOnRuined": 0
        },
        {
            "classname": "LB_LC_Key2_Violet",
            "displayname": "LB_LC_Key2_Violet",
            "description": "Edit me too!",
            "deleteOnRuined": 0
        },
        {
            "classname": "LB_LC_Key2_White",
            "displayname": "LB_LC_Key2_White",
            "description": "Edit me too!",
            "deleteOnRuined": 0
        },
        {
            "classname": "LB_LC_Key2_Yellow",
            "displayname": "LB_LC_Key2_Yellow",
            "description": "Edit me too!",
            "deleteOnRuined": 0
        }
    ]
}