{
    "version": 2,
    "positionPools": [
        {
            "name": "DamBunkerOne",
            "comment": "Dam First floor Green Domes",
            "positions": [
                {
                    "pos": [
                        1197.266357421875,
                        139.1699981689453,
                        6242.58935546875
                    ],
                    "dir": [
                        -119.25129699707031,
                        -0.0007395886932499707,
                        0.0008124053128995001
                    ]
                },
                {
                    "pos": [
                        1203.6895751953126,
                        139.1435546875,
                        6247.68505859375
                    ],
                    "dir": [
                        -121.93801879882813,
                        -0.0008952207863330841,
                        -0.03371003642678261
                    ]
                },
                {
                    "pos": [
                        1211.538330078125,
                        139.2036590576172,
                        6251.12255859375
                    ],
                    "dir": [
                        -120.63711547851563,
                        -0.00012966690701432526,
                        -0.033721674233675
                    ]
                }
            ],
            "spawnBlockingItems": []
        },
        {
            "name": "DamBunkerTwo",
            "comment": "First Floor Second Row of green domes",
            "positions": [
                {
                    "pos": [
                        1238.4248046875,
                        139.29324340820313,
                        6198.06689453125
                    ],
                    "dir": [
                        177.41207885742188,
                        0.0003023303870577365,
                        -0.03372056782245636
                    ]
                },
                {
                    "pos": [
                        1238.757568359375,
                        139.2699737548828,
                        6206.57373046875
                    ],
                    "dir": [
                        178.01165771484376,
                        0.0006551819387823343,
                        -0.03371555730700493
                    ]
                },
                {
                    "pos": [
                        1238.269287109375,
                        139.33070373535157,
                        6214.640625
                    ],
                    "dir": [
                        177.2460174560547,
                        0.00020459973893593997,
                        -0.03372130170464516
                    ]
                },
                {
                    "pos": [
                        1237.5601806640626,
                        139.3080596923828,
                        6222.9736328125
                    ],
                    "dir": [
                        176.8384552001953,
                        -0.000035278411814942959,
                        -0.03372190520167351
                    ]
                }
            ],
            "spawnBlockingItems": []
        },
        {
            "name": "DamBunkerThree",
            "comment": "Lwer Floor Green Domes",
            "positions": [
                {
                    "pos": [
                        1246.6351318359376,
                        130.59100341796876,
                        6255.5517578125
                    ],
                    "dir": [
                        -118.38678741455078,
                        0.0006528919329866767,
                        0.0012081642635166646
                    ]
                },
                {
                    "pos": [
                        1253.60400390625,
                        130.59100341796876,
                        6259.326171875
                    ],
                    "dir": [
                        -117.81340789794922,
                        -0.0011452179169282318,
                        0.0037026714999228718
                    ]
                }
            ],
            "spawnBlockingItems": []
        },
        {
            "name": "OilRigBunkerBoatOne",
            "comment": "Boat One Chests",
            "positions": [
                {
                    "pos": [
                        7311.54150390625,
                        4.30612850189209,
                        1894.62353515625
                    ],
                    "dir": [
                        57.511253356933597,
                        0.00036425545113161206,
                        -0.00003779432881856337
                    ]
                },
                {
                    "pos": [
                        7303.9951171875,
                        5.759835243225098,
                        1880.898681640625
                    ],
                    "dir": [
                        56.61488342285156,
                        -0.00005116624015499838,
                        0.00003327621379867196
                    ]
                },
                {
                    "pos": [
                        7274.57373046875,
                        9.002079963684082,
                        1858.485107421875
                    ],
                    "dir": [
                        -122.22544860839844,
                        -0.0016757679404690862,
                        -0.0013735357206314803
                    ]
                },
                {
                    "pos": [
                        7316.50341796875,
                        9.106125831604004,
                        1897.4493408203126
                    ],
                    "dir": [
                        56.96817398071289,
                        -0.00034562629298307,
                        0.000645743275526911
                    ]
                },
                {
                    "pos": [
                        7323.26416015625,
                        12.135242462158204,
                        1901.89208984375
                    ],
                    "dir": [
                        58.16960906982422,
                        1.3651554584503174,
                        0.04141882061958313
                    ]
                }
            ],
            "spawnBlockingItems": []
        },
        {
            "name": "OilRigBunkerBoatTwo",
            "comment": "",
            "positions": [
                {
                    "pos": [
                        7252.669921875,
                        3.7718539237976076,
                        1847.78857421875
                    ],
                    "dir": [
                        -88.35102081298828,
                        0.00003161429413012229,
                        -0.0010981777450069786
                    ]
                },
                {
                    "pos": [
                        7250.41943359375,
                        1.0655508041381837,
                        1830.308837890625
                    ],
                    "dir": [
                        94.01831817626953,
                        -0.00009132766717812046,
                        -0.0000064155965446843769
                    ]
                },
                {
                    "pos": [
                        7248.548828125,
                        6.860721588134766,
                        1826.0562744140626
                    ],
                    "dir": [
                        -10.95937442779541,
                        0.0,
                        -0.0
                    ]
                },
                {
                    "pos": [
                        7244.89208984375,
                        3.4579429626464845,
                        1784.3720703125
                    ],
                    "dir": [
                        -175.4943084716797,
                        0.0000010936630587821128,
                        -0.000030497973057208584
                    ]
                },
                {
                    "pos": [
                        7243.55078125,
                        9.880473136901856,
                        1775.8001708984376
                    ],
                    "dir": [
                        -178.62481689453126,
                        -0.0003725102578755468,
                        0.0011944827856495977
                    ]
                }
            ],
            "spawnBlockingItems": []
        },
        {
            "name": "OilRigLowerPlatform",
            "comment": "",
            "positions": [
                {
                    "pos": [
                        7291.56005859375,
                        11.136282920837403,
                        1799.824462890625
                    ],
                    "dir": [
                        -14.000311851501465,
                        0.10314591228961945,
                        0.12363414466381073
                    ]
                },
                {
                    "pos": [
                        7275.21044921875,
                        12.325589179992676,
                        1757.5399169921876
                    ],
                    "dir": [
                        115.2264633178711,
                        0.0005468933959491551,
                        0.1610097885131836
                    ]
                },
                {
                    "pos": [
                        7287.1630859375,
                        12.299723625183106,
                        1782.6834716796876
                    ],
                    "dir": [
                        86.63825988769531,
                        -0.0003553616697899997,
                        0.00008847900608088821
                    ]
                },
                {
                    "pos": [
                        7294.23095703125,
                        15.05449390411377,
                        1821.3975830078126
                    ],
                    "dir": [
                        -169.38336181640626,
                        0.04761528596282005,
                        0.15380913019180299
                    ]
                },
                {
                    "pos": [
                        7325.80712890625,
                        15.010211944580079,
                        1809.4005126953126
                    ],
                    "dir": [
                        107.59741973876953,
                        -0.00007381028990494087,
                        0.00023271588725037873
                    ]
                },
                {
                    "pos": [
                        7334.58447265625,
                        15.010210037231446,
                        1809.8724365234376
                    ],
                    "dir": [
                        -171.1970977783203,
                        -0.00021385638683568686,
                        -0.0004389578243717551
                    ]
                },
                {
                    "pos": [
                        7365.830078125,
                        15.054756164550782,
                        1809.0428466796876
                    ],
                    "dir": [
                        23.56468963623047,
                        0.011940841563045979,
                        0.16056732833385468
                    ]
                },
                {
                    "pos": [
                        7358.3134765625,
                        14.953788757324219,
                        1848.9786376953126
                    ],
                    "dir": [
                        64.79820251464844,
                        0.0018654500599950553,
                        -0.0024919011630117895
                    ]
                },
                {
                    "pos": [
                        7339.16162109375,
                        15.183722496032715,
                        1842.8568115234376
                    ],
                    "dir": [
                        -127.76184844970703,
                        -0.0000711107422830537,
                        -0.0003592404827941209
                    ]
                }
            ],
            "spawnBlockingItems": []
        },
        {
            "name": "OilRigUpperPlatform",
            "comment": "",
            "positions": [
                {
                    "pos": [
                        7318.5703125,
                        25.713619232177736,
                        1800.7686767578126
                    ],
                    "dir": [
                        -82.26427459716797,
                        0.6498781442642212,
                        -0.6014817953109741
                    ]
                },
                {
                    "pos": [
                        7305.9013671875,
                        29.63068199157715,
                        1813.016357421875
                    ],
                    "dir": [
                        2.5850465297698976,
                        0.00020077584485989064,
                        -0.0006725760758854449
                    ]
                },
                {
                    "pos": [
                        7301.97314453125,
                        33.65578079223633,
                        1804.0555419921876
                    ],
                    "dir": [
                        12.852896690368653,
                        -0.000654564646538347,
                        -0.00014934908540453762
                    ]
                },
                {
                    "pos": [
                        7302.41796875,
                        39.94108963012695,
                        1805.564208984375
                    ],
                    "dir": [
                        -43.544029235839847,
                        0.0,
                        -0.0
                    ]
                },
                {
                    "pos": [
                        7309.0068359375,
                        38.11472702026367,
                        1862.8568115234376
                    ],
                    "dir": [
                        44.55569839477539,
                        0.0,
                        0.0
                    ]
                },
                {
                    "pos": [
                        7309.951171875,
                        34.19114303588867,
                        1866.8671875
                    ],
                    "dir": [
                        126.61351776123047,
                        0.0012247876729816199,
                        0.0009100561728700995
                    ]
                },
                {
                    "pos": [
                        7308.47119140625,
                        30.166044235229493,
                        1875.806396484375
                    ],
                    "dir": [
                        113.16703796386719,
                        -0.0014953125501051546,
                        0.000012066448107361794
                    ]
                },
                {
                    "pos": [
                        7330.216796875,
                        25.113431930541993,
                        1869.254638671875
                    ],
                    "dir": [
                        56.275367736816409,
                        -1.6110318899154664,
                        1.0263124704360963
                    ]
                },
                {
                    "pos": [
                        7339.19189453125,
                        39.96529006958008,
                        1840.0760498046876
                    ],
                    "dir": [
                        -132.53160095214845,
                        0.0,
                        -0.0
                    ]
                },
                {
                    "pos": [
                        7343.728515625,
                        34.12834930419922,
                        1837.992919921875
                    ],
                    "dir": [
                        -169.8036651611328,
                        -0.002742636715993285,
                        -0.00014715860015712678
                    ]
                },
                {
                    "pos": [
                        7343.92822265625,
                        26.17679786682129,
                        1848.024169921875
                    ],
                    "dir": [
                        -144.17042541503907,
                        0.8584094643592835,
                        -0.21735522150993348
                    ]
                },
                {
                    "pos": [
                        7332.53466796875,
                        30.103252410888673,
                        1836.7965087890626
                    ],
                    "dir": [
                        67.38436126708985,
                        -0.0002186102356063202,
                        -0.00029380276100710034
                    ]
                }
            ],
            "spawnBlockingItems": []
        },
        {
            "name": "SolnechyBunkerFloorOne",
            "comment": "",
            "positions": [
                {
                    "pos": [
                        13283.34765625,
                        9.547229766845704,
                        6113.2998046875
                    ],
                    "dir": [
                        -112.9492416381836,
                        0.0,
                        -0.0
                    ]
                },
                {
                    "pos": [
                        13293.1220703125,
                        9.626663208007813,
                        6105.67236328125
                    ],
                    "dir": [
                        -12.981039047241211,
                        -0.00005484094799612649,
                        -0.00023790147679392248
                    ]
                },
                {
                    "pos": [
                        13292.44140625,
                        9.626659393310547,
                        6088.51123046875
                    ],
                    "dir": [
                        110.17124938964844,
                        -0.0009739576489664614,
                        -0.0003577919560484588
                    ]
                },
                {
                    "pos": [
                        13284.8505859375,
                        9.499322891235352,
                        6101.3310546875
                    ],
                    "dir": [
                        85.10714721679688,
                        0.009994744323194027,
                        -0.019362062215805055
                    ]
                },
                {
                    "pos": [
                        13273.5234375,
                        9.517653465270996,
                        6084.8828125
                    ],
                    "dir": [
                        143.50601196289063,
                        0.0,
                        -0.0
                    ]
                },
                {
                    "pos": [
                        13251.1669921875,
                        9.547901153564454,
                        6062.12646484375
                    ],
                    "dir": [
                        157.8291473388672,
                        0.0,
                        -0.0
                    ]
                },
                {
                    "pos": [
                        13263.330078125,
                        9.529245376586914,
                        6105.61767578125
                    ],
                    "dir": [
                        -114.05908203125,
                        0.0,
                        0.0
                    ]
                }
            ],
            "spawnBlockingItems": []
        },
        {
            "name": "BunkerIsland",
            "comment": "",
            "positions": [
                {
                    "pos": [
                        13634.00390625,
                        5.362593650817871,
                        9993.7900390625
                    ],
                    "dir": [
                        95.09092712402344,
                        0.09812140464782715,
                        0.04165701940655708
                    ]
                },
                {
                    "pos": [
                        13652.23828125,
                        6.872140407562256,
                        9933.7216796875
                    ],
                    "dir": [
                        49.373085021972659,
                        -0.00003548994573066011,
                        0.00008439413068117574
                    ]
                },
                {
                    "pos": [
                        13674.0068359375,
                        21.772537231445314,
                        10008.6748046875
                    ],
                    "dir": [
                        -90.3529052734375,
                        0.0,
                        -0.0
                    ]
                },
                {
                    "pos": [
                        13697.05859375,
                        21.767013549804689,
                        10024.2958984375
                    ],
                    "dir": [
                        88.13691711425781,
                        -0.00035489379661157727,
                        -0.0004965677508153021
                    ]
                },
                {
                    "pos": [
                        13691.654296875,
                        21.681318283081056,
                        10006.46484375
                    ],
                    "dir": [
                        -90.55345153808594,
                        -0.001360977184958756,
                        0.00018349081801716238
                    ]
                },
                {
                    "pos": [
                        13705.6552734375,
                        21.727170944213868,
                        10029.7646484375
                    ],
                    "dir": [
                        -3.1960713863372804,
                        0.0,
                        -0.0
                    ]
                },
                {
                    "pos": [
                        13738.8330078125,
                        21.799213409423829,
                        9974.6025390625
                    ],
                    "dir": [
                        -179.9726104736328,
                        1.1665395760473985e-7,
                        -0.00024414058134425431
                    ]
                },
                {
                    "pos": [
                        13733.3515625,
                        21.574359893798829,
                        10005.265625
                    ],
                    "dir": [
                        -2.0090389251708986,
                        0.0,
                        -0.0
                    ]
                },
                {
                    "pos": [
                        13726.013671875,
                        26.42991065979004,
                        9975.6943359375
                    ],
                    "dir": [
                        -91.33313751220703,
                        0.00018305590492673218,
                        -0.0000042600627239153259
                    ]
                }
            ],
            "spawnBlockingItems": []
        },
        {
            "name": "BunkerIslandBunker",
            "comment": "",
            "positions": [
                {
                    "pos": [
                        13717.2822265625,
                        6.50227165222168,
                        9997.5185546875
                    ],
                    "dir": [
                        159.71575927734376,
                        -0.00011637738498393446,
                        -0.0003148750402033329
                    ]
                },
                {
                    "pos": [
                        13716.216796875,
                        6.5022759437561039,
                        10012.1494140625
                    ],
                    "dir": [
                        -14.998879432678223,
                        0.001643112045712769,
                        0.0008080500992946327
                    ]
                },
                {
                    "pos": [
                        13703.9365234375,
                        6.499520778656006,
                        10012.3681640625
                    ],
                    "dir": [
                        -22.861112594604493,
                        0.00292731705121696,
                        -0.00011783167428802699
                    ]
                },
                {
                    "pos": [
                        13704.6611328125,
                        6.499521255493164,
                        9996.7646484375
                    ],
                    "dir": [
                        163.86032104492188,
                        0.00009331592445960268,
                        0.0003224626707378775
                    ]
                },
                {
                    "pos": [
                        13745.646484375,
                        1.85245680809021,
                        9993.2822265625
                    ],
                    "dir": [
                        91.55887603759766,
                        0.0004003344220109284,
                        -0.01275006402283907
                    ]
                },
                {
                    "pos": [
                        13712.9140625,
                        1.5693843364715577,
                        9991.6845703125
                    ],
                    "dir": [
                        -178.38778686523438,
                        0.0009487484348937869,
                        -0.03370857611298561
                    ]
                },
                {
                    "pos": [
                        13716.3505859375,
                        1.4675999879837037,
                        10012.1494140625
                    ],
                    "dir": [
                        -11.975539207458496,
                        0.0014484479324892164,
                        0.00021855354134459049
                    ]
                },
                {
                    "pos": [
                        13717.634765625,
                        1.4676004648208619,
                        9997.1171875
                    ],
                    "dir": [
                        156.04440307617188,
                        0.0005888776504434645,
                        0.0004850771219935268
                    ]
                },
                {
                    "pos": [
                        13727.7236328125,
                        2.1618340015411379,
                        9981.6328125
                    ],
                    "dir": [
                        -156.4727325439453,
                        0.0001119226508308202,
                        0.000048728699766797948
                    ]
                },
                {
                    "pos": [
                        13711.3515625,
                        1.4143433570861817,
                        9969.9599609375
                    ],
                    "dir": [
                        90.74115753173828,
                        0.0004362032050266862,
                        -0.033719100058078769
                    ]
                },
                {
                    "pos": [
                        13705.0498046875,
                        1.4144786596298218,
                        9969.7236328125
                    ],
                    "dir": [
                        91.06092071533203,
                        0.0006243784446269274,
                        -0.03371613845229149
                    ]
                },
                {
                    "pos": [
                        13693.2626953125,
                        1.259647011756897,
                        9979.400390625
                    ],
                    "dir": [
                        93.12275695800781,
                        0.0,
                        -0.0
                    ]
                },
                {
                    "pos": [
                        13676.2724609375,
                        1.6153563261032105,
                        9986.4287109375
                    ],
                    "dir": [
                        94.33377838134766,
                        0.0025482536293566229,
                        -0.03362550213932991
                    ]
                },
                {
                    "pos": [
                        13692.5927734375,
                        1.506542444229126,
                        9989.5390625
                    ],
                    "dir": [
                        114.93931579589844,
                        -0.0001415478764101863,
                        0.0003043915785383433
                    ]
                },
                {
                    "pos": [
                        13677.724609375,
                        1.5065408945083619,
                        9998.2060546875
                    ],
                    "dir": [
                        -127.58174133300781,
                        0.00020473696349654347,
                        0.00026603162405081093
                    ]
                },
                {
                    "pos": [
                        13678.03515625,
                        1.4752405881881714,
                        10010.3095703125
                    ],
                    "dir": [
                        -111.10918426513672,
                        0.00019775136024691164,
                        -0.0004464447556529194
                    ]
                },
                {
                    "pos": [
                        13692.8427734375,
                        1.4752428531646729,
                        10010.8330078125
                    ],
                    "dir": [
                        77.86592102050781,
                        -0.00014112550707068294,
                        -0.000656386895570904
                    ]
                }
            ],
            "spawnBlockingItems": []
        },
        {
            "name": "Dam Bunker Exterior",
            "comment": "Surrounding Areas around the bunker",
            "positions": [
                {
                    "pos": [
                        1258.6519775390626,
                        150.4550018310547,
                        6324.837890625
                    ],
                    "dir": [
                        -97.00688171386719,
                        -0.00042189285159111023,
                        -0.0006356753292493522
                    ]
                },
                {
                    "pos": [
                        1295.1136474609376,
                        150.739013671875,
                        6253.3916015625
                    ],
                    "dir": [
                        -134.15679931640626,
                        0.0007228160393424332,
                        0.0007444098009727895
                    ]
                },
                {
                    "pos": [
                        1279.5572509765626,
                        157.2886505126953,
                        6210.8349609375
                    ],
                    "dir": [
                        -129.95205688476563,
                        -0.0002573364181444049,
                        0.00021556422871071845
                    ]
                },
                {
                    "pos": [
                        1250.7872314453126,
                        153.783447265625,
                        6210.53369140625
                    ],
                    "dir": [
                        -179.45278930664063,
                        0.00025434495182707906,
                        0.0005210720701143146
                    ]
                },
                {
                    "pos": [
                        1192.7276611328126,
                        155.75421142578126,
                        6218.71484375
                    ],
                    "dir": [
                        -178.28125,
                        0.0,
                        -0.0
                    ]
                }
            ],
            "spawnBlockingItems": []
        },
        {
            "name": "SolnechyBunkerFloorTwo",
            "comment": "",
            "positions": [
                {
                    "pos": [
                        13251.0712890625,
                        20.731491088867189,
                        6101.94140625
                    ],
                    "dir": [
                        10.552820205688477,
                        -0.000016767135093687103,
                        0.00009000426507554948
                    ]
                },
                {
                    "pos": [
                        13254.2578125,
                        19.592639923095704,
                        6111.505859375
                    ],
                    "dir": [
                        49.74811553955078,
                        0.0,
                        -0.0
                    ]
                },
                {
                    "pos": [
                        13270.234375,
                        19.974403381347658,
                        6095.73193359375
                    ],
                    "dir": [
                        150.75787353515626,
                        -0.00001490787326474674,
                        -0.00002662851329660043
                    ]
                },
                {
                    "pos": [
                        13254.580078125,
                        20.64478302001953,
                        6092.7802734375
                    ],
                    "dir": [
                        -63.577003479003909,
                        -9.961817741394043,
                        1.834713339805603
                    ]
                },
                {
                    "pos": [
                        13264.2138671875,
                        20.713829040527345,
                        6114.02490234375
                    ],
                    "dir": [
                        12.659189224243164,
                        0.00009068453800864518,
                        -0.000012578429050336127
                    ]
                },
                {
                    "pos": [
                        13278.8408203125,
                        19.646732330322267,
                        6073.22265625
                    ],
                    "dir": [
                        91.84386444091797,
                        0.00031906331423670053,
                        0.0006930189556442201
                    ]
                },
                {
                    "pos": [
                        13270.634765625,
                        19.646732330322267,
                        6087.01904296875
                    ],
                    "dir": [
                        -25.46157455444336,
                        0.001675219158641994,
                        0.0003380368580110371
                    ]
                }
            ],
            "spawnBlockingItems": []
        },
        {
            "name": "SolnechyBunkerFloorThree",
            "comment": "",
            "positions": [
                {
                    "pos": [
                        13248.58984375,
                        29.618783950805665,
                        6070.54052734375
                    ],
                    "dir": [
                        -55.750362396240237,
                        0.0,
                        -0.0
                    ]
                },
                {
                    "pos": [
                        13238.6396484375,
                        30.37175750732422,
                        6061.0673828125
                    ],
                    "dir": [
                        -140.7442169189453,
                        0.00007801895844750106,
                        -0.00016565219266340137
                    ]
                },
                {
                    "pos": [
                        13229.7490234375,
                        30.736082077026368,
                        6060.49560546875
                    ],
                    "dir": [
                        -143.33941650390626,
                        0.000057973171351477507,
                        0.0000190893370017875
                    ]
                },
                {
                    "pos": [
                        13264.7265625,
                        30.032167434692384,
                        6071.6767578125
                    ],
                    "dir": [
                        76.44853973388672,
                        0.00009783608402358368,
                        0.00011709470709320158
                    ]
                },
                {
                    "pos": [
                        13272.427734375,
                        30.579090118408204,
                        6080.08837890625
                    ],
                    "dir": [
                        53.83628463745117,
                        -0.0001004763034870848,
                        0.0001530755835119635
                    ]
                },
                {
                    "pos": [
                        13248.5869140625,
                        30.71170425415039,
                        6074.3876953125
                    ],
                    "dir": [
                        -41.41282272338867,
                        -0.00015241379151120782,
                        -0.00010147735883947462
                    ]
                }
            ],
            "spawnBlockingItems": []
        },
        {
            "name": "Village_Store",
            "comment": "",
            "positions": [
                {
                    "pos": [
                        6337.8603515625,
                        10.10052490234375,
                        2518.595947265625
                    ],
                    "dir": [
                        135.0055694580078,
                        -0.00005788613998447545,
                        -0.00017371473950333893
                    ]
                },
                {
                    "pos": [
                        4437.66552734375,
                        236.661376953125,
                        4688.38916015625
                    ],
                    "dir": [
                        122.82059478759766,
                        -0.025911442935466768,
                        0.045334137976169589
                    ]
                },
                {
                    "pos": [
                        7527.13671875,
                        214.79466247558595,
                        5165.7216796875
                    ],
                    "dir": [
                        83.85858154296875,
                        0.003159603103995323,
                        0.0193448718637228
                    ]
                },
                {
                    "pos": [
                        10122.185546875,
                        247.2804718017578,
                        5540.1455078125
                    ],
                    "dir": [
                        173.48187255859376,
                        -0.00005788613998447545,
                        -0.00017371473950333893
                    ]
                },
                {
                    "pos": [
                        11254.111328125,
                        76.14593505859375,
                        6558.0146484375
                    ],
                    "dir": [
                        185.55953979492188,
                        -0.00005788613998447545,
                        -0.00017371473950333893
                    ]
                },
                {
                    "pos": [
                        13412.197265625,
                        6.409292221069336,
                        6278.70361328125
                    ],
                    "dir": [
                        8.678138732910157,
                        -0.00005788613998447545,
                        -0.00017371473950333893
                    ]
                },
                {
                    "pos": [
                        7123.2607421875,
                        294.88800048828127,
                        7717.537109375
                    ],
                    "dir": [
                        90.1853256225586,
                        -0.00005788613998447545,
                        -0.00017371473950333893
                    ]
                },
                {
                    "pos": [
                        5940.0244140625,
                        268.5899963378906,
                        10313.8828125
                    ],
                    "dir": [
                        37.70404052734375,
                        -0.00005788613998447545,
                        -0.00017371473950333893
                    ]
                },
                {
                    "pos": [
                        9463.466796875,
                        304.6356201171875,
                        8800.568359375
                    ],
                    "dir": [
                        269.45660400390627,
                        -0.00005788613998447545,
                        -0.00017371473950333893
                    ]
                },
                {
                    "pos": [
                        12337.138671875,
                        11.003885269165039,
                        9588.109375
                    ],
                    "dir": [
                        197.11497497558595,
                        -0.03331911936402321,
                        -0.008402452804148198
                    ]
                },
                {
                    "pos": [
                        1546.8592529296876,
                        277.8372497558594,
                        12000.5263671875
                    ],
                    "dir": [
                        77.55687713623047,
                        -0.00005788613998447545,
                        -0.00017371473950333893
                    ]
                },
                {
                    "pos": [
                        11002.919921875,
                        228.15902709960938,
                        12516.083984375
                    ],
                    "dir": [
                        30.968029022216798,
                        0.03495701774954796,
                        0.01824762113392353
                    ]
                },
                {
                    "pos": [
                        13339.173828125,
                        96.06730651855469,
                        12904.1513671875
                    ],
                    "dir": [
                        83.68899536132813,
                        -0.00005788613998447545,
                        -0.00017371473950333893
                    ]
                },
                {
                    "pos": [
                        12123.64453125,
                        96.21672058105469,
                        13714.703125
                    ],
                    "dir": [
                        219.1079864501953,
                        -0.00005788613998447545,
                        -0.00017371473950333893
                    ]
                },
                {
                    "pos": [
                        12938.78125,
                        21.46035385131836,
                        8065.7802734375
                    ],
                    "dir": [
                        128.67092895507813,
                        -0.00005788613998447545,
                        -0.00017371473950333893
                    ]
                },
                {
                    "pos": [
                        1844.1947021484376,
                        7.0980544090271,
                        2248.601806640625
                    ],
                    "dir": [
                        70.50930786132813,
                        0.015216777101159096,
                        0.036323871463537219
                    ]
                },
                {
                    "pos": [
                        1685.68359375,
                        144.62664794921876,
                        3917.156494140625
                    ],
                    "dir": [
                        73.51734924316406,
                        0.018805289641022683,
                        0.052503786981105807
                    ]
                },
                {
                    "pos": [
                        9183.3740234375,
                        224.2254638671875,
                        3933.523681640625
                    ],
                    "dir": [
                        65.61676025390625,
                        0.00910777598619461,
                        0.01735677570104599
                    ]
                },
                {
                    "pos": [
                        4964.77294921875,
                        321.5408630371094,
                        5640.77294921875
                    ],
                    "dir": [
                        123.48077392578125,
                        -0.00005788613998447545,
                        -0.00017371473950333893
                    ]
                },
                {
                    "pos": [
                        12269.02734375,
                        174.49481201171876,
                        7334.400390625
                    ],
                    "dir": [
                        94.61593627929688,
                        -0.00005788613998447545,
                        -0.00017371473950333893
                    ]
                },
                {
                    "pos": [
                        5382.10107421875,
                        331.8087463378906,
                        8540.642578125
                    ],
                    "dir": [
                        -56.88847351074219,
                        0.013884549960494042,
                        -0.024427881464362146
                    ]
                },
                {
                    "pos": [
                        10473.7841796875,
                        112.61087036132813,
                        9840.6220703125
                    ],
                    "dir": [
                        232.06602478027345,
                        -0.00005788613998447545,
                        -0.00017371473950333893
                    ]
                },
                {
                    "pos": [
                        8654.12890625,
                        201.42691040039063,
                        11849.625
                    ],
                    "dir": [
                        221.1118927001953,
                        -0.015669088810682298,
                        -0.012323522008955479
                    ]
                },
                {
                    "pos": [
                        6689.12548828125,
                        377.67132568359377,
                        14497.130859375
                    ],
                    "dir": [
                        154.84555053710938,
                        -0.00005788613998447545,
                        -0.00017371473950333893
                    ]
                },
                {
                    "pos": [
                        9391.2568359375,
                        231.91204833984376,
                        14537.607421875
                    ],
                    "dir": [
                        264.599853515625,
                        -0.00005788613998447545,
                        -0.00017371473950333893
                    ]
                },
                {
                    "pos": [
                        4760.8310546875,
                        270.76251220703127,
                        6789.544921875
                    ],
                    "dir": [
                        39.2365837097168,
                        0.039135996252298358,
                        0.028320496901869775
                    ]
                },
                {
                    "pos": [
                        3317.22509765625,
                        239.46493530273438,
                        4974.41552734375
                    ],
                    "dir": [
                        44.23843002319336,
                        0.025793928653001787,
                        0.022314179688692094
                    ]
                },
                {
                    "pos": [
                        7598.7998046875,
                        196.63624572753907,
                        13373.8203125
                    ],
                    "dir": [
                        -10.062393188476563,
                        0.01919499970972538,
                        -0.004718367476016283
                    ]
                },
                {
                    "pos": [
                        8713.9375,
                        222.33245849609376,
                        11623.314453125
                    ],
                    "dir": [
                        184.8283233642578,
                        -0.00005788613998447545,
                        -0.00017371473950333893
                    ]
                }
            ],
            "spawnBlockingItems": []
        },
        {
            "name": "Tisy",
            "comment": "hidden stashes",
            "positions": [
                {
                    "pos": [
                        1434.0782470703126,
                        458.9239196777344,
                        14500.033203125
                    ],
                    "dir": [
                        29.052881240844728,
                        -0.32650721073150637,
                        -0.35605260729789736
                    ]
                },
                {
                    "pos": [
                        1324.807861328125,
                        454.9472351074219,
                        14480.2734375
                    ],
                    "dir": [
                        -97.2936019897461,
                        -0.746106743812561,
                        0.7885163426399231
                    ]
                },
                {
                    "pos": [
                        1386.4549560546876,
                        455.85003662109377,
                        14465.375
                    ],
                    "dir": [
                        -94.3597183227539,
                        -2.8717691898345949,
                        4.494704246520996
                    ]
                },
                {
                    "pos": [
                        1432.299072265625,
                        459.4400939941406,
                        14481.787109375
                    ],
                    "dir": [
                        58.62615966796875,
                        -1.126248836517334,
                        0.06042952090501785
                    ]
                },
                {
                    "pos": [
                        1502.535400390625,
                        460.3376159667969,
                        14451.294921875
                    ],
                    "dir": [
                        83.74987030029297,
                        -1.295699119567871,
                        -2.0085597038269045
                    ]
                },
                {
                    "pos": [
                        1586.613037109375,
                        454.25042724609377,
                        14373.576171875
                    ],
                    "dir": [
                        -126.7912368774414,
                        -1.2833915948867798,
                        0.19686831533908845
                    ]
                },
                {
                    "pos": [
                        1684.5750732421876,
                        451.7300109863281,
                        14318.2939453125
                    ],
                    "dir": [
                        150.5648193359375,
                        0.0,
                        -0.0
                    ]
                },
                {
                    "pos": [
                        1725.89794921875,
                        451.7300109863281,
                        14288.7685546875
                    ],
                    "dir": [
                        60.52532196044922,
                        0.0,
                        0.0
                    ]
                },
                {
                    "pos": [
                        1697.265625,
                        451.7300109863281,
                        14128.6904296875
                    ],
                    "dir": [
                        -174.282958984375,
                        0.0,
                        -0.0
                    ]
                },
                {
                    "pos": [
                        1782.6226806640626,
                        451.7300109863281,
                        14130.822265625
                    ],
                    "dir": [
                        140.39898681640626,
                        0.0,
                        -0.0
                    ]
                },
                {
                    "pos": [
                        1745.458251953125,
                        449.9908752441406,
                        14040.6572265625
                    ],
                    "dir": [
                        88.12406158447266,
                        0.0025035154540091755,
                        0.07643605768680573
                    ]
                },
                {
                    "pos": [
                        1773.3006591796876,
                        449.989990234375,
                        14009.1845703125
                    ],
                    "dir": [
                        -172.3842315673828,
                        0.0,
                        -0.0
                    ]
                },
                {
                    "pos": [
                        1695.9127197265626,
                        448.294677734375,
                        13940.7802734375
                    ],
                    "dir": [
                        -45.26009750366211,
                        1.5731359720230103,
                        1.558336853981018
                    ]
                },
                {
                    "pos": [
                        1697.2388916015626,
                        446.22332763671877,
                        13838.5556640625
                    ],
                    "dir": [
                        -145.4544677734375,
                        6.395629405975342,
                        9.880733489990235
                    ]
                },
                {
                    "pos": [
                        1776.4676513671876,
                        436.3427429199219,
                        13798.5771484375
                    ],
                    "dir": [
                        -154.08763122558595,
                        0.0667337030172348,
                        -0.13735699653625489
                    ]
                },
                {
                    "pos": [
                        1951.8553466796876,
                        434.4742126464844,
                        13814.265625
                    ],
                    "dir": [
                        103.20806884765625,
                        2.2302052974700929,
                        0.5232750177383423
                    ]
                },
                {
                    "pos": [
                        1486.179443359375,
                        440.3945007324219,
                        13606.1171875
                    ],
                    "dir": [
                        162.40147399902345,
                        -0.218460813164711,
                        0.06929340958595276
                    ]
                },
                {
                    "pos": [
                        1482.550537109375,
                        438.99932861328127,
                        13584.8359375
                    ],
                    "dir": [
                        -97.10698699951172,
                        -0.028355784714221956,
                        -0.22742608189582826
                    ]
                },
                {
                    "pos": [
                        1514.340087890625,
                        438.8463439941406,
                        13556.8154296875
                    ],
                    "dir": [
                        88.70821380615235,
                        0.02583257667720318,
                        1.145430088043213
                    ]
                },
                {
                    "pos": [
                        1549.526123046875,
                        438.9508361816406,
                        13569.8857421875
                    ],
                    "dir": [
                        177.87380981445313,
                        -0.2967017590999603,
                        0.24034810066223145
                    ]
                }
            ],
            "spawnBlockingItems": []
        },
        {
            "name": "Bash",
            "comment": "",
            "positions": [
                {
                    "pos": [
                        4050.533203125,
                        369.8226013183594,
                        11640.255859375
                    ],
                    "dir": [
                        -54.1804313659668,
                        -0.8977649211883545,
                        0.19985131919384004
                    ]
                },
                {
                    "pos": [
                        4035.8828125,
                        369.9643859863281,
                        11601.6875
                    ],
                    "dir": [
                        -169.0464630126953,
                        -0.0009572525741532445,
                        -0.0005391305894590914
                    ]
                },
                {
                    "pos": [
                        4021.100830078125,
                        369.4736328125,
                        11664.251953125
                    ],
                    "dir": [
                        -95.502685546875,
                        0.051263321191072467,
                        0.5321128368377686
                    ]
                },
                {
                    "pos": [
                        4033.90478515625,
                        375.9770812988281,
                        11726.875
                    ],
                    "dir": [
                        135.2281036376953,
                        -0.0015057531418278814,
                        -0.0023696881253272297
                    ]
                },
                {
                    "pos": [
                        3996.5048828125,
                        375.7300109863281,
                        11795.2939453125
                    ],
                    "dir": [
                        -58.31937026977539,
                        0.0,
                        -0.0
                    ]
                },
                {
                    "pos": [
                        4006.0009765625,
                        375.663818359375,
                        11833.5615234375
                    ],
                    "dir": [
                        50.59498596191406,
                        -0.09694011509418488,
                        -0.11799555271863938
                    ]
                },
                {
                    "pos": [
                        4018.817138671875,
                        375.51312255859377,
                        11870.52734375
                    ],
                    "dir": [
                        57.451560974121097,
                        -0.20546749234199525,
                        -0.321914404630661
                    ]
                }
            ],
            "spawnBlockingItems": []
        },
        {
            "name": "Vybor Airfield",
            "comment": "",
            "positions": [
                {
                    "pos": [
                        4359.2890625,
                        339.47772216796877,
                        10887.5029296875
                    ],
                    "dir": [
                        -79.94264221191406,
                        -3.65924072265625,
                        -5.125597953796387
                    ]
                },
                {
                    "pos": [
                        4386.037109375,
                        338.7919921875,
                        10877.7158203125
                    ],
                    "dir": [
                        15.049788475036621,
                        0.0,
                        0.0
                    ]
                },
                {
                    "pos": [
                        4404.91650390625,
                        338.8643493652344,
                        10826.728515625
                    ],
                    "dir": [
                        165.39906311035157,
                        0.07400721311569214,
                        -0.019278720021247865
                    ]
                },
                {
                    "pos": [
                        4440.40087890625,
                        338.9074401855469,
                        10786.9267578125
                    ],
                    "dir": [
                        49.584041595458987,
                        -0.049582526087760928,
                        -0.05822638422250748
                    ]
                },
                {
                    "pos": [
                        4520.091796875,
                        338.9200134277344,
                        10809.9130859375
                    ],
                    "dir": [
                        169.427734375,
                        0.0,
                        -0.0
                    ]
                },
                {
                    "pos": [
                        4581.6748046875,
                        338.8050842285156,
                        10780.158203125
                    ],
                    "dir": [
                        118.40113067626953,
                        -0.3503839671611786,
                        -0.797389805316925
                    ]
                },
                {
                    "pos": [
                        4596.015625,
                        338.8615417480469,
                        10758.0712890625
                    ],
                    "dir": [
                        110.18550109863281,
                        -0.18141064047813416,
                        -0.39234107732772829
                    ]
                },
                {
                    "pos": [
                        4613.6298828125,
                        339.0,
                        10707.7939453125
                    ],
                    "dir": [
                        -136.93194580078126,
                        0.0,
                        -0.0
                    ]
                },
                {
                    "pos": [
                        4655.98193359375,
                        339.35125732421877,
                        10719.939453125
                    ],
                    "dir": [
                        59.03877258300781,
                        -4.445605754852295,
                        -0.44433534145355227
                    ]
                },
                {
                    "pos": [
                        4676.89453125,
                        338.9700012207031,
                        10676.21875
                    ],
                    "dir": [
                        108.02874755859375,
                        0.0,
                        -0.0
                    ]
                },
                {
                    "pos": [
                        4697.07568359375,
                        339.35980224609377,
                        10628.3662109375
                    ],
                    "dir": [
                        -146.755126953125,
                        -0.4572179615497589,
                        -4.310581684112549
                    ]
                },
                {
                    "pos": [
                        4681.12060546875,
                        340.0143737792969,
                        10604.59375
                    ],
                    "dir": [
                        -154.56517028808595,
                        0.49307873845100405,
                        0.7419804334640503
                    ]
                },
                {
                    "pos": [
                        4675.2353515625,
                        339.1236267089844,
                        10571.5537109375
                    ],
                    "dir": [
                        -128.6957550048828,
                        -0.05968856066465378,
                        0.04781228303909302
                    ]
                },
                {
                    "pos": [
                        4725.7998046875,
                        339.157470703125,
                        10537.5341796875
                    ],
                    "dir": [
                        128.80722045898438,
                        0.4167446494102478,
                        0.3351511061191559
                    ]
                },
                {
                    "pos": [
                        4786.90576171875,
                        339.29345703125,
                        10578.5498046875
                    ],
                    "dir": [
                        -128.1439971923828,
                        -0.7772142887115479,
                        5.5483527183532719
                    ]
                },
                {
                    "pos": [
                        4710.75,
                        338.6686706542969,
                        10466.20703125
                    ],
                    "dir": [
                        135.0968017578125,
                        0.5414785146713257,
                        -0.7555105686187744
                    ]
                },
                {
                    "pos": [
                        4650.275390625,
                        339.0,
                        10440.7158203125
                    ],
                    "dir": [
                        -79.88987731933594,
                        0.0,
                        -0.0
                    ]
                },
                {
                    "pos": [
                        4619.6015625,
                        339.0805969238281,
                        10390.4189453125
                    ],
                    "dir": [
                        147.9601287841797,
                        -2.692647933959961,
                        3.0319862365722658
                    ]
                },
                {
                    "pos": [
                        4660.26806640625,
                        339.1535339355469,
                        10394.25
                    ],
                    "dir": [
                        5.247445583343506,
                        1.9105043411254883,
                        -2.4302046298980715
                    ]
                },
                {
                    "pos": [
                        4651.51611328125,
                        338.9864501953125,
                        10355.533203125
                    ],
                    "dir": [
                        166.6435546875,
                        0.2618761658668518,
                        -0.21912755072116853
                    ]
                },
                {
                    "pos": [
                        4686.33251953125,
                        339.0,
                        10327.4365234375
                    ],
                    "dir": [
                        172.3660888671875,
                        0.0,
                        -0.0
                    ]
                },
                {
                    "pos": [
                        4627.39697265625,
                        339.0015563964844,
                        10268.0615234375
                    ],
                    "dir": [
                        -85.38202667236328,
                        0.46302473545074465,
                        -0.03931871056556702
                    ]
                },
                {
                    "pos": [
                        4582.70263671875,
                        339.24676513671877,
                        10317.1640625
                    ],
                    "dir": [
                        -85.2259292602539,
                        0.1903165727853775,
                        -0.44402629137039187
                    ]
                },
                {
                    "pos": [
                        4576.2587890625,
                        338.99334716796877,
                        10352.3623046875
                    ],
                    "dir": [
                        80.67887878417969,
                        0.15093448758125306,
                        -0.02477354183793068
                    ]
                },
                {
                    "pos": [
                        4542.49267578125,
                        338.82080078125,
                        10393.796875
                    ],
                    "dir": [
                        68.8426513671875,
                        -2.035313844680786,
                        -0.6042423844337463
                    ]
                },
                {
                    "pos": [
                        4515.5224609375,
                        339.2388000488281,
                        10413.232421875
                    ],
                    "dir": [
                        -117.04180145263672,
                        1.4992601871490479,
                        -0.42240995168685915
                    ]
                },
                {
                    "pos": [
                        4511.06396484375,
                        338.953857421875,
                        10456.6337890625
                    ],
                    "dir": [
                        73.92740631103516,
                        -0.032246142625808719,
                        -0.3881281316280365
                    ]
                },
                {
                    "pos": [
                        4446.71826171875,
                        338.8286437988281,
                        10334.447265625
                    ],
                    "dir": [
                        -10.310677528381348,
                        -0.10256335139274597,
                        -0.1365479975938797
                    ]
                },
                {
                    "pos": [
                        4458.53955078125,
                        338.9177551269531,
                        10296.3671875
                    ],
                    "dir": [
                        -166.2317352294922,
                        0.13011416792869569,
                        0.11061147600412369
                    ]
                },
                {
                    "pos": [
                        4499.5693359375,
                        339.0961608886719,
                        10267.6162109375
                    ],
                    "dir": [
                        160.5960235595703,
                        0.10555686801671982,
                        0.5298405289649963
                    ]
                },
                {
                    "pos": [
                        4545.5517578125,
                        339.12689208984377,
                        10208.6015625
                    ],
                    "dir": [
                        -172.0007781982422,
                        -0.897324800491333,
                        -0.20306774973869325
                    ]
                },
                {
                    "pos": [
                        4569.07958984375,
                        339.0770568847656,
                        10105.92578125
                    ],
                    "dir": [
                        -30.47142219543457,
                        0.0,
                        -0.0
                    ]
                }
            ],
            "spawnBlockingItems": []
        },
        {
            "name": "Balota Airfield",
            "comment": "",
            "positions": [
                {
                    "pos": [
                        4831.42822265625,
                        11.486724853515625,
                        2627.18310546875
                    ],
                    "dir": [
                        -76.912353515625,
                        0.0,
                        -0.0
                    ]
                },
                {
                    "pos": [
                        4854.12353515625,
                        9.84000015258789,
                        2596.142333984375
                    ],
                    "dir": [
                        164.8553924560547,
                        0.0,
                        -0.0
                    ]
                },
                {
                    "pos": [
                        4830.029296875,
                        9.330355644226075,
                        2574.166015625
                    ],
                    "dir": [
                        106.74201965332031,
                        -0.142487570643425,
                        -1.6363879442214966
                    ]
                },
                {
                    "pos": [
                        4845.98583984375,
                        9.930049896240235,
                        2547.66845703125
                    ],
                    "dir": [
                        58.1131591796875,
                        -1.4410979747772217,
                        -0.002980449702590704
                    ]
                },
                {
                    "pos": [
                        4844.2890625,
                        10.177647590637207,
                        2507.081298828125
                    ],
                    "dir": [
                        18.93071746826172,
                        0.20214834809303285,
                        1.7647696733474732
                    ]
                },
                {
                    "pos": [
                        4856.0595703125,
                        9.233200073242188,
                        2479.37890625
                    ],
                    "dir": [
                        -140.2397003173828,
                        0.17570699751377107,
                        -0.4500730633735657
                    ]
                },
                {
                    "pos": [
                        4887.37939453125,
                        9.474566459655762,
                        2471.5751953125
                    ],
                    "dir": [
                        21.602081298828126,
                        -0.07102043926715851,
                        -0.028121955692768098
                    ]
                },
                {
                    "pos": [
                        4896.41552734375,
                        9.287611961364746,
                        2449.9873046875
                    ],
                    "dir": [
                        67.6371841430664,
                        3.150557041168213,
                        0.4365922212600708
                    ]
                },
                {
                    "pos": [
                        4898.09033203125,
                        8.234832763671875,
                        2394.0126953125
                    ],
                    "dir": [
                        178.22142028808595,
                        -3.1511805057525636,
                        -0.6653198599815369
                    ]
                },
                {
                    "pos": [
                        4933.587890625,
                        9.170382499694825,
                        2398.7587890625
                    ],
                    "dir": [
                        65.7302017211914,
                        4.990744113922119,
                        -2.829474687576294
                    ]
                },
                {
                    "pos": [
                        5001.06494140625,
                        9.5,
                        2426.741455078125
                    ],
                    "dir": [
                        164.18898010253907,
                        0.0,
                        -0.0
                    ]
                },
                {
                    "pos": [
                        5071.7294921875,
                        9.796672821044922,
                        2445.12890625
                    ],
                    "dir": [
                        7.170165061950684,
                        0.000041900133510353047,
                        -0.0003330681356601417
                    ]
                },
                {
                    "pos": [
                        5073.2490234375,
                        9.37807559967041,
                        2334.600341796875
                    ],
                    "dir": [
                        -179.1072540283203,
                        -0.22082944214344026,
                        -0.5382488965988159
                    ]
                },
                {
                    "pos": [
                        5087.6728515625,
                        9.34000015258789,
                        2306.576171875
                    ],
                    "dir": [
                        159.25660705566407,
                        0.0,
                        -0.0
                    ]
                },
                {
                    "pos": [
                        5134.00927734375,
                        9.21127700805664,
                        2249.15966796875
                    ],
                    "dir": [
                        -139.13134765625,
                        -5.372072219848633,
                        0.3874554932117462
                    ]
                },
                {
                    "pos": [
                        5181.3271484375,
                        10.14486026763916,
                        2211.908447265625
                    ],
                    "dir": [
                        151.97666931152345,
                        -0.2555892765522003,
                        -0.6427936553955078
                    ]
                },
                {
                    "pos": [
                        5210.31884765625,
                        9.098418235778809,
                        2291.4765625
                    ],
                    "dir": [
                        26.8006649017334,
                        -1.040265440940857,
                        3.747882604598999
                    ]
                },
                {
                    "pos": [
                        5265.80517578125,
                        8.783598899841309,
                        2221.69970703125
                    ],
                    "dir": [
                        98.56974029541016,
                        -0.06830517947673798,
                        0.4532562792301178
                    ]
                },
                {
                    "pos": [
                        5254.666015625,
                        10.0686616897583,
                        2164.891845703125
                    ],
                    "dir": [
                        112.23027038574219,
                        -0.5703076124191284,
                        1.4271217584609986
                    ]
                },
                {
                    "pos": [
                        5259.4296875,
                        5.747071266174316,
                        2081.24951171875
                    ],
                    "dir": [
                        -107.67984771728516,
                        3.6027259826660158,
                        1.2528748512268067
                    ]
                },
                {
                    "pos": [
                        5309.77587890625,
                        5.693002223968506,
                        2092.855224609375
                    ],
                    "dir": [
                        -45.38383865356445,
                        0.0289507657289505,
                        4.313257217407227
                    ]
                }
            ],
            "spawnBlockingItems": []
        },
        {
            "name": "Krasno Airfield",
            "comment": "",
            "positions": [
                {
                    "pos": [
                        11806.8984375,
                        140.0218963623047,
                        12717.9130859375
                    ],
                    "dir": [
                        121.7026138305664,
                        -0.1452723890542984,
                        0.08989641815423966
                    ]
                },
                {
                    "pos": [
                        11868.4580078125,
                        140.0,
                        12710.849609375
                    ],
                    "dir": [
                        61.79574203491211,
                        0.0,
                        0.0
                    ]
                },
                {
                    "pos": [
                        11936.4833984375,
                        140.00888061523438,
                        12749.166015625
                    ],
                    "dir": [
                        77.41793823242188,
                        0.01663300022482872,
                        0.07452131062746048
                    ]
                },
                {
                    "pos": [
                        11966.0625,
                        140.0,
                        12758.91015625
                    ],
                    "dir": [
                        135.35519409179688,
                        0.0,
                        -0.0
                    ]
                },
                {
                    "pos": [
                        11989.1884765625,
                        139.98439025878907,
                        12773.3984375
                    ],
                    "dir": [
                        109.84803771972656,
                        0.09785164892673493,
                        -0.04585421830415726
                    ]
                },
                {
                    "pos": [
                        12004.6669921875,
                        139.9730224609375,
                        12783.2998046875
                    ],
                    "dir": [
                        -91.26155090332031,
                        -0.07140890508890152,
                        0.2308138757944107
                    ]
                },
                {
                    "pos": [
                        12028.6689453125,
                        139.96719360351563,
                        12795.294921875
                    ],
                    "dir": [
                        60.304283142089847,
                        -0.04659130424261093,
                        -0.8527320623397827
                    ]
                },
                {
                    "pos": [
                        12051.3212890625,
                        139.97183227539063,
                        12808.9404296875
                    ],
                    "dir": [
                        164.8400421142578,
                        0.28733184933662417,
                        0.4761090874671936
                    ]
                },
                {
                    "pos": [
                        12125.94921875,
                        140.00999450683595,
                        12864.779296875
                    ],
                    "dir": [
                        34.39396667480469,
                        0.0,
                        0.0
                    ]
                },
                {
                    "pos": [
                        12150.8603515625,
                        140.0,
                        12870.369140625
                    ],
                    "dir": [
                        161.28025817871095,
                        0.0,
                        -0.0
                    ]
                },
                {
                    "pos": [
                        12177.51171875,
                        141.85690307617188,
                        12915.9111328125
                    ],
                    "dir": [
                        -112.38793182373047,
                        0.0021615931764245035,
                        -0.0001493709860369563
                    ]
                },
                {
                    "pos": [
                        12150.2783203125,
                        140.0,
                        12858.4921875
                    ],
                    "dir": [
                        -82.82243347167969,
                        0.0,
                        -0.0
                    ]
                },
                {
                    "pos": [
                        12062.65625,
                        140.0,
                        12787.83984375
                    ],
                    "dir": [
                        -153.91600036621095,
                        0.0,
                        -0.0
                    ]
                },
                {
                    "pos": [
                        12049.2197265625,
                        140.0,
                        12764.38671875
                    ],
                    "dir": [
                        -69.68081665039063,
                        0.0,
                        -0.0
                    ]
                },
                {
                    "pos": [
                        12030.359375,
                        140.0,
                        12743.22265625
                    ],
                    "dir": [
                        -45.3375244140625,
                        0.0,
                        -0.0
                    ]
                },
                {
                    "pos": [
                        12049.3212890625,
                        140.0,
                        12716.06640625
                    ],
                    "dir": [
                        108.26714324951172,
                        0.0,
                        -0.0
                    ]
                },
                {
                    "pos": [
                        12033.541015625,
                        140.0,
                        12680.416015625
                    ],
                    "dir": [
                        130.73416137695313,
                        0.0,
                        -0.0
                    ]
                },
                {
                    "pos": [
                        11995.759765625,
                        140.0,
                        12684.5693359375
                    ],
                    "dir": [
                        -118.2964096069336,
                        0.0,
                        -0.0
                    ]
                },
                {
                    "pos": [
                        11944.921875,
                        140.0,
                        12734.8994140625
                    ],
                    "dir": [
                        -46.20659637451172,
                        0.0,
                        -0.0
                    ]
                },
                {
                    "pos": [
                        11912.494140625,
                        140.0,
                        12702.03515625
                    ],
                    "dir": [
                        -60.89615249633789,
                        0.0,
                        -0.0
                    ]
                },
                {
                    "pos": [
                        11868.6826171875,
                        140.0,
                        12679.2421875
                    ],
                    "dir": [
                        -45.6619873046875,
                        0.0,
                        -0.0
                    ]
                },
                {
                    "pos": [
                        11837.5224609375,
                        140.0,
                        12574.0947265625
                    ],
                    "dir": [
                        138.79896545410157,
                        0.0,
                        -0.0
                    ]
                },
                {
                    "pos": [
                        11858.0322265625,
                        140.0,
                        12563.9990234375
                    ],
                    "dir": [
                        69.40992736816406,
                        0.0,
                        0.0
                    ]
                },
                {
                    "pos": [
                        11887.3623046875,
                        140.0,
                        12550.544921875
                    ],
                    "dir": [
                        -117.7553482055664,
                        0.0,
                        -0.0
                    ]
                },
                {
                    "pos": [
                        11970.2666015625,
                        140.0,
                        12504.712890625
                    ],
                    "dir": [
                        146.662109375,
                        0.0,
                        -0.0
                    ]
                },
                {
                    "pos": [
                        11993.498046875,
                        140.0,
                        12509.046875
                    ],
                    "dir": [
                        96.29705047607422,
                        0.0,
                        -0.0
                    ]
                },
                {
                    "pos": [
                        12019.3779296875,
                        140.0,
                        12509.3388671875
                    ],
                    "dir": [
                        124.70626831054688,
                        0.0,
                        -0.0
                    ]
                },
                {
                    "pos": [
                        12082.1650390625,
                        140.0,
                        12483.46875
                    ],
                    "dir": [
                        148.77349853515626,
                        0.0,
                        -0.0
                    ]
                },
                {
                    "pos": [
                        12210.869140625,
                        140.0,
                        12509.212890625
                    ],
                    "dir": [
                        33.562740325927737,
                        0.0,
                        0.0
                    ]
                },
                {
                    "pos": [
                        12249.5126953125,
                        140.0,
                        12490.439453125
                    ],
                    "dir": [
                        57.831336975097659,
                        0.0,
                        0.0
                    ]
                },
                {
                    "pos": [
                        12274.80859375,
                        140.0,
                        12481.095703125
                    ],
                    "dir": [
                        101.59017181396485,
                        0.0,
                        -0.0
                    ]
                },
                {
                    "pos": [
                        12298.0546875,
                        140.0,
                        12470.9716796875
                    ],
                    "dir": [
                        23.591777801513673,
                        0.0,
                        0.0
                    ]
                },
                {
                    "pos": [
                        12350.90234375,
                        141.28912353515626,
                        12422.265625
                    ],
                    "dir": [
                        -59.475215911865237,
                        1.449639916419983,
                        -8.555964469909668
                    ]
                },
                {
                    "pos": [
                        12381.2421875,
                        148.46717834472657,
                        12452.9931640625
                    ],
                    "dir": [
                        172.20257568359376,
                        -0.000019743480152101257,
                        0.00008939852705225348
                    ]
                },
                {
                    "pos": [
                        12450.8984375,
                        140.91380310058595,
                        12543.3818359375
                    ],
                    "dir": [
                        -46.10219192504883,
                        0.02355830743908882,
                        0.02278737723827362
                    ]
                },
                {
                    "pos": [
                        12477.1171875,
                        140.55615234375,
                        12518.220703125
                    ],
                    "dir": [
                        -152.9162139892578,
                        -0.034763891249895099,
                        0.0679820105433464
                    ]
                }
            ],
            "spawnBlockingItems": []
        }
    ]
}