time;info;target;filename;
2025-05-16 19:40:57;FileName: icr0bgcs7m Type: SmallStone Quantity: 1 Health: 100;from player;house_inventory10899.799805 235.112000 11596.900391.bin;
2025-05-16 19:40:58;FileName: 1qp87t0qi5 Type: SmallStone Quantity: 1 Health: 100;from player;house_inventory10899.799805 235.112000 11596.900391.bin;
2025-05-16 19:40:59;FileName: 1xisc4pang Type: SmallStone Quantity: 1 Health: 100;from player;house_inventory10899.799805 235.112000 11596.900391.bin;
2025-05-16 19:40:59;FileName: rea2gg2ltj Type: SmallStone Quantity: 1 Health: 100;from player;house_inventory10899.799805 235.112000 11596.900391.bin;
2025-05-16 19:41:00;FileName: kl6v82koeu Type: SmallStone Quantity: 1 Health: 100;from player;house_inventory10899.799805 235.112000 11596.900391.bin;
2025-05-16 19:41:00;FileName: d35fh856q5 Type: SmallStone Quantity: 1 Health: 100;from player;house_inventory10899.799805 235.112000 11596.900391.bin;
2025-05-16 19:41:02;FileName: 2jx16c6b2o Type: rag_viking_coin_100 Quantity: 1 Health: 151.766;from player;house_inventory10899.799805 235.112000 11596.900391.bin;
2025-05-16 19:41:04;FileName: hhjku1pt5y Type: SmallStone Quantity: 1 Health: 100;from player;house_inventory10899.799805 235.112000 11596.900391.bin;
2025-05-16 19:41:05;FileName: 8xi5sotsu1 Type: SmallStone Quantity: 1 Health: 100;from player;house_inventory10899.799805 235.112000 11596.900391.bin;
2025-05-16 19:41:06;FileName: hon4q1jrvv Type: SmallStone Quantity: 1 Health: 100;from player;house_inventory10899.799805 235.112000 11596.900391.bin;
2025-05-16 19:41:07;FileName: rq6gsb7pvi Type: SmallStone Quantity: 1 Health: 100;from player;house_inventory10899.799805 235.112000 11596.900391.bin;
2025-05-16 19:41:28;FileName: bht113rkti Type: SmallStone Quantity: 1 Health: 100;from player;house_inventory10899.799805 235.112000 11596.900391.bin;
2025-05-16 19:41:29;FileName: 7x56xzp12k Type: SmallStone Quantity: 1 Health: 100;from player;house_inventory10899.799805 235.112000 11596.900391.bin;
2025-05-16 19:41:30;FileName: 0w1jv33xw8 Type: SmallStone Quantity: 1 Health: 100;from player;house_inventory10899.799805 235.112000 11596.900391.bin;
2025-05-16 19:41:32;FileName: goye0zwke7 Type: SmallStone Quantity: 1 Health: 100;from player;house_inventory10899.799805 235.112000 11596.900391.bin;
2025-05-16 19:42:08;FileName: wefda65m76 Type: rag_baseitems_xmas_lantern Quantity: 10000 Health: 28.4901;from player;house_inventory10899.799805 235.112000 11596.900391.bin;
2025-05-16 19:43:26;FileName: p778hmptuv Type: CookZ_Cookbook_Item Quantity: 1 Health: 100;from player;house_inventory10899.799805 235.112000 11596.900391.bin;
2025-05-16 19:43:30;FileName: hxizdqglho Type: Screwdriver Quantity: 1 Health: 36.0281;from player;house_inventory10899.799805 235.112000 11596.900391.bin;
2025-05-16 19:43:37;FileName: gbra28gvs7 Type: Paragon_Beowulf Quantity: 1 Health: 1000;from player;house_inventory10899.799805 235.112000 11596.900391.bin;
2025-05-16 19:45:00;FileName: 76tq1mmcre Type: SmallStone Quantity: 1 Health: 100;from player;house_inventory10899.799805 235.112000 11596.900391.bin;
2025-05-16 19:45:07;FileName: 8y4af6p55d Type: IodineTincture Quantity: 250 Health: 30;from player;house_inventory10899.799805 235.112000 11596.900391.bin;
2025-05-16 19:45:30;FileName: dlbkjvm7dd Type: Ammo_45ACP Quantity: 25 Health: 100;from player;house_inventory10899.799805 235.112000 11596.900391.bin;
2025-05-16 19:46:20;FileName: qxziutnfer Type: Ammo_762x39Tracer Quantity: 20 Health: 98.8312;from player;house_inventory10899.799805 235.112000 11596.900391.bin;
2025-05-16 19:46:22;FileName: rfrewyvdt3 Type: Ammo_762x39Tracer Quantity: 20 Health: 99.1043;from player;house_inventory10899.799805 235.112000 11596.900391.bin;
2025-05-16 19:46:24;FileName: wpnzarrtdd Type: Ammo_762x39Tracer Quantity: 20 Health: 100;from player;house_inventory10899.799805 235.112000 11596.900391.bin;
2025-05-16 19:46:26;FileName: pe3iywstd3 Type: Ammo_762x39Tracer Quantity: 20 Health: 100;from player;house_inventory10899.799805 235.112000 11596.900391.bin;
2025-05-16 19:46:27;FileName: ysk07pkao6 Type: Ammo_762x39Tracer Quantity: 20 Health: 100;from player;house_inventory10899.799805 235.112000 11596.900391.bin;
2025-05-16 19:48:06;FileName: rq6gsb7pvi Type: SmallStone Quantity: 1 Health: 100;to player;house_inventory10899.799805 235.112000 11596.900391.bin;
2025-05-16 19:48:06;FileName: 7x56xzp12k Type: SmallStone Quantity: 1 Health: 100;to player;house_inventory10899.799805 235.112000 11596.900391.bin;
2025-05-16 19:48:07;FileName: bht113rkti Type: SmallStone Quantity: 1 Health: 100;to player;house_inventory10899.799805 235.112000 11596.900391.bin;
2025-05-16 19:48:07;FileName: 0w1jv33xw8 Type: SmallStone Quantity: 1 Health: 100;to player;house_inventory10899.799805 235.112000 11596.900391.bin;
2025-05-16 19:48:08;FileName: goye0zwke7 Type: SmallStone Quantity: 1 Health: 100;to player;house_inventory10899.799805 235.112000 11596.900391.bin;
2025-05-16 19:48:08;FileName: d35fh856q5 Type: SmallStone Quantity: 1 Health: 100;to player;house_inventory10899.799805 235.112000 11596.900391.bin;
2025-05-16 19:48:09;FileName: hhjku1pt5y Type: SmallStone Quantity: 1 Health: 100;to player;house_inventory10899.799805 235.112000 11596.900391.bin;
2025-05-16 19:48:10;FileName: 8xi5sotsu1 Type: SmallStone Quantity: 1 Health: 100;to player;house_inventory10899.799805 235.112000 11596.900391.bin;
2025-05-16 19:48:10;FileName: hon4q1jrvv Type: SmallStone Quantity: 1 Health: 100;to player;house_inventory10899.799805 235.112000 11596.900391.bin;
2025-05-16 19:48:11;FileName: 76tq1mmcre Type: SmallStone Quantity: 1 Health: 100;to player;house_inventory10899.799805 235.112000 11596.900391.bin;
2025-05-16 19:48:12;FileName: icr0bgcs7m Type: SmallStone Quantity: 1 Health: 100;to player;house_inventory10899.799805 235.112000 11596.900391.bin;
2025-05-16 19:48:13;FileName: 1qp87t0qi5 Type: SmallStone Quantity: 1 Health: 100;to player;house_inventory10899.799805 235.112000 11596.900391.bin;
2025-05-16 19:48:13;FileName: 1xisc4pang Type: SmallStone Quantity: 1 Health: 100;to player;house_inventory10899.799805 235.112000 11596.900391.bin;
2025-05-16 19:48:13;FileName: rea2gg2ltj Type: SmallStone Quantity: 1 Health: 100;to player;house_inventory10899.799805 235.112000 11596.900391.bin;
2025-05-16 19:48:14;FileName: kl6v82koeu Type: SmallStone Quantity: 1 Health: 100;to player;house_inventory10899.799805 235.112000 11596.900391.bin;
2025-05-16 19:56:56;FileName: 2jx16c6b2o Type: rag_viking_coin_100 Quantity: 1 Health: 151.766;to player;house_inventory10899.799805 235.112000 11596.900391.bin;
2025-05-16 19:56:57;FileName: p778hmptuv Type: CookZ_Cookbook_Item Quantity: 1 Health: 100;to player;house_inventory10899.799805 235.112000 11596.900391.bin;
2025-05-16 19:56:58;FileName: hxizdqglho Type: Screwdriver Quantity: 1 Health: 36.0281;to player;house_inventory10899.799805 235.112000 11596.900391.bin;
2025-05-16 19:56:58;FileName: gbra28gvs7 Type: Paragon_Beowulf Quantity: 1 Health: 1000;to player;house_inventory10899.799805 235.112000 11596.900391.bin;
2025-05-16 19:56:58;FileName: 8y4af6p55d Type: IodineTincture Quantity: 250 Health: 30;to player;house_inventory10899.799805 235.112000 11596.900391.bin;
2025-05-16 19:56:59;FileName: dlbkjvm7dd Type: Ammo_45ACP Quantity: 25 Health: 100;to player;house_inventory10899.799805 235.112000 11596.900391.bin;
2025-05-16 19:56:59;FileName: qxziutnfer Type: Ammo_762x39Tracer Quantity: 20 Health: 98.8312;to player;house_inventory10899.799805 235.112000 11596.900391.bin;
2025-05-16 19:57:00;FileName: rfrewyvdt3 Type: Ammo_762x39Tracer Quantity: 20 Health: 99.1043;to player;house_inventory10899.799805 235.112000 11596.900391.bin;
2025-05-16 19:57:00;FileName: wpnzarrtdd Type: Ammo_762x39Tracer Quantity: 20 Health: 100;to player;house_inventory10899.799805 235.112000 11596.900391.bin;
2025-05-16 19:57:01;FileName: pe3iywstd3 Type: Ammo_762x39Tracer Quantity: 20 Health: 100;to player;house_inventory10899.799805 235.112000 11596.900391.bin;
2025-05-16 19:57:02;FileName: wefda65m76 Type: rag_baseitems_xmas_lantern Quantity: 10000 Health: 28.4901;to player;house_inventory10899.799805 235.112000 11596.900391.bin;
2025-05-16 19:57:03;FileName: ysk07pkao6 Type: Ammo_762x39Tracer Quantity: 20 Health: 100;to player;house_inventory10899.799805 235.112000 11596.900391.bin;
