time;info;target;filename;
2025-05-02 16:08:13;FileName: lvvnbxhpiw Type: Paragon_JPC_White Quantity: 1 Health: 447.578;from player;house_inventory10899.799805 235.112000 11596.900391.bin;
2025-05-02 16:10:08;FileName: lvvnbxhpiw Type: Paragon_JPC_White Quantity: 1 Health: 447.578;to player;house_inventory10899.799805 235.112000 11596.900391.bin;
2025-05-02 16:24:24;FileName: dnxz3ww1gd Type: Paragon_JPC_White Quantity: 1 Health: 495.232;from player;house_inventory10899.799805 235.112000 11596.900391.bin;
2025-05-02 16:24:25;FileName: fekmlsiioy Type: Paragon_JPC_White Quantity: 1 Health: 345.129;from player;house_inventory10899.799805 235.112000 11596.900391.bin;
2025-05-02 16:24:59;FileName: 25kv2je28q Type: Paragon_6B43_White Quantity: 1 Health: 1500;from player;house_inventory10899.799805 235.112000 11596.900391.bin;
2025-05-02 16:25:25;FileName: z22redmsno Type: Paragon_Scifi_H_Black Quantity: 1 Health: 614.26;from player;house_inventory10899.799805 235.112000 11596.900391.bin;
2025-05-02 16:25:26;FileName: fczcgwjsfz Type: Paragon_DCS_White Quantity: 1 Health: 780.255;from player;house_inventory10899.799805 235.112000 11596.900391.bin;
2025-05-02 16:25:28;FileName: ucrj4vvc6o Type: Paragon_Scifi_H_Purple Quantity: 1 Health: 618.448;from player;house_inventory10899.799805 235.112000 11596.900391.bin;
2025-05-02 16:26:01;FileName: dnxz3ww1gd Type: Paragon_JPC_White Quantity: 1 Health: 495.232;to player;house_inventory10899.799805 235.112000 11596.900391.bin;
2025-05-02 16:26:01;FileName: fekmlsiioy Type: Paragon_JPC_White Quantity: 1 Health: 345.129;to player;house_inventory10899.799805 235.112000 11596.900391.bin;
2025-05-02 16:26:01;FileName: 25kv2je28q Type: Paragon_6B43_White Quantity: 1 Health: 1500;to player;house_inventory10899.799805 235.112000 11596.900391.bin;
2025-05-02 16:26:02;FileName: z22redmsno Type: Paragon_Scifi_H_Black Quantity: 1 Health: 614.26;to player;house_inventory10899.799805 235.112000 11596.900391.bin;
2025-05-02 16:26:02;FileName: fczcgwjsfz Type: Paragon_DCS_White Quantity: 1 Health: 780.255;to player;house_inventory10899.799805 235.112000 11596.900391.bin;
2025-05-02 16:26:03;FileName: ucrj4vvc6o Type: Paragon_Scifi_H_Purple Quantity: 1 Health: 618.448;to player;house_inventory10899.799805 235.112000 11596.900391.bin;
2025-05-02 20:13:02;FileName: p4uwfrkepa Type: CP_CannabisSeedsPackKush Quantity: 1 Health: 5;from player;house_inventory13687.900391 21.168400 4176.370117.bin;
2025-05-02 20:13:04;FileName: z6ii6cbnxk Type: CP_CannabisSeedsPackNomad Quantity: 1 Health: 5;from player;house_inventory13687.900391 21.168400 4176.370117.bin;
2025-05-02 20:13:04;FileName: tq6jjbo6zk Type: CP_CannabisBagBlackFrost Quantity: 11 Health: 100;from player;house_inventory13687.900391 21.168400 4176.370117.bin;
2025-05-02 20:13:08;FileName: y3e7ifee41 Type: CP_CannabisSeedsPackNomad Quantity: 1 Health: 5;from player;house_inventory13687.900391 21.168400 4176.370117.bin;
2025-05-02 20:13:10;FileName: 6gaog0mpd6 Type: CP_CannabisSeedsPackNomad Quantity: 1 Health: 5;from player;house_inventory13687.900391 21.168400 4176.370117.bin;
2025-05-02 20:13:12;FileName: t60f4h7316 Type: CP_CannabisSeedsPackNomad Quantity: 1 Health: 5;from player;house_inventory13687.900391 21.168400 4176.370117.bin;
2025-05-02 20:13:13;FileName: 5q5ite1wrq Type: CP_CannabisBagNomad Quantity: 4 Health: 100;from player;house_inventory13687.900391 21.168400 4176.370117.bin;
2025-05-02 20:13:14;FileName: lgtex2p8ce Type: CP_CannabisSeedsPackSkunk Quantity: 1 Health: 5;from player;house_inventory13687.900391 21.168400 4176.370117.bin;
2025-05-02 20:13:15;FileName: 1vgqltwjq5 Type: CP_CannabisBagSkunk Quantity: 4 Health: 100;from player;house_inventory13687.900391 21.168400 4176.370117.bin;
2025-05-02 20:13:16;FileName: 5j3gg2r5d5 Type: CP_CannabisSeedsPackSkunk Quantity: 1 Health: 5;from player;house_inventory13687.900391 21.168400 4176.370117.bin;
2025-05-02 20:13:16;FileName: 7prp8jxnec Type: CP_CannabisSeedsKush Quantity: 9 Health: 5;from player;house_inventory13687.900391 21.168400 4176.370117.bin;
2025-05-02 20:13:17;FileName: hxlzezwf70 Type: CP_CannabisBagS1 Quantity: 15 Health: 100;from player;house_inventory13687.900391 21.168400 4176.370117.bin;
2025-05-03 12:01:56;FileName: w734tep35u Type: CP_CannabisSeedsPackNomad Quantity: 1 Health: 5;from player;house_inventory13687.900391 21.168400 4176.370117.bin;
2025-05-03 13:36:03;FileName: v2lit6re2v Type: ExpansionBanknoteEuro Quantity: 6040 Health: 83.9058;from player;house_inventory13066.200195 10.316300 7765.410156.bin;
2025-05-03 13:36:12;FileName: v2lit6re2v Type: ExpansionBanknoteEuro Quantity: 6040 Health: 83.9058;to player;house_inventory13066.200195 10.316300 7765.410156.bin;
