{
  "m_DNAConfig_Clothing": [
    {
      "dna_Tier": "yellow",
      "dna_Helm": "mmg_armored_helmet_black",
      "dna_Shirt": "MMG_tactical_shirt_black",
      "dna_Vest": "MMG_MK_V_Armor_black",
      "dna_Pants": "mmg_tactical_pants_black",
      "dna_Shoes": "MMG_boots_black",
      "dna_Backpack": "MMG_camelback_black",
      "dna_Gloves": "mmg_tactical_gloves_black",
      "dna_Belt": "MMG_falcon_b1_belt_black",
      "dna_Facewear": "MMG_facemask_skull",
      "dna_Eyewear": "mmg_tac_goggles_red_black",
      "dna_Armband": "MMG_bottle_black",
      "dna_NVG": "MMG_sheath_black"
    },
    {
      "dna_Tier": "green",
      "dna_Helm": "mmg_armored_helmet_black",
      "dna_Shirt": "MMG_tactical_shirt_black",
      "dna_Vest": "MMG_MK_V_Armor_black",
      "dna_Pants": "mmg_tactical_pants_black",
      "dna_Shoes": "MMG_boots_black",
      "dna_Backpack": "MMG_camelback_black",
      "dna_Gloves": "mmg_tactical_gloves_black",
      "dna_Belt": "MMG_falcon_b1_belt_black",
      "dna_Facewear": "MMG_facemask_skull",
      "dna_Eyewear": "mmg_tac_goggles_red_black",
      "dna_Armband": "MMG_bottle_black",
      "dna_NVG": "MMG_sheath_black"
    },
    {
      "dna_Tier": "blue",
      "dna_Helm": "mmg_armored_helmet_black",
      "dna_Shirt": "MMG_tactical_shirt_black",
      "dna_Vest": "MMG_MK_V_Armor_black",
      "dna_Pants": "mmg_tactical_pants_black",
      "dna_Shoes": "MMG_boots_black",
      "dna_Backpack": "MMG_camelback_black",
      "dna_Gloves": "mmg_tactical_gloves_black",
      "dna_Belt": "MMG_falcon_b1_belt_black",
      "dna_Facewear": "MMG_facemask_skull",
      "dna_Eyewear": "mmg_tac_goggles_red_black",
      "dna_Armband": "MMG_bottle_black",
      "dna_NVG": "MMG_sheath_black"
    },
    {
      "dna_Tier": "purple",
      "dna_Helm": "MMG_tactical_helmet_multicam",
      "dna_Shirt": "MMG_tactical_shirt_multicam",
      "dna_Vest": "MMG_MK_V_Armor_multicam",
      "dna_Pants": "mmg_tactical_pants_multicam",
      "dna_Shoes": "MMG_boots_multicam",
      "dna_Backpack": "MMG_mmps_bag_multicam",
      "dna_Gloves": "mmg_tactical_gloves_multicam",
      "dna_Belt": "MMG_falcon_b1_belt_multicam",
      "dna_Facewear": "MMG_facemask_multicam",
      "dna_Eyewear": "MMG_Holster_multicam",
      "dna_Armband": "MMG_bottle_multicam",
      "dna_NVG": "MMG_sheath_multicam"
    },
    {
      "dna_Tier": "red",
      "dna_Helm": "MMG_tactical_helmet_multicam",
      "dna_Shirt": "MMG_tactical_shirt_multicam",
      "dna_Vest": "MMG_MK_V_Armor_multicam",
      "dna_Pants": "mmg_tactical_pants_multicam",
      "dna_Shoes": "MMG_boots_multicam",
      "dna_Backpack": "MMG_mmps_bag_multicam",
      "dna_Gloves": "mmg_tactical_gloves_multicam",
      "dna_Belt": "MMG_falcon_b1_belt_multicam",
      "dna_Facewear": "MMG_facemask_multicam",
      "dna_Eyewear": "MMG_Holster_multicam",
      "dna_Armband": "MMG_bottle_multicam",
      "dna_NVG": "MMG_sheath_multicam"
    }
  ]
}