{
  "m_DNAConfig_Loot": [
    {
      "dna_Tier": "yellow",
      "dna_Category": "proprietary",
      "dna_Type": "CookZ_Beef_Sausage"
    },
    {
      "dna_Tier": "yellow",
      "dna_Category": "proprietary",
      "dna_Type": "CookZ_BangersAndMashBox"
    },
    {
      "dna_Tier": "yellow",
      "dna_Category": "medical",
      "dna_Type": "MB_MegaDriveCartridge_EarthWormJim"
    },
    {
      "dna_Tier": "yellow",
      "dna_Category": "food",
      "dna_Type": "DNA_CardReader"
    },
    {
      "dna_Tier": "yellow",
      "dna_Category": "food",
      "dna_Type": "mmg_ca_card_stary"
    },
    {
      "dna_Tier": "yellow",
      "dna_Category": "drink",
      "dna_Type": "CP_CannabisSeedsKush"
    },
    {
      "dna_Tier": "yellow",
      "dna_Category": "tools",
      "dna_Type": "Ram"
    },
    {
      "dna_Tier": "yellow",
      "dna_Category": "tools",
      "dna_Type": "Bitcoin"
    },
    {
      "dna_Tier": "yellow",
      "dna_Category": "tools",
      "dna_Type": "Bitcoin"
    },
    {
      "dna_Tier": "yellow",
      "dna_Category": "material",
      "dna_Type": "Stim_Health"
    },
    {
      "dna_Tier": "yellow",
      "dna_Category": "material",
      "dna_Type": "Stim_Nutrition"
    },
    {
      "dna_Tier": "yellow",
      "dna_Category": "valuable",
      "dna_Type": "CP_EmptyBag"
    },
    {
      "dna_Tier": "yellow",
      "dna_Category": "misc",
      "dna_Type": "CP_CannabisSeedsPackBlackFrost"
    },
    {
      "dna_Tier": "green",
      "dna_Category": "proprietary",
      "dna_Type": "CookZ_BangersAndMashBox"
    },
    {
      "dna_Tier": "green",
      "dna_Category": "proprietary",
      "dna_Type": "CookZ_Beef_Sausage"
    },
    {
      "dna_Tier": "green",
      "dna_Category": "proprietary",
      "dna_Type": "DNA_Bolts"
    },
    {
      "dna_Tier": "green",
      "dna_Category": "proprietary",
      "dna_Type": "mmg_ca_card_fnx45"
    },
    {
      "dna_Tier": "green",
      "dna_Category": "medical",
      "dna_Type": "LB_LC_Key1_Blue"
    },
    {
      "dna_Tier": "green",
      "dna_Category": "food",
      "dna_Type": "MB_MegaDriveCartridge_MegaMan"
    },
    {
      "dna_Tier": "green",
      "dna_Category": "drink",
      "dna_Type": "Stim_Shock"
    },
    {
      "dna_Tier": "green",
      "dna_Category": "tools",
      "dna_Type": "LBS_SleepingPacked_Old_Purple"
    },
    {
      "dna_Tier": "green",
      "dna_Category": "material",
      "dna_Type": "CP_CannabisSeedsPackS1"
    },
    {
      "dna_Tier": "green",
      "dna_Category": "valuable",
      "dna_Type": "RTX_GPU_Box"
    },
    {
      "dna_Tier": "green",
      "dna_Category": "valuable",
      "dna_Type": "SSD"
    },
    {
      "dna_Tier": "green",
      "dna_Category": "misc",
      "dna_Type": "Stim_Toxic"
    },
    {
      "dna_Tier": "blue",
      "dna_Category": "medical",
      "dna_Type": "DNA_Laptop"
    },
    {
      "dna_Tier": "blue",
      "dna_Category": "proprietary",
      "dna_Type": "MetaLeon"
    },
    {
      "dna_Tier": "blue",
      "dna_Category": "medical",
      "dna_Type": "mmg_ca_card_blaze"
    },
    {
      "dna_Tier": "blue",
      "dna_Category": "food",
      "dna_Type": "Stim_Fractures"
    },
    {
      "dna_Tier": "blue",
      "dna_Category": "drink",
      "dna_Type": "MB_MegaDriveCartridge_MortalKombat2"
    },
    {
      "dna_Tier": "blue",
      "dna_Category": "tools",
      "dna_Type": "GPU_RTX_ThirtyNinty"
    },
    {
      "dna_Tier": "blue",
      "dna_Category": "tools",
      "dna_Type": "BBP_BedKit"
    },
    {
      "dna_Tier": "blue",
      "dna_Category": "tools",
      "dna_Type": "PSU"
    },
    {
      "dna_Tier": "blue",
      "dna_Category": "material",
      "dna_Type": "CookZ_CurrywurstBox"
    },
    {
      "dna_Tier": "blue",
      "dna_Category": "valuable",
      "dna_Type": "CP_PlasticWrapper"
    },
    {
      "dna_Tier": "blue",
      "dna_Category": "misc",
      "dna_Type": "CP_CocaSeedsPack"
    },
    {
      "dna_Tier": "purple",
      "dna_Category": "proprietary",
      "dna_Type": "mmg_ca_card_m4"
    },
    {
      "dna_Tier": "purple",
      "dna_Category": "proprietary",
      "dna_Type": "DNA_Battery_40v"
    },
    {
      "dna_Tier": "purple",
      "dna_Category": "medical",
      "dna_Type": "CP_CannabisSeedsPackNomad"
    },
    {
      "dna_Tier": "purple",
      "dna_Category": "food",
      "dna_Type": "mmg_floppy_disc_three"
    },
    {
      "dna_Tier": "purple",
      "dna_Category": "drink",
      "dna_Type": "LB_LC_Key1_Grey"
    },
    {
      "dna_Tier": "purple",
      "dna_Category": "tools",
      "dna_Type": "PunchedCard"
    },
    {
      "dna_Tier": "purple",
      "dna_Category": "material",
      "dna_Type": "Stim_Nutrition"
    },
    {
      "dna_Tier": "purple",
      "dna_Category": "material",
      "dna_Type": "Bitcoin"
    },
    {
      "dna_Tier": "purple",
      "dna_Category": "material",
      "dna_Type": "Bitcoin"
    },
    {
      "dna_Tier": "purple",
      "dna_Category": "valuable",
      "dna_Type": "CP_Bagger"
    },
    {
      "dna_Tier": "purple",
      "dna_Category": "valuable",
      "dna_Type": "CookZ_FishSoupCan"
    },
    {
      "dna_Tier": "purple",
      "dna_Category": "tools",
      "dna_Type": "CookZ_HaggisBox"
    },
    {
      "dna_Tier": "purple",
      "dna_Category": "valuable",
      "dna_Type": "CPU"
    },
    {
      "dna_Tier": "purple",
      "dna_Category": "misc",
      "dna_Type": "StimArmbandCase_Leather"
    },
    {
      "dna_Tier": "red",
      "dna_Category": "proprietary",
      "dna_Type": "Stim_Infection"
    },
    {
      "dna_Tier": "red",
      "dna_Category": "proprietary",
      "dna_Type": "DNA_Solder_Kit"
    },
    {
      "dna_Tier": "red",
      "dna_Category": "medical",
      "dna_Type": "CP_CannabisSeedsPackNomad"
    },
    {
      "dna_Tier": "red",
      "dna_Category": "food",
      "dna_Type": "LBS_SleepingPacked_Old_Purple"
    },
    {
      "dna_Tier": "red",
      "dna_Category": "drink",
      "dna_Type": "MB_MegaDriveCartridge_RobocopvsTerminator"
    },
    {
      "dna_Tier": "red",
      "dna_Category": "tools",
      "dna_Type": "MetaLeon"
    },
    {
      "dna_Tier": "red",
      "dna_Category": "tools",
      "dna_Type": "CookZ_HaggisBox"
    },
    {
      "dna_Tier": "red",
      "dna_Category": "valuable",
      "dna_Type": "CookZ_FishSoupCan"
    },
    {
      "dna_Tier": "red",
      "dna_Category": "tools",
      "dna_Type": "DNA_KeyCard_BlisterPackChip_Purple"
    },
    {
      "dna_Tier": "red",
      "dna_Category": "material",
      "dna_Type": "CP_CannabisSeedsPackBlue"
    },
    {
      "dna_Tier": "red",
      "dna_Category": "material",
      "dna_Type": "Stim_Blood"
    },
    {
      "dna_Tier": "red",
      "dna_Category": "valuable",
      "dna_Type": "PC_Kit"
    },
    {
      "dna_Tier": "red",
      "dna_Category": "misc",
      "dna_Type": "Stim_Health"
    }
  ]
}