{
    "scanInterval": 120,
    "categories": {
        "clothing": {
            "repairAmount": 5,
            "allowIfRuined": 1
        },
        "weapons": {
            "repairAmount": 3,
            "allowIfRuined": 0
        },
        "items": {
            "repairAmount": 2,
            "allowIfRuined": 0
        }
    },
    "blacklist": [
        "BrokenHelmet",
        "UnrepairableRifle",
        "DamagedBattery"
    ],
    "uniqueItems": {
        "PrototypeScope_X01": {
            "repairAmount": 6,
            "allowIfRuined": 0
        },
        "AKM_Custom_Dag": {
            "repairAmount": 7,
            "allowIfRuined": 1
        },
        "RareToolBox_Dag": {
            "repairAmount": 10,
            "allowIfRuined": 1
        },
        "GorkaJacket_Dag_Winter": {
            "repairAmount": 4,
            "allowIfRuined": 0
        }
    }
}