{
  "m_Version": 12,
  "DisplayName": "Paragon Tools",
  "Icon": "Deliver",
  "Color": "FF5400",
  "IsExchange": 0,
  "InitStockPercent": 75,
  "Items": [
    {
      "ClassName": "Paragon_KATT_Black",
      "MaxPriceThreshold": 3000,
      "MinPriceThreshold": 3000,
      "SellPricePercent": -1,
      "MaxStockThreshold": 1,
      "MinStockThreshold": 1,
      "QuantityPercent": -1,
      "SpawnAttachments": [],
      "Variants": [
      ]
    },
    {
      "ClassName": "Paragon_KATT_Desert",
      "MaxPriceThreshold": 3000,
      "MinPriceThreshold": 3000,
      "SellPricePercent": -1,
      "MaxStockThreshold": 1,
      "MinStockThreshold": 1,
      "QuantityPercent": -1,
      "SpawnAttachments": [],
      "Variants": [
      ]
    },
    {
      "ClassName": "Paragon_KATT_Green",
      "MaxPriceThreshold": 3000,
      "MinPriceThreshold": 3000,
      "SellPricePercent": -1,
      "MaxStockThreshold": 1,
      "MinStockThreshold": 1,
      "QuantityPercent": -1,
      "SpawnAttachments": [],
      "Variants": [
      ]
    },
    {
      "ClassName": "Paragon_Karambit_Black",
      "MaxPriceThreshold": 3000,
      "MinPriceThreshold": 3000,
      "SellPricePercent": -1,
      "MaxStockThreshold": 1,
      "MinStockThreshold": 1,
      "QuantityPercent": -1,
      "SpawnAttachments": [],
      "Variants": [
      ]
    },
    {
      "ClassName": "Paragon_Karambit_BRY",
      "MaxPriceThreshold": 3000,
      "MinPriceThreshold": 3000,
      "SellPricePercent": -1,
      "MaxStockThreshold": 1,
      "MinStockThreshold": 1,
      "QuantityPercent": -1,
      "SpawnAttachments": [],
      "Variants": [
      ]
    },
    {
      "ClassName": "Paragon_Karambit_BY",
      "MaxPriceThreshold": 3000,
      "MinPriceThreshold": 3000,
      "SellPricePercent": -1,
      "MaxStockThreshold": 1,
      "MinStockThreshold": 1,
      "QuantityPercent": -1,
      "SpawnAttachments": [],
      "Variants": [
      ]
    },
    {
      "ClassName": "Paragon_Karambit_Rainbow",
      "MaxPriceThreshold": 3000,
      "MinPriceThreshold": 3000,
      "SellPricePercent": -1,
      "MaxStockThreshold": 1,
      "MinStockThreshold": 1,
      "QuantityPercent": -1,
      "SpawnAttachments": [],
      "Variants": [
      ]
    },
    {
      "ClassName": "Paragon_Karambit_Purple",
      "MaxPriceThreshold": 3000,
      "MinPriceThreshold": 3000,
      "SellPricePercent": -1,
      "MaxStockThreshold": 1,
      "MinStockThreshold": 1,
      "QuantityPercent": -1,
      "SpawnAttachments": [],
      "Variants": [
      ]
    },
    {
      "ClassName": "Paragon_Karambit_White",
      "MaxPriceThreshold": 3000,
      "MinPriceThreshold": 3000,
      "SellPricePercent": -1,
      "MaxStockThreshold": 1,
      "MinStockThreshold": 1,
      "QuantityPercent": -1,
      "SpawnAttachments": [],
      "Variants": [
      ]
    },
	{
      "ClassName": "Paragon_Bottle_Black",
      "MaxPriceThreshold": 5000,
      "MinPriceThreshold": 5000,
      "SellPricePercent": -1,
      "MaxStockThreshold": 1,
      "MinStockThreshold": 1,
      "QuantityPercent": -1,
      "SpawnAttachments": [],
      "Variants": [
        "Paragon_Bottle_Blue",
        "Paragon_Bottle_Desert",
        "Paragon_Bottle_Green"
      ]
    }
  ]
}