{
  "m_Version": 12,
  "DisplayName": "Paragon Helmets",
  "Icon": "Deliver",
  "Color": "FF5400",
  "IsExchange": 0,
  "InitStockPercent": 75,
  "Items": [
    {
      "ClassName": "Paragon_Killa_Black",
      "MaxPriceThreshold": 40000,
      "MinPriceThreshold": 40000,
      "SellPricePercent": -1,
      "MaxStockThreshold": 1,
      "MinStockThreshold": 1,
      "QuantityPercent": -1,
      "SpawnAttachments": [],
      "Variants": [
        "Paragon_Killa_Blue",
        "Paragon_Killa_Desert",
        "Paragon_Killa_Green",
        "Paragon_Killa_White"
      ]
    },
    {
      "ClassName": "Paragon_Ballistic_H_Black",
      "MaxPriceThreshold": 35000,
      "MinPriceThreshold": 35000,
      "SellPricePercent": -1,
      "MaxStockThreshold": 1,
      "MinStockThreshold": 1,
      "QuantityPercent": -1,
      "SpawnAttachments": [],
      "Variants": [
        "Paragon_Ballistic_H_Blue",
        "Paragon_Ballistic_H_Green",
        "Paragon_Ballistic_H_Desert",
        "Paragon_Ballistic_H_Grey"
      ]
    },
    {
      "ClassName": "Paragon_Altyn_Black",
      "MaxPriceThreshold": 30000,
      "MinPriceThreshold": 30000,
      "SellPricePercent": -1,
      "MaxStockThreshold": 1,
      "MinStockThreshold": 1,
      "QuantityPercent": -1,
      "SpawnAttachments": [],
      "Variants": [
        "Paragon_Altyn_Blue",
        "Paragon_Altyn_Desert",
        "Paragon_Altyn_Green",
        "Paragon_Altyn_Fatigue",
        "Paragon_Altyn_Navy",
        "Paragon_Altyn_Black_WL"
      ]
    },
    {
      "ClassName": "Paragon_Armored_H_Black",
      "MaxPriceThreshold": 28000,
      "MinPriceThreshold": 28000,
      "SellPricePercent": -1,
      "MaxStockThreshold": 1,
      "MinStockThreshold": 1,
      "QuantityPercent": -1,
      "SpawnAttachments": [],
      "Variants": [
        "Paragon_Armored_H_Desert",
        "Paragon_Armored_H_Green",
        "Paragon_Armored_H_Blue",
        "Paragon_Armored_H_WL",
        "Paragon_Armored_H_Fatigue",
        "Paragon_Armored_H_Navy",
        "Paragon_Armored_H_Black_WL"
      ]
    },
    {
      "ClassName": "Paragon_Space_Helmet_Black",
      "MaxPriceThreshold": 26000,
      "MinPriceThreshold": 26000,
      "SellPricePercent": -1,
      "MaxStockThreshold": 1,
      "MinStockThreshold": 1,
      "QuantityPercent": -1,
      "SpawnAttachments": [],
      "Variants": [
        "Paragon_Space_Helmet_Blue",
        "Paragon_Space_Helmet_Desert",
        "Paragon_Space_Helmet_Green",
        "Paragon_Space_Helmet_White"
      ]
    },
    {
      "ClassName": "Paragon_Scifi_H_Black",
      "MaxPriceThreshold": 25000,
      "MinPriceThreshold": 25000,
      "SellPricePercent": -1,
      "MaxStockThreshold": 1,
      "MinStockThreshold": 1,
      "QuantityPercent": -1,
      "SpawnAttachments": [],
      "Variants": [
        "Paragon_Scifi_H_Blue",
        "Paragon_Scifi_H_Green",
        "Paragon_Scifi_H_Desert",
        "Paragon_Scifi_H_Purple",
        "Paragon_Scifi_H_Red"
      ]
    },
    {
      "ClassName": "Paragon_Combat_H_Black",
      "MaxPriceThreshold": 23000,
      "MinPriceThreshold": 23000,
      "SellPricePercent": -1,
      "MaxStockThreshold": 1,
      "MinStockThreshold": 1,
      "QuantityPercent": -1,
      "SpawnAttachments": [],
      "Variants": [
        "Paragon_Combat_H_Blue",
        "Paragon_Combat_H_Green",
        "Paragon_Combat_H_Desert"
      ]
    },
    {
      "ClassName": "Paragon_Maska_Black",
      "MaxPriceThreshold": 20000,
      "MinPriceThreshold": 20000,
      "SellPricePercent": -1,
      "MaxStockThreshold": 1,
      "MinStockThreshold": 1,
      "QuantityPercent": -1,
      "SpawnAttachments": [],
      "Variants": [
        "Paragon_Maska_Blue",
        "Paragon_Maska_Desert",
        "Paragon_Maska_Green",
        "Paragon_Maska_Navy"
      ]
    },
    {
      "ClassName": "Paragon_Mando_Black",
      "MaxPriceThreshold": 18000,
      "MinPriceThreshold": 18000,
      "SellPricePercent": -1,
      "MaxStockThreshold": 1,
      "MinStockThreshold": 1,
      "QuantityPercent": -1,
      "SpawnAttachments": [],
      "Variants": [
        "Paragon_Mando_Desert",
        "Paragon_Mando_Green",
        "Paragon_Mando_Blue",
        "Paragon_Mando_WL",
        "Paragon_Mando_Fatigue",
        "Paragon_Mando_Navy",
        "Paragon_Mando_Black_WL"
      ]
    },
    {
      "ClassName": "Paragon_Tac_H_Black",
      "MaxPriceThreshold": 15000,
      "MinPriceThreshold": 15000,
      "SellPricePercent": -1,
      "MaxStockThreshold": 1,
      "MinStockThreshold": 1,
      "QuantityPercent": -1,
      "SpawnAttachments": [],
      "Variants": [
        "Paragon_Tac_H_Blue",
        "Paragon_Tac_H_Desert",
        "Paragon_Tac_H_Green",
        "Paragon_Tac_H_Fatigue",
        "Paragon_Tac_H_WL",
        "Paragon_Tac_H_Navy",
        "Paragon_Tac_H_Black_WL"
      ]
    }
  ]
}