  {
  "m_Version": 12,
  "DisplayName": "Paragon Attachments",
  "Icon": "Deliver",
  "Color": "FF5400",
  "IsExchange": 0,
  "InitStockPercent": 75,
  "Items": [
  {
      "ClassName": "Paragon_HP_Black",
      "MaxPriceThreshold": 5000,
      "MinPriceThreshold": 5000,
      "SellPricePercent": -1,
      "MaxStockThreshold": 1,
      "MinStockThreshold": 1,
      "QuantityPercent": -1,
      "SpawnAttachments": [],
      "Variants": [
        "Paragon_HP_Blue",
        "Paragon_HP_Desert",
        "Paragon_HP_Green"
      ]
    },
    {
      "ClassName": "Paragon_EarCovers_Black",
      "MaxPriceThreshold": 5000,
      "MinPriceThreshold": 5000,
      "SellPricePercent": -1,
      "MaxStockThreshold": 1,
      "MinStockThreshold": 1,
      "QuantityPercent": -1,
      "SpawnAttachments": [],
      "Variants": [
        "Paragon_EarCovers_Blue",
        "Paragon_EarCovers_Desert",
        "Paragon_EarCovers_Green"
      ]
    },
    {
      "ClassName": "Paragon_Visor_Black",
      "MaxPriceThreshold": 5000,
      "MinPriceThreshold": 5000,
      "SellPricePercent": -1,
      "MaxStockThreshold": 1,
      "MinStockThreshold": 1,
      "QuantityPercent": -1,
      "SpawnAttachments": [],
      "Variants": [
        "Paragon_Visor_Blue",
        "Paragon_Visor_Desert",
        "Paragon_Visor_Green"
      ]
    },
    {
      "ClassName": "Paragon_Mandible_Black",
      "MaxPriceThreshold": 5000,
      "MinPriceThreshold": 5000,
      "SellPricePercent": -1,
      "MaxStockThreshold": 1,
      "MinStockThreshold": 1,
      "QuantityPercent": -1,
      "SpawnAttachments": [],
      "Variants": [
        "Paragon_Mandible_Blue",
        "Paragon_Mandible_Desert",
        "Paragon_Mandible_Desert_Camo",
        "Paragon_Mandible_Green"
      ]
    },
	 {
      "ClassName": "Paragon_Patch_USA",
      "MaxPriceThreshold": 1500,
      "MinPriceThreshold": 1500,
      "SellPricePercent": -1,
      "MaxStockThreshold": 1,
      "MinStockThreshold": 1,
      "QuantityPercent": -1,
      "SpawnAttachments": [],
      "Variants": [
        "Paragon_Patch_Austria",
        "Paragon_Patch_France",
        "Paragon_Patch_Germany",
        "Paragon_Patch_Israel",
        "Paragon_Patch_Russian",
        "Paragon_Patch_Ukraine",
        "Paragon_Patch_Canada",
        "Paragon_Patch_Poland",
        "Paragon_Patch_Britain"
      ]
    },
    {
      "ClassName": "Paragon_NVG_Black_B",
      "MaxPriceThreshold": 8000,
      "MinPriceThreshold": 8000,
      "SellPricePercent": -1,
      "MaxStockThreshold": 1,
      "MinStockThreshold": 1,
      "QuantityPercent": -1,
      "SpawnAttachments": [],
      "Variants": [
        "Paragon_NVG_Black_P",
        "Paragon_NVG_Black_G",
        "Paragon_NVG_Green_B",
        "Paragon_NVG_Green_P",
        "Paragon_NVG_Green_G",
        "Paragon_NVG_Blue_B",
        "Paragon_NVG_Blue_P",
        "Paragon_NVG_Blue_G",
        "Paragon_NVG_Desert_B",
        "Paragon_NVG_Desert_P",
        "Paragon_NVG_Desert_G"
      ]
    }
  ]
}