{
  "m_Version": 12,
  "DisplayName": "Paragon BackPacks",
  "Icon": "Deliver",
  "Color": "FF5400",
  "IsExchange": 0,
  "InitStockPercent": 75,
  "Items": [
    {
      "ClassName": "Paragon_RaidBag_Black",
      "MaxPriceThreshold": 80000,
      "MinPriceThreshold": 80000,
      "SellPricePercent": -1,
      "MaxStockThreshold": 1,
      "MinStockThreshold": 1,
      "QuantityPercent": -1,
      "SpawnAttachments": [],
      "Variants": [
        "Paragon_RaidBag_Blue",
        "Paragon_RaidBag_Desert",
        "Paragon_RaidBag_Green",
        "Paragon_RaidBag_WL"
      ]
    },
    {
      "ClassName": "Paragon_GunBag_Black",
      "MaxPriceThreshold": 60000,
      "MinPriceThreshold": 60000,
      "SellPricePercent": -1,
      "MaxStockThreshold": 1,
      "MinStockThreshold": 1,
      "QuantityPercent": -1,
      "SpawnAttachments": [],
      "Variants": [
        "Paragon_GunBag_Blue",
        "Paragon_GunBag_Desert",
        "Paragon_GunBag_Green"
      ]
    },
    {
      "ClassName": "Paragon_US_Military_Black",
      "MaxPriceThreshold": 50000,
      "MinPriceThreshold": 50000,
      "SellPricePercent": -1,
      "MaxStockThreshold": 1,
      "MinStockThreshold": 1,
      "QuantityPercent": -1,
      "SpawnAttachments": [],
      "Variants": [
        "Paragon_US_Military_Blue",
        "Paragon_US_Military_Desert",
        "Paragon_US_Military_Green"
      ]
    },
    {
      "ClassName": "Paragon_Rubicon_Black",
      "MaxPriceThreshold": 50000,
      "MinPriceThreshold": 50000,
      "SellPricePercent": -1,
      "MaxStockThreshold": 1,
      "MinStockThreshold": 1,
      "QuantityPercent": -1,
      "SpawnAttachments": [],
      "Variants": [
        "Paragon_Rubicon_Blue",
        "Paragon_Rubicon_Desert",
        "Paragon_Rubicon_Green"
      ]
    },
    {
      "ClassName": "Paragon_Duffle_Bag_Black",
      "MaxPriceThreshold": 50000,
      "MinPriceThreshold": 50000,
      "SellPricePercent": -1,
      "MaxStockThreshold": 1,
      "MinStockThreshold": 1,
      "QuantityPercent": -1,
      "SpawnAttachments": [],
      "Variants": [
        "Paragon_Duffle_Bag_Blue",
        "Paragon_Duffle_Bag_Desert",
        "Paragon_Duffle_Bag_Green"
      ]
    },
    {
      "ClassName": "Paragon_Deployment_Bag_Black",
      "MaxPriceThreshold": 40000,
      "MinPriceThreshold": 40000,
      "SellPricePercent": -1,
      "MaxStockThreshold": 1,
      "MinStockThreshold": 1,
      "QuantityPercent": -1,
      "SpawnAttachments": [],
      "Variants": [
        "Paragon_Deployment_Bag_Desert",
        "Paragon_Deployment_Bag_Desert_Camo",
        "Paragon_Deployment_Bag_Green",
        "Paragon_Deployment_Bag_WL"
      ]
    },
    {
      "ClassName": "Paragon_Tactical_Bag_Black",
      "MaxPriceThreshold": 30000,
      "MinPriceThreshold": 30000,
      "SellPricePercent": -1,
      "MaxStockThreshold": 1,
      "MinStockThreshold": 1,
      "QuantityPercent": -1,
      "SpawnAttachments": [],
      "Variants": [
        "Paragon_Tactical_Bag_Blue",
        "Paragon_Tactical_Bag_Tan",
        "Paragon_Tactical_Bag_Green"
      ]
    },
    {
      "ClassName": "Paragon_Compact_Black",
      "MaxPriceThreshold": 25000,
      "MinPriceThreshold": 25000,
      "SellPricePercent": -1,
      "MaxStockThreshold": 1,
      "MinStockThreshold": 1,
      "QuantityPercent": -1,
      "SpawnAttachments": [],
      "Variants": [
        "Paragon_Compact_Blue",
        "Paragon_Compact_Desert",
        "Paragon_Compact_Green",
        "Paragon_Compact_Grey"
      ]
    },
    {
      "ClassName": "Paragon_Rush_24_Bag_Black",
      "MaxPriceThreshold": 15000,
      "MinPriceThreshold": 15000,
      "SellPricePercent": -1,
      "MaxStockThreshold": 1,
      "MinStockThreshold": 1,
      "QuantityPercent": -1,
      "SpawnAttachments": [],
      "Variants": [
        "Paragon_Rush_24_Bag_Blue",
        "Paragon_Rush_24_Bag_Desert",
        "Paragon_Rush_24_Bag_Green"
      ]
    }
  ]
}