{
  "ConfigVersion": 22,
  "ID": 100,
  "Type": 1,
  "Title": "My First Weapon",
  "Descriptions": [
    "Kill some Z's",
    "Get a free weapon",
    ""
  ],
  "ObjectiveText": "Kill some Z and the state will reward you a weapon",
  "FollowUpQuest": -1,
  "Repeatable": 0,
  "IsDailyQuest": 0,
  "IsWeeklyQuest": 0,
  "CancelQuestOnPlayerDeath": 0,
  "Autocomplete": 1,
  "IsGroupQuest": 0,
  "ObjectSetFileName": "",
  "QuestItems": [],
  "Rewards": [
    {
      "ClassName": "Ammo_762x39Tracer",
      "Amount": 150,
      "Attachments": [],
      "DamagePercent": 0,
      "HealthPercent": 0,
      "QuestID": -1,
      "Chance": 1
    },
    {
      "ClassName": "SKS",
      "Amount": 1,
      "Attachments": [
        "SNAFU_MTango6T_Black",
        "SNAFUGevar_Suppressor_Black"
      ],
      "DamagePercent": 0,
      "HealthPercent": 0,
      "QuestID": -1,
      "Chance": 1
    }
  ],
  "NeedToSelectReward": 0,
  "RandomReward": 0,
  "RandomRewardAmount": -1,
  "RewardsForGroupOwnerOnly": 0,
  "RewardBehavior": 0,
  "QuestGiverIDs": [],
  "QuestTurnInIDs": [],
  "IsAchievement": 0,
  "Objectives": [
    {
      "ConfigVersion": 28,
      "ID": 200,
      "ObjectiveType": 2
    }
  ],
  "QuestColor": -16256289,
  "ReputationReward": 0,
  "ReputationRequirement": -1,
  "PreQuestIDs": [],
  "RequiredFaction": "",
  "FactionReward": "",
  "PlayerNeedQuestItems": 1,
  "DeleteQuestItems": 1,
  "SequentialObjectives": 1,
  "FactionReputationRequirements": {},
  "FactionReputationRewards": {},
  "SuppressQuestLogOnCompetion": 1,
  "Active": 1
}