{
  "ConfigVersion": 22,
  "ID": 103,
  "Type": 1,
  "Title": "kill all bandits get a car final part",
  "Descriptions": [],
  "ObjectiveText": "Kill all bandits at the marked location.",
  "FollowUpQuest": -1,
  "Repeatable": 0,
  "IsDailyQuest": 0,
  "IsWeeklyQuest": 0,
  "CancelQuestOnPlayerDeath": 0,
  "Autocomplete": 0,
  "IsGroupQuest": 0,
  "ObjectSetFileName": "",
  "QuestItems": [],
  "Rewards": [
    {
      "ClassName": "ZAZ_965_red",
      "Amount": 1,
      "Attachments": [
        "carbattery",
        "sparkplug",
        "ZAZ_965_wheel",
        "ZAZ_965_wheel",
        "ZAZ_965_wheel",
        "ZAZ_965_wheel",
        "ZAZ_965_wheel",
        "ZAZ_965_doors_driver_red",
        "ZAZ_965_doors_codriver_red",
        "ZAZ_965_doors_hood_red",
        "ZAZ_965_doors_trunk_red"
      ],
      "DamagePercent": 0,
      "HealthPercent": 0,
      "QuestID": -1,
      "Chance": 1
    },
    {
      "ClassName": "ZAZ_965",
      "Amount": 1,
      "Attachments": [
        "carbattery",
        "sparkplug",
        "ZAZ_965_wheel",
        "ZAZ_965_wheel",
        "ZAZ_965_wheel",
        "ZAZ_965_wheel",
        "ZAZ_965_wheel",
        "ZAZ_965_doors_driver",
        "ZAZ_965_doors_codriver",
        "ZAZ_965_doors_hood",
        "ZAZ_965_doors_trunk"
      ],
      "DamagePercent": 0,
      "HealthPercent": 0,
      "QuestID": -1,
      "Chance": 1
    },
    {
      "ClassName": "ZAZ_965_green",
      "Amount": 1,
      "Attachments": [
        "carbattery",
        "sparkplug",
        "ZAZ_965_wheel",
        "ZAZ_965_wheel",
        "ZAZ_965_wheel",
        "ZAZ_965_wheel",
        "ZAZ_965_wheel",
        "ZAZ_965_doors_driver_green",
        "ZAZ_965_doors_codriver_green",
        "ZAZ_965_doors_hood_green",
        "ZAZ_965_doors_trunk_green"
      ],
      "DamagePercent": 0,
      "HealthPercent": 0,
      "QuestID": -1,
      "Chance": 1
    },
    {
      "ClassName": "ZAZ_965_bk",
      "Amount": 1,
      "Attachments": [
        "carbattery",
        "sparkplug",
        "ZAZ_965_wheel",
        "ZAZ_965_wheel",
        "ZAZ_965_wheel",
        "ZAZ_965_wheel",
        "ZAZ_965_wheel",
        "ZAZ_965_doors_driver_bk",
        "ZAZ_965_doors_codriver_bk",
        "ZAZ_965_doors_hood_bk",
        "ZAZ_965_doors_trunk_bk"
      ],
      "DamagePercent": 0,
      "HealthPercent": 0,
      "QuestID": -1,
      "Chance": 1
    }
  ],
  "NeedToSelectReward": 1,
  "RandomReward": 0,
  "RandomRewardAmount": -1,
  "RewardsForGroupOwnerOnly": 0,
  "RewardBehavior": 0,
  "QuestGiverIDs": [],
  "QuestTurnInIDs": [],
  "IsAchievement": 0,
  "Objectives": [
    {
      "ConfigVersion": 28,
      "ID": 104,
      "ObjectiveType": 3
    },
    {
      "ConfigVersion": 28,
      "ID": 105,
      "ObjectiveType": 8
    }
  ],
  "QuestColor": -16256289,
  "ReputationReward": 0,
  "ReputationRequirement": -1,
  "PreQuestIDs": [
    102
  ],
  "RequiredFaction": "",
  "FactionReward": "",
  "PlayerNeedQuestItems": 0,
  "DeleteQuestItems": 0,
  "SequentialObjectives": 1,
  "FactionReputationRequirements": {},
  "FactionReputationRewards": {},
  "SuppressQuestLogOnCompetion": 1,
  "Active": 1
}