{
  "ConfigVersion": 22,
  "ID": 105,
  "Type": 1,
  "Title": "Road To Klen Part 2",
  "Descriptions": [],
  "ObjectiveText": "Kill all bandits at the marked location.",
  "FollowUpQuest": -1,
  "Repeatable": 0,
  "IsDailyQuest": 0,
  "IsWeeklyQuest": 0,
  "CancelQuestOnPlayerDeath": 0,
  "Autocomplete": 1,
  "IsGroupQuest": 0,
  "ObjectSetFileName": "",
  "QuestItems": [],
  "Rewards": [{
      "ClassName": "ExpansionBanknoteEuro",
      "Amount": 5000,
      "Attachments": [],
      "DamagePercent": 0,
      "HealthPercent": 0,
      "QuestID": -1,
      "Chance": 1
    }],
  "NeedToSelectReward": 0,
  "RandomReward": 0,
  "RandomRewardAmount": -1,
  "RewardsForGroupOwnerOnly": 1,
  "RewardBehavior": 0,
  "QuestGiverIDs": [],
  "QuestTurnInIDs": [],
  "IsAchievement": 0,
  "Objectives": [
    {
      "ConfigVersion": 28,
      "ID": 108,
      "ObjectiveType": 3
    },
    {
      "ConfigVersion": 28,
      "ID": 109,
      "ObjectiveType": 8
    }
  ],
  "QuestColor": -16256289,
  "ReputationReward": 0,
  "ReputationRequirement": -1,
  "PreQuestIDs": [
    104
  ],
  "RequiredFaction": "",
  "FactionReward": "",
  "PlayerNeedQuestItems": 0,
  "DeleteQuestItems": 0,
  "SequentialObjectives": 1,
  "FactionReputationRequirements": {},
  "FactionReputationRewards": {},
  "SuppressQuestLogOnCompetion": 1,
  "Active": 1
}