{
  "ConfigVersion": 22,
  "ID": 106,
  "Type": 1,
  "Title": "Road To Klen Part 3",
  "Descriptions": [],
  "ObjectiveText": "Go to the safe trader at Klen",
  "FollowUpQuest": -1,
  "Repeatable": 0,
  "IsDailyQuest": 0,
  "IsWeeklyQuest": 0,
  "CancelQuestOnPlayerDeath": 0,
  "Autocomplete": 0,
  "IsGroupQuest": 0,
  "ObjectSetFileName": "",
  "QuestItems": [],
  "Rewards": [
    {
      "ClassName": "Van_Woodenhouse_Kit",
      "Amount": 1,
      "Attachments": [],
      "DamagePercent": 0,
      "HealthPercent": 0,
      "QuestID": -1,
      "Chance": 1
    },
    {
      "ClassName": "Van_WoodenHouse_B_Kit",
      "Amount": 1,
      "Attachments": [],
      "DamagePercent": 0,
      "HealthPercent": 0,
      "QuestID": -1,
      "Chance": 1
    },
    {
      "ClassName": "Van_WoodenHouse_C_Kit",
      "Amount": 1,
      "Attachments": [],
      "DamagePercent": 0,
      "HealthPercent": 0,
      "QuestID": -1,
      "Chance": 1
    },
    {
      "ClassName": "Van_WoodenHouse_D_Kit",
      "Amount": 1,
      "Attachments": [],
      "DamagePercent": 0,
      "HealthPercent": 0,
      "QuestID": -1,
      "Chance": 1
    },
    {
      "ClassName": "Van_WoodenHouse_E_Kit",
      "Amount": 1,
      "Attachments": [],
      "DamagePercent": 0,
      "HealthPercent": 0,
      "QuestID": -1,
      "Chance": 1
    },
    {
      "ClassName": "Van_WoodenHouse_F_Kit",
      "Amount": 1,
      "Attachments": [],
      "DamagePercent": 0,
      "HealthPercent": 0,
      "QuestID": -1,
      "Chance": 1
    }
  ],
  "NeedToSelectReward": 1,
  "RandomReward": 0,
  "RandomRewardAmount": -1,
  "RewardsForGroupOwnerOnly": 1,
  "RewardBehavior": 0,
  "QuestGiverIDs": [],
  "QuestTurnInIDs": [],
  "IsAchievement": 0,
  "Objectives": [
    {
      "ConfigVersion": 28,
      "ID": 110,
      "ObjectiveType": 3
    }
  ],
  "QuestColor": -16256289,
  "ReputationReward": 0,
  "ReputationRequirement": -1,
  "PreQuestIDs": [
    105
  ],
  "RequiredFaction": "",
  "FactionReward": "",
  "PlayerNeedQuestItems": 0,
  "DeleteQuestItems": 0,
  "SequentialObjectives": 1,
  "FactionReputationRequirements": {},
  "FactionReputationRewards": {},
  "SuppressQuestLogOnCompetion": 1,
  "Active": 1
}