{
  "ConfigVersion": 22,
  "ID": 601,
  "Type": 2,
  "Title": "Sledge Zombies To Death",
  "Descriptions": [
    ""
  ],
  "ObjectiveText": "Kill 20 zombies with a Sledgehammer!",
  "FollowUpQuest": 0,
  "Repeatable": 1,
  "IsDailyQuest": 0,
  "IsWeeklyQuest": 0,
  "CancelQuestOnPlayerDeath": 0,
  "Autocomplete": 1,
  "IsGroupQuest": 0,
  "ObjectSetFileName": "",
  "QuestItems": [
    {
      "ClassName": "SledgeHammer",
      "Amount": 1
    }
  ],
  "Rewards": [
    {
      "ClassName": "FoXyLuckyBlock_Purple",
      "Amount": 1,
      "Attachments": [],
      "DamagePercent": 0,
      "HealthPercent": 0,
      "QuestID": -1,
      "Chance": 1
    }
  ],
  "NeedToSelectReward": 0,
  "RandomReward": 1,
  "RandomRewardAmount": 1,
  "RewardsForGroupOwnerOnly": 0,
  "RewardBehavior": 0,
  "QuestGiverIDs": [
    1
  ],
  "QuestTurnInIDs": [],
  "IsAchievement": 0,
  "Objectives": [
    {
      "ConfigVersion": 28,
      "ID": 601,
      "ObjectiveType": 2
    }
  ],
  "QuestColor": 0,
  "ReputationReward": 0,
  "ReputationRequirement": 0,
  "PreQuestIDs": [],
  "RequiredFaction": "",
  "FactionReward": "",
  "PlayerNeedQuestItems": 0,
  "DeleteQuestItems": 0,
  "SequentialObjectives": 0,
  "FactionReputationRequirements": {},
  "FactionReputationRewards": {},
  "SuppressQuestLogOnCompetion": 0,
  "Active": 1
}