{
  "ConfigVersion": 22,
  "ID": 604,
  "Type": 1,
  "Title": "Just kill a bunch of Zed's",
  "Descriptions": [
    "Any weapon, even your fists, kill some"
  ],
  "ObjectiveText": "Kill 100 Zombies",
  "FollowUpQuest": -1,
  "Repeatable": 1,
  "IsDailyQuest": 0,
  "IsWeeklyQuest": 0,
  "CancelQuestOnPlayerDeath": 0,
  "Autocomplete": 0,
  "IsGroupQuest": 0,
  "ObjectSetFileName": "",
  "QuestItems": [],
  "Rewards": [
    {
      "ClassName": "FoXyLuckyBlock_Pink",
      "Amount": 2,
      "Attachments": [],
      "DamagePercent": 0,
      "HealthPercent": 0,
      "QuestID": -1,
      "Chance": 1
    },
    {
      "ClassName": "DNA_KeyCard_Blue_Inactive",
      "Amount": 1,
      "Attachments": [],
      "DamagePercent": 0,
      "HealthPercent": 0,
      "QuestID": -1,
      "Chance": 1
    },
    {
      "ClassName": "LB_LC_Key1_Black",
      "Amount": 1,
      "Attachments": [],
      "DamagePercent": 0,
      "HealthPercent": 0,
      "QuestID": -1,
      "Chance": 1
    },
    {
      "ClassName": "LBmaster_SpawnTicket_1",
      "Amount": 1,
      "Attachments": [],
      "DamagePercent": 0,
      "HealthPercent": 0,
      "QuestID": -1,
      "Chance": 1
    },
    {
      "ClassName": "ExpansionBanknoteEuro",
      "Amount": 7000,
      "Attachments": [],
      "DamagePercent": 0,
      "HealthPercent": 0,
      "QuestID": -1,
      "Chance": 1
    }
  ],
  "NeedToSelectReward": 1,
  "RandomReward": 0,
  "RandomRewardAmount": -1,
  "RewardsForGroupOwnerOnly": 1,
  "RewardBehavior": 0,
  "QuestGiverIDs": [
    1
  ],
  "QuestTurnInIDs": [],
  "IsAchievement": 0,
  "Objectives": [
    {
      "ConfigVersion": 28,
      "ID": 604,
      "ObjectiveType": 2
    }
  ],
  "QuestColor": 0,
  "ReputationReward": 0,
  "ReputationRequirement": -1,
  "PreQuestIDs": [],
  "RequiredFaction": "",
  "FactionReward": "",
  "PlayerNeedQuestItems": 1,
  "DeleteQuestItems": 1,
  "SequentialObjectives": 1,
  "FactionReputationRequirements": {},
  "FactionReputationRewards": {},
  "SuppressQuestLogOnCompetion": 0,
  "Active": 1
}