{
  "ConfigVersion": 22,
  "ID": 701,
  "Type": 1,
  "Title": "Kill 5 AI with a Deagle",
  "Descriptions": [
    ""
  ],
  "ObjectiveText": "Kill AI and pick your reward",
  "FollowUpQuest": 0,
  "Repeatable": 1,
  "IsDailyQuest": 0,
  "IsWeeklyQuest": 0,
  "CancelQuestOnPlayerDeath": 0,
  "Autocomplete": 0,
  "IsGroupQuest": 0,
  "ObjectSetFileName": "",
  "QuestItems": [
    {
      "ClassName": "Deagle",
      "Amount": 1
    },
    {
      "ClassName": "PistolSuppressor",
      "Amount": 1
    },
    {
      "ClassName": "PistolOptic",
      "Amount": 1
    }
  ],
  "Rewards": [
    {
      "ClassName": "FoXyLuckyBlock_Pink",
      "Amount": 1,
      "Attachments": [],
      "DamagePercent": 0,
      "HealthPercent": 0,
      "QuestID": -1,
      "Chance": 1
    },
    {
      "ClassName": "LB_LC_Key1_Black",
      "Amount": 1,
      "Attachments": [],
      "DamagePercent": 0,
      "HealthPercent": 0,
      "QuestID": -1,
      "Chance": 1
    },
    {
      "ClassName": "DNA_KeyCard_Blue",
      "Amount": 1,
      "Attachments": [],
      "DamagePercent": 0,
      "HealthPercent": 0,
      "QuestID": -1,
      "Chance": 1
    },
    {
      "ClassName": "CP_CannabisSeedsPackBlackFrost",
      "Amount": 1,
      "Attachments": [],
      "DamagePercent": 0,
      "HealthPercent": 0,
      "QuestID": -1,
      "Chance": 1
    },
    {
      "ClassName": "TG_Spawn_ArmourSet_1",
      "Amount": 1,
      "Attachments": [],
      "DamagePercent": 0,
      "HealthPercent": 0,
      "QuestID": -1,
      "Chance": 1
    }
  ],
  "NeedToSelectReward": 1,
  "RandomReward": 0,
  "RandomRewardAmount": 0,
  "RewardsForGroupOwnerOnly": 0,
  "RewardBehavior": 0,
  "QuestGiverIDs": [
    3
  ],
  "QuestTurnInIDs": [],
  "IsAchievement": 0,
  "Objectives": [
    {
      "ConfigVersion": 28,
      "ID": 701,
      "ObjectiveType": 2
    }
  ],
  "QuestColor": 0,
  "ReputationReward": 0,
  "ReputationRequirement": 0,
  "PreQuestIDs": [],
  "RequiredFaction": "",
  "FactionReward": "",
  "PlayerNeedQuestItems": 0,
  "DeleteQuestItems": 0,
  "SequentialObjectives": 0,
  "FactionReputationRequirements": {},
  "FactionReputationRewards": {},
  "SuppressQuestLogOnCompetion": 0,
  "Active": 1
}