{
  "ConfigVersion": 22,
  "ID": 702,
  "Type": 1,
  "Title": "Hunt 10 Animals",
  "Descriptions": [
    ""
  ],
  "ObjectiveText": "Hunt 10 Animals",
  "FollowUpQuest": 0,
  "Repeatable": 1,
  "IsDailyQuest": 0,
  "IsWeeklyQuest": 0,
  "CancelQuestOnPlayerDeath": 0,
  "Autocomplete": 0,
  "IsGroupQuest": 0,
  "ObjectSetFileName": "",
  "QuestItems": [],
  "Rewards": [
    {
      "ClassName": "FoXyLuckyBlock",
      "Amount": 1,
      "Attachments": [],
      "DamagePercent": 0,
      "HealthPercent": 0,
      "QuestID": -1,
      "Chance": 1
    },
    {
      "ClassName": "Stim_Blood",
      "Amount": 3,
      "Attachments": [],
      "DamagePercent": 0,
      "HealthPercent": 0,
      "QuestID": -1,
      "Chance": 1
    },
    {
      "ClassName": "Stim_Health",
      "Amount": 3,
      "Attachments": [],
      "DamagePercent": 0,
      "HealthPercent": 0,
      "QuestID": -1,
      "Chance": 1
    },
    {
      "ClassName": "Stim_Fractures",
      "Amount": 3,
      "Attachments": [],
      "DamagePercent": 0,
      "HealthPercent": 0,
      "QuestID": -1,
      "Chance": 1
    },
    {
      "ClassName": "ExpansionBanknoteEuro",
      "Amount": 5000,
      "Attachments": [],
      "DamagePercent": 0,
      "HealthPercent": 0,
      "QuestID": -1,
      "Chance": 1
    }
  ],
  "NeedToSelectReward": 1,
  "RandomReward": 0,
  "RandomRewardAmount": 0,
  "RewardsForGroupOwnerOnly": 0,
  "RewardBehavior": 0,
  "QuestGiverIDs": [
    1
  ],
  "QuestTurnInIDs": [],
  "IsAchievement": 0,
  "Objectives": [
    {
      "ConfigVersion": 28,
      "ID": 702,
      "ObjectiveType": 2
    }
  ],
  "QuestColor": 0,
  "ReputationReward": 0,
  "ReputationRequirement": 0,
  "PreQuestIDs": [],
  "RequiredFaction": "",
  "FactionReward": "",
  "PlayerNeedQuestItems": 0,
  "DeleteQuestItems": 0,
  "SequentialObjectives": 0,
  "FactionReputationRequirements": {},
  "FactionReputationRewards": {},
  "SuppressQuestLogOnCompetion": 0,
  "Active": 1
}