{
  "ConfigVersion": 22,
  "ID": 714,
  "Type": 1,
  "Title": "Kill all the Bandits at the Cop Station with an BK-MP133 shotgun",
  "Descriptions": [],
  "ObjectiveText": "Kill all bandits at the marked location.",
  "FollowUpQuest": -1,
  "Repeatable": 1,
  "IsDailyQuest": 0,
  "IsWeeklyQuest": 0,
  "CancelQuestOnPlayerDeath": 0,
  "Autocomplete": 0,
  "IsGroupQuest": 0,
  "ObjectSetFileName": "",
  "QuestItems": [],
  "Rewards": [
    {
      "ClassName": "FoXyLuckyBlock_Pink",
      "Amount": 2,
      "Attachments": [],
      "DamagePercent": 0,
      "HealthPercent": 0,
      "QuestID": -1,
      "Chance": 1
    },
    {
      "ClassName": "LB_LC_Key1_Black",
      "Amount": 1,
      "Attachments": [],
      "DamagePercent": 0,
      "HealthPercent": 0,
      "QuestID": -1,
      "Chance": 1
    },
    {
      "ClassName": "LB_LC_Key1_Blue",
      "Amount": 1,
      "Attachments": [],
      "DamagePercent": 0,
      "HealthPercent": 0,
      "QuestID": -1,
      "Chance": 1
    },
    {
      "ClassName": "LB_LC_Key1_Green",
      "Amount": 1,
      "Attachments": [],
      "DamagePercent": 0,
      "HealthPercent": 0,
      "QuestID": -1,
      "Chance": 1
    },
    {
      "ClassName": "LB_LC_Key1_Grey",
      "Amount": 1,
      "Attachments": [],
      "DamagePercent": 0,
      "HealthPercent": 0,
      "QuestID": -1,
      "Chance": 1
    }
  ],
  "NeedToSelectReward": 1,
  "RandomReward": 0,
  "RandomRewardAmount": -1,
  "RewardsForGroupOwnerOnly": 1,
  "RewardBehavior": 0,
  "QuestGiverIDs": [
    3
  ],
  "QuestTurnInIDs": [],
  "IsAchievement": 0,
  "Objectives": [
    {
      "ConfigVersion": 28,
      "ID": 715,
      "ObjectiveType": 3
    },
    {
      "ConfigVersion": 28,
      "ID": 714,
      "ObjectiveType": 8
    }
  ],
  "QuestColor": -16256289,
  "ReputationReward": 0,
  "ReputationRequirement": -1,
  "PreQuestIDs": [],
  "RequiredFaction": "",
  "FactionReward": "",
  "PlayerNeedQuestItems": 0,
  "DeleteQuestItems": 0,
  "SequentialObjectives": 1,
  "FactionReputationRequirements": {},
  "FactionReputationRewards": {},
  "SuppressQuestLogOnCompetion": 1,
  "Active": 1
}