{
  "ConfigVersion": 28,
  "ID": 105,
  "ObjectiveType": 8,
  "ObjectiveText": "Kill all bandits at the cop station",
  "TimeLimit": 600,
  "Active": 1,
  "InfectedDeletionRadius": 500,
  "MaxDistance": -1,
  "MinDistance": -1,
  "AllowedWeapons": [],
  "AllowedDamageZones": [],
  "AISpawns": [
    {
      "Name": "Bandit",
      "Persist": 0,
      "Faction": "Shamans",
      "Formation": "RANDOM",
      "FormationLooseness": 0,
      "Loadout": "PoliceLoadout",
      "Units": [
        "eAI_SurvivorF_Eva",
        "eAI_SurvivorF_Frida",
        "eAI_SurvivorF_Gabi",
        "eAI_SurvivorF_Helga",
        "eAI_SurvivorF_Irena",
        "eAI_SurvivorF_Judy",
        "eAI_SurvivorF_Keiko",
        "eAI_SurvivorF_Linda",
        "eAI_SurvivorF_Maria",
        "eAI_SurvivorF_Naomi",
        "eAI_SurvivorF_Baty",
        "eAI_SurvivorM_Boris",
        "eAI_SurvivorM_Cyril",
        "eAI_SurvivorM_Denis",
        "eAI_SurvivorM_Elias",
        "eAI_SurvivorM_Francis",
        "eAI_SurvivorM_Guo",
        "eAI_SurvivorM_Hassan",
        "eAI_SurvivorM_Indar",
        "eAI_SurvivorM_Jose",
        "eAI_SurvivorM_Kaito",
        "eAI_SurvivorM_Lewis",
        "eAI_SurvivorM_Manua",
        "eAI_SurvivorM_Mirek",
        "eAI_SurvivorM_Niki",
        "eAI_SurvivorM_Oliver",
        "eAI_SurvivorM_Peter",
        "eAI_SurvivorM_Quinn",
        "eAI_SurvivorM_Rolf",
        "eAI_SurvivorM_Seth",
        "eAI_SurvivorM_Taiki"
      ],
      "NumberOfAI": 1,
      "Behaviour": "HALT_OR_ALTERNATE",
      "LootingBehaviour": "",
      "Speed": "WALK",
      "UnderThreatSpeed": "SPRINT",
      "CanBeLooted": 1,
      "UnlimitedReload": 1,
      "SniperProneDistanceThreshold": 300,
      "AccuracyMin": 0.5,
      "AccuracyMax": 0.800000011920929,
      "ThreatDistanceLimit": 400,
      "NoiseInvestigationDistanceLimit": -1,
      "DamageMultiplier": 1,
      "DamageReceivedMultiplier": 1,
      "CanBeTriggeredByAI": 0,
      "MinDistRadius": 20,
      "MaxDistRadius": 300,
      "DespawnRadius": 200,
      "MinSpreadRadius": 0,
      "MaxSpreadRadius": 0,
      "Chance": 1,
      "WaypointInterpolation": "",
      "DespawnTime": 1,
      "RespawnTime": 1,
      "UseRandomWaypointAsStartPoint": 1,
      "Waypoints": [
        [
          10151.8427734375,
          251.88833618164062,
          5532.31884765625
        ]
      ]
    },
    {
      "Name": "Bandit",
      "Persist": 0,
      "Faction": "Shamans",
      "Formation": "RANDOM",
      "FormationLooseness": 0,
      "Loadout": "SurvivorLoadout",
      "Units": [
        "eAI_SurvivorF_Eva",
        "eAI_SurvivorF_Frida",
        "eAI_SurvivorF_Gabi",
        "eAI_SurvivorF_Helga",
        "eAI_SurvivorF_Irena",
        "eAI_SurvivorF_Judy",
        "eAI_SurvivorF_Keiko",
        "eAI_SurvivorF_Linda",
        "eAI_SurvivorF_Maria",
        "eAI_SurvivorF_Naomi",
        "eAI_SurvivorF_Baty",
        "eAI_SurvivorM_Boris",
        "eAI_SurvivorM_Cyril",
        "eAI_SurvivorM_Denis",
        "eAI_SurvivorM_Elias",
        "eAI_SurvivorM_Francis",
        "eAI_SurvivorM_Guo",
        "eAI_SurvivorM_Hassan",
        "eAI_SurvivorM_Indar",
        "eAI_SurvivorM_Jose",
        "eAI_SurvivorM_Kaito",
        "eAI_SurvivorM_Lewis",
        "eAI_SurvivorM_Manua",
        "eAI_SurvivorM_Mirek",
        "eAI_SurvivorM_Niki",
        "eAI_SurvivorM_Oliver",
        "eAI_SurvivorM_Peter",
        "eAI_SurvivorM_Quinn",
        "eAI_SurvivorM_Rolf",
        "eAI_SurvivorM_Seth",
        "eAI_SurvivorM_Taiki"
      ],
      "NumberOfAI": 1,
      "Behaviour": "HALT_OR_ALTERNATE",
      "LootingBehaviour": "",
      "Speed": "WALK",
      "UnderThreatSpeed": "SPRINT",
      "CanBeLooted": 1,
      "UnlimitedReload": 1,
      "SniperProneDistanceThreshold": 300,
      "AccuracyMin": 0.5,
      "AccuracyMax": 0.800000011920929,
      "ThreatDistanceLimit": 400,
      "NoiseInvestigationDistanceLimit": -1,
      "DamageMultiplier": 1,
      "DamageReceivedMultiplier": 1,
      "CanBeTriggeredByAI": 1,
      "MinDistRadius": 20,
      "MaxDistRadius": 300,
      "DespawnRadius": 200,
      "MinSpreadRadius": 0,
      "MaxSpreadRadius": 0,
      "Chance": 1,
      "WaypointInterpolation": "",
      "DespawnTime": 1,
      "RespawnTime": 1,
      "UseRandomWaypointAsStartPoint": 1,
      "Waypoints": [
        [
          10159.9697265625,
          248.16360473632812,
          5528.234375
        ]
      ]
    },
    {
      "Name": "Bandit",
      "Persist": 0,
      "Faction": "Shamans",
      "Formation": "RANDOM",
      "FormationLooseness": 0,
      "Loadout": "SurvivorLoadout",
      "Units": [
        "eAI_SurvivorF_Eva",
        "eAI_SurvivorF_Frida",
        "eAI_SurvivorF_Gabi",
        "eAI_SurvivorF_Helga",
        "eAI_SurvivorF_Irena",
        "eAI_SurvivorF_Judy",
        "eAI_SurvivorF_Keiko",
        "eAI_SurvivorF_Linda",
        "eAI_SurvivorF_Maria",
        "eAI_SurvivorF_Naomi",
        "eAI_SurvivorF_Baty",
        "eAI_SurvivorM_Boris",
        "eAI_SurvivorM_Cyril",
        "eAI_SurvivorM_Denis",
        "eAI_SurvivorM_Elias",
        "eAI_SurvivorM_Francis",
        "eAI_SurvivorM_Guo",
        "eAI_SurvivorM_Hassan",
        "eAI_SurvivorM_Indar",
        "eAI_SurvivorM_Jose",
        "eAI_SurvivorM_Kaito",
        "eAI_SurvivorM_Lewis",
        "eAI_SurvivorM_Manua",
        "eAI_SurvivorM_Mirek",
        "eAI_SurvivorM_Niki",
        "eAI_SurvivorM_Oliver",
        "eAI_SurvivorM_Peter",
        "eAI_SurvivorM_Quinn",
        "eAI_SurvivorM_Rolf",
        "eAI_SurvivorM_Seth",
        "eAI_SurvivorM_Taiki"
      ],
      "NumberOfAI": 1,
      "Behaviour": "HALT_OR_ALTERNATE",
      "LootingBehaviour": "",
      "Speed": "WALK",
      "UnderThreatSpeed": "SPRINT",
      "CanBeLooted": 1,
      "UnlimitedReload": 1,
      "SniperProneDistanceThreshold": 300,
      "AccuracyMin": 0.5,
      "AccuracyMax": 0.800000011920929,
      "ThreatDistanceLimit": 400,
      "NoiseInvestigationDistanceLimit": -1,
      "DamageMultiplier": 1,
      "DamageReceivedMultiplier": 1,
      "CanBeTriggeredByAI": 0,
      "MinDistRadius": 20,
      "MaxDistRadius": 300,
      "DespawnRadius": 200,
      "MinSpreadRadius": 0,
      "MaxSpreadRadius": 0,
      "Chance": 1,
      "WaypointInterpolation": "",
      "DespawnTime": 1,
      "RespawnTime": 1,
      "UseRandomWaypointAsStartPoint": 1,
      "Waypoints": [
        [
          10149.89453125,
          248.16360473632812,
          5529.38720703125
        ]
      ]
    },
    {
      "Name": "Bandit",
      "Persist": 0,
      "Faction": "Shamans",
      "Formation": "RANDOM",
      "FormationLooseness": 0,
      "Loadout": "SurvivorLoadout",
      "Units": [
        "eAI_SurvivorF_Eva",
        "eAI_SurvivorF_Frida",
        "eAI_SurvivorF_Gabi",
        "eAI_SurvivorF_Helga",
        "eAI_SurvivorF_Irena",
        "eAI_SurvivorF_Judy",
        "eAI_SurvivorF_Keiko",
        "eAI_SurvivorF_Linda",
        "eAI_SurvivorF_Maria",
        "eAI_SurvivorF_Naomi",
        "eAI_SurvivorF_Baty",
        "eAI_SurvivorM_Boris",
        "eAI_SurvivorM_Cyril",
        "eAI_SurvivorM_Denis",
        "eAI_SurvivorM_Elias",
        "eAI_SurvivorM_Francis",
        "eAI_SurvivorM_Guo",
        "eAI_SurvivorM_Hassan",
        "eAI_SurvivorM_Indar",
        "eAI_SurvivorM_Jose",
        "eAI_SurvivorM_Kaito",
        "eAI_SurvivorM_Lewis",
        "eAI_SurvivorM_Manua",
        "eAI_SurvivorM_Mirek",
        "eAI_SurvivorM_Niki",
        "eAI_SurvivorM_Oliver",
        "eAI_SurvivorM_Peter",
        "eAI_SurvivorM_Quinn",
        "eAI_SurvivorM_Rolf",
        "eAI_SurvivorM_Seth",
        "eAI_SurvivorM_Taiki"
      ],
      "NumberOfAI": 1,
      "Behaviour": "HALT_OR_ALTERNATE",
      "LootingBehaviour": "",
      "Speed": "WALK",
      "UnderThreatSpeed": "SPRINT",
      "CanBeLooted": 1,
      "UnlimitedReload": 1,
      "SniperProneDistanceThreshold": 300,
      "AccuracyMin": 0.5,
      "AccuracyMax": 0.800000011920929,
      "ThreatDistanceLimit": 400,
      "NoiseInvestigationDistanceLimit": -1,
      "DamageMultiplier": 1,
      "DamageReceivedMultiplier": 1,
      "CanBeTriggeredByAI": 0,
      "MinDistRadius": 20,
      "MaxDistRadius": 300,
      "DespawnRadius": 200,
      "MinSpreadRadius": 0,
      "MaxSpreadRadius": 0,
      "Chance": 1,
      "WaypointInterpolation": "",
      "DespawnTime": 1,
      "RespawnTime": 1,
      "UseRandomWaypointAsStartPoint": 1,
      "Waypoints": [
        [
          10158.998046875,
          244.56358337402344,
          5532.19140625
        ]
      ]
    },
    {
      "Name": "Bandit",
      "Persist": 0,
      "Faction": "Shamans",
      "Formation": "RANDOM",
      "FormationLooseness": 0,
      "Loadout": "SurvivorLoadout",
      "Units": [
        "eAI_SurvivorF_Eva",
        "eAI_SurvivorF_Frida",
        "eAI_SurvivorF_Gabi",
        "eAI_SurvivorF_Helga",
        "eAI_SurvivorF_Irena",
        "eAI_SurvivorF_Judy",
        "eAI_SurvivorF_Keiko",
        "eAI_SurvivorF_Linda",
        "eAI_SurvivorF_Maria",
        "eAI_SurvivorF_Naomi",
        "eAI_SurvivorF_Baty",
        "eAI_SurvivorM_Boris",
        "eAI_SurvivorM_Cyril",
        "eAI_SurvivorM_Denis",
        "eAI_SurvivorM_Elias",
        "eAI_SurvivorM_Francis",
        "eAI_SurvivorM_Guo",
        "eAI_SurvivorM_Hassan",
        "eAI_SurvivorM_Indar",
        "eAI_SurvivorM_Jose",
        "eAI_SurvivorM_Kaito",
        "eAI_SurvivorM_Lewis",
        "eAI_SurvivorM_Manua",
        "eAI_SurvivorM_Mirek",
        "eAI_SurvivorM_Niki",
        "eAI_SurvivorM_Oliver",
        "eAI_SurvivorM_Peter",
        "eAI_SurvivorM_Quinn",
        "eAI_SurvivorM_Rolf",
        "eAI_SurvivorM_Seth",
        "eAI_SurvivorM_Taiki"
      ],
      "NumberOfAI": 1,
      "Behaviour": "HALT_OR_ALTERNATE",
      "LootingBehaviour": "",
      "Speed": "WALK",
      "UnderThreatSpeed": "SPRINT",
      "CanBeLooted": 1,
      "UnlimitedReload": 1,
      "SniperProneDistanceThreshold": 300,
      "AccuracyMin": 0.5,
      "AccuracyMax": 0.800000011920929,
      "ThreatDistanceLimit": 400,
      "NoiseInvestigationDistanceLimit": -1,
      "DamageMultiplier": 1,
      "DamageReceivedMultiplier": 1,
      "CanBeTriggeredByAI": 0,
      "MinDistRadius": 20,
      "MaxDistRadius": 300,
      "DespawnRadius": 200,
      "MinSpreadRadius": 0,
      "MaxSpreadRadius": 0,
      "Chance": 1,
      "WaypointInterpolation": "",
      "DespawnTime": 1,
      "RespawnTime": 1,
      "UseRandomWaypointAsStartPoint": 1,
      "Waypoints": [
        [
          10159.896484375,
          244.56358337402344,
          5527.890625
        ]
      ]
    },
    {
      "Name": "Bandit",
      "Persist": 0,
      "Faction": "Shamans",
      "Formation": "RANDOM",
      "FormationLooseness": 0,
      "Loadout": "SurvivorLoadout",
      "Units": [
        "eAI_SurvivorF_Eva",
        "eAI_SurvivorF_Frida",
        "eAI_SurvivorF_Gabi",
        "eAI_SurvivorF_Helga",
        "eAI_SurvivorF_Irena",
        "eAI_SurvivorF_Judy",
        "eAI_SurvivorF_Keiko",
        "eAI_SurvivorF_Linda",
        "eAI_SurvivorF_Maria",
        "eAI_SurvivorF_Naomi",
        "eAI_SurvivorF_Baty",
        "eAI_SurvivorM_Boris",
        "eAI_SurvivorM_Cyril",
        "eAI_SurvivorM_Denis",
        "eAI_SurvivorM_Elias",
        "eAI_SurvivorM_Francis",
        "eAI_SurvivorM_Guo",
        "eAI_SurvivorM_Hassan",
        "eAI_SurvivorM_Indar",
        "eAI_SurvivorM_Jose",
        "eAI_SurvivorM_Kaito",
        "eAI_SurvivorM_Lewis",
        "eAI_SurvivorM_Manua",
        "eAI_SurvivorM_Mirek",
        "eAI_SurvivorM_Niki",
        "eAI_SurvivorM_Oliver",
        "eAI_SurvivorM_Peter",
        "eAI_SurvivorM_Quinn",
        "eAI_SurvivorM_Rolf",
        "eAI_SurvivorM_Seth",
        "eAI_SurvivorM_Taiki"
      ],
      "NumberOfAI": 1,
      "Behaviour": "HALT_OR_ALTERNATE",
      "LootingBehaviour": "",
      "Speed": "WALK",
      "UnderThreatSpeed": "SPRINT",
      "CanBeLooted": 1,
      "UnlimitedReload": 1,
      "SniperProneDistanceThreshold": 300,
      "AccuracyMin": 0.5,
      "AccuracyMax": 0.800000011920929,
      "ThreatDistanceLimit": 400,
      "NoiseInvestigationDistanceLimit": -1,
      "DamageMultiplier": 1,
      "DamageReceivedMultiplier": 1,
      "CanBeTriggeredByAI": 0,
      "MinDistRadius": 20,
      "MaxDistRadius": 300,
      "DespawnRadius": 200,
      "MinSpreadRadius": 0,
      "MaxSpreadRadius": 0,
      "Chance": 1,
      "WaypointInterpolation": "",
      "DespawnTime": 1,
      "RespawnTime": 1,
      "UseRandomWaypointAsStartPoint": 1,
      "Waypoints": [
        [
          10151.298828125,
          244.59536743164062,
          5526.07421875
        ]
      ]
    }
  ]
}