{
  "ConfigVersion": 28,
  "ID": 107,
  "ObjectiveType": 8,
  "ObjectiveText": "Kill all bandits in Polyana",
  "TimeLimit": 600,
  "Active": 1,
  "InfectedDeletionRadius": 500,
  "MaxDistance": -1,
  "MinDistance": -1,
  "AllowedWeapons": [],
  "AllowedDamageZones": [],
  "AISpawns": [
    {
      "Name": "Bandit",
      "Persist": 0,
      "Faction": "Shamans",
      "Formation": "RANDOM",
      "FormationLooseness": 0,
      "Loadout": "BanditLoadout",
      "Units": [
        "eAI_SurvivorF_Eva",
        "eAI_SurvivorF_Frida",
        "eAI_SurvivorF_Gabi",
        "eAI_SurvivorF_Helga",
        "eAI_SurvivorF_Irena",
        "eAI_SurvivorF_Judy",
        "eAI_SurvivorF_Keiko",
        "eAI_SurvivorF_Linda",
        "eAI_SurvivorF_Maria",
        "eAI_SurvivorF_Naomi",
        "eAI_SurvivorF_Baty",
        "eAI_SurvivorM_Boris",
        "eAI_SurvivorM_Cyril",
        "eAI_SurvivorM_Denis",
        "eAI_SurvivorM_Elias",
        "eAI_SurvivorM_Francis",
        "eAI_SurvivorM_Guo",
        "eAI_SurvivorM_Hassan",
        "eAI_SurvivorM_Indar",
        "eAI_SurvivorM_Jose",
        "eAI_SurvivorM_Kaito",
        "eAI_SurvivorM_Lewis",
        "eAI_SurvivorM_Manua",
        "eAI_SurvivorM_Mirek",
        "eAI_SurvivorM_Niki",
        "eAI_SurvivorM_Oliver",
        "eAI_SurvivorM_Peter",
        "eAI_SurvivorM_Quinn",
        "eAI_SurvivorM_Rolf",
        "eAI_SurvivorM_Seth",
        "eAI_SurvivorM_Taiki"
      ],
      "NumberOfAI": 1,
      "Behaviour": "HALT_OR_ALTERNATE",
      "LootingBehaviour": "",
      "Speed": "WALK",
      "UnderThreatSpeed": "SPRINT",
      "CanBeLooted": 1,
      "UnlimitedReload": 1,
      "SniperProneDistanceThreshold": 300,
      "AccuracyMin": 0.5,
      "AccuracyMax": 0.800000011920929,
      "ThreatDistanceLimit": 400,
      "NoiseInvestigationDistanceLimit": -1,
      "DamageMultiplier": 1,
      "DamageReceivedMultiplier": 1,
      "CanBeTriggeredByAI": 0,
      "MinDistRadius": 20,
      "MaxDistRadius": 300,
      "DespawnRadius": 200,
      "MinSpreadRadius": 0,
      "MaxSpreadRadius": 0,
      "Chance": 1,
      "WaypointInterpolation": "",
      "DespawnTime": 1,
      "RespawnTime": 1,
      "UseRandomWaypointAsStartPoint": 1,
      "Waypoints": [
        [
          10654.482421875,
          210.9134521484375,
          8057.69970703125
        ]
      ]
    },
    {
      "Name": "Bandit",
      "Persist": 0,
      "Faction": "Shamans",
      "Formation": "RANDOM",
      "FormationLooseness": 0,
      "Loadout": "SurvivorLoadout",
      "Units": [
        "eAI_SurvivorF_Eva",
        "eAI_SurvivorF_Frida",
        "eAI_SurvivorF_Gabi",
        "eAI_SurvivorF_Helga",
        "eAI_SurvivorF_Irena",
        "eAI_SurvivorF_Judy",
        "eAI_SurvivorF_Keiko",
        "eAI_SurvivorF_Linda",
        "eAI_SurvivorF_Maria",
        "eAI_SurvivorF_Naomi",
        "eAI_SurvivorF_Baty",
        "eAI_SurvivorM_Boris",
        "eAI_SurvivorM_Cyril",
        "eAI_SurvivorM_Denis",
        "eAI_SurvivorM_Elias",
        "eAI_SurvivorM_Francis",
        "eAI_SurvivorM_Guo",
        "eAI_SurvivorM_Hassan",
        "eAI_SurvivorM_Indar",
        "eAI_SurvivorM_Jose",
        "eAI_SurvivorM_Kaito",
        "eAI_SurvivorM_Lewis",
        "eAI_SurvivorM_Manua",
        "eAI_SurvivorM_Mirek",
        "eAI_SurvivorM_Niki",
        "eAI_SurvivorM_Oliver",
        "eAI_SurvivorM_Peter",
        "eAI_SurvivorM_Quinn",
        "eAI_SurvivorM_Rolf",
        "eAI_SurvivorM_Seth",
        "eAI_SurvivorM_Taiki"
      ],
      "NumberOfAI": 1,
      "Behaviour": "HALT_OR_ALTERNATE",
      "LootingBehaviour": "",
      "Speed": "WALK",
      "UnderThreatSpeed": "SPRINT",
      "CanBeLooted": 1,
      "UnlimitedReload": 1,
      "SniperProneDistanceThreshold": 300,
      "AccuracyMin": 0.5,
      "AccuracyMax": 0.800000011920929,
      "ThreatDistanceLimit": 400,
      "NoiseInvestigationDistanceLimit": -1,
      "DamageMultiplier": 1,
      "DamageReceivedMultiplier": 1,
      "CanBeTriggeredByAI": 1,
      "MinDistRadius": 20,
      "MaxDistRadius": 300,
      "DespawnRadius": 200,
      "MinSpreadRadius": 0,
      "MaxSpreadRadius": 0,
      "Chance": 1,
      "WaypointInterpolation": "",
      "DespawnTime": 1,
      "RespawnTime": 1,
      "UseRandomWaypointAsStartPoint": 1,
      "Waypoints": [
        [
          10719.671875,
          214.2303924560547,
          8120.88037109375
        ]
      ]
    },
    {
      "Name": "Bandit",
      "Persist": 0,
      "Faction": "Shamans",
      "Formation": "RANDOM",
      "FormationLooseness": 0,
      "Loadout": "SurvivorLoadout",
      "Units": [
        "eAI_SurvivorF_Eva",
        "eAI_SurvivorF_Frida",
        "eAI_SurvivorF_Gabi",
        "eAI_SurvivorF_Helga",
        "eAI_SurvivorF_Irena",
        "eAI_SurvivorF_Judy",
        "eAI_SurvivorF_Keiko",
        "eAI_SurvivorF_Linda",
        "eAI_SurvivorF_Maria",
        "eAI_SurvivorF_Naomi",
        "eAI_SurvivorF_Baty",
        "eAI_SurvivorM_Boris",
        "eAI_SurvivorM_Cyril",
        "eAI_SurvivorM_Denis",
        "eAI_SurvivorM_Elias",
        "eAI_SurvivorM_Francis",
        "eAI_SurvivorM_Guo",
        "eAI_SurvivorM_Hassan",
        "eAI_SurvivorM_Indar",
        "eAI_SurvivorM_Jose",
        "eAI_SurvivorM_Kaito",
        "eAI_SurvivorM_Lewis",
        "eAI_SurvivorM_Manua",
        "eAI_SurvivorM_Mirek",
        "eAI_SurvivorM_Niki",
        "eAI_SurvivorM_Oliver",
        "eAI_SurvivorM_Peter",
        "eAI_SurvivorM_Quinn",
        "eAI_SurvivorM_Rolf",
        "eAI_SurvivorM_Seth",
        "eAI_SurvivorM_Taiki"
      ],
      "NumberOfAI": 1,
      "Behaviour": "HALT_OR_ALTERNATE",
      "LootingBehaviour": "",
      "Speed": "WALK",
      "UnderThreatSpeed": "SPRINT",
      "CanBeLooted": 1,
      "UnlimitedReload": 1,
      "SniperProneDistanceThreshold": 300,
      "AccuracyMin": 0.5,
      "AccuracyMax": 0.800000011920929,
      "ThreatDistanceLimit": 400,
      "NoiseInvestigationDistanceLimit": -1,
      "DamageMultiplier": 1,
      "DamageReceivedMultiplier": 1,
      "CanBeTriggeredByAI": 0,
      "MinDistRadius": 20,
      "MaxDistRadius": 300,
      "DespawnRadius": 200,
      "MinSpreadRadius": 0,
      "MaxSpreadRadius": 0,
      "Chance": 1,
      "WaypointInterpolation": "",
      "DespawnTime": 1,
      "RespawnTime": 1,
      "UseRandomWaypointAsStartPoint": 1,
      "Waypoints": [
        [
          10749.5712890625,
          216.35845947265625,
          8076.94482421875
        ]
      ]
    },
    {
      "Name": "Bandit",
      "Persist": 0,
      "Faction": "Shamans",
      "Formation": "RANDOM",
      "FormationLooseness": 0,
      "Loadout": "SurvivorLoadout",
      "Units": [
        "eAI_SurvivorF_Eva",
        "eAI_SurvivorF_Frida",
        "eAI_SurvivorF_Gabi",
        "eAI_SurvivorF_Helga",
        "eAI_SurvivorF_Irena",
        "eAI_SurvivorF_Judy",
        "eAI_SurvivorF_Keiko",
        "eAI_SurvivorF_Linda",
        "eAI_SurvivorF_Maria",
        "eAI_SurvivorF_Naomi",
        "eAI_SurvivorF_Baty",
        "eAI_SurvivorM_Boris",
        "eAI_SurvivorM_Cyril",
        "eAI_SurvivorM_Denis",
        "eAI_SurvivorM_Elias",
        "eAI_SurvivorM_Francis",
        "eAI_SurvivorM_Guo",
        "eAI_SurvivorM_Hassan",
        "eAI_SurvivorM_Indar",
        "eAI_SurvivorM_Jose",
        "eAI_SurvivorM_Kaito",
        "eAI_SurvivorM_Lewis",
        "eAI_SurvivorM_Manua",
        "eAI_SurvivorM_Mirek",
        "eAI_SurvivorM_Niki",
        "eAI_SurvivorM_Oliver",
        "eAI_SurvivorM_Peter",
        "eAI_SurvivorM_Quinn",
        "eAI_SurvivorM_Rolf",
        "eAI_SurvivorM_Seth",
        "eAI_SurvivorM_Taiki"
      ],
      "NumberOfAI": 1,
      "Behaviour": "HALT_OR_ALTERNATE",
      "LootingBehaviour": "",
      "Speed": "WALK",
      "UnderThreatSpeed": "SPRINT",
      "CanBeLooted": 1,
      "UnlimitedReload": 1,
      "SniperProneDistanceThreshold": 300,
      "AccuracyMin": 0.5,
      "AccuracyMax": 0.800000011920929,
      "ThreatDistanceLimit": 400,
      "NoiseInvestigationDistanceLimit": -1,
      "DamageMultiplier": 1,
      "DamageReceivedMultiplier": 1,
      "CanBeTriggeredByAI": 0,
      "MinDistRadius": 20,
      "MaxDistRadius": 300,
      "DespawnRadius": 200,
      "MinSpreadRadius": 0,
      "MaxSpreadRadius": 0,
      "Chance": 1,
      "WaypointInterpolation": "",
      "DespawnTime": 1,
      "RespawnTime": 1,
      "UseRandomWaypointAsStartPoint": 1,
      "Waypoints": [
        [
          10695.9892578125,
          210.86868286132812,
          7978.68505859375
        ]
      ]
    },
    {
      "Name": "Bandit",
      "Persist": 0,
      "Faction": "Shamans",
      "Formation": "RANDOM",
      "FormationLooseness": 0,
      "Loadout": "SurvivorLoadout",
      "Units": [
        "eAI_SurvivorF_Eva",
        "eAI_SurvivorF_Frida",
        "eAI_SurvivorF_Gabi",
        "eAI_SurvivorF_Helga",
        "eAI_SurvivorF_Irena",
        "eAI_SurvivorF_Judy",
        "eAI_SurvivorF_Keiko",
        "eAI_SurvivorF_Linda",
        "eAI_SurvivorF_Maria",
        "eAI_SurvivorF_Naomi",
        "eAI_SurvivorF_Baty",
        "eAI_SurvivorM_Boris",
        "eAI_SurvivorM_Cyril",
        "eAI_SurvivorM_Denis",
        "eAI_SurvivorM_Elias",
        "eAI_SurvivorM_Francis",
        "eAI_SurvivorM_Guo",
        "eAI_SurvivorM_Hassan",
        "eAI_SurvivorM_Indar",
        "eAI_SurvivorM_Jose",
        "eAI_SurvivorM_Kaito",
        "eAI_SurvivorM_Lewis",
        "eAI_SurvivorM_Manua",
        "eAI_SurvivorM_Mirek",
        "eAI_SurvivorM_Niki",
        "eAI_SurvivorM_Oliver",
        "eAI_SurvivorM_Peter",
        "eAI_SurvivorM_Quinn",
        "eAI_SurvivorM_Rolf",
        "eAI_SurvivorM_Seth",
        "eAI_SurvivorM_Taiki"
      ],
      "NumberOfAI": 1,
      "Behaviour": "HALT_OR_ALTERNATE",
      "LootingBehaviour": "",
      "Speed": "WALK",
      "UnderThreatSpeed": "SPRINT",
      "CanBeLooted": 1,
      "UnlimitedReload": 1,
      "SniperProneDistanceThreshold": 300,
      "AccuracyMin": 0.5,
      "AccuracyMax": 0.800000011920929,
      "ThreatDistanceLimit": 400,
      "NoiseInvestigationDistanceLimit": -1,
      "DamageMultiplier": 1,
      "DamageReceivedMultiplier": 1,
      "CanBeTriggeredByAI": 0,
      "MinDistRadius": 20,
      "MaxDistRadius": 300,
      "DespawnRadius": 200,
      "MinSpreadRadius": 0,
      "MaxSpreadRadius": 0,
      "Chance": 1,
      "WaypointInterpolation": "",
      "DespawnTime": 1,
      "RespawnTime": 1,
      "UseRandomWaypointAsStartPoint": 1,
      "Waypoints": [
        [
          10685.8359375,
          210.998046875,
          8071.47900390625
        ]
      ]
    },
    {
      "Name": "Bandit",
      "Persist": 0,
      "Faction": "Shamans",
      "Formation": "RANDOM",
      "FormationLooseness": 0,
      "Loadout": "SurvivorLoadout",
      "Units": [
        "eAI_SurvivorF_Eva",
        "eAI_SurvivorF_Frida",
        "eAI_SurvivorF_Gabi",
        "eAI_SurvivorF_Helga",
        "eAI_SurvivorF_Irena",
        "eAI_SurvivorF_Judy",
        "eAI_SurvivorF_Keiko",
        "eAI_SurvivorF_Linda",
        "eAI_SurvivorF_Maria",
        "eAI_SurvivorF_Naomi",
        "eAI_SurvivorF_Baty",
        "eAI_SurvivorM_Boris",
        "eAI_SurvivorM_Cyril",
        "eAI_SurvivorM_Denis",
        "eAI_SurvivorM_Elias",
        "eAI_SurvivorM_Francis",
        "eAI_SurvivorM_Guo",
        "eAI_SurvivorM_Hassan",
        "eAI_SurvivorM_Indar",
        "eAI_SurvivorM_Jose",
        "eAI_SurvivorM_Kaito",
        "eAI_SurvivorM_Lewis",
        "eAI_SurvivorM_Manua",
        "eAI_SurvivorM_Mirek",
        "eAI_SurvivorM_Niki",
        "eAI_SurvivorM_Oliver",
        "eAI_SurvivorM_Peter",
        "eAI_SurvivorM_Quinn",
        "eAI_SurvivorM_Rolf",
        "eAI_SurvivorM_Seth",
        "eAI_SurvivorM_Taiki"
      ],
      "NumberOfAI": 1,
      "Behaviour": "HALT_OR_ALTERNATE",
      "LootingBehaviour": "",
      "Speed": "WALK",
      "UnderThreatSpeed": "SPRINT",
      "CanBeLooted": 1,
      "UnlimitedReload": 1,
      "SniperProneDistanceThreshold": 300,
      "AccuracyMin": 0.5,
      "AccuracyMax": 0.800000011920929,
      "ThreatDistanceLimit": 400,
      "NoiseInvestigationDistanceLimit": -1,
      "DamageMultiplier": 1,
      "DamageReceivedMultiplier": 1,
      "CanBeTriggeredByAI": 0,
      "MinDistRadius": 50,
      "MaxDistRadius": 300,
      "DespawnRadius": 500,
      "MinSpreadRadius": 0,
      "MaxSpreadRadius": 0,
      "Chance": 1,
      "WaypointInterpolation": "",
      "DespawnTime": 1,
      "RespawnTime": 1,
      "UseRandomWaypointAsStartPoint": 1,
      "Waypoints": [
        [
          10690.126953125,
          211.239013671875,
          7935.2841796875
        ]
      ]
    }
  ]
}