{
  "ConfigVersion": 28,
  "ID": 714,
  "ObjectiveType": 8,
  "ObjectiveText": "Kill all bandits in gorka cop station",
  "TimeLimit": 1200,
  "Active": 1,
  "InfectedDeletionRadius": 500,
  "MaxDistance": -1,
  "MinDistance": -1,
  "AllowedWeapons": [
    "Mp133Shotgun"
  ],
  "AllowedDamageZones": [],
  "AISpawns": [
    {
      "Name": "Bandit",
      "Persist": 0,
      "Faction": "Shamans",
      "Formation": "RANDOM",
      "FormationLooseness": 0,
      "Loadout": "PoliceLoadout",
      "Units": [
        "eAI_SurvivorF_Eva",
        "eAI_SurvivorF_Frida",
        "eAI_SurvivorF_Gabi",
        "eAI_SurvivorF_Helga",
        "eAI_SurvivorF_Irena",
        "eAI_SurvivorF_Judy",
        "eAI_SurvivorF_Keiko",
        "eAI_SurvivorF_Linda",
        "eAI_SurvivorF_Maria",
        "eAI_SurvivorF_Naomi",
        "eAI_SurvivorF_Baty",
        "eAI_SurvivorM_Boris",
        "eAI_SurvivorM_Cyril",
        "eAI_SurvivorM_Denis",
        "eAI_SurvivorM_Elias",
        "eAI_SurvivorM_Francis",
        "eAI_SurvivorM_Guo",
        "eAI_SurvivorM_Hassan",
        "eAI_SurvivorM_Indar",
        "eAI_SurvivorM_Jose",
        "eAI_SurvivorM_Kaito",
        "eAI_SurvivorM_Lewis",
        "eAI_SurvivorM_Manua",
        "eAI_SurvivorM_Mirek",
        "eAI_SurvivorM_Niki",
        "eAI_SurvivorM_Oliver",
        "eAI_SurvivorM_Peter",
        "eAI_SurvivorM_Quinn",
        "eAI_SurvivorM_Rolf",
        "eAI_SurvivorM_Seth",
        "eAI_SurvivorM_Taiki"
      ],
      "NumberOfAI": 1,
      "Behaviour": "HALT_OR_ALTERNATE",
      "LootingBehaviour": "",
      "Speed": "WALK",
      "UnderThreatSpeed": "SPRINT",
      "CanBeLooted": 1,
      "UnlimitedReload": 1,
      "SniperProneDistanceThreshold": 300,
      "AccuracyMin": 0.5,
      "AccuracyMax": 0.800000011920929,
      "ThreatDistanceLimit": 400,
      "NoiseInvestigationDistanceLimit": -1,
      "DamageMultiplier": 1,
      "DamageReceivedMultiplier": 1,
      "CanBeTriggeredByAI": 0,
      "MinDistRadius": 20,
      "MaxDistRadius": 300,
      "DespawnRadius": 200,
      "MinSpreadRadius": 0,
      "MaxSpreadRadius": 0,
      "Chance": 1,
      "WaypointInterpolation": "",
      "DespawnTime": 1,
      "RespawnTime": 1,
      "UseRandomWaypointAsStartPoint": 1,
      "Waypoints": [
        [
          9528.185547,
          311.046631,
          8795.628906
        ]
      ]
    },
    {
      "Name": "Bandit",
      "Persist": 0,
      "Faction": "Shamans",
      "Formation": "RANDOM",
      "FormationLooseness": 0,
      "Loadout": "PoliceLoadout",
      "Units": [
        "eAI_SurvivorF_Eva",
        "eAI_SurvivorF_Frida",
        "eAI_SurvivorF_Gabi",
        "eAI_SurvivorF_Helga",
        "eAI_SurvivorF_Irena",
        "eAI_SurvivorF_Judy",
        "eAI_SurvivorF_Keiko",
        "eAI_SurvivorF_Linda",
        "eAI_SurvivorF_Maria",
        "eAI_SurvivorF_Naomi",
        "eAI_SurvivorF_Baty",
        "eAI_SurvivorM_Boris",
        "eAI_SurvivorM_Cyril",
        "eAI_SurvivorM_Denis",
        "eAI_SurvivorM_Elias",
        "eAI_SurvivorM_Francis",
        "eAI_SurvivorM_Guo",
        "eAI_SurvivorM_Hassan",
        "eAI_SurvivorM_Indar",
        "eAI_SurvivorM_Jose",
        "eAI_SurvivorM_Kaito",
        "eAI_SurvivorM_Lewis",
        "eAI_SurvivorM_Manua",
        "eAI_SurvivorM_Mirek",
        "eAI_SurvivorM_Niki",
        "eAI_SurvivorM_Oliver",
        "eAI_SurvivorM_Peter",
        "eAI_SurvivorM_Quinn",
        "eAI_SurvivorM_Rolf",
        "eAI_SurvivorM_Seth",
        "eAI_SurvivorM_Taiki"
      ],
      "NumberOfAI": 1,
      "Behaviour": "HALT_OR_ALTERNATE",
      "LootingBehaviour": "",
      "Speed": "WALK",
      "UnderThreatSpeed": "SPRINT",
      "CanBeLooted": 1,
      "UnlimitedReload": 1,
      "SniperProneDistanceThreshold": 300,
      "AccuracyMin": 0.5,
      "AccuracyMax": 0.800000011920929,
      "ThreatDistanceLimit": 400,
      "NoiseInvestigationDistanceLimit": -1,
      "DamageMultiplier": 1,
      "DamageReceivedMultiplier": 1,
      "CanBeTriggeredByAI": 0,
      "MinDistRadius": 20,
      "MaxDistRadius": 300,
      "DespawnRadius": 200,
      "MinSpreadRadius": 0,
      "MaxSpreadRadius": 0,
      "Chance": 1,
      "WaypointInterpolation": "",
      "DespawnTime": 1,
      "RespawnTime": 1,
      "UseRandomWaypointAsStartPoint": 1,
      "Waypoints": [
        [
          9537.43457,
          311.046631,
          8797.716797
        ]
      ]
    },
    {
      "Name": "Bandit",
      "Persist": 0,
      "Faction": "Shamans",
      "Formation": "RANDOM",
      "FormationLooseness": 0,
      "Loadout": "PoliceLoadout",
      "Units": [
        "eAI_SurvivorF_Eva",
        "eAI_SurvivorF_Frida",
        "eAI_SurvivorF_Gabi",
        "eAI_SurvivorF_Helga",
        "eAI_SurvivorF_Irena",
        "eAI_SurvivorF_Judy",
        "eAI_SurvivorF_Keiko",
        "eAI_SurvivorF_Linda",
        "eAI_SurvivorF_Maria",
        "eAI_SurvivorF_Naomi",
        "eAI_SurvivorF_Baty",
        "eAI_SurvivorM_Boris",
        "eAI_SurvivorM_Cyril",
        "eAI_SurvivorM_Denis",
        "eAI_SurvivorM_Elias",
        "eAI_SurvivorM_Francis",
        "eAI_SurvivorM_Guo",
        "eAI_SurvivorM_Hassan",
        "eAI_SurvivorM_Indar",
        "eAI_SurvivorM_Jose",
        "eAI_SurvivorM_Kaito",
        "eAI_SurvivorM_Lewis",
        "eAI_SurvivorM_Manua",
        "eAI_SurvivorM_Mirek",
        "eAI_SurvivorM_Niki",
        "eAI_SurvivorM_Oliver",
        "eAI_SurvivorM_Peter",
        "eAI_SurvivorM_Quinn",
        "eAI_SurvivorM_Rolf",
        "eAI_SurvivorM_Seth",
        "eAI_SurvivorM_Taiki"
      ],
      "NumberOfAI": 1,
      "Behaviour": "HALT_OR_ALTERNATE",
      "LootingBehaviour": "",
      "Speed": "WALK",
      "UnderThreatSpeed": "SPRINT",
      "CanBeLooted": 1,
      "UnlimitedReload": 1,
      "SniperProneDistanceThreshold": 300,
      "AccuracyMin": 0.5,
      "AccuracyMax": 0.800000011920929,
      "ThreatDistanceLimit": 400,
      "NoiseInvestigationDistanceLimit": -1,
      "DamageMultiplier": 1,
      "DamageReceivedMultiplier": 1,
      "CanBeTriggeredByAI": 1,
      "MinDistRadius": 20,
      "MaxDistRadius": 300,
      "DespawnRadius": 200,
      "MinSpreadRadius": 0,
      "MaxSpreadRadius": 0,
      "Chance": 1,
      "WaypointInterpolation": "",
      "DespawnTime": 1,
      "RespawnTime": 1,
      "UseRandomWaypointAsStartPoint": 1,
      "Waypoints": [
        [
          9537.545898,
          307.321899,
          8799.59668
        ]
      ]
    },
    {
      "Name": "Bandit",
      "Persist": 0,
      "Faction": "Shamans",
      "Formation": "RANDOM",
      "FormationLooseness": 0,
      "Loadout": "PoliceLoadout",
      "Units": [
        "eAI_SurvivorF_Eva",
        "eAI_SurvivorF_Frida",
        "eAI_SurvivorF_Gabi",
        "eAI_SurvivorF_Helga",
        "eAI_SurvivorF_Irena",
        "eAI_SurvivorF_Judy",
        "eAI_SurvivorF_Keiko",
        "eAI_SurvivorF_Linda",
        "eAI_SurvivorF_Maria",
        "eAI_SurvivorF_Naomi",
        "eAI_SurvivorF_Baty",
        "eAI_SurvivorM_Boris",
        "eAI_SurvivorM_Cyril",
        "eAI_SurvivorM_Denis",
        "eAI_SurvivorM_Elias",
        "eAI_SurvivorM_Francis",
        "eAI_SurvivorM_Guo",
        "eAI_SurvivorM_Hassan",
        "eAI_SurvivorM_Indar",
        "eAI_SurvivorM_Jose",
        "eAI_SurvivorM_Kaito",
        "eAI_SurvivorM_Lewis",
        "eAI_SurvivorM_Manua",
        "eAI_SurvivorM_Mirek",
        "eAI_SurvivorM_Niki",
        "eAI_SurvivorM_Oliver",
        "eAI_SurvivorM_Peter",
        "eAI_SurvivorM_Quinn",
        "eAI_SurvivorM_Rolf",
        "eAI_SurvivorM_Seth",
        "eAI_SurvivorM_Taiki"
      ],
      "NumberOfAI": 1,
      "Behaviour": "HALT_OR_ALTERNATE",
      "LootingBehaviour": "",
      "Speed": "WALK",
      "UnderThreatSpeed": "SPRINT",
      "CanBeLooted": 1,
      "UnlimitedReload": 1,
      "SniperProneDistanceThreshold": 300,
      "AccuracyMin": 0.5,
      "AccuracyMax": 0.800000011920929,
      "ThreatDistanceLimit": 400,
      "NoiseInvestigationDistanceLimit": -1,
      "DamageMultiplier": 1,
      "DamageReceivedMultiplier": 1,
      "CanBeTriggeredByAI": 0,
      "MinDistRadius": 20,
      "MaxDistRadius": 300,
      "DespawnRadius": 200,
      "MinSpreadRadius": 0,
      "MaxSpreadRadius": 0,
      "Chance": 1,
      "WaypointInterpolation": "",
      "DespawnTime": 1,
      "RespawnTime": 1,
      "UseRandomWaypointAsStartPoint": 1,
      "Waypoints": [
        [
          9529.397461,
          307.321899,
          8801.84082
        ]
      ]
    },
    {
      "Name": "Bandit",
      "Persist": 0,
      "Faction": "Shamans",
      "Formation": "RANDOM",
      "FormationLooseness": 0,
      "Loadout": "PoliceLoadout",
      "Units": [
        "eAI_SurvivorF_Eva",
        "eAI_SurvivorF_Frida",
        "eAI_SurvivorF_Gabi",
        "eAI_SurvivorF_Helga",
        "eAI_SurvivorF_Irena",
        "eAI_SurvivorF_Judy",
        "eAI_SurvivorF_Keiko",
        "eAI_SurvivorF_Linda",
        "eAI_SurvivorF_Maria",
        "eAI_SurvivorF_Naomi",
        "eAI_SurvivorF_Baty",
        "eAI_SurvivorM_Boris",
        "eAI_SurvivorM_Cyril",
        "eAI_SurvivorM_Denis",
        "eAI_SurvivorM_Elias",
        "eAI_SurvivorM_Francis",
        "eAI_SurvivorM_Guo",
        "eAI_SurvivorM_Hassan",
        "eAI_SurvivorM_Indar",
        "eAI_SurvivorM_Jose",
        "eAI_SurvivorM_Kaito",
        "eAI_SurvivorM_Lewis",
        "eAI_SurvivorM_Manua",
        "eAI_SurvivorM_Mirek",
        "eAI_SurvivorM_Niki",
        "eAI_SurvivorM_Oliver",
        "eAI_SurvivorM_Peter",
        "eAI_SurvivorM_Quinn",
        "eAI_SurvivorM_Rolf",
        "eAI_SurvivorM_Seth",
        "eAI_SurvivorM_Taiki"
      ],
      "NumberOfAI": 1,
      "Behaviour": "HALT_OR_ALTERNATE",
      "LootingBehaviour": "",
      "Speed": "WALK",
      "UnderThreatSpeed": "SPRINT",
      "CanBeLooted": 1,
      "UnlimitedReload": 1,
      "SniperProneDistanceThreshold": 300,
      "AccuracyMin": 0.5,
      "AccuracyMax": 0.800000011920929,
      "ThreatDistanceLimit": 400,
      "NoiseInvestigationDistanceLimit": -1,
      "DamageMultiplier": 1,
      "DamageReceivedMultiplier": 1,
      "CanBeTriggeredByAI": 0,
      "MinDistRadius": 20,
      "MaxDistRadius": 300,
      "DespawnRadius": 200,
      "MinSpreadRadius": 0,
      "MaxSpreadRadius": 0,
      "Chance": 1,
      "WaypointInterpolation": "",
      "DespawnTime": 1,
      "RespawnTime": 1,
      "UseRandomWaypointAsStartPoint": 1,
      "Waypoints": [
        [
          9536.911133,
          307.321899,
          8795.948242
        ]
      ]
    },
    {
      "Name": "Bandit",
      "Persist": 0,
      "Faction": "Shamans",
      "Formation": "RANDOM",
      "FormationLooseness": 0,
      "Loadout": "PoliceLoadout",
      "Units": [
        "eAI_SurvivorF_Eva",
        "eAI_SurvivorF_Frida",
        "eAI_SurvivorF_Gabi",
        "eAI_SurvivorF_Helga",
        "eAI_SurvivorF_Irena",
        "eAI_SurvivorF_Judy",
        "eAI_SurvivorF_Keiko",
        "eAI_SurvivorF_Linda",
        "eAI_SurvivorF_Maria",
        "eAI_SurvivorF_Naomi",
        "eAI_SurvivorF_Baty",
        "eAI_SurvivorM_Boris",
        "eAI_SurvivorM_Cyril",
        "eAI_SurvivorM_Denis",
        "eAI_SurvivorM_Elias",
        "eAI_SurvivorM_Francis",
        "eAI_SurvivorM_Guo",
        "eAI_SurvivorM_Hassan",
        "eAI_SurvivorM_Indar",
        "eAI_SurvivorM_Jose",
        "eAI_SurvivorM_Kaito",
        "eAI_SurvivorM_Lewis",
        "eAI_SurvivorM_Manua",
        "eAI_SurvivorM_Mirek",
        "eAI_SurvivorM_Niki",
        "eAI_SurvivorM_Oliver",
        "eAI_SurvivorM_Peter",
        "eAI_SurvivorM_Quinn",
        "eAI_SurvivorM_Rolf",
        "eAI_SurvivorM_Seth",
        "eAI_SurvivorM_Taiki"
      ],
      "NumberOfAI": 1,
      "Behaviour": "HALT_OR_ALTERNATE",
      "LootingBehaviour": "",
      "Speed": "WALK",
      "UnderThreatSpeed": "SPRINT",
      "CanBeLooted": 1,
      "UnlimitedReload": 1,
      "SniperProneDistanceThreshold": 300,
      "AccuracyMin": 0.5,
      "AccuracyMax": 0.800000011920929,
      "ThreatDistanceLimit": 400,
      "NoiseInvestigationDistanceLimit": -1,
      "DamageMultiplier": 1,
      "DamageReceivedMultiplier": 1,
      "CanBeTriggeredByAI": 0,
      "MinDistRadius": 20,
      "MaxDistRadius": 300,
      "DespawnRadius": 200,
      "MinSpreadRadius": 0,
      "MaxSpreadRadius": 0,
      "Chance": 1,
      "WaypointInterpolation": "",
      "DespawnTime": 1,
      "RespawnTime": 1,
      "UseRandomWaypointAsStartPoint": 1,
      "Waypoints": [
        [
          9536.386719,
          303.721863,
          8791.959961
        ]
      ]
    },
    {
      "Name": "Bandit",
      "Persist": 0,
      "Faction": "Shamans",
      "Formation": "RANDOM",
      "FormationLooseness": 0,
      "Loadout": "PoliceLoadout",
      "Units": [
        "eAI_SurvivorF_Eva",
        "eAI_SurvivorF_Frida",
        "eAI_SurvivorF_Gabi",
        "eAI_SurvivorF_Helga",
        "eAI_SurvivorF_Irena",
        "eAI_SurvivorF_Judy",
        "eAI_SurvivorF_Keiko",
        "eAI_SurvivorF_Linda",
        "eAI_SurvivorF_Maria",
        "eAI_SurvivorF_Naomi",
        "eAI_SurvivorF_Baty",
        "eAI_SurvivorM_Boris",
        "eAI_SurvivorM_Cyril",
        "eAI_SurvivorM_Denis",
        "eAI_SurvivorM_Elias",
        "eAI_SurvivorM_Francis",
        "eAI_SurvivorM_Guo",
        "eAI_SurvivorM_Hassan",
        "eAI_SurvivorM_Indar",
        "eAI_SurvivorM_Jose",
        "eAI_SurvivorM_Kaito",
        "eAI_SurvivorM_Lewis",
        "eAI_SurvivorM_Manua",
        "eAI_SurvivorM_Mirek",
        "eAI_SurvivorM_Niki",
        "eAI_SurvivorM_Oliver",
        "eAI_SurvivorM_Peter",
        "eAI_SurvivorM_Quinn",
        "eAI_SurvivorM_Rolf",
        "eAI_SurvivorM_Seth",
        "eAI_SurvivorM_Taiki"
      ],
      "NumberOfAI": 1,
      "Behaviour": "HALT_OR_ALTERNATE",
      "LootingBehaviour": "",
      "Speed": "WALK",
      "UnderThreatSpeed": "SPRINT",
      "CanBeLooted": 1,
      "UnlimitedReload": 1,
      "SniperProneDistanceThreshold": 300,
      "AccuracyMin": 0.5,
      "AccuracyMax": 0.800000011920929,
      "ThreatDistanceLimit": 400,
      "NoiseInvestigationDistanceLimit": -1,
      "DamageMultiplier": 1,
      "DamageReceivedMultiplier": 1,
      "CanBeTriggeredByAI": 0,
      "MinDistRadius": 20,
      "MaxDistRadius": 300,
      "DespawnRadius": 200,
      "MinSpreadRadius": 0,
      "MaxSpreadRadius": 0,
      "Chance": 1,
      "WaypointInterpolation": "",
      "DespawnTime": 1,
      "RespawnTime": 1,
      "UseRandomWaypointAsStartPoint": 1,
      "Waypoints": [
        [
          9537.010742,
          303.758057,
          8799.494141
        ]
      ]
    },
    {
      "Name": "Bandit",
      "Persist": 0,
      "Faction": "Shamans",
      "Formation": "RANDOM",
      "FormationLooseness": 0,
      "Loadout": "PoliceLoadout",
      "Units": [
        "eAI_SurvivorF_Eva",
        "eAI_SurvivorF_Frida",
        "eAI_SurvivorF_Gabi",
        "eAI_SurvivorF_Helga",
        "eAI_SurvivorF_Irena",
        "eAI_SurvivorF_Judy",
        "eAI_SurvivorF_Keiko",
        "eAI_SurvivorF_Linda",
        "eAI_SurvivorF_Maria",
        "eAI_SurvivorF_Naomi",
        "eAI_SurvivorF_Baty",
        "eAI_SurvivorM_Boris",
        "eAI_SurvivorM_Cyril",
        "eAI_SurvivorM_Denis",
        "eAI_SurvivorM_Elias",
        "eAI_SurvivorM_Francis",
        "eAI_SurvivorM_Guo",
        "eAI_SurvivorM_Hassan",
        "eAI_SurvivorM_Indar",
        "eAI_SurvivorM_Jose",
        "eAI_SurvivorM_Kaito",
        "eAI_SurvivorM_Lewis",
        "eAI_SurvivorM_Manua",
        "eAI_SurvivorM_Mirek",
        "eAI_SurvivorM_Niki",
        "eAI_SurvivorM_Oliver",
        "eAI_SurvivorM_Peter",
        "eAI_SurvivorM_Quinn",
        "eAI_SurvivorM_Rolf",
        "eAI_SurvivorM_Seth",
        "eAI_SurvivorM_Taiki"
      ],
      "NumberOfAI": 1,
      "Behaviour": "HALT_OR_ALTERNATE",
      "LootingBehaviour": "",
      "Speed": "WALK",
      "UnderThreatSpeed": "SPRINT",
      "CanBeLooted": 1,
      "UnlimitedReload": 1,
      "SniperProneDistanceThreshold": 300,
      "AccuracyMin": 0.5,
      "AccuracyMax": 0.800000011920929,
      "ThreatDistanceLimit": 400,
      "NoiseInvestigationDistanceLimit": -1,
      "DamageMultiplier": 1,
      "DamageReceivedMultiplier": 1,
      "CanBeTriggeredByAI": 0,
      "MinDistRadius": 20,
      "MaxDistRadius": 300,
      "DespawnRadius": 200,
      "MinSpreadRadius": 0,
      "MaxSpreadRadius": 0,
      "Chance": 1,
      "WaypointInterpolation": "",
      "DespawnTime": 1,
      "RespawnTime": 1,
      "UseRandomWaypointAsStartPoint": 1,
      "Waypoints": [
        [
          9527.249023,
          303.721863,
          8796.001953
        ]
      ]
    },
    {
      "Name": "Bandit",
      "Persist": 0,
      "Faction": "Shamans",
      "Formation": "RANDOM",
      "FormationLooseness": 0,
      "Loadout": "PoliceLoadout",
      "Units": [
        "eAI_SurvivorF_Eva",
        "eAI_SurvivorF_Frida",
        "eAI_SurvivorF_Gabi",
        "eAI_SurvivorF_Helga",
        "eAI_SurvivorF_Irena",
        "eAI_SurvivorF_Judy",
        "eAI_SurvivorF_Keiko",
        "eAI_SurvivorF_Linda",
        "eAI_SurvivorF_Maria",
        "eAI_SurvivorF_Naomi",
        "eAI_SurvivorF_Baty",
        "eAI_SurvivorM_Boris",
        "eAI_SurvivorM_Cyril",
        "eAI_SurvivorM_Denis",
        "eAI_SurvivorM_Elias",
        "eAI_SurvivorM_Francis",
        "eAI_SurvivorM_Guo",
        "eAI_SurvivorM_Hassan",
        "eAI_SurvivorM_Indar",
        "eAI_SurvivorM_Jose",
        "eAI_SurvivorM_Kaito",
        "eAI_SurvivorM_Lewis",
        "eAI_SurvivorM_Manua",
        "eAI_SurvivorM_Mirek",
        "eAI_SurvivorM_Niki",
        "eAI_SurvivorM_Oliver",
        "eAI_SurvivorM_Peter",
        "eAI_SurvivorM_Quinn",
        "eAI_SurvivorM_Rolf",
        "eAI_SurvivorM_Seth",
        "eAI_SurvivorM_Taiki"
      ],
      "NumberOfAI": 1,
      "Behaviour": "HALT_OR_ALTERNATE",
      "LootingBehaviour": "",
      "Speed": "WALK",
      "UnderThreatSpeed": "SPRINT",
      "CanBeLooted": 1,
      "UnlimitedReload": 1,
      "SniperProneDistanceThreshold": 300,
      "AccuracyMin": 0.5,
      "AccuracyMax": 0.800000011920929,
      "ThreatDistanceLimit": 400,
      "NoiseInvestigationDistanceLimit": -1,
      "DamageMultiplier": 1,
      "DamageReceivedMultiplier": 1,
      "CanBeTriggeredByAI": 0,
      "MinDistRadius": 20,
      "MaxDistRadius": 300,
      "DespawnRadius": 200,
      "MinSpreadRadius": 0,
      "MaxSpreadRadius": 0,
      "Chance": 1,
      "WaypointInterpolation": "",
      "DespawnTime": 1,
      "RespawnTime": 1,
      "UseRandomWaypointAsStartPoint": 1,
      "Waypoints": [
        [
          9529.77832,
          303.721863,
          8801.62793
        ]
      ]
    },
    {
      "Name": "Bandit",
      "Persist": 0,
      "Faction": "Shamans",
      "Formation": "RANDOM",
      "FormationLooseness": 0,
      "Loadout": "PoliceLoadout",
      "Units": [
        "eAI_SurvivorF_Eva",
        "eAI_SurvivorF_Frida",
        "eAI_SurvivorF_Gabi",
        "eAI_SurvivorF_Helga",
        "eAI_SurvivorF_Irena",
        "eAI_SurvivorF_Judy",
        "eAI_SurvivorF_Keiko",
        "eAI_SurvivorF_Linda",
        "eAI_SurvivorF_Maria",
        "eAI_SurvivorF_Naomi",
        "eAI_SurvivorF_Baty",
        "eAI_SurvivorM_Boris",
        "eAI_SurvivorM_Cyril",
        "eAI_SurvivorM_Denis",
        "eAI_SurvivorM_Elias",
        "eAI_SurvivorM_Francis",
        "eAI_SurvivorM_Guo",
        "eAI_SurvivorM_Hassan",
        "eAI_SurvivorM_Indar",
        "eAI_SurvivorM_Jose",
        "eAI_SurvivorM_Kaito",
        "eAI_SurvivorM_Lewis",
        "eAI_SurvivorM_Manua",
        "eAI_SurvivorM_Mirek",
        "eAI_SurvivorM_Niki",
        "eAI_SurvivorM_Oliver",
        "eAI_SurvivorM_Peter",
        "eAI_SurvivorM_Quinn",
        "eAI_SurvivorM_Rolf",
        "eAI_SurvivorM_Seth",
        "eAI_SurvivorM_Taiki"
      ],
      "NumberOfAI": 1,
      "Behaviour": "HALT_OR_ALTERNATE",
      "LootingBehaviour": "",
      "Speed": "WALK",
      "UnderThreatSpeed": "SPRINT",
      "CanBeLooted": 1,
      "UnlimitedReload": 1,
      "SniperProneDistanceThreshold": 300,
      "AccuracyMin": 0.5,
      "AccuracyMax": 0.800000011920929,
      "ThreatDistanceLimit": 400,
      "NoiseInvestigationDistanceLimit": -1,
      "DamageMultiplier": 1,
      "DamageReceivedMultiplier": 1,
      "CanBeTriggeredByAI": 0,
      "MinDistRadius": 20,
      "MaxDistRadius": 300,
      "DespawnRadius": 200,
      "MinSpreadRadius": 0,
      "MaxSpreadRadius": 0,
      "Chance": 1,
      "WaypointInterpolation": "",
      "DespawnTime": 1,
      "RespawnTime": 1,
      "UseRandomWaypointAsStartPoint": 1,
      "Waypoints": [
        [
          9528.615234,
          307.321899,
          8793.242188
        ]
      ]
    }
  ]
}