time;info;target;filename;
2025-05-03 12:03:06;FileName: faamp4teqh Type: CP_CannabisSeedsPackKush Quantity: 1 Health: 5;from player;house_inventory13687.900391 21.168400 4176.370117.bin;
2025-05-03 12:03:06;FileName: voxxypxegj Type: CP_CannabisSeedsPackSkunk Quantity: 1 Health: 3;from player;house_inventory13687.900391 21.168400 4176.370117.bin;
2025-05-03 13:04:27;FileName: p4uwfrkepa Type: CP_CannabisSeedsPackKush Quantity: 1 Health: 5;to player;house_inventory13687.900391 21.168400 4176.370117.bin;
2025-05-03 13:04:27;FileName: z6ii6cbnxk Type: CP_CannabisSeedsPackNomad Quantity: 1 Health: 5;to player;house_inventory13687.900391 21.168400 4176.370117.bin;
2025-05-03 13:04:28;FileName: tq6jjbo6zk Type: CP_CannabisBagBlackFrost Quantity: 11 Health: 100;to player;house_inventory13687.900391 21.168400 4176.370117.bin;
2025-05-03 13:04:28;FileName: y3e7ifee41 Type: CP_CannabisSeedsPackNomad Quantity: 1 Health: 5;to player;house_inventory13687.900391 21.168400 4176.370117.bin;
2025-05-03 13:04:29;FileName: 6gaog0mpd6 Type: CP_CannabisSeedsPackNomad Quantity: 1 Health: 5;to player;house_inventory13687.900391 21.168400 4176.370117.bin;
2025-05-03 13:04:29;FileName: t60f4h7316 Type: CP_CannabisSeedsPackNomad Quantity: 1 Health: 5;to player;house_inventory13687.900391 21.168400 4176.370117.bin;
2025-05-03 13:04:30;FileName: 5q5ite1wrq Type: CP_CannabisBagNomad Quantity: 4 Health: 100;to player;house_inventory13687.900391 21.168400 4176.370117.bin;
2025-05-03 13:04:30;FileName: lgtex2p8ce Type: CP_CannabisSeedsPackSkunk Quantity: 1 Health: 5;to player;house_inventory13687.900391 21.168400 4176.370117.bin;
2025-05-03 13:04:30;FileName: 1vgqltwjq5 Type: CP_CannabisBagSkunk Quantity: 4 Health: 100;to player;house_inventory13687.900391 21.168400 4176.370117.bin;
2025-05-03 13:04:31;FileName: 5j3gg2r5d5 Type: CP_CannabisSeedsPackSkunk Quantity: 1 Health: 5;to player;house_inventory13687.900391 21.168400 4176.370117.bin;
2025-05-03 13:04:31;FileName: 7prp8jxnec Type: CP_CannabisSeedsKush Quantity: 9 Health: 5;to player;house_inventory13687.900391 21.168400 4176.370117.bin;
2025-05-03 13:04:32;FileName: hxlzezwf70 Type: CP_CannabisBagS1 Quantity: 15 Health: 100;to player;house_inventory13687.900391 21.168400 4176.370117.bin;
2025-05-03 13:04:32;FileName: w734tep35u Type: CP_CannabisSeedsPackNomad Quantity: 1 Health: 5;to player;house_inventory13687.900391 21.168400 4176.370117.bin;
2025-05-03 13:04:32;FileName: faamp4teqh Type: CP_CannabisSeedsPackKush Quantity: 1 Health: 5;to player;house_inventory13687.900391 21.168400 4176.370117.bin;
2025-05-03 13:04:33;FileName: voxxypxegj Type: CP_CannabisSeedsPackSkunk Quantity: 1 Health: 3;to player;house_inventory13687.900391 21.168400 4176.370117.bin;
