{
    "version": 2,
    "admins": [
        {
            "steamid": "76561199013042927",
            "ingameNameForPermissions": "",
            "comment": "Owner",
            "grantAllPermissions": 1,
            "permissionGroups": [
                "Owner"
            ]
        },
        {
            "steamid": "76561199789647600",
            "ingameNameForPermissions": "",
            "comment": "Admin",
            "grantAllPermissions": 1,
            "permissionGroups": [
                "Admin"
            ]
        },
        {
            "steamid": "76561198182993843",
            "ingameNameForPermissions": "",
            "comment": "Admin",
            "grantAllPermissions": 1,
            "permissionGroups": [
                "Admin"
            ]
        },
        {
            "steamid": "76561197993129246",
            "ingameNameForPermissions": "",
            "comment": "Admin",
            "grantAllPermissions": 1,
            "permissionGroups": [
                "Admin"
            ]
        },
        {
            "steamid": "76561199564014270",
            "ingameNameForPermissions": "",
            "comment": "Admin",
            "grantAllPermissions": 1,
            "permissionGroups": [
                "Admin"
            ]
        },
        {
            "steamid": "76561199672612754",
            "ingameNameForPermissions": "",
            "comment": "Admin",
            "grantAllPermissions": 1,
            "permissionGroups": [
                "Admin"
            ]
        }
    ],
    "groups": [
        {
            "name": "Owner",
            "permissions": {
                "admin.view.auditlog": 1,
                "admin.ignore.auditlog_Login": 1,
                "admin.open.menu": 1,
                "admin.drag.espitem": 1,
                "lootchest.change.positionpools": 1,
                "admin.ignore.auditlog_ServerRestart": 1,
                "groups.change.permmarker": 1,
                "admin.teleport.map": 1,
                "groups.kick": 1,
                "admin.clear.player": 1,
                "admin.remove.watchlist_local": 1,
                "chat.mute": 1,
                "groups.territoryflags.view": 1,
                "chat.prefix.vip": 0,
                "group.permissions.change": 1,
                "core.toggle.adminmode": 1,
                "groups.kick.player": 1,
                "groups.ranks.change": 1,
                "admin.set.invisible_multi": 1,
                "banking.change.atms": 1,
                "admin.set.pristine_hands_multi": 1,
                "admin.use.itempresets": 1,
                "admin.ignore.auditlog_Teleport": 1,
                "core.change.presets": 1,
                "admin.ignore.auditlog_BuildingSet": 1,
                "groups.change.markersettings": 1,
                "admin.kick.player": 1,
                "admin.remove.teleport_positions": 1,
                "groups.change.pages": 1,
                "admin.ignore.auditlog_Kill": 1,
                "admin.kick.players": 1,
                "groups.change.miscconfig": 1,
                "admin.execute.freecam": 1,
                "automarkers.change": 1,
                "spawn.change": 1,
                "hoverloot.change.config": 1,
                "admin.use.3rdperson": 1,
                "admin.globalunban.any_player": 1,
                "admin.set.player_scale": 1,
                "admin.spawn.preset_others": 1,
                "admin.view.playerinfo": 1,
                "groups.change.automarkers": 1,
                "admin.globalban.player": 1,
                "admin.set.unlimited_ammo": 1,
                "admin.vomit.player": 1,
                "admin.ignore.auditlog_Presets": 1,
                "chat.prefix.admin": 0,
                "admin.teleport.back": 1,
                "groups.territory.change": 1,
                "garage.reset.pin": 1,
                "garage.general.change": 1,
                "admin.change.playerstats": 1,
                "spawnsystem.change.beds": 1,
                "channel.admin.use": 1,
                "admin.strip.players": 1,
                "spawnsystem.change.general": 1,
                "garage.static.change": 1,
                "appearance.change": 1,
                "groups.change.chat": 1,
                "garage.change.general": 1,
                "adminmenu.open": 1,
                "core.change.admins": 1,
                "groups.tagcolor.change": 1,
                "admin.view.teleport_positions": 1,
                "core.reload.configs": 1,
                "admin.ignore.auditlog_ConfigSave": 1,
                "admin.edit.buildingset": 1,
                "safezonemarkers.change": 1,
                "lootchest.change.chests": 1,
                "groups.view": 1,
                "admin.heal.others": 1,
                "banking.change.player": 1,
                "groups.change.territory": 1,
                "admin.remove.watchlist_global": 1,
                "admin.set.unlimited_ammo_multi": 1,
                "admin.toggle.sickness": 1,
                "admin.view.playerpositions": 1,
                "groups.build.enemy": 1,
                "admin.repair.vehicle": 1,
                "groups.change.timeout": 1,
                "build.everywhere": 1,
                "configs.reload": 1,
                "admin.ignore.auditlog_Bans": 1,
                "groups.level.change": 1,
                "admin.read.serverinfo": 1,
                "admin.set.no_jam_multi": 1,
                "garage.impound.vehicle": 1,
                "admin.delete.item": 1,
                "admin.ignore.auditlog_Modifier": 1,
                "admin.view.playerlist": 1,
                "admin.ignore.auditlog_Time": 1,
                "group.levels.change": 1,
                "admin.view.active_modifier": 1,
                "admin.vomit.players": 1,
                "banking.moneydrop.online": 1,
                "admin.cheat.fullbright": 1,
                "admin.use.constructioneditor": 1,
                "admin.set.invisible": 1,
                "admin.cheat.esp": 1,
                "admin.add.teleport_positions": 1,
                "marker.perm.change": 1,
                "chat.mute.ignore": 1,
                "marker.temp.change": 1,
                "admin.ignore.auditlog_DeleteItem": 1,
                "admin.remove.watchlist_server": 1,
                "admin.cheat.godmode": 1,
                "admin.ban.player": 1,
                "admin.send.message": 1,
                "groups.timeout.change": 1,
                "core.change.appearancesettings": 1,
                "admin.unban.any_player": 1,
                "groups.change.colors": 1,
                "admin.change.forbidden_items": 1,
                "admin.set.silent_multi": 1,
                "groups.view.groupmarkers": 1,
                "admin.view.sickness": 1,
                "admin.ignore.auditlog_IndexItems": 1,
                "banking.change.creditcards": 1,
                "admin.kill.player": 1,
                "admin.cheat.silent": 1,
                "admin.cheat.tempplayer": 1,
                "groups.teleport.map": 1,
                "groups.delete.group": 1,
                "admin.ignore.auditlog_ESP": 1,
                "groups.change.chatprefix": 1,
                "currencies.change": 1,
                "admin.set.unlimited_stamina_multi": 1,
                "admin.change.weather": 1,
                "groups.view.playerinfo": 1,
                "groups.change.groupsettings": 1,
                "admin.set.action_speedhack_multi": 1,
                "admin.add.watchlist_global": 1,
                "admin.change.bloodyhands": 1,
                "build.limit.ignore": 1,
                "admin.delete.item_noconfirm": 1,
                "admin.ignore.auditlog_Watchlist": 1,
                "garage.access.everyone": 1,
                "admin.ignore.auditlog_PlayerAction": 1,
                "groups.ignore.buildlimit": 1,
                "admin.cheat.godmode_vehicle": 1,
                "nobuild.change": 1,
                "admin.view.target_object_info": 1,
                "admin.toggle.buildingset": 1,
                "admin.ignore.auditlog_ConstructionEdit": 1,
                "groups.change.ranks": 1,
                "groups.change.levels": 1,
                "chat.prefix.owner": 1,
                "admin.kill.players": 1,
                "admin.cheat.no_jam": 1,
                "admin.lock.server": 1,
                "admin.change.time": 1,
                "clan.colors.change": 1,
                "admin.set.pristine_hands": 1,
                "admin.ignore.auditlog_Clear": 1,
                "admin.send.message_multi": 1,
                "groups.view.territoryflags": 1,
                "leaderboard.change.config": 1,
                "admin.ban.immunity": 1,
                "admin.ignore.auditlog_Weather": 1,
                "admin.bring.player": 1,
                "admin.ignore.auditlog_TeleportPosition": 1,
                "admin.use.objectbuilder": 1,
                "groups.change.permissions": 1,
                "admin.set.godmode_multi": 1,
                "core.webhooks.change": 0,
                "admin.set.action_speedhack": 1,
                "admin.view.vehiclepositions": 1,
                "admin.set.vehicle_godmode": 1,
                "admin.heal.self": 1,
                "admin.set.ignore_ai_multi": 1,
                "admin.view.watchlist_local": 1,
                "admin.ignore.auditlog_Logout": 1,
                "admin.set.godmode": 1,
                "garage.change.static": 1,
                "banking.change.general": 1,
                "admin.add.watchlist_server": 1,
                "chat.prefix.change": 1,
                "core.change.icons": 1,
                "admin.add.watchlist_local": 1,
                "lootchest.change.keynames": 1,
                "core.read.players": 1,
                "admin.cheat.unlimited_stamina": 1,
                "groups.view.groups": 1,
                "garage.change.buyconfig": 1,
                "group.mainconfig.change": 1,
                "admin.set.player_scales": 1,
                "garage.check.vehicle_owner": 1,
                "core.change.currencies": 1,
                "admin.ignore.auditlog_Adminmode": 1,
                "admin.ignore.auditlog_Cheat": 1,
                "chat.view": 1,
                "admin.teleport.player": 1,
                "admin.view.watchlist_global": 1,
                "groups.mute.player": 1,
                "chat.slowmode.ignore": 1,
                "admin.ignore.auditlog_Strip": 1,
                "banking.change.group": 1,
                "admin.view.items": 1,
                "core.view.errorlogs": 1,
                "admin.cheat.freecam": 1,
                "admin.set.silent": 1,
                "admin.ignore.auditlog_MessagePlayer": 1,
                "groups.playerinfo.view": 1,
                "admin.set.ignore_ai": 1,
                "chat.change": 1,
                "admin.globalunban.player": 1,
                "icons.change": 1,
                "admin.set.no_jam": 1,
                "groups.delete": 1,
                "groups.change.nobuildzones": 1,
                "admin.spawn.preset": 1,
                "admin.duplicate.item": 1,
                "spawnsystem.change.static": 1,
                "admin.ignore.auditlog_SetScale": 1,
                "admin.ignore.auditlog_SetStat": 1,
                "admin.ignore.auditlog_Spectate": 1,
                "admin.ignore.auditlog_AdminMenu": 1,
                "admin.heal.other": 1,
                "killfeed.change.playercolor": 1,
                "groups.name.change": 1,
                "admin.set.freeze": 1,
                "admin.bring.players": 1,
                "garage.change.impoundconfig": 1,
                "groups.ignore.nobuildzones": 1,
                "admin.change.auditlogsettings": 1,
                "groups.change.groupname": 1,
                "admin.delete.items": 1,
                "admin.lock.ignore": 1,
                "admin.ignore.auditlog_Kick": 1,
                "core.change.logger": 1,
                "admin.cheat.pristinehands": 1,
                "admin.restart.server": 1,
                "admin.view.watchlist_server": 1,
                "groups.change.safezonemarkers": 1,
                "groups.nametags.admin": 1,
                "groups.join": 1,
                "groups.change.tempmarker": 1,
                "admin.ignore.auditlog_ServerLock": 1,
                "admin.ignore.forbidden_items": 1,
                "loadout.change": 1,
                "admin.teleport.cursor": 1,
                "admin.restrain.players": 1,
                "admin.strip.player": 1,
                "groups.change.grouplevel": 1,
                "admin.ignore.auditlog_SpawnItem": 1,
                "admin.unban.player": 1,
                "core.change.webhooks": 1,
                "admin.spawn.item_others": 1,
                "admin.spawn.item_self": 1,
                "admin.clear.players": 1,
                "garage.pin.reset": 1,
                "killfeed.change.config": 1,
                "admin.cheat.invisible": 1,
                "groups.ignore.mute": 1,
                "admin.set.unlimited_stamina": 1,
                "spawnsystem.change.house": 1,
                "admin.restrain.player": 1,
                "admin.change.itempresets": 1,
                "groups.change.tagcolor": 1,
                "groups.ignore.timeout": 1,
                "groups.join.group": 1,
                "admin.cheat.unlimitedammo": 1,
                "admin.spectate.player": 1,
                "admin.set.vehicle_godmode_multi": 1,
                "admin.set.freeze_multi": 1,
                "core.teleport.staticplaced": 1,
                "groups.ignore.chatslowmode": 1,
                "admin.kick.immunity": 1,
                "presets.change": 1,
                "admin.cheat.ignore_ai": 1,
                "groups.view.playerpositions": 1,
                "garage.buyconfig.change": 1,
                "admin.ignore.auditlog_Heal": 1,
                "group.ignoretimeout": 1,
                "admin.cheat.action_speedhack": 1
            }
        },
        {
            "name": "Admin",
            "permissions": {
                "admin.view.auditlog": 0,
                "admin.ignore.auditlog_Login": 1,
                "admin.open.menu": 1,
                "admin.drag.espitem": 1,
                "lootchest.change.positionpools": 1,
                "admin.ignore.auditlog_ServerRestart": 1,
                "groups.change.permmarker": 1,
                "admin.teleport.map": 1,
                "groups.kick": 1,
                "admin.clear.player": 1,
                "admin.remove.watchlist_local": 1,
                "chat.mute": 1,
                "groups.territoryflags.view": 1,
                "chat.prefix.vip": 0,
                "group.permissions.change": 1,
                "core.toggle.adminmode": 1,
                "groups.kick.player": 1,
                "groups.ranks.change": 1,
                "admin.set.invisible_multi": 1,
                "banking.change.atms": 1,
                "admin.set.pristine_hands_multi": 1,
                "admin.use.itempresets": 1,
                "admin.ignore.auditlog_Teleport": 1,
                "core.change.presets": 1,
                "admin.ignore.auditlog_BuildingSet": 1,
                "groups.change.markersettings": 1,
                "admin.kick.player": 1,
                "admin.remove.teleport_positions": 1,
                "groups.change.pages": 1,
                "admin.ignore.auditlog_Kill": 1,
                "admin.kick.players": 1,
                "groups.change.miscconfig": 1,
                "admin.execute.freecam": 1,
                "automarkers.change": 1,
                "spawn.change": 1,
                "hoverloot.change.config": 1,
                "admin.use.3rdperson": 1,
                "admin.globalunban.any_player": 0,
                "admin.set.player_scale": 1,
                "admin.spawn.preset_others": 1,
                "admin.view.playerinfo": 1,
                "groups.change.automarkers": 1,
                "admin.globalban.player": 0,
                "admin.set.unlimited_ammo": 1,
                "admin.vomit.player": 1,
                "admin.ignore.auditlog_Presets": 1,
                "chat.prefix.admin": 1,
                "admin.teleport.back": 1,
                "groups.territory.change": 1,
                "garage.reset.pin": 1,
                "garage.general.change": 1,
                "admin.change.playerstats": 1,
                "spawnsystem.change.beds": 1,
                "channel.admin.use": 1,
                "admin.strip.players": 1,
                "spawnsystem.change.general": 1,
                "garage.static.change": 1,
                "appearance.change": 1,
                "groups.change.chat": 1,
                "garage.change.general": 1,
                "adminmenu.open": 1,
                "core.change.admins": 0,
                "groups.tagcolor.change": 1,
                "admin.view.teleport_positions": 1,
                "core.reload.configs": 0,
                "admin.ignore.auditlog_ConfigSave": 1,
                "admin.edit.buildingset": 0,
                "safezonemarkers.change": 1,
                "lootchest.change.chests": 1,
                "groups.view": 1,
                "admin.heal.others": 1,
                "banking.change.player": 1,
                "groups.change.territory": 1,
                "admin.remove.watchlist_global": 1,
                "admin.set.unlimited_ammo_multi": 1,
                "admin.toggle.sickness": 1,
                "admin.view.playerpositions": 1,
                "groups.build.enemy": 1,
                "admin.repair.vehicle": 1,
                "groups.change.timeout": 1,
                "build.everywhere": 1,
                "configs.reload": 0,
                "admin.ignore.auditlog_Bans": 1,
                "groups.level.change": 1,
                "admin.read.serverinfo": 1,
                "admin.set.no_jam_multi": 1,
                "garage.impound.vehicle": 1,
                "admin.delete.item": 1,
                "admin.ignore.auditlog_Modifier": 1,
                "admin.view.playerlist": 1,
                "admin.ignore.auditlog_Time": 1,
                "group.levels.change": 1,
                "admin.view.active_modifier": 1,
                "admin.vomit.players": 1,
                "banking.moneydrop.online": 1,
                "admin.cheat.fullbright": 1,
                "admin.use.constructioneditor": 1,
                "admin.set.invisible": 1,
                "admin.cheat.esp": 1,
                "admin.add.teleport_positions": 1,
                "marker.perm.change": 1,
                "chat.mute.ignore": 1,
                "marker.temp.change": 1,
                "admin.ignore.auditlog_DeleteItem": 1,
                "admin.remove.watchlist_server": 1,
                "admin.cheat.godmode": 1,
                "admin.ban.player": 1,
                "admin.send.message": 1,
                "groups.timeout.change": 1,
                "core.change.appearancesettings": 1,
                "admin.unban.any_player": 0,
                "groups.change.colors": 1,
                "admin.change.forbidden_items": 0,
                "admin.set.silent_multi": 1,
                "groups.view.groupmarkers": 1,
                "admin.view.sickness": 1,
                "admin.ignore.auditlog_IndexItems": 1,
                "banking.change.creditcards": 1,
                "admin.kill.player": 1,
                "admin.cheat.silent": 1,
                "admin.cheat.tempplayer": 1,
                "groups.teleport.map": 1,
                "groups.delete.group": 1,
                "admin.ignore.auditlog_ESP": 1,
                "groups.change.chatprefix": 1,
                "currencies.change": 1,
                "admin.set.unlimited_stamina_multi": 1,
                "admin.change.weather": 1,
                "groups.view.playerinfo": 1,
                "groups.change.groupsettings": 1,
                "admin.set.action_speedhack_multi": 1,
                "admin.add.watchlist_global": 1,
                "admin.change.bloodyhands": 1,
                "build.limit.ignore": 1,
                "admin.delete.item_noconfirm": 1,
                "admin.ignore.auditlog_Watchlist": 1,
                "garage.access.everyone": 1,
                "admin.ignore.auditlog_PlayerAction": 1,
                "groups.ignore.buildlimit": 1,
                "admin.cheat.godmode_vehicle": 1,
                "nobuild.change": 1,
                "admin.view.target_object_info": 1,
                "admin.toggle.buildingset": 1,
                "admin.ignore.auditlog_ConstructionEdit": 1,
                "groups.change.ranks": 1,
                "groups.change.levels": 1,
                "chat.prefix.owner": 0,
                "admin.kill.players": 1,
                "admin.cheat.no_jam": 1,
                "admin.lock.server": 0,
                "admin.change.time": 1,
                "clan.colors.change": 1,
                "admin.set.pristine_hands": 1,
                "admin.ignore.auditlog_Clear": 1,
                "admin.send.message_multi": 1,
                "groups.view.territoryflags": 1,
                "leaderboard.change.config": 1,
                "admin.ban.immunity": 0,
                "admin.ignore.auditlog_Weather": 1,
                "admin.bring.player": 1,
                "admin.ignore.auditlog_TeleportPosition": 1,
                "admin.use.objectbuilder": 1,
                "groups.change.permissions": 1,
                "admin.set.godmode_multi": 1,
                "core.webhooks.change": 0,
                "admin.set.action_speedhack": 1,
                "admin.view.vehiclepositions": 1,
                "admin.set.vehicle_godmode": 1,
                "admin.heal.self": 1,
                "admin.set.ignore_ai_multi": 1,
                "admin.view.watchlist_local": 1,
                "admin.ignore.auditlog_Logout": 1,
                "admin.set.godmode": 1,
                "garage.change.static": 1,
                "banking.change.general": 1,
                "admin.add.watchlist_server": 1,
                "chat.prefix.change": 1,
                "core.change.icons": 1,
                "admin.add.watchlist_local": 1,
                "lootchest.change.keynames": 1,
                "core.read.players": 1,
                "admin.cheat.unlimited_stamina": 1,
                "groups.view.groups": 1,
                "garage.change.buyconfig": 1,
                "group.mainconfig.change": 1,
                "admin.set.player_scales": 1,
                "garage.check.vehicle_owner": 1,
                "core.change.currencies": 1,
                "admin.ignore.auditlog_Adminmode": 1,
                "admin.ignore.auditlog_Cheat": 1,
                "chat.view": 1,
                "admin.teleport.player": 1,
                "admin.view.watchlist_global": 1,
                "groups.mute.player": 1,
                "chat.slowmode.ignore": 1,
                "admin.ignore.auditlog_Strip": 1,
                "banking.change.group": 1,
                "admin.view.items": 0,
                "core.view.errorlogs": 0,
                "admin.cheat.freecam": 1,
                "admin.set.silent": 1,
                "admin.ignore.auditlog_MessagePlayer": 1,
                "groups.playerinfo.view": 1,
                "admin.set.ignore_ai": 1,
                "chat.change": 1,
                "admin.globalunban.player": 0,
                "icons.change": 1,
                "admin.set.no_jam": 1,
                "groups.delete": 1,
                "groups.change.nobuildzones": 1,
                "admin.spawn.preset": 1,
                "admin.duplicate.item": 1,
                "spawnsystem.change.static": 1,
                "admin.ignore.auditlog_SetScale": 1,
                "admin.ignore.auditlog_SetStat": 1,
                "admin.ignore.auditlog_Spectate": 1,
                "admin.ignore.auditlog_AdminMenu": 1,
                "admin.heal.other": 1,
                "killfeed.change.playercolor": 1,
                "groups.name.change": 1,
                "admin.set.freeze": 1,
                "admin.bring.players": 1,
                "garage.change.impoundconfig": 1,
                "groups.ignore.nobuildzones": 1,
                "admin.change.auditlogsettings": 0,
                "groups.change.groupname": 1,
                "admin.delete.items": 0,
                "admin.lock.ignore": 1,
                "admin.ignore.auditlog_Kick": 1,
                "core.change.logger": 0,
                "admin.cheat.pristinehands": 1,
                "admin.restart.server": 0,
                "admin.view.watchlist_server": 1,
                "groups.change.safezonemarkers": 1,
                "groups.nametags.admin": 1,
                "groups.join": 1,
                "groups.change.tempmarker": 1,
                "admin.ignore.auditlog_ServerLock": 1,
                "admin.ignore.forbidden_items": 1,
                "loadout.change": 1,
                "admin.teleport.cursor": 1,
                "admin.restrain.players": 1,
                "admin.strip.player": 1,
                "groups.change.grouplevel": 1,
                "admin.ignore.auditlog_SpawnItem": 1,
                "admin.unban.player": 1,
                "core.change.webhooks": 0,
                "admin.spawn.item_others": 1,
                "admin.spawn.item_self": 1,
                "admin.clear.players": 1,
                "garage.pin.reset": 1,
                "killfeed.change.config": 1,
                "admin.cheat.invisible": 1,
                "groups.ignore.mute": 1,
                "admin.set.unlimited_stamina": 1,
                "spawnsystem.change.house": 1,
                "admin.restrain.player": 1,
                "admin.change.itempresets": 1,
                "groups.change.tagcolor": 1,
                "groups.ignore.timeout": 1,
                "groups.join.group": 1,
                "admin.cheat.unlimitedammo": 1,
                "admin.spectate.player": 1,
                "admin.set.vehicle_godmode_multi": 1,
                "admin.set.freeze_multi": 1,
                "core.teleport.staticplaced": 1,
                "groups.ignore.chatslowmode": 1,
                "admin.kick.immunity": 1,
                "presets.change": 1,
                "admin.cheat.ignore_ai": 1,
                "groups.view.playerpositions": 1,
                "garage.buyconfig.change": 1,
                "admin.ignore.auditlog_Heal": 1,
                "group.ignoretimeout": 1,
                "admin.cheat.action_speedhack": 1
            }
        },
        {
            "name": "Moderator",
            "permissions": {
                "admin.view.auditlog": 0,
                "admin.ignore.auditlog_Login": 1,
                "admin.open.menu": 1,
                "admin.drag.espitem": 0,
                "lootchest.change.positionpools": 0,
                "admin.ignore.auditlog_ServerRestart": 1,
                "groups.change.permmarker": 1,
                "admin.teleport.map": 1,
                "groups.kick": 0,
                "admin.clear.player": 0,
                "admin.remove.watchlist_local": 1,
                "chat.mute": 0,
                "groups.territoryflags.view": 1,
                "chat.prefix.vip": 0,
                "group.permissions.change": 0,
                "core.toggle.adminmode": 1,
                "groups.kick.player": 0,
                "groups.ranks.change": 1,
                "admin.set.invisible_multi": 0,
                "banking.change.atms": 0,
                "admin.set.pristine_hands_multi": 0,
                "admin.use.itempresets": 1,
                "admin.ignore.auditlog_Teleport": 1,
                "core.change.presets": 0,
                "admin.ignore.auditlog_BuildingSet": 1,
                "groups.change.markersettings": 0,
                "admin.kick.player": 1,
                "admin.remove.teleport_positions": 0,
                "groups.change.pages": 0,
                "admin.ignore.auditlog_Kill": 1,
                "admin.kick.players": 0,
                "groups.change.miscconfig": 0,
                "admin.execute.freecam": 0,
                "automarkers.change": 0,
                "spawn.change": 0,
                "hoverloot.change.config": 0,
                "admin.use.3rdperson": 1,
                "admin.globalunban.any_player": 0,
                "admin.set.player_scale": 0,
                "admin.spawn.preset_others": 0,
                "admin.view.playerinfo": 1,
                "groups.change.automarkers": 0,
                "admin.globalban.player": 0,
                "admin.set.unlimited_ammo": 0,
                "admin.vomit.player": 0,
                "admin.ignore.auditlog_Presets": 1,
                "chat.prefix.admin": 0,
                "admin.teleport.back": 1,
                "groups.territory.change": 0,
                "garage.reset.pin": 1,
                "garage.general.change": 0,
                "admin.change.playerstats": 1,
                "spawnsystem.change.beds": 0,
                "channel.admin.use": 1,
                "admin.strip.players": 0,
                "spawnsystem.change.general": 0,
                "garage.static.change": 0,
                "appearance.change": 0,
                "groups.change.chat": 0,
                "garage.change.general": 0,
                "adminmenu.open": 1,
                "core.change.admins": 0,
                "groups.tagcolor.change": 1,
                "admin.view.teleport_positions": 1,
                "core.reload.configs": 0,
                "admin.ignore.auditlog_ConfigSave": 1,
                "admin.edit.buildingset": 0,
                "safezonemarkers.change": 0,
                "lootchest.change.chests": 0,
                "groups.view": 1,
                "admin.heal.others": 0,
                "banking.change.player": 1,
                "groups.change.territory": 0,
                "admin.remove.watchlist_global": 0,
                "admin.set.unlimited_ammo_multi": 0,
                "admin.toggle.sickness": 1,
                "admin.view.playerpositions": 1,
                "groups.build.enemy": 0,
                "admin.repair.vehicle": 1,
                "groups.change.timeout": 0,
                "build.everywhere": 0,
                "configs.reload": 0,
                "admin.ignore.auditlog_Bans": 1,
                "groups.level.change": 1,
                "admin.read.serverinfo": 0,
                "admin.set.no_jam_multi": 0,
                "garage.impound.vehicle": 0,
                "admin.delete.item": 1,
                "admin.ignore.auditlog_Modifier": 1,
                "admin.view.playerlist": 1,
                "admin.ignore.auditlog_Time": 1,
                "group.levels.change": 0,
                "admin.view.active_modifier": 1,
                "admin.vomit.players": 0,
                "banking.moneydrop.online": 0,
                "admin.cheat.fullbright": 0,
                "admin.use.constructioneditor": 0,
                "admin.set.invisible": 0,
                "admin.cheat.esp": 1,
                "admin.add.teleport_positions": 0,
                "marker.perm.change": 1,
                "chat.mute.ignore": 1,
                "marker.temp.change": 1,
                "admin.ignore.auditlog_DeleteItem": 1,
                "admin.remove.watchlist_server": 0,
                "admin.cheat.godmode": 1,
                "admin.ban.player": 0,
                "admin.send.message": 1,
                "groups.timeout.change": 0,
                "core.change.appearancesettings": 0,
                "admin.unban.any_player": 0,
                "groups.change.colors": 0,
                "admin.change.forbidden_items": 0,
                "admin.set.silent_multi": 0,
                "groups.view.groupmarkers": 1,
                "admin.view.sickness": 1,
                "admin.ignore.auditlog_IndexItems": 1,
                "banking.change.creditcards": 0,
                "admin.kill.player": 0,
                "admin.cheat.silent": 1,
                "admin.cheat.tempplayer": 0,
                "groups.teleport.map": 0,
                "groups.delete.group": 0,
                "admin.ignore.auditlog_ESP": 1,
                "groups.change.chatprefix": 1,
                "currencies.change": 0,
                "admin.set.unlimited_stamina_multi": 0,
                "admin.change.weather": 0,
                "groups.view.playerinfo": 1,
                "groups.change.groupsettings": 0,
                "admin.set.action_speedhack_multi": 0,
                "admin.add.watchlist_global": 1,
                "admin.change.bloodyhands": 1,
                "build.limit.ignore": 0,
                "admin.delete.item_noconfirm": 0,
                "admin.ignore.auditlog_Watchlist": 1,
                "garage.access.everyone": 0,
                "admin.ignore.auditlog_PlayerAction": 1,
                "groups.ignore.buildlimit": 0,
                "admin.cheat.godmode_vehicle": 0,
                "nobuild.change": 0,
                "admin.view.target_object_info": 1,
                "admin.toggle.buildingset": 0,
                "admin.ignore.auditlog_ConstructionEdit": 1,
                "groups.change.ranks": 1,
                "groups.change.levels": 0,
                "chat.prefix.owner": 0,
                "admin.kill.players": 0,
                "admin.cheat.no_jam": 0,
                "admin.lock.server": 0,
                "admin.change.time": 0,
                "clan.colors.change": 0,
                "admin.set.pristine_hands": 0,
                "admin.ignore.auditlog_Clear": 1,
                "admin.send.message_multi": 0,
                "groups.view.territoryflags": 1,
                "leaderboard.change.config": 0,
                "admin.ban.immunity": 0,
                "admin.ignore.auditlog_Weather": 1,
                "admin.bring.player": 1,
                "admin.ignore.auditlog_TeleportPosition": 1,
                "admin.use.objectbuilder": 0,
                "groups.change.permissions": 0,
                "admin.set.godmode_multi": 0,
                "core.webhooks.change": 0,
                "admin.set.action_speedhack": 0,
                "admin.view.vehiclepositions": 1,
                "admin.set.vehicle_godmode": 0,
                "admin.heal.self": 1,
                "admin.set.ignore_ai_multi": 0,
                "admin.view.watchlist_local": 1,
                "admin.ignore.auditlog_Logout": 1,
                "admin.set.godmode": 0,
                "garage.change.static": 0,
                "banking.change.general": 0,
                "admin.add.watchlist_server": 1,
                "chat.prefix.change": 1,
                "core.change.icons": 0,
                "admin.add.watchlist_local": 1,
                "lootchest.change.keynames": 0,
                "core.read.players": 0,
                "admin.cheat.unlimited_stamina": 0,
                "groups.view.groups": 1,
                "garage.change.buyconfig": 0,
                "group.mainconfig.change": 0,
                "admin.set.player_scales": 0,
                "garage.check.vehicle_owner": 0,
                "core.change.currencies": 0,
                "admin.ignore.auditlog_Adminmode": 1,
                "admin.ignore.auditlog_Cheat": 1,
                "chat.view": 1,
                "admin.teleport.player": 1,
                "admin.view.watchlist_global": 1,
                "groups.mute.player": 1,
                "chat.slowmode.ignore": 1,
                "admin.ignore.auditlog_Strip": 1,
                "banking.change.group": 1,
                "admin.view.items": 0,
                "core.view.errorlogs": 0,
                "admin.cheat.freecam": 1,
                "admin.set.silent": 0,
                "admin.ignore.auditlog_MessagePlayer": 1,
                "groups.playerinfo.view": 1,
                "admin.set.ignore_ai": 0,
                "chat.change": 0,
                "admin.globalunban.player": 0,
                "icons.change": 0,
                "admin.set.no_jam": 0,
                "groups.delete": 0,
                "groups.change.nobuildzones": 0,
                "admin.spawn.preset": 0,
                "admin.duplicate.item": 1,
                "spawnsystem.change.static": 0,
                "admin.ignore.auditlog_SetScale": 1,
                "admin.ignore.auditlog_SetStat": 1,
                "admin.ignore.auditlog_Spectate": 1,
                "admin.ignore.auditlog_AdminMenu": 1,
                "admin.heal.other": 1,
                "killfeed.change.playercolor": 0,
                "groups.name.change": 1,
                "admin.set.freeze": 0,
                "admin.bring.players": 0,
                "garage.change.impoundconfig": 0,
                "groups.ignore.nobuildzones": 0,
                "admin.change.auditlogsettings": 0,
                "groups.change.groupname": 1,
                "admin.delete.items": 0,
                "admin.lock.ignore": 1,
                "admin.ignore.auditlog_Kick": 1,
                "core.change.logger": 0,
                "admin.cheat.pristinehands": 1,
                "admin.restart.server": 0,
                "admin.view.watchlist_server": 1,
                "groups.change.safezonemarkers": 0,
                "groups.nametags.admin": 1,
                "groups.join": 1,
                "groups.change.tempmarker": 1,
                "admin.ignore.auditlog_ServerLock": 1,
                "admin.ignore.forbidden_items": 0,
                "loadout.change": 0,
                "admin.teleport.cursor": 1,
                "admin.restrain.players": 0,
                "admin.strip.player": 0,
                "groups.change.grouplevel": 1,
                "admin.ignore.auditlog_SpawnItem": 1,
                "admin.unban.player": 0,
                "core.change.webhooks": 0,
                "admin.spawn.item_others": 1,
                "admin.spawn.item_self": 1,
                "admin.clear.players": 0,
                "garage.pin.reset": 1,
                "killfeed.change.config": 0,
                "admin.cheat.invisible": 1,
                "groups.ignore.mute": 1,
                "admin.set.unlimited_stamina": 0,
                "spawnsystem.change.house": 0,
                "admin.restrain.player": 0,
                "admin.change.itempresets": 0,
                "groups.change.tagcolor": 1,
                "groups.ignore.timeout": 0,
                "groups.join.group": 1,
                "admin.cheat.unlimitedammo": 0,
                "admin.spectate.player": 0,
                "admin.set.vehicle_godmode_multi": 0,
                "admin.set.freeze_multi": 0,
                "core.teleport.staticplaced": 0,
                "groups.ignore.chatslowmode": 1,
                "admin.kick.immunity": 0,
                "presets.change": 0,
                "admin.cheat.ignore_ai": 1,
                "groups.view.playerpositions": 1,
                "garage.buyconfig.change": 0,
                "admin.ignore.auditlog_Heal": 1,
                "group.ignoretimeout": 0,
                "admin.cheat.action_speedhack": 0
            }
        },
        {
            "name": "Support",
            "permissions": {
                "admin.view.auditlog": 0,
                "admin.ignore.auditlog_Login": 0,
                "admin.open.menu": 1,
                "admin.drag.espitem": 0,
                "lootchest.change.positionpools": 0,
                "admin.ignore.auditlog_ServerRestart": 0,
                "groups.change.permmarker": 0,
                "admin.teleport.map": 0,
                "groups.kick": 0,
                "admin.clear.player": 0,
                "admin.remove.watchlist_local": 1,
                "chat.mute": 0,
                "groups.territoryflags.view": 0,
                "chat.prefix.vip": 0,
                "group.permissions.change": 0,
                "core.toggle.adminmode": 1,
                "groups.kick.player": 0,
                "groups.ranks.change": 0,
                "admin.set.invisible_multi": 0,
                "banking.change.atms": 0,
                "admin.set.pristine_hands_multi": 0,
                "admin.use.itempresets": 0,
                "admin.ignore.auditlog_Teleport": 0,
                "core.change.presets": 0,
                "admin.ignore.auditlog_BuildingSet": 0,
                "groups.change.markersettings": 0,
                "admin.kick.player": 0,
                "admin.remove.teleport_positions": 0,
                "groups.change.pages": 0,
                "admin.ignore.auditlog_Kill": 0,
                "admin.kick.players": 0,
                "groups.change.miscconfig": 0,
                "admin.execute.freecam": 0,
                "automarkers.change": 0,
                "spawn.change": 0,
                "hoverloot.change.config": 0,
                "admin.use.3rdperson": 0,
                "admin.globalunban.any_player": 0,
                "admin.set.player_scale": 0,
                "admin.spawn.preset_others": 0,
                "admin.view.playerinfo": 1,
                "groups.change.automarkers": 0,
                "admin.globalban.player": 0,
                "admin.set.unlimited_ammo": 0,
                "admin.vomit.player": 0,
                "admin.ignore.auditlog_Presets": 0,
                "chat.prefix.admin": 0,
                "admin.teleport.back": 0,
                "groups.territory.change": 0,
                "garage.reset.pin": 0,
                "garage.general.change": 0,
                "admin.change.playerstats": 0,
                "spawnsystem.change.beds": 0,
                "channel.admin.use": 1,
                "admin.strip.players": 0,
                "spawnsystem.change.general": 0,
                "garage.static.change": 0,
                "appearance.change": 0,
                "groups.change.chat": 0,
                "garage.change.general": 0,
                "adminmenu.open": 1,
                "core.change.admins": 0,
                "groups.tagcolor.change": 0,
                "admin.view.teleport_positions": 0,
                "core.reload.configs": 0,
                "admin.ignore.auditlog_ConfigSave": 0,
                "admin.edit.buildingset": 0,
                "safezonemarkers.change": 0,
                "lootchest.change.chests": 0,
                "groups.view": 1,
                "admin.heal.others": 0,
                "banking.change.player": 0,
                "groups.change.territory": 0,
                "admin.remove.watchlist_global": 0,
                "admin.set.unlimited_ammo_multi": 0,
                "admin.toggle.sickness": 0,
                "admin.view.playerpositions": 0,
                "groups.build.enemy": 0,
                "admin.repair.vehicle": 0,
                "groups.change.timeout": 0,
                "build.everywhere": 0,
                "configs.reload": 0,
                "admin.ignore.auditlog_Bans": 0,
                "groups.level.change": 0,
                "admin.read.serverinfo": 0,
                "admin.set.no_jam_multi": 0,
                "garage.impound.vehicle": 0,
                "admin.delete.item": 0,
                "admin.ignore.auditlog_Modifier": 0,
                "admin.view.playerlist": 1,
                "admin.ignore.auditlog_Time": 0,
                "group.levels.change": 0,
                "admin.view.active_modifier": 1,
                "admin.vomit.players": 0,
                "banking.moneydrop.online": 0,
                "admin.cheat.fullbright": 0,
                "admin.use.constructioneditor": 0,
                "admin.set.invisible": 0,
                "admin.cheat.esp": 0,
                "admin.add.teleport_positions": 0,
                "marker.perm.change": 0,
                "chat.mute.ignore": 1,
                "marker.temp.change": 0,
                "admin.ignore.auditlog_DeleteItem": 0,
                "admin.remove.watchlist_server": 0,
                "admin.cheat.godmode": 0,
                "admin.ban.player": 0,
                "admin.send.message": 0,
                "groups.timeout.change": 0,
                "core.change.appearancesettings": 0,
                "admin.unban.any_player": 0,
                "groups.change.colors": 0,
                "admin.change.forbidden_items": 0,
                "admin.set.silent_multi": 0,
                "groups.view.groupmarkers": 1,
                "admin.view.sickness": 1,
                "admin.ignore.auditlog_IndexItems": 0,
                "banking.change.creditcards": 0,
                "admin.kill.player": 0,
                "admin.cheat.silent": 0,
                "admin.cheat.tempplayer": 0,
                "groups.teleport.map": 0,
                "groups.delete.group": 0,
                "admin.ignore.auditlog_ESP": 0,
                "groups.change.chatprefix": 0,
                "currencies.change": 0,
                "admin.set.unlimited_stamina_multi": 0,
                "admin.change.weather": 0,
                "groups.view.playerinfo": 1,
                "groups.change.groupsettings": 0,
                "admin.set.action_speedhack_multi": 0,
                "admin.add.watchlist_global": 0,
                "admin.change.bloodyhands": 0,
                "build.limit.ignore": 0,
                "admin.delete.item_noconfirm": 0,
                "admin.ignore.auditlog_Watchlist": 0,
                "garage.access.everyone": 0,
                "admin.ignore.auditlog_PlayerAction": 0,
                "groups.ignore.buildlimit": 0,
                "admin.cheat.godmode_vehicle": 0,
                "nobuild.change": 0,
                "admin.view.target_object_info": 0,
                "admin.toggle.buildingset": 0,
                "admin.ignore.auditlog_ConstructionEdit": 0,
                "groups.change.ranks": 0,
                "groups.change.levels": 0,
                "chat.prefix.owner": 0,
                "admin.kill.players": 0,
                "admin.cheat.no_jam": 0,
                "admin.lock.server": 0,
                "admin.change.time": 0,
                "clan.colors.change": 0,
                "admin.set.pristine_hands": 0,
                "admin.ignore.auditlog_Clear": 0,
                "admin.send.message_multi": 0,
                "groups.view.territoryflags": 0,
                "leaderboard.change.config": 0,
                "admin.ban.immunity": 0,
                "admin.ignore.auditlog_Weather": 0,
                "admin.bring.player": 0,
                "admin.ignore.auditlog_TeleportPosition": 0,
                "admin.use.objectbuilder": 0,
                "groups.change.permissions": 0,
                "admin.set.godmode_multi": 0,
                "core.webhooks.change": 0,
                "admin.set.action_speedhack": 0,
                "admin.view.vehiclepositions": 0,
                "admin.set.vehicle_godmode": 0,
                "admin.heal.self": 0,
                "admin.set.ignore_ai_multi": 0,
                "admin.view.watchlist_local": 1,
                "admin.ignore.auditlog_Logout": 0,
                "admin.set.godmode": 0,
                "garage.change.static": 0,
                "banking.change.general": 0,
                "admin.add.watchlist_server": 0,
                "chat.prefix.change": 0,
                "core.change.icons": 0,
                "admin.add.watchlist_local": 1,
                "lootchest.change.keynames": 0,
                "core.read.players": 0,
                "admin.cheat.unlimited_stamina": 0,
                "groups.view.groups": 1,
                "garage.change.buyconfig": 0,
                "group.mainconfig.change": 0,
                "admin.set.player_scales": 0,
                "garage.check.vehicle_owner": 0,
                "core.change.currencies": 0,
                "admin.ignore.auditlog_Adminmode": 0,
                "admin.ignore.auditlog_Cheat": 0,
                "chat.view": 1,
                "admin.teleport.player": 0,
                "admin.view.watchlist_global": 0,
                "groups.mute.player": 1,
                "chat.slowmode.ignore": 1,
                "admin.ignore.auditlog_Strip": 0,
                "banking.change.group": 0,
                "admin.view.items": 0,
                "core.view.errorlogs": 0,
                "admin.cheat.freecam": 0,
                "admin.set.silent": 0,
                "admin.ignore.auditlog_MessagePlayer": 0,
                "groups.playerinfo.view": 1,
                "admin.set.ignore_ai": 0,
                "chat.change": 0,
                "admin.globalunban.player": 0,
                "icons.change": 0,
                "admin.set.no_jam": 0,
                "groups.delete": 0,
                "groups.change.nobuildzones": 0,
                "admin.spawn.preset": 0,
                "admin.duplicate.item": 0,
                "spawnsystem.change.static": 0,
                "admin.ignore.auditlog_SetScale": 0,
                "admin.ignore.auditlog_SetStat": 0,
                "admin.ignore.auditlog_Spectate": 0,
                "admin.ignore.auditlog_AdminMenu": 0,
                "admin.heal.other": 0,
                "killfeed.change.playercolor": 0,
                "groups.name.change": 0,
                "admin.set.freeze": 0,
                "admin.bring.players": 0,
                "garage.change.impoundconfig": 0,
                "groups.ignore.nobuildzones": 0,
                "admin.change.auditlogsettings": 0,
                "groups.change.groupname": 0,
                "admin.delete.items": 0,
                "admin.lock.ignore": 0,
                "admin.ignore.auditlog_Kick": 0,
                "core.change.logger": 0,
                "admin.cheat.pristinehands": 0,
                "admin.restart.server": 0,
                "admin.view.watchlist_server": 0,
                "groups.change.safezonemarkers": 0,
                "groups.nametags.admin": 1,
                "groups.join": 0,
                "groups.change.tempmarker": 0,
                "admin.ignore.auditlog_ServerLock": 0,
                "admin.ignore.forbidden_items": 0,
                "loadout.change": 0,
                "admin.teleport.cursor": 0,
                "admin.restrain.players": 0,
                "admin.strip.player": 0,
                "groups.change.grouplevel": 0,
                "admin.ignore.auditlog_SpawnItem": 0,
                "admin.unban.player": 0,
                "core.change.webhooks": 0,
                "admin.spawn.item_others": 0,
                "admin.spawn.item_self": 0,
                "admin.clear.players": 0,
                "garage.pin.reset": 0,
                "killfeed.change.config": 0,
                "admin.cheat.invisible": 0,
                "groups.ignore.mute": 1,
                "admin.set.unlimited_stamina": 0,
                "spawnsystem.change.house": 0,
                "admin.restrain.player": 0,
                "admin.change.itempresets": 0,
                "groups.change.tagcolor": 0,
                "groups.ignore.timeout": 0,
                "groups.join.group": 0,
                "admin.cheat.unlimitedammo": 0,
                "admin.spectate.player": 0,
                "admin.set.vehicle_godmode_multi": 0,
                "admin.set.freeze_multi": 0,
                "core.teleport.staticplaced": 0,
                "groups.ignore.chatslowmode": 1,
                "admin.kick.immunity": 0,
                "presets.change": 0,
                "admin.cheat.ignore_ai": 0,
                "groups.view.playerpositions": 1,
                "garage.buyconfig.change": 0,
                "admin.ignore.auditlog_Heal": 0,
                "group.ignoretimeout": 0,
                "admin.cheat.action_speedhack": 0
            }
        }
    ]
}