{
  "version": 3,
  "webhooks": [
    {
      "enabled": 1,
      "description": "Discord",
      "webhookURL": "https://discord.gg/BdMzQMFkSU",
      "webhookMessages": [],
      "steamidFilter": [],
      "overwrittenMessages": {}
    },
    {
      "enabled": 1,
      "description": "PayPal",
      "webhookURL": "https://paypal.me/breakingpointuk",
      "webhookMessages": [],
      "steamidFilter": [],
      "overwrittenMessages": {}
    },
    {
      "enabled": 1,
      "description": "killfeed",
      "webhookURL": "https://discord.com/api/webhooks/1353418821482053642/vck8HMYf3VxGlj7a8aLnNrAGCYwBqfpzfrRZInuD--W6M3jbExIsEHNww20V5Z3l-35Y",
      "webhookMessages": [
        "Kill_ANIMAL",
        "Kill_ANY",
        "Kill_ANY_PLAYER",
        "Kill_BLEEDING",
        "Kill_DROWNING",
        "Kill_FALL",
        "Kill_GRENADE",
        "Kill_HANDS",
        "Kill_MELEE",
        "Kill_STARVATION",
        "Kill_SUICIDE",
        "Kill_TRAP",
        "Kill_UNKNOWN",
        "Kill_VEHICLE",
        "Kill_WEAPON",
        "Kill_ZOMBIE",
        "Teamkill"
      ],
      "steamidFilter": [],
      "overwrittenMessages": {}
    }
  ],
  "webhookMessages": {
    "TeleportPositionRemoved": {
      "message": "{\"embeds\":[{\"title\":\"Teleport Position Removed\",\"description\":\"\",\"color\":16711680,\"footer\":{\"text\":\"\"},\"author\":{\"name\":\"\"},\"fields\":[{\"name\":\"Admin\",\"value\":\"[$$1$$](https://steamcommunity.com/profiles/$$2$$)\",\"inline\":true},{\"name\":\"Name\",\"value\":\"$$3$$\",\"inline\":true},{\"name\":\"Added By\",\"value\":\"$$4$$\",\"inline\":true},{\"name\":\"Position\",\"value\":\"$$5$$, $$6$$, $$7$$\",\"inline\":true}]}],\"content\":\"\"}"
    },
    "Status_Startup": {
      "message": "{\"embeds\":[{\"title\":\"Server Started\",\"description\":\"$$1$$\",\"color\":65280,\"author\":{\"name\":\"Server Status\"},\"fields\":[{\"name\":\"Max Players\",\"value\":\"$$2$$\",\"inline\":true},{\"name\":\"Map\",\"value\":\"$$3$$\",\"inline\":true},{\"name\":\"IP\",\"value\":\"$$4$$:$$5$$\",\"inline\":true},{\"name\":\"Boot Time\",\"value\":\"$$6$$\",\"inline\":true}]}],\"content\":\"\"}"
    },
    "GarageSpawnareaSet": {
      "message": "{\"embeds\":[{\"type\":\"rich\",\"title\":\"Player Garage Spawnarea set\",\"description\":\"The Spawnarea of the Garage at X:$$3$$ Y:$$4$$ Z:$$5$$ was placed at X:$$6$$ Y:$$7$$ Z:$$8$$\",\"color\":65280,\"fields\":[{\"name\":\"Player\",\"value\":\"[$$1$$](https:\\/\\/steamcommunity.com\\/profiles\\/$$2$$)\",\"inline\":true},{\"name\":\"Garage ID\",\"value\":\"$$9$$\",\"inline\":true}]}],\"allowed_mentions\":{\"parse\":[]}}"
    },
    "KilledPlayer": {
      "message": "{\"embeds\":[{\"title\":\"Killed Player\",\"description\":\"\",\"color\":16711680,\"footer\":{\"text\":\"\"},\"author\":{\"name\":\"\"},\"fields\":[{\"name\":\"Admin\",\"value\":\"[$$1$$](https://steamcommunity.com/profiles/$$2$$)\",\"inline\":true},{\"name\":\"Player\",\"value\":\"[$$3$$](https://steamcommunity.com/profiles/$$4$$)\",\"inline\":true}]}],\"content\":\"\"}"
    },
    "Kill_SUICIDE": {
      "message": "{\"embeds\":[{\"type\":\"rich\",\"title\":\"A Player commited suicide\",\"description\":\"\",\"color\":16711680,\"fields\":[{\"name\":\"Player\",\"value\":\"[$$1$$](https:\\/\\/steamcommunity.com\\/profiles\\/$$2$$)\",\"inline\":true}],\"thumbnail\":{\"url\":\"https:\\/\\/lbmaster.de\\/killfeed\\/icons\\/SUICIDE.png\",\"height\":50,\"width\":50}}],\"allowed_mentions\":{\"parse\":[]}}"
    },
    "TeleportPositionAdded": {
      "message": "{\"embeds\":[{\"title\":\"Teleport Position Added\",\"description\":\"\",\"color\":65280,\"footer\":{\"text\":\"\"},\"author\":{\"name\":\"\"},\"fields\":[{\"name\":\"Admin\",\"value\":\"[$$1$$](https://steamcommunity.com/profiles/$$2$$)\",\"inline\":true},{\"name\":\"Name\",\"value\":\"$$3$$\",\"inline\":true},{\"name\":\"Position\",\"value\":\"$$4$$, $$5$$, $$6$$\",\"inline\":true}]}],\"content\":\"\"}"
    },
    "BuildingSetSaved": {
      "message": "{\"embeds\":[{\"title\":\"Building Set Saved\",\"description\":\"\",\"color\":65280,\"fields\":[{\"name\":\"Admin\",\"value\":\"[$$1$$](https://steamcommunity.com/profiles/$$2$$)\",\"inline\":true},{\"name\":\"Building Set\",\"value\":\"$$3$$\",\"inline\":true},{\"name\":\"Object Count\",\"value\":\"$$4$$\",\"inline\":true}]}],\"content\":\"\"}"
    },
    "TeleportPositionChanged": {
      "message": "{\"embeds\":[{\"title\":\"Teleport Position Changed\",\"description\":\"\",\"color\":16744512,\"footer\":{\"text\":\"\"},\"author\":{\"name\":\"\"},\"fields\":[{\"name\":\"Admin\",\"value\":\"[$$1$$](https://steamcommunity.com/profiles/$$2$$)\",\"inline\":true},{\"name\":\"Name\",\"value\":\"$$3$$\",\"inline\":true},{\"name\":\"Added By\",\"value\":\"$$4$$\",\"inline\":true},{\"name\":\"Position\",\"value\":\"$$5$$, $$6$$, $$7$$\",\"inline\":true}]}],\"content\":\"\"}"
    },
    "GlobalMarkerChanged": {
      "message": "{\"embeds\":[{\"type\":\"rich\",\"title\":\"Global Marker Edited\",\"description\":\"\",\"color\":16776960,\"fields\":[{\"name\":\"Admin\",\"value\":\"[$$1$$](https:\\/\\/steamcommunity.com\\/profiles\\/$$2$$)\",\"inline\":true},{\"name\":\"Old Name\",\"value\":\"$$3$$\",\"inline\":true},{\"name\":\"New Name\",\"value\":\"$$4$$\",\"inline\":true},{\"name\":\"New Position\",\"value\":\"X: $$5$$ Y: $$6$$ Z: $$7$$\"}]}],\"allowed_mentions\":{\"parse\":[]}}"
    },
    "GarageWrongPinEntered": {
      "message": "{\"embeds\":[{\"type\":\"rich\",\"title\":\"Garage Wrong Pin entered\",\"description\":\"Player entered wrong pin for garage at X:$$3$$ Y:$$4$$ Z:$$5$$\",\"color\":16711680,\"fields\":[{\"name\":\"Player\",\"value\":\"[$$1$$](https:\\/\\/steamcommunity.com\\/profiles\\/$$2$$)\",\"inline\":true},{\"name\":\"Garage ID\",\"value\":\"$$6$$\",\"inline\":true},{\"name\":\"Attempt\",\"value\":\"$$7$$\",\"inline\":true}]}],\"allowed_mentions\":{\"parse\":[]}}"
    },
    "ModifierEnabledSelf": {
      "message": "{\"embeds\":[{\"title\":\"Modifier Enabled Self\",\"description\":\"\",\"color\":65280,\"footer\":{\"text\":\"\"},\"author\":{\"name\":\"\"},\"fields\":[{\"name\":\"Admin\",\"value\":\"[$$1$$](https://steamcommunity.com/profiles/$$2$$)\",\"inline\":true},{\"name\":\"Modifier\",\"value\":\"$$3$$\",\"inline\":true}]}],\"content\":\"\"}"
    },
    "GroupKick": {
      "message": "{\"embeds\":[{\"type\":\"rich\",\"title\":\"Player kicked from their Group\",\"description\":\"\",\"color\":65280,\"fields\":[{\"name\":\"Kicked by\",\"value\":\"[$$5$$](https:\\/\\/steamcommunity.com\\/profiles\\/$$6$$)\",\"inline\":true},{\"name\":\"Group Name\",\"value\":\"$$3$$\",\"inline\":true},{\"name\":\"Group Tag\",\"value\":\"$$4$$\",\"inline\":true},{\"name\":\"Player\",\"value\":\"[$$1$$](https:\\/\\/steamcommunity.com\\/profiles\\/$$2$$)\",\"inline\":true}]}],\"allowed_mentions\":{\"parse\":[]}}"
    },
    "WatchlistAddedGlobal": {
      "message": "{\"embeds\":[{\"title\":\"Global Watchlist Added\",\"description\":\"\",\"color\":65280,\"footer\":{\"text\":\"\"},\"author\":{\"name\":\"\"},\"fields\":[{\"name\":\"Admin\",\"value\":\"[$$1$$](https://steamcommunity.com/profiles/$$2$$)\",\"inline\":true},{\"name\":\"Player\",\"value\":\"[$$3$$](https://steamcommunity.com/profiles/$$4$$)\",\"inline\":true},{\"name\":\"Reason\",\"value\":\"$$5$$\",\"inline\":true}]}],\"content\":\"\"}"
    },
    "ATMDepositCreditcard": {
      "message": "{\"embeds\":[{\"type\":\"rich\",\"title\":\"Money deposited to Credit Card\",\"description\":\"\",\"color\":65535,\"fields\":[{\"name\":\"Player\",\"value\":\"[$$1$$](https:\\/\\/steamcommunity.com\\/profiles\\/$$2$$)\",\"inline\":true},{\"name\":\"Money before\",\"value\":\"$$3$$\",\"inline\":true},{\"name\":\"Money deposited\",\"value\":\"$$5$$\",\"inline\":true},{\"name\":\"Money after\",\"value\":\"$$4$$\",\"inline\":true},{\"name\":\"Credit Card ID\",\"value\":\"$$6$$\",\"inline\":true}]}],\"allowed_mentions\":{\"parse\":[]}}"
    },
    "BanPlayerGlobal": {
      "message": "{\"embeds\":[{\"title\":\"Player Global Banned\",\"description\":\"\",\"color\":16711680,\"footer\":{\"text\":\"\"},\"author\":{\"name\":\"\"},\"fields\":[{\"name\":\"Admin\",\"value\":\"[$$1$$](https://steamcommunity.com/profiles/$$2$$)\",\"inline\":true},{\"name\":\"Target\",\"value\":\"[$$3$$](https://steamcommunity.com/profiles/$$4$$)\",\"inline\":true},{\"name\":\"Reason\",\"value\":\"$$5$$\",\"inline\":true},{\"name\":\"Duration\",\"value\":\"$$6$$\",\"inline\":true},{\"name\":\"Comment\",\"value\":\"$$7$$\",\"inline\":true}]}],\"content\":\"\"}"
    },
    "GroupPromoteLeaderAdmin": {
      "message": "{\"embeds\":[{\"type\":\"rich\",\"title\":\"Admin Promoted player to Leader\",\"description\":\"\",\"color\":65280,\"fields\":[{\"name\":\"Admin\",\"value\":\"[$$7$$](https:\\/\\/steamcommunity.com\\/profiles\\/$$8$$)\",\"inline\":true},{\"name\":\"Group Name\",\"value\":\"$$5$$\",\"inline\":true},{\"name\":\"Group Tag\",\"value\":\"$$6$$\",\"inline\":true},{\"name\":\"Player\",\"value\":\"[$$1$$](https:\\/\\/steamcommunity.com\\/profiles\\/$$2$$)\",\"inline\":true},{\"name\":\"Old Rank\",\"value\":\"$$3$$\",\"inline\":true},{\"name\":\"New Rank\",\"value\":\"$$4$$\",\"inline\":true}]}],\"allowed_mentions\":{\"parse\":[]}}"
    },
    "KickPlayers": {
      "message": "{\"embeds\":[{\"title\":\"Player Kicked\",\"description\":\"\",\"color\":16711680,\"footer\":{\"text\":\"\"},\"author\":{\"name\":\"\"},\"fields\":[{\"name\":\"Admin\",\"value\":\"[$$1$$](https://steamcommunity.com/profiles/$$2$$)\",\"inline\":true},{\"name\":\"Player Count\",\"value\":\"$$3$$\",\"inline\":true},{\"name\":\"Reason\",\"value\":\"$$4$$\",\"inline\":true}]}],\"content\":\"\"}"
    },
    "TeleportedBackPlayers": {
      "message": "{\"embeds\":[{\"title\":\"Brought back players\",\"description\":\"\",\"color\":8454143,\"footer\":{\"text\":\"\"},\"author\":{\"name\":\"\"},\"fields\":[{\"name\":\"Admin\",\"value\":\"[$$1$$](https://steamcommunity.com/profiles/$$2$$)\",\"inline\":true},{\"name\":\"Player Count\",\"value\":\"$$3$$\",\"inline\":true},{\"name\":\"Player List\",\"value\":\"$$4$$\",\"inline\":true}]}],\"content\":\"\"}"
    },
    "BuildingSetRenamed": {
      "message": "{\"embeds\":[{\"title\":\"Building Set Renamed\",\"description\":\"\",\"color\":16744512,\"fields\":[{\"name\":\"Admin\",\"value\":\"[$$1$$](https://steamcommunity.com/profiles/$$2$$)\",\"inline\":true},{\"name\":\"Old Name\",\"value\":\"$$3$$\",\"inline\":true},{\"name\":\"New Name\",\"value\":\"$$4$$\",\"inline\":true}]}],\"content\":\"\"}"
    },
    "Kill_ANY_PLAYER": {
      "message": "{\"embeds\":[{\"type\":\"rich\",\"title\":\"$$1$$ was killed by $$2$$ with $$3$$ from a distance of $$4$$\",\"description\":\"\",\"color\":16711680}],\"allowed_mentions\":{\"parse\":[]}}"
    },
    "SleepingbagPacked": {
      "message": "{\"embeds\":[{\"type\":\"rich\",\"title\":\"Sleepingbag Packed\",\"description\":\"A sleepingbag was packed at X:$$4$$ Y:$$5$$ Z:$$6$$\",\"color\":65280,\"fields\":[{\"name\":\"Packer\",\"value\":\"[$$2$$](https:\\/\\/steamcommunity.com\\/profiles\\/$$3$$)\",\"inline\":true},{\"name\":\"Bag ID\",\"value\":\"$$7$$\",\"inline\":true},{\"name\":\"Owner\",\"value\":\"[$$1$$](https:\\/\\/steamcommunity.com\\/profiles\\/$$1$$)\",\"inline\":true}]}],\"allowed_mentions\":{\"parse\":[]}}"
    },
    "BuildingSetDeleted": {
      "message": "{\"embeds\":[{\"title\":\"Building Set Deleted\",\"description\":\"\",\"color\":16711680,\"fields\":[{\"name\":\"Admin\",\"value\":\"[$$1$$](https://steamcommunity.com/profiles/$$2$$)\",\"inline\":true},{\"name\":\"Name\",\"value\":\"$$3$$\",\"inline\":true},{\"name\":\"Objects\",\"value\":\"$$4$$\",\"inline\":true}]}],\"content\":\"\"}"
    },
    "WeatherChanged": {
      "message": "{\"embeds\":[{\"title\":\"Changed Weather\",\"description\":\"\",\"color\":8454143,\"footer\":{\"text\":\"\"},\"author\":{\"name\":\"\"},\"fields\":[{\"name\":\"Admin\",\"value\":\"[$$1$$](https://steamcommunity.com/profiles/$$2$$)\",\"inline\":true},{\"name\":\"From\",\"value\":\"$$3$$\",\"inline\":true},{\"name\":\"To\",\"value\":\"$$4$$\",\"inline\":true}]}],\"content\":\"\"}"
    },
    "UpdateBanPlayer": {
      "message": "{\"embeds\":[{\"title\":\"Ban updated\",\"description\":\"\",\"color\":16711680,\"footer\":{\"text\":\"\"},\"author\":{\"name\":\"\"},\"fields\":[{\"name\":\"Admin\",\"value\":\"[$$1$$](https://steamcommunity.com/profiles/$$2$$)\",\"inline\":true},{\"name\":\"Target\",\"value\":\"[$$3$$](https://steamcommunity.com/profiles/$$4$$)\",\"inline\":true},{\"name\":\"Reason\",\"value\":\"$$5$$\",\"inline\":true},{\"name\":\"Duration\",\"value\":\"$$6$$\",\"inline\":true},{\"name\":\"Comment\",\"value\":\"$$7$$\",\"inline\":true}]}],\"content\":\"\"}"
    },
    "ServerLocked": {
      "message": "{\"embeds\":[{\"title\":\"Server Locked\",\"description\":\"\",\"color\":16711680,\"footer\":{\"text\":\"\"},\"author\":{\"name\":\"\"},\"fields\":[{\"name\":\"Admin\",\"value\":\"[$$1$$](https://steamcommunity.com/profiles/$$2$$)\",\"inline\":true},{\"name\":\"Reason\",\"value\":\"$$3$$\",\"inline\":true}]}],\"content\":\"\"}"
    },
    "ATMResetRobbers": {
      "message": "{\"embeds\":[{\"type\":\"rich\",\"title\":\"Admin reset robber info at ATM\",\"description\":\"\",\"color\":65280,\"fields\":[{\"name\":\"Admin\",\"value\":\"[$$1$$](https:\\/\\/steamcommunity.com\\/profiles\\/$$2$$)\",\"inline\":true},{\"name\":\"Name\",\"value\":\"$$3$$\",\"inline\":true},{\"name\":\"Position\",\"value\":\"X: $$4$$ Y: $$5$$ Z: $$6$$\",\"inline\":true}]}],\"allowed_mentions\":{\"parse\":[]}}"
    },
    "Kill_ANIMAL": {
      "message": "{\"embeds\":[{\"type\":\"rich\",\"title\":\"A Player was killed by an Animal\",\"description\":\"\",\"color\":16711680,\"fields\":[{\"name\":\"Player\",\"value\":\"[$$1$$](https:\\/\\/steamcommunity.com\\/profiles\\/$$2$$)\",\"inline\":true},{\"name\":\"Animal\",\"value\":\"$$3$$\",\"inline\":true}],\"thumbnail\":{\"url\":\"https:\\/\\/lbmaster.de\\/killfeed\\/icons\\/ANIMAL.png\",\"height\":50,\"width\":50}}],\"allowed_mentions\":{\"parse\":[]}}"
    },
    "ModifierEnabledFors": {
      "message": "{\"embeds\":[{\"title\":\"Modifier Enabled For\",\"description\":\"\",\"color\":65280,\"footer\":{\"text\":\"\"},\"author\":{\"name\":\"\"},\"fields\":[{\"name\":\"Admin\",\"value\":\"[$$1$$](https://steamcommunity.com/profiles/$$2$$)\",\"inline\":true},{\"name\":\"Modifier\",\"value\":\"$$3$$\",\"inline\":true},{\"name\":\"Player Count\",\"value\":\"$$4$$\",\"inline\":true},{\"name\":\"Player List\",\"value\":\"$$5$$\",\"inline\":true}]}],\"content\":\"\"}"
    },
    "VehicleSold": {
      "message": "{\"embeds\":[{\"type\":\"rich\",\"title\":\"Vehicle Sold\",\"description\":\"\",\"color\":16711680,\"fields\":[{\"name\":\"Player\",\"value\":\"[$$1$$](https:\\/\\/steamcommunity.com\\/profiles\\/$$2$$)\",\"inline\":true},{\"name\":\"Vehicle\",\"value\":\"$$3$$\",\"inline\":true},{\"name\":\"Vehicle ID\",\"value\":\"$$5$$\",\"inline\":true},{\"name\":\"Trader ID\",\"value\":\"$$4$$\",\"inline\":true},{\"name\":\"Time in Garage\",\"value\":\"$$7$$\",\"inline\":true},{\"name\":\"Price\",\"value\":\"$$8$$\",\"inline\":true}]}],\"allowed_mentions\":{\"parse\":[]}}"
    },
    "Chat_Admin": {
      "message": "{\"embeds\":[{\"type\":\"rich\",\"title\":\"Admin Chat\",\"description\":\"[$$1$$](https:\\/\\/steamcommunity.com\\/profiles\\/$$2$$): $$3$$\",\"color\":$$4$$}],\"allowed_mentions\":{\"parse\":[]}}"
    },
    "StripPlayers": {
      "message": "{\"embeds\":[{\"title\":\"Stripped Player Clothing\",\"description\":\"\",\"color\":16711680,\"footer\":{\"text\":\"\"},\"author\":{\"name\":\"\"},\"fields\":[{\"name\":\"Admin\",\"value\":\"[$$1$$](https://steamcommunity.com/profiles/$$2$$)\",\"inline\":true},{\"name\":\"Player Count\",\"value\":\"$$3$$\",\"inline\":true},{\"name\":\"Player List\",\"value\":\"$$4$$\",\"inline\":true}]}],\"content\":\"\"}"
    },
    "Kill_MELEE": {
      "message": "{\"embeds\":[{\"type\":\"rich\",\"title\":\"A Player was killed with a melee weapon\",\"description\":\"\",\"color\":16711680,\"fields\":[{\"name\":\"Victim\",\"value\":\"[$$1$$](https:\\/\\/steamcommunity.com\\/profiles\\/$$2$$)\",\"inline\":true},{\"name\":\"Killer\",\"value\":\"[$$3$$](https:\\/\\/steamcommunity.com\\/profiles\\/$$4$$)\",\"inline\":true},{\"name\":\"Weapon\",\"value\":\"$$5$$\"}],\"thumbnail\":{\"url\":\"https:\\/\\/lbmaster.de\\/killfeed\\/icons\\/MELEE.png\",\"height\":50,\"width\":50}}],\"allowed_mentions\":{\"parse\":[]}}"
    },
    "ServerUnlocked": {
      "message": "{\"embeds\":[{\"title\":\"Server Unlocked\",\"description\":\"\",\"color\":16744512,\"footer\":{\"text\":\"\"},\"author\":{\"name\":\"\"},\"fields\":[{\"name\":\"Admin\",\"value\":\"[$$1$$](https://steamcommunity.com/profiles/$$2$$)\",\"inline\":true}]}],\"content\":\"\"}"
    },
    "ModifierDisabledFor": {
      "message": "{\"embeds\":[{\"title\":\"Modifier Disabled For\",\"description\":\"\",\"color\":16711680,\"footer\":{\"text\":\"\"},\"author\":{\"name\":\"\"},\"fields\":[{\"name\":\"Admin\",\"value\":\"[$$1$$](https://steamcommunity.com/profiles/$$2$$)\",\"inline\":true},{\"name\":\"Modifier\",\"value\":\"$$3$$\",\"inline\":true},{\"name\":\"Target Player\",\"value\":\"[$$4$$](https://steamcommunity.com/profiles/$$5$$)\",\"inline\":true}]}],\"content\":\"\"}"
    },
    "Kill_GRENADE": {
      "message": "{\"embeds\":[{\"type\":\"rich\",\"title\":\"A Player was killed with a grenade\",\"description\":\"\",\"color\":16711680,\"fields\":[{\"name\":\"Victim\",\"value\":\"[$$1$$](https:\\/\\/steamcommunity.com\\/profiles\\/$$2$$)\",\"inline\":true},{\"name\":\"Killer\",\"value\":\"[$$3$$](https:\\/\\/steamcommunity.com\\/profiles\\/$$4$$)\",\"inline\":true}],\"thumbnail\":{\"url\":\"https:\\/\\/lbmaster.de\\/killfeed\\/icons\\/GRENADE.png\",\"height\":50,\"width\":50}}],\"allowed_mentions\":{\"parse\":[]}}"
    },
    "ATMEdited": {
      "message": "{\"embeds\":[{\"type\":\"rich\",\"title\":\"Admin Edited ATM settings\",\"description\":\"\",\"color\":16776960,\"fields\":[{\"name\":\"Admin\",\"value\":\"[$$1$$](https:\\/\\/steamcommunity.com\\/profiles\\/$$2$$)\",\"inline\":true},{\"name\":\"Location\",\"value\":\"$$3$$\",\"inline\":true},{\"name\":\"Position\",\"value\":\"X: $$4$$ Y: $$5$$ Z: $$6$$\",\"inline\":true}]}],\"allowed_mentions\":{\"parse\":[]}}"
    },
    "KickPlayer": {
      "message": "{\"embeds\":[{\"title\":\"Players Kicked\",\"description\":\"\",\"color\":16711680,\"footer\":{\"text\":\"\"},\"author\":{\"name\":\"\"},\"fields\":[{\"name\":\"Admin\",\"value\":\"[$$1$$](https://steamcommunity.com/profiles/$$2$$)\",\"inline\":true},{\"name\":\"Target\",\"value\":\"[$$3$$](https://steamcommunity.com/profiles/$$4$$)\",\"inline\":true},{\"name\":\"Reason\",\"value\":\"$$5$$\",\"inline\":true}]}],\"content\":\"\"}"
    },
    "TeleportedHerePlayers": {
      "message": "{\"embeds\":[{\"title\":\"Brought players here\",\"description\":\"\",\"color\":8454143,\"footer\":{\"text\":\"\"},\"author\":{\"name\":\"\"},\"fields\":[{\"name\":\"Admin\",\"value\":\"[$$1$$](https://steamcommunity.com/profiles/$$2$$)\",\"inline\":true},{\"name\":\"Player Count\",\"value\":\"$$3$$\",\"inline\":true},{\"name\":\"To\",\"value\":\"$$4$$, $$5$$, $$6$$\",\"inline\":true},{\"name\":\"Player List\",\"value\":\"$$7$$\",\"inline\":true}]}],\"content\":\"\"}"
    },
    "CreditCardPinChanged": {
      "message": "{\"embeds\":[{\"type\":\"rich\",\"title\":\"Credit Card Pin Changed\",\"description\":\"\",\"color\":16776960,\"fields\":[{\"name\":\"Player\",\"value\":\"[$$1$$](https:\\/\\/steamcommunity.com\\/profiles\\/$$2$$)\",\"inline\":true},{\"name\":\"Credit Card ID\",\"value\":\"$$3$$\",\"inline\":true},{\"name\":\"Old Pin\",\"value\":\"$$4$$\",\"inline\":true},{\"name\":\"New Pin\",\"value\":\"$$5$$\",\"inline\":true}]}],\"allowed_mentions\":{\"parse\":[]}}"
    },
    "Kill_VEHICLE": {
      "message": "{\"embeds\":[{\"type\":\"rich\",\"title\":\"A Player was killed by a vehicle\",\"description\":\"\",\"color\":16711680,\"fields\":[{\"name\":\"Victim\",\"value\":\"[$$1$$](https:\\/\\/steamcommunity.com\\/profiles\\/$$2$$)\",\"inline\":true},{\"name\":\"Driver\",\"value\":\"[$$3$$](https:\\/\\/steamcommunity.com\\/profiles\\/$$4$$)\",\"inline\":true},{\"name\":\"Vehicle\",\"value\":\"$$5$$\",\"inline\":true}],\"thumbnail\":{\"url\":\"https:\\/\\/lbmaster.de\\/killfeed\\/icons\\/VEHICLE.png\",\"height\":50,\"width\":50}}],\"allowed_mentions\":{\"parse\":[]}}"
    },
    "TimeChanged": {
      "message": "{\"embeds\":[{\"title\":\"Changed Time\",\"description\":\"\",\"color\":8454143,\"footer\":{\"text\":\"\"},\"author\":{\"name\":\"\"},\"fields\":[{\"name\":\"Admin\",\"value\":\"[$$1$$](https://steamcommunity.com/profiles/$$2$$)\",\"inline\":true},{\"name\":\"From\",\"value\":\"$$3$$\",\"inline\":true},{\"name\":\"To\",\"value\":\"$$4$$\",\"inline\":true}]}],\"content\":\"\"}"
    },
    "Chat_Direct": {
      "message": "{\"embeds\":[{\"type\":\"rich\",\"title\":\"Direct Chat\",\"description\":\"[$$1$$](https:\\/\\/steamcommunity.com\\/profiles\\/$$2$$): $$3$$\",\"color\":$$4$$}],\"allowed_mentions\":{\"parse\":[]}}"
    },
    "SpawnPlayerAtSleepingbag": {
      "message": "{\"embeds\":[{\"type\":\"rich\",\"title\":\"Player Spawned at Sleeping Bag\",\"description\":\"\",\"color\":65280,\"fields\":[{\"name\":\"Player\",\"value\":\"[$$1$$](https:\\/\\/steamcommunity.com\\/profiles\\/$$2$$)\",\"inline\":true},{\"name\":\"Bag ID\",\"value\":\"$$3$$\",\"inline\":true},{\"name\":\"Exact Coords\",\"value\":\"X:$$4$$ Y:$$5$$ Z:$$6$$\",\"inline\":true}]}],\"allowed_mentions\":{\"parse\":[]}}"
    },
    "ItemDuplicated": {
      "message": "{\"embeds\":[{\"title\":\"Item Duplicated\",\"description\":\"\",\"color\":65280,\"footer\":{\"text\":\"\"},\"author\":{\"name\":\"\"},\"fields\":[{\"name\":\"Admin\",\"value\":\"[$$1$$](https://steamcommunity.com/profiles/$$2$$)\",\"inline\":true},{\"name\":\"Itemname\",\"value\":\"$$3$$\",\"inline\":true},{\"name\":\"Quantity\",\"value\":\"$$4$$\",\"inline\":true},{\"name\":\"Position\",\"value\":\"$$5$$, $$6$$, $$7$$\",\"inline\":true}]}],\"content\":\"\"}"
    },
    "PlayerJoined": {
      "message": "{\"embeds\":[{\"type\":\"rich\",\"title\":\"Player Joined the Server\",\"description\":\"\",\"color\":65280,\"fields\":[{\"name\":\"Player\",\"value\":\"[$$1$$](https:\\/\\/steamcommunity.com\\/profiles\\/$$2$$)\",\"inline\":true},{\"name\":\"Obfuscated ID\",\"value\":\"$$3$$\",\"inline\":true}]}],\"allowed_mentions\":{\"parse\":[]}}"
    },
    "GroupNewLeader": {
      "message": "{\"embeds\":[{\"type\":\"rich\",\"title\":\"New Leader\",\"description\":\"The Leader of the group left and it got a new Leader\",\"color\":65535,\"fields\":[{\"name\":\"Group Name\",\"value\":\"$$5$$\",\"inline\":true},{\"name\":\"Group Tag\",\"value\":\"$$6$$\",\"inline\":true},{\"name\":\"Old Leader\",\"value\":\"[$$1$$](https:\\/\\/steamcommunity.com\\/profiles\\/$$2$$)\",\"inline\":true},{\"name\":\"New Leader\",\"value\":\"[$$3$$](https:\\/\\/steamcommunity.com\\/profiles\\/$$4$$)\",\"inline\":true}]}],\"allowed_mentions\":{\"parse\":[]}}"
    },
    "ChatCommandUsed": {
      "message": "{\"embeds\":[{\"type\":\"rich\",\"title\":\"Player used a Chat command\",\"description\":\"\",\"color\":65535,\"fields\":[{\"name\":\"Player\",\"value\":\"[$$1$$](https:\\/\\/steamcommunity.com\\/profiles\\/$$2$$)\",\"inline\":true},{\"name\":\"Command\",\"value\":\"$$3$$\",\"inline\":true},{\"name\":\"Arguments\",\"value\":\"$$4$$\",\"inline\":true}]}],\"allowed_mentions\":{\"parse\":[]}}"
    },
    "Chat_Group": {
      "message": "{\"embeds\":[{\"type\":\"rich\",\"title\":\"Group Chat\",\"description\":\"[$$1$$](https:\\/\\/steamcommunity.com\\/profiles\\/$$2$$): $$3$$\",\"color\":$$4$$}],\"allowed_mentions\":{\"parse\":[]}}"
    },
    "WatchlistChanged": {
      "message": "{\"embeds\":[{\"title\":\"Watchlist Edited\",\"description\":\"\",\"color\":16744448,\"footer\":{\"text\":\"\"},\"author\":{\"name\":\"\"},\"fields\":[{\"name\":\"Admin\",\"value\":\"[$$1$$](https://steamcommunity.com/profiles/$$2$$)\",\"inline\":true},{\"name\":\"Player\",\"value\":\"[$$3$$](https://steamcommunity.com/profiles/$$4$$)\",\"inline\":true},{\"name\":\"New Reason\",\"value\":\"$$5$$\",\"inline\":true}]}],\"content\":\"\"}"
    },
    "UpdateBanPlayerGlobal": {
      "message": "{\"embeds\":[{\"title\":\"Global Ban updated\",\"description\":\"\",\"color\":16711680,\"footer\":{\"text\":\"\"},\"author\":{\"name\":\"\"},\"fields\":[{\"name\":\"Admin\",\"value\":\"[$$1$$](https://steamcommunity.com/profiles/$$2$$)\",\"inline\":true},{\"name\":\"Target\",\"value\":\"[$$3$$](https://steamcommunity.com/profiles/$$4$$)\",\"inline\":true},{\"name\":\"Reason\",\"value\":\"$$5$$\",\"inline\":true},{\"name\":\"Duration\",\"value\":\"$$6$$\",\"inline\":true},{\"name\":\"Comment\",\"value\":\"$$7$$\",\"inline\":true}]}],\"content\":\"\"}"
    },
    "GroupKickAdmin": {
      "message": "{\"embeds\":[{\"type\":\"rich\",\"title\":\"Admin kicked player from Group\",\"description\":\"\",\"color\":65280,\"fields\":[{\"name\":\"Admin\",\"value\":\"[$$5$$](https:\\/\\/steamcommunity.com\\/profiles\\/$$6$$)\",\"inline\":true},{\"name\":\"Group Name\",\"value\":\"$$3$$\",\"inline\":true},{\"name\":\"Group Tag\",\"value\":\"$$4$$\",\"inline\":true},{\"name\":\"Player\",\"value\":\"[$$1$$](https:\\/\\/steamcommunity.com\\/profiles\\/$$2$$)\",\"inline\":true}]}],\"allowed_mentions\":{\"parse\":[]}}"
    },
    "VehicleStored": {
      "message": "{\"embeds\":[{\"type\":\"rich\",\"title\":\"Vehicle Stored\",\"description\":\"A Vehicle was stored at X:$$4$$ Y:$$5$$ Z:$$6$$\",\"color\":65280,\"fields\":[{\"name\":\"Player\",\"value\":\"[$$1$$](https:\\/\\/steamcommunity.com\\/profiles\\/$$2$$)\",\"inline\":true},{\"name\":\"Vehicle\",\"value\":\"$$3$$\",\"inline\":true},{\"name\":\"Vehicle ID\",\"value\":\"$$8$$\",\"inline\":true},{\"name\":\"Trader ID\",\"value\":\"$$7$$\",\"inline\":true}]}],\"allowed_mentions\":{\"parse\":[]}}"
    },
    "VehicleImpounded": {
      "message": "{\"embeds\":[{\"title\":\"\",\"description\":\"\",\"color\":16711680,\"footer\":{\"text\":\"\"},\"author\":{\"name\":\"Vehicle Impounded\"},\"fields\":[{\"name\":\"Parked out By\",\"value\":\"$$1$$\",\"inline\":true},{\"name\":\"Owned By\",\"value\":\"$$3$$\",\"inline\":true},{\"name\":\"Garage Config\",\"value\":\"$$2$$\",\"inline\":true},{\"name\":\"Vehicle Classname\",\"value\":\"$$4$$\",\"inline\":true},{\"name\":\"Position\",\"value\":\"$$5$$, $$6$$, $$7$$\",\"inline\":true}]}],\"content\":\"\"}"
    },
    "PlayerKilled": {
      "message": "{\"embeds\":[{\"title\":\"Player was killed\",\"description\":\"\",\"color\":16711680,\"footer\":{\"text\":\"\"},\"author\":{\"name\":\"\"},\"fields\":[{\"name\":\"Victim\",\"value\":\"[$$1$$](https://steamcommunity.com/profiles/$$2$$)\",\"inline\":true},{\"name\":\"Killer\",\"value\":\"[$$3$$](https://steamcommunity.com/profiles/$$4$$)\",\"inline\":true},{\"name\":\"Victim Position\",\"value\":\"$$8$$\",\"inline\":true},{\"name\":\"Killer Position\",\"value\":\"$$9$$\",\"inline\":true},{\"name\":\"Weapon\",\"value\":\"$$6$$\",\"inline\":true},{\"name\":\"Distance\",\"value\":\"$$7$$\",\"inline\":true}]}],\"content\":\"\"}"
    },
    "VehicleDumped": {
      "message": "{\"embeds\":[{\"type\":\"rich\",\"title\":\"Vehicle Dumped\",\"description\":\"\",\"color\":16711680,\"fields\":[{\"name\":\"Player\",\"value\":\"[$$1$$](https:\\/\\/steamcommunity.com\\/profiles\\/$$2$$)\",\"inline\":true},{\"name\":\"Vehicle\",\"value\":\"$$3$$\",\"inline\":true},{\"name\":\"Vehicle ID\",\"value\":\"$$5$$\",\"inline\":true},{\"name\":\"Trader ID\",\"value\":\"$$4$$\",\"inline\":true},{\"name\":\"Time in Garage\",\"value\":\"$$7$$\",\"inline\":true}]}],\"allowed_mentions\":{\"parse\":[]}}"
    },
    "ATMRobbingStarted": {
      "message": "{\"embeds\":[{\"type\":\"rich\",\"title\":\"Robbing ATM at $$5$$ started\",\"description\":\"\",\"color\":16735744,\"fields\":[{\"name\":\"Robber Name\",\"value\":\"[$$1$$](https:\\/\\/steamcommunity.com\\/profiles\\/$$2$$)\",\"inline\":true},{\"name\":\"Robber Group\",\"value\":\"$$3$$ ($$4$$)\",\"inline\":true},{\"name\":\"Robbing Time Left\",\"value\":\"$$9$$\"}]}],\"allowed_mentions\":{\"parse\":[]}}"
    },
    "UnbanPlayer": {
      "message": "{\"embeds\":[{\"title\":\"Player Unbanned\",\"description\":\"\",\"color\":16711680,\"footer\":{\"text\":\"\"},\"author\":{\"name\":\"\"},\"fields\":[{\"name\":\"Admin\",\"value\":\"[$$1$$](https://steamcommunity.com/profiles/$$2$$)\",\"inline\":true},{\"name\":\"Target\",\"value\":\"[$$3$$](https://steamcommunity.com/profiles/$$4$$)\",\"inline\":true},{\"name\":\"Reason\",\"value\":\"$$5$$\",\"inline\":true},{\"name\":\"Duration\",\"value\":\"$$6$$\",\"inline\":true},{\"name\":\"Comment\",\"value\":\"$$7$$\",\"inline\":true}]}],\"content\":\"\"}"
    },
    "BuildingSetCreated": {
      "message": "{\"embeds\":[{\"title\":\"Building Set Created\",\"description\":\"\",\"color\":65280,\"fields\":[{\"name\":\"Admin\",\"value\":\"[$$1$$](https://steamcommunity.com/profiles/$$2$$)\",\"inline\":true},{\"name\":\"Name\",\"value\":\"$$3$$\",\"inline\":true}]}],\"content\":\"\"}"
    },
    "GlobalMarkerAdded": {
      "message": "{\"embeds\":[{\"type\":\"rich\",\"title\":\"Global Marker added\",\"description\":\"\",\"color\":65280,\"fields\":[{\"name\":\"Admin\",\"value\":\"[$$1$$](https:\\/\\/steamcommunity.com\\/profiles\\/$$2$$)\",\"inline\":true},{\"name\":\"Marker Name\",\"value\":\"$$3$$\",\"inline\":true},{\"name\":\"Position\",\"value\":\"X: $$4$$ Y: $$5$$ Z: $$6$$\",\"inline\":true}]}],\"allowed_mentions\":{\"parse\":[]}}"
    },
    "PlotpoleLostOwner": {
      "message": "{\"embeds\":[{\"type\":\"rich\",\"title\":\"Plotpole Lost Owner Group\",\"description\":\"\",\"color\":16711680,\"fields\":[{\"name\":\"Group Tag\",\"value\":\"$$1$$\",\"inline\":true},{\"name\":\"Position\",\"value\":\"X: $$2$$ Y: $$3$$ Z: $$4$$\",\"inline\":true}]}],\"allowed_mentions\":{\"parse\":[]}}"
    },
    "RestrainToggleMultiple": {
      "message": "{\"embeds\":[{\"title\":\"Toggled restrain\",\"description\":\"\",\"color\":65535,\"footer\":{\"text\":\"\"},\"author\":{\"name\":\"\"},\"fields\":[{\"name\":\"Admin\",\"value\":\"[$$1$$](https://steamcommunity.com/profiles/$$2$$)\",\"inline\":true},{\"name\":\"Player Count\",\"value\":\"$$3$$\",\"inline\":true},{\"name\":\"Enabled\",\"value\":\"$$4$$\",\"inline\":true},{\"name\":\"Player List\",\"value\":\"$$5$$\",\"inline\":true}]}],\"content\":\"\"}"
    },
    "ATMMoneyDrop": {
      "message": "{\"embeds\":[{\"type\":\"rich\",\"title\":\"Money dropped to $$3$$\",\"description\":\"[$$1$$](https:\\/\\/steamcommunity.com\\/profiles\\/$$2$$) dropped $$5$$ for $$4$$ Players to $$3$$\",\"color\":65280}],\"allowed_mentions\":{\"parse\":[]}}"
    },
    "GroupDelete": {
      "message": "{\"embeds\":[{\"type\":\"rich\",\"title\":\"Group Deleted\",\"description\":\"\",\"color\":16711680,\"fields\":[{\"name\":\"Group Name\",\"value\":\"$$1$$\",\"inline\":true},{\"name\":\"Group Tag\",\"value\":\"$$2$$\",\"inline\":true},{\"name\":\"Reason\",\"value\":\"$$3$$\",\"inline\":true}]}],\"allowed_mentions\":{\"parse\":[]}}"
    },
    "CreditCardwrongPinEntered": {
      "message": "{\"embeds\":[{\"type\":\"rich\",\"title\":\"Player Entered from Credit Card Pin\",\"description\":\"\",\"color\":16711680,\"fields\":[{\"name\":\"Player\",\"value\":\"[$$1$$](https:\\/\\/steamcommunity.com\\/profiles\\/$$2$$)\",\"inline\":true},{\"name\":\"Credit Card ID\",\"value\":\"$$3$$\",\"inline\":true},{\"name\":\"Wrong Pins\",\"value\":\"$$4$$\",\"inline\":true}]}],\"allowed_mentions\":{\"parse\":[]}}"
    },
    "ATMWithdrawCreditcard": {
      "message": "{\"embeds\":[{\"type\":\"rich\",\"title\":\"Money withdrawn from Credit Card\",\"description\":\"\",\"color\":65535,\"fields\":[{\"name\":\"Player\",\"value\":\"[$$1$$](https:\\/\\/steamcommunity.com\\/profiles\\/$$2$$)\",\"inline\":true},{\"name\":\"Money before\",\"value\":\"$$3$$\",\"inline\":true},{\"name\":\"Money withdrawn\",\"value\":\"$$5$$\",\"inline\":true},{\"name\":\"Money after\",\"value\":\"$$4$$\",\"inline\":true},{\"name\":\"Credit Card ID\",\"value\":\"$$6$$\",\"inline\":true}]}],\"allowed_mentions\":{\"parse\":[]}}"
    },
    "HealedPlayers": {
      "message": "{\"embeds\":[{\"title\":\"Healed Players\",\"description\":\"\",\"color\":65280,\"footer\":{\"text\":\"\"},\"author\":{\"name\":\"\"},\"fields\":[{\"name\":\"Admin\",\"value\":\"[$$1$$](https://steamcommunity.com/profiles/$$2$$)\",\"inline\":true},{\"name\":\"Player Count\",\"value\":\"$$3$$\",\"inline\":true},{\"name\":\"Player List\",\"value\":\"$$4$$\",\"inline\":true}]}],\"content\":\"\"}"
    },
    "ItemPresetSpawned": {
      "message": "{\"embeds\":[{\"title\":\"Item Preset Spawned\",\"description\":\"\",\"color\":16711680,\"footer\":{\"text\":\"\"},\"author\":{\"name\":\"\"},\"fields\":[{\"name\":\"Admin\",\"value\":\"[$$1$$](https://steamcommunity.com/profiles/$$2$$)\",\"inline\":true},{\"name\":\"Preset\",\"value\":\"$$3$$\",\"inline\":true},{\"name\":\"Items\",\"value\":\"$$4$$\",\"inline\":true},{\"name\":\"Item List\",\"value\":\"$$5$$\",\"inline\":true}]}],\"content\":\"\"}"
    },
    "ModifierEnabledFor": {
      "message": "{\"embeds\":[{\"title\":\"Modifier Enabled For\",\"description\":\"\",\"color\":65280,\"footer\":{\"text\":\"\"},\"author\":{\"name\":\"\"},\"fields\":[{\"name\":\"Admin\",\"value\":\"[$$1$$](https://steamcommunity.com/profiles/$$2$$)\",\"inline\":true},{\"name\":\"Modifier\",\"value\":\"$$3$$\",\"inline\":true},{\"name\":\"Target Player\",\"value\":\"[$$4$$](https://steamcommunity.com/profiles/$$5$$)\",\"inline\":true}]}],\"content\":\"\"}"
    },
    "GroupPromoteAdmin": {
      "message": "{\"embeds\":[{\"type\":\"rich\",\"title\":\"Admin Promoted player in a group\",\"description\":\"\",\"color\":65280,\"fields\":[{\"name\":\"Admin\",\"value\":\"[$$7$$](https:\\/\\/steamcommunity.com\\/profiles\\/$$8$$)\",\"inline\":true},{\"name\":\"Group Name\",\"value\":\"$$5$$\",\"inline\":true},{\"name\":\"Group Tag\",\"value\":\"$$6$$\",\"inline\":true},{\"name\":\"Player\",\"value\":\"[$$1$$](https:\\/\\/steamcommunity.com\\/profiles\\/$$2$$)\",\"inline\":true},{\"name\":\"Old Rank\",\"value\":\"$$3$$\",\"inline\":true},{\"name\":\"New Rank\",\"value\":\"$$4$$\",\"inline\":true}]}],\"allowed_mentions\":{\"parse\":[]}}"
    },
    "GarageUpgraded": {
      "message": "{\"embeds\":[{\"type\":\"rich\",\"title\":\"Garage Upgraded\",\"description\":\"The Garage at X:$$3$$ Y:$$4$$ Z:$$5$$ was upgraded to the next level\",\"color\":65280,\"fields\":[{\"name\":\"Player\",\"value\":\"[$$1$$](https:\\/\\/steamcommunity.com\\/profiles\\/$$2$$)\",\"inline\":true},{\"name\":\"Garage Owner\",\"value\":\"[$$6$$](https:\\/\\/steamcommunity.com\\/profiles\\/$$6$$)\",\"inline\":true},{\"name\":\"Garage Group\",\"value\":\"$$7$$\",\"inline\":true},{\"name\":\"New Level\",\"value\":\"$$8$$\",\"inline\":true},{\"name\":\"Cost\",\"value\":\"$$9$$\",\"inline\":true}]}],\"allowed_mentions\":{\"parse\":[]}}"
    },
    "ModifierDisabledSelf": {
      "message": "{\"embeds\":[{\"title\":\"Modifier Disabled Self\",\"description\":\"\",\"color\":16711680,\"footer\":{\"text\":\"\"},\"author\":{\"name\":\"\"},\"fields\":[{\"name\":\"Admin\",\"value\":\"[$$1$$](https://steamcommunity.com/profiles/$$2$$)\",\"inline\":true},{\"name\":\"Modifier\",\"value\":\"$$3$$\",\"inline\":true}]}],\"content\":\"\"}"
    },
    "GlobalMarkerRemoved": {
      "message": "{\"embeds\":[{\"type\":\"rich\",\"title\":\"Global Marker removed\",\"description\":\"\",\"color\":16711680,\"fields\":[{\"name\":\"Admin\",\"value\":\"[$$1$$](https:\\/\\/steamcommunity.com\\/profiles\\/$$2$$)\",\"inline\":true},{\"name\":\"Marker Name\",\"value\":\"$$3$$\",\"inline\":true},{\"name\":\"Position\",\"value\":\"X: $$4$$ Y: $$5$$ Z: $$6$$\",\"inline\":true}]}],\"allowed_mentions\":{\"parse\":[]}}"
    },
    "VehicleChassisRepaired": {
      "message": "{\"embeds\":[{\"type\":\"rich\",\"title\":\"Vehicle Chassis and Engine Repaired\",\"description\":\"\",\"color\":65280,\"fields\":[{\"name\":\"Player\",\"value\":\"[$$1$$](https:\\/\\/steamcommunity.com\\/profiles\\/$$2$$)\",\"inline\":true},{\"name\":\"Vehicle\",\"value\":\"$$3$$\",\"inline\":true},{\"name\":\"Vehicle ID\",\"value\":\"$$5$$\",\"inline\":true},{\"name\":\"Trader ID\",\"value\":\"$$4$$\",\"inline\":true},{\"name\":\"Cost\",\"value\":\"$$6$$\",\"inline\":true}]}],\"allowed_mentions\":{\"parse\":[]}}"
    },
    "DeleteItemsMap": {
      "message": "{\"embeds\":[{\"title\":\"Delete Items via Items Map\",\"description\":\"\",\"color\":16711680,\"footer\":{\"text\":\"\"},\"author\":{\"name\":\"\"},\"fields\":[{\"name\":\"Admin\",\"value\":\"[$$1$$](https://steamcommunity.com/profiles/$$2$$)\",\"inline\":true},{\"name\":\"Deleted Items\",\"value\":\"$$3$$\",\"inline\":true},{\"name\":\"Itemnames to delete\",\"value\":\"$$5$$\",\"inline\":true}]}],\"content\":\"\"}"
    },
    "Kill_HANDS": {
      "message": "{\"embeds\":[{\"type\":\"rich\",\"title\":\"A Player was killed with their fists\",\"description\":\"\",\"color\":16711680,\"fields\":[{\"name\":\"Victim\",\"value\":\"[$$1$$](https:\\/\\/steamcommunity.com\\/profiles\\/$$2$$)\",\"inline\":true},{\"name\":\"Killer\",\"value\":\"[$$3$$](https:\\/\\/steamcommunity.com\\/profiles\\/$$4$$)\",\"inline\":true}],\"thumbnail\":{\"url\":\"https:\\/\\/lbmaster.de\\/killfeed\\/icons\\/HANDS.png\",\"height\":50,\"width\":50}}],\"allowed_mentions\":{\"parse\":[]}}"
    },
    "DeleteItemsPos": {
      "message": "{\"embeds\":[{\"title\":\"Delete Items\",\"description\":\"\",\"color\":16711680,\"footer\":{\"text\":\"\"},\"author\":{\"name\":\"\"},\"fields\":[{\"name\":\"Admin\",\"value\":\"[$$1$$](https://steamcommunity.com/profiles/$$2$$)\",\"inline\":true},{\"name\":\"Deleted Items\",\"value\":\"$$3$$\",\"inline\":true},{\"name\":\"Requested Items\",\"value\":\"$$4$$\",\"inline\":true},{\"name\":\"Item List\",\"value\":\"$$5$$\",\"inline\":true}]}],\"content\":\"\"}"
    },
    "MessageMultiplePlayer": {
      "message": "{\"embeds\":[{\"title\":\"Message sent to Players\",\"description\":\"\",\"color\":16744512,\"footer\":{\"text\":\"\"},\"author\":{\"name\":\"\"},\"fields\":[{\"name\":\"Admin\",\"value\":\"[$$1$$](https://steamcommunity.com/profiles/$$2$$)\",\"inline\":true},{\"name\":\"To Players\",\"value\":\"$$3$$\",\"inline\":true},{\"name\":\"Message\",\"value\":\"$$4$$\",\"inline\":true}]}],\"content\":\"\"}"
    },
    "GaragePlayerPlaced": {
      "message": "{\"embeds\":[{\"type\":\"rich\",\"title\":\"Player Garage Placed\",\"description\":\"A player Garage was placed at X:$$3$$ Y:$$4$$ Z:$$5$$\",\"color\":65280,\"fields\":[{\"name\":\"Player\",\"value\":\"[$$1$$](https:\\/\\/steamcommunity.com\\/profiles\\/$$2$$)\",\"inline\":true},{\"name\":\"Garage ID\",\"value\":\"$$6$$\",\"inline\":true}]}],\"allowed_mentions\":{\"parse\":[]}}"
    },
    "ModifierDisabledFors": {
      "message": "{\"embeds\":[{\"title\":\"Modifier Disabled For\",\"description\":\"\",\"color\":16711680,\"footer\":{\"text\":\"\"},\"author\":{\"name\":\"\"},\"fields\":[{\"name\":\"Admin\",\"value\":\"[$$1$$](https://steamcommunity.com/profiles/$$2$$)\",\"inline\":true},{\"name\":\"Modifier\",\"value\":\"$$3$$\",\"inline\":true},{\"name\":\"Player Count\",\"value\":\"$$4$$\",\"inline\":true},{\"name\":\"Player List\",\"value\":\"$$5$$\",\"inline\":true}]}],\"content\":\"\"}"
    },
    "PlayerAction": {
      "message": "{\"embeds\":[{\"title\":\"Player Action Performed\",\"description\":\"\",\"color\":16711680,\"footer\":{\"text\":\"\"},\"author\":{\"name\":\"\"},\"fields\":[{\"name\":\"Admin\",\"value\":\"[$$1$$](https://steamcommunity.com/profiles/$$2$$)\",\"inline\":true},{\"name\":\"Action\",\"value\":\"$$3$$\",\"inline\":true},{\"name\":\"Player\",\"value\":\"[$$4$$](https://steamcommunity.com/profiles/$$5$$)\",\"inline\":true}]}],\"content\":\"\"}"
    },
    "GaragePublicDeleted": {
      "message": "{\"embeds\":[{\"type\":\"rich\",\"title\":\"Public Garage was deleted\",\"description\":\"The Garage at X:$$3$$ Y:$$4$$ Z:$$5$$ was deleted by an Admin\",\"color\":16711680,\"fields\":[{\"name\":\"Admin\",\"value\":\"[$$1$$](https:\\/\\/steamcommunity.com\\/profiles\\/$$2$$)\",\"inline\":true},{\"name\":\"Trader ID\",\"value\":\"$$6$$\",\"inline\":true}]}],\"allowed_mentions\":{\"parse\":[]}}"
    },
    "PresetRenamed": {
      "message": "{\"embeds\":[{\"title\":\"Preset Renamed\",\"description\":\"\",\"color\":16744448,\"footer\":{\"text\":\"\"},\"author\":{\"name\":\"\"},\"fields\":[{\"name\":\"Admin\",\"value\":\"[$$1$$](https://steamcommunity.com/profiles/$$2$$)\",\"inline\":true},{\"name\":\"Old Name\",\"value\":\"$$3$$\",\"inline\":true},{\"name\":\"New Name\",\"value\":\"$$4$$\",\"inline\":true}]}],\"content\":\"\"}"
    },
    "TeleportedTo": {
      "message": "{\"embeds\":[{\"title\":\"Teleported to\",\"description\":\"\",\"color\":8454143,\"footer\":{\"text\":\"\"},\"author\":{\"name\":\"\"},\"fields\":[{\"name\":\"Admin\",\"value\":\"[$$1$$](https://steamcommunity.com/profiles/$$2$$)\",\"inline\":true},{\"name\":\"To Player\",\"value\":\"[$$3$$](https://steamcommunity.com/profiles/$$4$$)\",\"inline\":true},{\"name\":\"From\",\"value\":\"$$5$$, $$6$$, $$7$$\",\"inline\":true},{\"name\":\"To\",\"value\":\"$$8$$, $$9$$, $$10$$\",\"inline\":true}]}],\"content\":\"\"}"
    },
    "Status_FPS": {
      "message": "{\"embeds\":[{\"title\":\"Server FPS\",\"description\":\"$$1$$ ($$2$$:$$3$$)\",\"color\":16744512,\"author\":{\"name\":\"Server Status\"},\"fields\":[{\"name\":\"Min\",\"value\":\"$$4$$\",\"inline\":true},{\"name\":\"Average\",\"value\":\"$$5$$\",\"inline\":true},{\"name\":\"Max\",\"value\":\"$$6$$\",\"inline\":true},{\"name\":\"Players\",\"value\":\"$$7$$\",\"inline\":true},{\"name\":\"Uptime\",\"value\":\"$$8$$\",\"inline\":true},{\"name\":\"Longest Frame\",\"value\":\"$$9$$\",\"inline\":true},{\"name\":\"Worst FPS\",\"value\":\"$$10$$\",\"inline\":true}]}],\"content\":\"\"}"
    },
    "ATMPlayerAccountChanged": {
      "message": "{\"embeds\":[{\"type\":\"rich\",\"title\":\"Player Account Changed\",\"description\":\"\",\"color\":65535,\"fields\":[{\"name\":\"Admin\",\"value\":\"[$$1$$](https:\\/\\/steamcommunity.com\\/profiles\\/$$2$$)\",\"inline\":true},{\"name\":\"Target Player\",\"value\":\"[$$3$$](https:\\/\\/steamcommunity.com\\/profiles\\/$$4$$)\",\"inline\":true},{\"name\":\"Money\",\"value\":\"Before:$$5$$ After:$$6$$\",\"inline\":true},{\"name\":\"Max Bonus\",\"value\":\"Before:$$7$$ After:$$8$$\",\"inline\":true},{\"name\":\"Paycheck Bonus\",\"value\":\"Before:$$9$$ After:$$10$$\",\"inline\":true},{\"name\":\"Ignore Transfer Fee\",\"value\":\"Before:$$11$$ After:$$12$$\",\"inline\":true}]}],\"allowed_mentions\":{\"parse\":[]}}"
    },
    "RestrainToggle": {
      "message": "{\"embeds\":[{\"title\":\"Toggled restrain\",\"description\":\"\",\"color\":65535,\"footer\":{\"text\":\"\"},\"author\":{\"name\":\"\"},\"fields\":[{\"name\":\"Admin\",\"value\":\"[$$1$$](https://steamcommunity.com/profiles/$$2$$)\",\"inline\":true},{\"name\":\"Target\",\"value\":\"[$$3$$](https://steamcommunity.com/profiles/$$4$$)\",\"inline\":true},{\"name\":\"Enabled\",\"value\":\"$$5$$\",\"inline\":true}]}],\"content\":\"\"}"
    },
    "PresetCreated": {
      "message": "{\"embeds\":[{\"title\":\"Preset Created\",\"description\":\"\",\"color\":65280,\"footer\":{\"text\":\"\"},\"author\":{\"name\":\"\"},\"fields\":[{\"name\":\"Admin\",\"value\":\"[$$1$$](https://steamcommunity.com/profiles/$$2$$)\",\"inline\":true},{\"name\":\"Preset\",\"value\":\"$$3$$\",\"inline\":true}]}],\"content\":\"\"}"
    },
    "PresetDeleted": {
      "message": "{\"embeds\":[{\"title\":\"Preset Deleted\",\"description\":\"\",\"color\":16711680,\"footer\":{\"text\":\"\"},\"author\":{\"name\":\"\"},\"fields\":[{\"name\":\"Admin\",\"value\":\"[$$1$$](https://steamcommunity.com/profiles/$$2$$)\",\"inline\":true},{\"name\":\"Preset\",\"value\":\"$$3$$\",\"inline\":true}]}],\"content\":\"\"}"
    },
    "WatchlistRemovedGlobal": {
      "message": "{\"embeds\":[{\"title\":\"Global Watchlist Removed\",\"description\":\"\",\"color\":16711680,\"footer\":{\"text\":\"\"},\"author\":{\"name\":\"\"},\"fields\":[{\"name\":\"Admin\",\"value\":\"[$$1$$](https://steamcommunity.com/profiles/$$2$$)\",\"inline\":true},{\"name\":\"Player\",\"value\":\"[$$3$$](https://steamcommunity.com/profiles/$$4$$)\",\"inline\":true},{\"name\":\"Reason\",\"value\":\"$$5$$\",\"inline\":true}]}],\"content\":\"\"}"
    },
    "ATMWithdrawPersonal": {
      "message": "{\"embeds\":[{\"type\":\"rich\",\"title\":\"Money withdrawn from personal account\",\"description\":\"\",\"color\":65535,\"fields\":[{\"name\":\"Player\",\"value\":\"[$$1$$](https:\\/\\/steamcommunity.com\\/profiles\\/$$2$$)\",\"inline\":true},{\"name\":\"Money before\",\"value\":\"$$3$$\",\"inline\":true},{\"name\":\"Money withdrawn\",\"value\":\"$$5$$\",\"inline\":true},{\"name\":\"Money after\",\"value\":\"$$4$$\",\"inline\":true}]}],\"allowed_mentions\":{\"parse\":[]}}"
    },
    "Kill_ANY": {
      "message": "{\"embeds\":[{\"type\":\"rich\",\"title\":\"$$1$$\",\"description\":\"\",\"color\":16711680}],\"allowed_mentions\":{\"parse\":[]}}"
    },
    "GaragePlayerPacked": {
      "message": "{\"embeds\":[{\"type\":\"rich\",\"title\":\"Player Garage Packed\",\"description\":\"A player Garage was packed at X:$$4$$ Y:$$5$$ Z:$$6$$\",\"color\":16711680,\"fields\":[{\"name\":\"Packer\",\"value\":\"[$$1$$](https:\\/\\/steamcommunity.com\\/profiles\\/$$2$$)\",\"inline\":true},{\"name\":\"Owner\",\"value\":\"[$$3$$](https:\\/\\/steamcommunity.com\\/profiles\\/$$3$$)\",\"inline\":true},{\"name\":\"Garage ID\",\"value\":\"$$7$$\",\"inline\":true}]}],\"allowed_mentions\":{\"parse\":[]}}"
    },
    "ATMWithdrawGroup": {
      "message": "{\"embeds\":[{\"type\":\"rich\",\"title\":\"Money withdrawn from Group Account\",\"description\":\"\",\"color\":65535,\"fields\":[{\"name\":\"Player\",\"value\":\"[$$1$$](https:\\/\\/steamcommunity.com\\/profiles\\/$$2$$)\",\"inline\":true},{\"name\":\"Money before\",\"value\":\"$$3$$\",\"inline\":true},{\"name\":\"Money withdrawn\",\"value\":\"$$5$$\",\"inline\":true},{\"name\":\"Money after\",\"value\":\"$$4$$\",\"inline\":true},{\"name\":\"Group Name\",\"value\":\"$$6$$\",\"inline\":true},{\"name\":\"Group Tag\",\"value\":\"$$7$$\",\"inline\":true}]}],\"allowed_mentions\":{\"parse\":[]}}"
    },
    "Kill_UNKNOWN": {
      "message": "{\"embeds\":[{\"type\":\"rich\",\"title\":\"A Player died from an unknown source\",\"description\":\"\",\"color\":16711680,\"fields\":[{\"name\":\"Player\",\"value\":\"[$$1$$](https:\\/\\/steamcommunity.com\\/profiles\\/$$2$$)\",\"inline\":true}],\"thumbnail\":{\"url\":\"https:\\/\\/lbmaster.de\\/killfeed\\/icons\\/UNKNOWN.png\",\"height\":50,\"width\":50}}],\"allowed_mentions\":{\"parse\":[]}}"
    },
    "TeleportToCursor": {
      "message": "{\"embeds\":[{\"title\":\"Teleport to Cursor\",\"description\":\"\",\"color\":65280,\"footer\":{\"text\":\"\"},\"author\":{\"name\":\"\"},\"fields\":[{\"name\":\"Admin\",\"value\":\"[$$1$$](https://steamcommunity.com/profiles/$$2$$)\",\"inline\":true},{\"name\":\"From\",\"value\":\"$$3$$, $$4$$, $$5$$\",\"inline\":true},{\"name\":\"To\",\"value\":\"$$6$$, $$7$$, $$8$$\",\"inline\":true}]}],\"content\":\"\"}"
    },
    "ATMDepositPersonal": {
      "message": "{\"embeds\":[{\"type\":\"rich\",\"title\":\"Money deposited to personal account\",\"description\":\"\",\"color\":65535,\"fields\":[{\"name\":\"Player\",\"value\":\"[$$1$$](https:\\/\\/steamcommunity.com\\/profiles\\/$$2$$)\",\"inline\":true},{\"name\":\"Money before\",\"value\":\"$$3$$\",\"inline\":true},{\"name\":\"Money deposited\",\"value\":\"$$5$$\",\"inline\":true},{\"name\":\"Money after\",\"value\":\"$$4$$\",\"inline\":true}]}],\"allowed_mentions\":{\"parse\":[]}}"
    },
    "GroupLeft": {
      "message": "{\"embeds\":[{\"type\":\"rich\",\"title\":\"Group Left\",\"description\":\"\",\"color\":16776960,\"fields\":[{\"name\":\"Group Name\",\"value\":\"$$3$$\",\"inline\":true},{\"name\":\"Group Tag\",\"value\":\"$$4$$\",\"inline\":true},{\"name\":\"Player\",\"value\":\"[$$1$$](https:\\/\\/steamcommunity.com\\/profiles\\/$$2$$)\",\"inline\":true}]}],\"allowed_mentions\":{\"parse\":[]}}"
    },
    "ATMGroupAccountCreated": {
      "message": "{\"embeds\":[{\"type\":\"rich\",\"title\":\"ATM Group Account created\",\"description\":\"\",\"color\":65280,\"fields\":[{\"name\":\"Player\",\"value\":\"[$$1$$](https:\\/\\/steamcommunity.com\\/profiles\\/$$2$$)\",\"inline\":true},{\"name\":\"Group Name\",\"value\":\"$$3$$\",\"inline\":true},{\"name\":\"Group Tag\",\"value\":\"$$4$$\",\"inline\":true},{\"name\":\"Cost\",\"value\":\"$$5$$\",\"inline\":true}]}],\"allowed_mentions\":{\"parse\":[]}}"
    },
    "SpectateStarted": {
      "message": "{\"embeds\":[{\"title\":\"Started Spectating\",\"description\":\"\",\"color\":65280,\"footer\":{\"text\":\"\"},\"author\":{\"name\":\"\"},\"fields\":[{\"name\":\"Admin\",\"value\":\"[$$1$$](https://steamcommunity.com/profiles/$$2$$)\",\"inline\":true},{\"name\":\"Player\",\"value\":\"[$$3$$](https://steamcommunity.com/profiles/$$4$$)\",\"inline\":true},{\"name\":\"Player Position\",\"value\":\"$$5$$, $$6$$, $$7$$\",\"inline\":true}]}],\"content\":\"\"}"
    },
    "ClearPlayers": {
      "message": "{\"embeds\":[{\"title\":\"Deleted Player Clothing\",\"description\":\"\",\"color\":16711680,\"footer\":{\"text\":\"\"},\"author\":{\"name\":\"\"},\"fields\":[{\"name\":\"Admin\",\"value\":\"[$$1$$](https://steamcommunity.com/profiles/$$2$$)\",\"inline\":true},{\"name\":\"Player Count\",\"value\":\"$$3$$\",\"inline\":true},{\"name\":\"Player List\",\"value\":\"$$4$$\",\"inline\":true}]}],\"content\":\"\"}"
    },
    "Kill_TRAP": {
      "message": "{\"embeds\":[{\"type\":\"rich\",\"title\":\"A Player was killed with a trap\",\"description\":\"\",\"color\":16711680,\"fields\":[{\"name\":\"Victim\",\"value\":\"[$$1$$](https:\\/\\/steamcommunity.com\\/profiles\\/$$2$$)\",\"inline\":true},{\"name\":\"Killer\",\"value\":\"[$$3$$](https:\\/\\/steamcommunity.com\\/profiles\\/$$4$$)\",\"inline\":true},{\"name\":\"Trap\",\"value\":\"$$5$$\"}],\"thumbnail\":{\"url\":\"https:\\/\\/lbmaster.de\\/killfeed\\/icons\\/TRAP.png\",\"height\":50,\"width\":50}}],\"allowed_mentions\":{\"parse\":[]}}"
    },
    "PlayerMute": {
      "message": "{\"embeds\":[{\"type\":\"rich\",\"title\":\"Player was muted\",\"description\":\"\",\"color\":65280,\"fields\":[{\"name\":\"Target\",\"value\":\"[$$1$$](https:\\/\\/steamcommunity.com\\/profiles\\/$$2$$)\",\"inline\":true},{\"name\":\"Duration\",\"value\":\"$$3$$\",\"inline\":true},{\"name\":\"Muted By\",\"value\":\"$$4$$\",\"inline\":true}]}],\"allowed_mentions\":{\"parse\":[]}}"
    },
    "TeleportedHerePlayer": {
      "message": "{\"embeds\":[{\"title\":\"Brought player here\",\"description\":\"\",\"color\":8454143,\"footer\":{\"text\":\"\"},\"author\":{\"name\":\"\"},\"fields\":[{\"name\":\"Admin\",\"value\":\"[$$1$$](https://steamcommunity.com/profiles/$$2$$)\",\"inline\":true},{\"name\":\"Target Player\",\"value\":\"[$$3$$](https://steamcommunity.com/profiles/$$4$$)\",\"inline\":true},{\"name\":\"From\",\"value\":\"$$5$$, $$6$$, $$7$$\",\"inline\":true},{\"name\":\"To\",\"value\":\"$$8$$, $$9$$, $$10$$\",\"inline\":true}]}],\"content\":\"\"}"
    },
    "WatchlistChangedGlobal": {
      "message": "{\"embeds\":[{\"title\":\"Global Watchlist Edited\",\"description\":\"\",\"color\":16744448,\"footer\":{\"text\":\"\"},\"author\":{\"name\":\"\"},\"fields\":[{\"name\":\"Admin\",\"value\":\"[$$1$$](https://steamcommunity.com/profiles/$$2$$)\",\"inline\":true},{\"name\":\"Player\",\"value\":\"[$$3$$](https://steamcommunity.com/profiles/$$4$$)\",\"inline\":true},{\"name\":\"New Reason\",\"value\":\"$$5$$\",\"inline\":true}]}],\"content\":\"\"}"
    },
    "BasebuildingChanged": {
      "message": "{\"embeds\":[{\"title\":\"Set Basebuilding Parts\",\"description\":\"\",\"color\":65280,\"footer\":{\"text\":\"\"},\"author\":{\"name\":\"\"},\"fields\":[{\"name\":\"Admin\",\"value\":\"[$$1$$](https://steamcommunity.com/profiles/$$2$$)\",\"inline\":true},{\"name\":\"Item\",\"value\":\"$$3$$\",\"inline\":true},{\"name\":\"Position\",\"value\":\"$$4$$, $$5$$, $$6$$\",\"inline\":true},{\"name\":\"Built Parts Count\",\"value\":\"$$7$$\",\"inline\":true},{\"name\":\"Built Parts List\",\"value\":\"$$8$$\",\"inline\":true}]}],\"content\":\"\"}"
    },
    "GarageHacking_Start": {
      "message": "{\"embeds\":[{\"type\":\"rich\",\"title\":\"Garage Hacking Started\",\"description\":\"\",\"color\":16711680,\"fields\":[{\"name\":\"Hacker\",\"value\":\"[$$1$$](https:\\/\\/steamcommunity.com\\/profiles\\/$$2$$)\",\"inline\":true},{\"name\":\"Garage Position\",\"value\":\"X:$$4$$ Y:$$5$$ Z:$$6$$\",\"inline\":true},{\"name\":\"Garage UID\",\"value\":\"$$3$$\",\"inline\":true},{\"name\":\"Time Remaining\",\"value\":\"$$7$$\",\"inline\":true}]}],\"allowed_mentions\":{\"parse\":[]}}"
    },
    "PlayerUnmute": {
      "message": "{\"embeds\":[{\"type\":\"rich\",\"title\":\"Player was unmuted\",\"description\":\"\",\"color\":65280,\"fields\":[{\"name\":\"Target\",\"value\":\"[$$1$$](https:\\/\\/steamcommunity.com\\/profiles\\/$$2$$)\",\"inline\":true},{\"name\":\"Reason\",\"value\":\"$$3$$\",\"inline\":true}]}],\"allowed_mentions\":{\"parse\":[]}}"
    },
    "ATMDeleted": {
      "message": "{\"embeds\":[{\"type\":\"rich\",\"title\":\"Admin Deleted an ATM\",\"description\":\"\",\"color\":16711680,\"fields\":[{\"name\":\"Admin\",\"value\":\"[$$1$$](https:\\/\\/steamcommunity.com\\/profiles\\/$$2$$)\",\"inline\":true},{\"name\":\"Location\",\"value\":\"$$3$$\",\"inline\":true},{\"name\":\"Position\",\"value\":\"X: $$4$$ Y: $$5$$ Z: $$6$$\",\"inline\":true}]}],\"allowed_mentions\":{\"parse\":[]}}"
    },
    "GroupJoinAdmin": {
      "message": "{\"embeds\":[{\"type\":\"rich\",\"title\":\"Admin Joined Group\",\"description\":\"\",\"color\":65280,\"fields\":[{\"name\":\"Admin\",\"value\":\"[$$1$$](https:\\/\\/steamcommunity.com\\/profiles\\/$$2$$)\",\"inline\":true},{\"name\":\"Group Name\",\"value\":\"$$3$$\",\"inline\":true},{\"name\":\"Gropu Tag\",\"value\":\"$$4$$\",\"inline\":true}]}],\"allowed_mentions\":{\"parse\":[]}}"
    },
    "SpectateStopped": {
      "message": "{\"embeds\":[{\"title\":\"Stopped Spectating\",\"description\":\"\",\"color\":16711680,\"footer\":{\"text\":\"\"},\"author\":{\"name\":\"\"},\"fields\":[{\"name\":\"Admin\",\"value\":\"[$$1$$](https://steamcommunity.com/profiles/$$2$$)\",\"inline\":true}]}],\"content\":\"\"}"
    },
    "WatchlistRemoved": {
      "message": "{\"embeds\":[{\"title\":\"Watchlist Removed\",\"description\":\"\",\"color\":16711680,\"footer\":{\"text\":\"\"},\"author\":{\"name\":\"\"},\"fields\":[{\"name\":\"Admin\",\"value\":\"[$$1$$](https://steamcommunity.com/profiles/$$2$$)\",\"inline\":true},{\"name\":\"Player\",\"value\":\"[$$3$$](https://steamcommunity.com/profiles/$$4$$)\",\"inline\":true},{\"name\":\"Reason\",\"value\":\"$$5$$\",\"inline\":true}]}],\"content\":\"\"}"
    },
    "SpawnPlayerAtLocation": {
      "message": "{\"embeds\":[{\"type\":\"rich\",\"title\":\"Player Spawned at Spawn Location\",\"description\":\"\",\"color\":65280,\"fields\":[{\"name\":\"Player\",\"value\":\"[$$1$$](https:\\/\\/steamcommunity.com\\/profiles\\/$$2$$)\",\"inline\":true},{\"name\":\"Location\",\"value\":\"$$3$$\",\"inline\":true},{\"name\":\"Exact Coords\",\"value\":\"X:$$4$$ Y:$$5$$ Z:$$6$$\",\"inline\":true}]}],\"allowed_mentions\":{\"parse\":[]}}"
    },
    "SetScalePlayers": {
      "message": "{\"embeds\":[{\"title\":\"Player Scale Changed\",\"description\":\"\",\"color\":16744448,\"footer\":{\"text\":\"\"},\"author\":{\"name\":\"\"},\"fields\":[{\"name\":\"Admin\",\"value\":\"[$$1$$](https://steamcommunity.com/profiles/$$2$$)\",\"inline\":true},{\"name\":\"Player Count\",\"value\":\"$$3$$\",\"inline\":true},{\"name\":\"New Scale\",\"value\":\"$$4$$\",\"inline\":true}]}],\"content\":\"\"}"
    },
    "SpawnPostionsUpdated": {
      "message": "{\"embeds\":[{\"type\":\"rich\",\"title\":\"Admin Changed Spawn Positions config\",\"description\":\"\",\"color\":16776960,\"fields\":[{\"name\":\"Admin\",\"value\":\"[$$1$$](https:\\/\\/steamcommunity.com\\/profiles\\/$$2$$)\",\"inline\":true},{\"name\":\"Positions\",\"value\":\"$$3$$\",\"inline\":true}]}],\"allowed_mentions\":{\"parse\":[]}}"
    },
    "VehicleInsured": {
      "message": "{\"embeds\":[{\"title\":\"\",\"description\":\"\",\"color\":16711680,\"footer\":{\"text\":\"\"},\"author\":{\"name\":\"Vehicle Insurance Bought\"},\"fields\":[{\"name\":\"Player\",\"value\":\"[$$1$$](https://steamcommunity.com/profiles/$$2$$)\",\"inline\":true},{\"name\":\"Trader ID\",\"value\":\"$$3$$\",\"inline\":true},{\"name\":\"Vehicle ID\",\"value\":\"$$4$$\",\"inline\":true},{\"name\":\"Money Spent\",\"value\":\"$$5$$\",\"inline\":true},{\"name\":\"Vehicle Classname\",\"value\":\"$$6$$\",\"inline\":true}]}],\"content\":\"\"}"
    },
    "Kill_DROWNING": {
      "message": "{\"embeds\":[{\"type\":\"rich\",\"title\":\"A Player drowned\",\"description\":\"\",\"color\":16711680,\"fields\":[{\"name\":\"Victim\",\"value\":\"[$$1$$](https:\\/\\/steamcommunity.com\\/profiles\\/$$2$$)\",\"inline\":true}],\"thumbnail\":{\"url\":\"https:\\/\\/lbmaster.de\\/killfeed\\/icons\\/DROWNING.png\",\"height\":50,\"width\":50}}],\"allowed_mentions\":{\"parse\":[]}}"
    },
    "ATMRobbingSuccess": {
      "message": "{\"embeds\":[{\"type\":\"rich\",\"title\":\"The ATM at $$5$$ was Robbed\",\"description\":\"\",\"color\":65280,\"fields\":[{\"name\":\"Robber Name\",\"value\":\"[$$1$$](https:\\/\\/steamcommunity.com\\/profiles\\/$$2$$)\",\"inline\":true},{\"name\":\"Robber Group\",\"value\":\"$$3$$ ($$4$$)\",\"inline\":true},{\"name\":\"Money Stolen\",\"value\":\"$$9$$\",\"inline\":true}]}],\"allowed_mentions\":{\"parse\":[]}}"
    },
    "UnbanPlayerGlobal": {
      "message": "{\"embeds\":[{\"title\":\"Player Global Unbanned\",\"description\":\"\",\"color\":16711680,\"footer\":{\"text\":\"\"},\"author\":{\"name\":\"\"},\"fields\":[{\"name\":\"Admin\",\"value\":\"[$$1$$](https://steamcommunity.com/profiles/$$2$$)\",\"inline\":true},{\"name\":\"Target\",\"value\":\"[$$3$$](https://steamcommunity.com/profiles/$$4$$)\",\"inline\":true},{\"name\":\"Reason\",\"value\":\"$$5$$\",\"inline\":true},{\"name\":\"Duration\",\"value\":\"$$6$$\",\"inline\":true},{\"name\":\"Comment\",\"value\":\"$$7$$\",\"inline\":true}]}],\"content\":\"\"}"
    },
    "SpawnPlayerAtHouse": {
      "message": "{\"embeds\":[{\"type\":\"rich\",\"title\":\"Player Spawned at Sleeping Bag\",\"description\":\"\",\"color\":65280,\"fields\":[{\"name\":\"Player\",\"value\":\"[$$1$$](https:\\/\\/steamcommunity.com\\/profiles\\/$$2$$)\",\"inline\":true},{\"name\":\"Exact Coords\",\"value\":\"X:$$4$$ Y:$$5$$ Z:$$6$$\",\"inline\":true}]}],\"allowed_mentions\":{\"parse\":[]}}"
    },
    "Kill_WEAPON": {
      "message": "{\"embeds\":[{\"type\":\"rich\",\"title\":\"A Player was killed with a weapon\",\"description\":\"\",\"color\":16711680,\"fields\":[{\"name\":\"Victim\",\"value\":\"[$$1$$](https:\\/\\/steamcommunity.com\\/profiles\\/$$2$$)\",\"inline\":true},{\"name\":\"Killer\",\"value\":\"[$$3$$](https:\\/\\/steamcommunity.com\\/profiles\\/$$4$$)\",\"inline\":true},{\"name\":\"Weapon\",\"value\":\"$$5$$\",\"inline\":true},{\"name\":\"Distance\",\"value\":\"$$7$$\",\"inline\":true}],\"thumbnail\":{\"url\":\"https:\\/\\/lbmaster.de\\/killfeed\\/icons\\/WEAPON.png\",\"height\":50,\"width\":50}}],\"allowed_mentions\":{\"parse\":[]}}"
    },
    "SetStats": {
      "message": "{\"embeds\":[{\"title\":\"Set Player Stat\",\"description\":\"\",\"color\":8454143,\"footer\":{\"text\":\"\"},\"author\":{\"name\":\"\"},\"fields\":[{\"name\":\"Admin\",\"value\":\"[$$1$$](https://steamcommunity.com/profiles/$$2$$)\",\"inline\":true},{\"name\":\"Player\",\"value\":\"[$$3$$](https://steamcommunity.com/profiles/$$4$$)\",\"inline\":true},{\"name\":\"Stat Name\",\"value\":\"$$5$$\",\"inline\":true},{\"name\":\"Previous Value\",\"value\":\"$$6$$\",\"inline\":true},{\"name\":\"New Value\",\"value\":\"$$7$$\",\"inline\":true}]}],\"content\":\"\"}"
    },
    "WatchlistAdded": {
      "message": "{\"embeds\":[{\"title\":\"Watchlist Added\",\"description\":\"\",\"color\":65280,\"footer\":{\"text\":\"\"},\"author\":{\"name\":\"\"},\"fields\":[{\"name\":\"Admin\",\"value\":\"[$$1$$](https://steamcommunity.com/profiles/$$2$$)\",\"inline\":true},{\"name\":\"Player\",\"value\":\"[$$3$$](https://steamcommunity.com/profiles/$$4$$)\",\"inline\":true},{\"name\":\"Reason\",\"value\":\"$$5$$\",\"inline\":true}]}],\"content\":\"\"}"
    },
    "VehicleAttachmentsRepaired": {
      "message": "{\"embeds\":[{\"type\":\"rich\",\"title\":\"Vehicle Attachments Repaired\",\"description\":\"\",\"color\":65280,\"fields\":[{\"name\":\"Player\",\"value\":\"[$$1$$](https:\\/\\/steamcommunity.com\\/profiles\\/$$2$$)\",\"inline\":true},{\"name\":\"Vehicle\",\"value\":\"$$3$$\",\"inline\":true},{\"name\":\"Vehicle ID\",\"value\":\"$$5$$\",\"inline\":true},{\"name\":\"Trader ID\",\"value\":\"$$4$$\",\"inline\":true},{\"name\":\"Cost\",\"value\":\"$$6$$\",\"inline\":true}]}],\"allowed_mentions\":{\"parse\":[]}}"
    },
    "StripPlayer": {
      "message": "{\"embeds\":[{\"title\":\"Stripped Player Clothing\",\"description\":\"\",\"color\":16711680,\"footer\":{\"text\":\"\"},\"author\":{\"name\":\"\"},\"fields\":[{\"name\":\"Admin\",\"value\":\"[$$1$$](https://steamcommunity.com/profiles/$$2$$)\",\"inline\":true},{\"name\":\"Target Player\",\"value\":\"[$$3$$](https://steamcommunity.com/profiles/$$4$$)\",\"inline\":true}]}],\"content\":\"\"}"
    },
    "GroupDemotedAdmin": {
      "message": "{\"embeds\":[{\"type\":\"rich\",\"title\":\"Admin Demoted player in a group\",\"description\":\"\",\"color\":65280,\"fields\":[{\"name\":\"Admin\",\"value\":\"[$$7$$](https:\\/\\/steamcommunity.com\\/profiles\\/$$8$$)\",\"inline\":true},{\"name\":\"Group Name\",\"value\":\"$$5$$\",\"inline\":true},{\"name\":\"Group Tag\",\"value\":\"$$6$$\",\"inline\":true},{\"name\":\"Player\",\"value\":\"[$$1$$](https:\\/\\/steamcommunity.com\\/profiles\\/$$2$$)\",\"inline\":true},{\"name\":\"Old Rank\",\"value\":\"$$3$$\",\"inline\":true},{\"name\":\"New Rank\",\"value\":\"$$4$$\",\"inline\":true}]}],\"allowed_mentions\":{\"parse\":[]}}"
    },
    "Kill_STARVATION": {
      "message": "{\"embeds\":[{\"type\":\"rich\",\"title\":\"A Player died from starvation\",\"description\":\"\",\"color\":16711680,\"fields\":[{\"name\":\"Player\",\"value\":\"[$$1$$](https:\\/\\/steamcommunity.com\\/profiles\\/$$2$$)\",\"inline\":true}],\"thumbnail\":{\"url\":\"https:\\/\\/lbmaster.de\\/killfeed\\/icons\\/STARVATION.png\",\"height\":50,\"width\":50}}],\"allowed_mentions\":{\"parse\":[]}}"
    },
    "ClearPlayer": {
      "message": "{\"embeds\":[{\"title\":\"Deleted Player Clothing\",\"description\":\"\",\"color\":16711680,\"footer\":{\"text\":\"\"},\"author\":{\"name\":\"\"},\"fields\":[{\"name\":\"Admin\",\"value\":\"[$$1$$](https://steamcommunity.com/profiles/$$2$$)\",\"inline\":true},{\"name\":\"Target Player\",\"value\":\"[$$3$$](https://steamcommunity.com/profiles/$$4$$)\",\"inline\":true}]}],\"content\":\"\"}"
    },
    "SetScalePlayer": {
      "message": "{\"embeds\":[{\"title\":\"Player Scale Changed\",\"description\":\"\",\"color\":16744448,\"footer\":{\"text\":\"\"},\"author\":{\"name\":\"\"},\"fields\":[{\"name\":\"Admin\",\"value\":\"[$$1$$](https://steamcommunity.com/profiles/$$2$$)\",\"inline\":true},{\"name\":\"Target\",\"value\":\"[$$3$$](https://steamcommunity.com/profiles/$$4$$)\",\"inline\":true},{\"name\":\"New Scale\",\"value\":\"$$5$$\",\"inline\":true}]}],\"content\":\"\"}"
    },
    "BuildingSetToggled": {
      "message": "{\"embeds\":[{\"title\":\"Building Set Toggled\",\"description\":\"\",\"color\":16744448,\"fields\":[{\"name\":\"Admin\",\"value\":\"[$$1$$](https://steamcommunity.com/profiles/$$2$$)\",\"inline\":true},{\"name\":\"Name\",\"value\":\"$$3$$\",\"inline\":true},{\"name\":\"Objects\",\"value\":\"$$4$$\",\"inline\":true},{\"name\":\"Enabled\",\"value\":\"$$5$$\",\"inline\":true}]}],\"content\":\"\"}"
    },
    "PresetSaved": {
      "message": "{\"embeds\":[{\"title\":\"Preset Saved\",\"description\":\"\",\"color\":16744448,\"footer\":{\"text\":\"\"},\"author\":{\"name\":\"\"},\"fields\":[{\"name\":\"Admin\",\"value\":\"[$$1$$](https://steamcommunity.com/profiles/$$2$$)\",\"inline\":true},{\"name\":\"Preset\",\"value\":\"$$3$$\",\"inline\":true},{\"name\":\"Item Count\",\"value\":\"$$4$$\",\"inline\":true}]}],\"content\":\"\"}"
    },
    "VehicleRepaint": {
      "message": "{\"embeds\":[{\"type\":\"rich\",\"title\":\"Vehicle repainted\",\"description\":\"\",\"color\":65280,\"fields\":[{\"name\":\"Player\",\"value\":\"[$$1$$](https:\\/\\/steamcommunity.com\\/profiles\\/$$2$$)\",\"inline\":true},{\"name\":\"Vehicle\",\"value\":\"$$3$$\",\"inline\":true},{\"name\":\"Trader ID\",\"value\":\"$$4$$\",\"inline\":true},{\"name\":\"Vehicle ID\",\"value\":\"$$5$$\",\"inline\":true},{\"name\":\"Cost\",\"value\":\"$$6$$\",\"inline\":true},{\"name\":\"Color\",\"value\":\"$$7$$\",\"inline\":true}]}],\"allowed_mentions\":{\"parse\":[]}}"
    },
    "GroupLevelChanged": {
      "message": "{\"embeds\":[{\"type\":\"rich\",\"title\":\"Admin Changed Group Level\",\"description\":\"\",\"color\":16776960,\"fields\":[{\"name\":\"Admin\",\"value\":\"[$$5$$](https:\\/\\/steamcommunity.com\\/profiles\\/$$6$$)\",\"inline\":true},{\"name\":\"Group Name\",\"value\":\"$$1$$\",\"inline\":true},{\"name\":\"Gropu Tag\",\"value\":\"$$2$$\",\"inline\":true},{\"name\":\"Old Level\",\"value\":\"$$3$$\",\"inline\":true},{\"name\":\"New Level\",\"value\":\"$$4$$\",\"inline\":true}]}],\"allowed_mentions\":{\"parse\":[]}}"
    },
    "GaragePinReset": {
      "message": "{\"embeds\":[{\"type\":\"rich\",\"title\":\"Garage Pin reset\",\"description\":\"Pin reset for garage at X:$$3$$ Y:$$4$$ Z:$$5$$\",\"color\":16776960,\"fields\":[{\"name\":\"Player\",\"value\":\"[$$1$$](https:\\/\\/steamcommunity.com\\/profiles\\/$$2$$)\",\"inline\":true},{\"name\":\"Garage ID\",\"value\":\"$$6$$\",\"inline\":true}]}],\"allowed_mentions\":{\"parse\":[]}}"
    },
    "BanPlayer": {
      "message": "{\"embeds\":[{\"title\":\"Player Banned\",\"description\":\"\",\"color\":16711680,\"footer\":{\"text\":\"\"},\"author\":{\"name\":\"\"},\"fields\":[{\"name\":\"Admin\",\"value\":\"[$$1$$](https://steamcommunity.com/profiles/$$2$$)\",\"inline\":true},{\"name\":\"Target\",\"value\":\"[$$3$$](https://steamcommunity.com/profiles/$$4$$)\",\"inline\":true},{\"name\":\"Reason\",\"value\":\"$$5$$\",\"inline\":true},{\"name\":\"Duration\",\"value\":\"$$6$$\",\"inline\":true},{\"name\":\"Comment\",\"value\":\"$$7$$\",\"inline\":true}]}],\"content\":\"\"}"
    },
    "GaragePublicPlaced": {
      "message": "{\"embeds\":[{\"type\":\"rich\",\"title\":\"Public Garage was placed\",\"description\":\"A public Garage was placed at X:$$3$$ Y:$$4$$ Z:$$5$$\",\"color\":65280,\"fields\":[{\"name\":\"Admin\",\"value\":\"[$$1$$](https:\\/\\/steamcommunity.com\\/profiles\\/$$2$$)\",\"inline\":true},{\"name\":\"Trader ID\",\"value\":\"$$6$$\",\"inline\":true}]}],\"allowed_mentions\":{\"parse\":[]}}"
    },
    "PlotpoleClaimed": {
      "message": "{\"embeds\":[{\"type\":\"rich\",\"title\":\"Plotpole Claimed\",\"description\":\"\",\"color\":65280,\"fields\":[{\"name\":\"Player\",\"value\":\"[$$1$$](https:\\/\\/steamcommunity.com\\/profiles\\/$$2$$)\",\"inline\":true},{\"name\":\"Group Name\",\"value\":\"$$3$$\",\"inline\":true},{\"name\":\"Group Tag\",\"value\":\"$$4$$\",\"inline\":true},{\"name\":\"Position\",\"value\":\"X: $$5$$ Y: $$6$$ Z: $$7$$\",\"inline\":true}]}],\"allowed_mentions\":{\"parse\":[]}}"
    },
    "GarageHacked": {
      "message": "{\"embeds\":[{\"type\":\"rich\",\"title\":\"A Garage was hacked\",\"description\":\"A garage was hacked at: X:$$5$$ Y:$$6$$ Z:$$7$$\",\"color\":16711680,\"fields\":[{\"name\":\"Hacker\",\"value\":\"[$$1$$](https:\\/\\/steamcommunity.com\\/profiles\\/$$2$$)\",\"inline\":true},{\"name\":\"Garage ID\",\"value\":\"$$4$$\",\"inline\":true},{\"name\":\"Vehicles Revealed\",\"value\":\"$$3$$\",\"inline\":true}]}],\"allowed_mentions\":{\"parse\":[]}}"
    },
    "GroupJoinInvite": {
      "message": "{\"embeds\":[{\"type\":\"rich\",\"title\":\"Player joined group by invite\",\"description\":\"\",\"color\":65280,\"fields\":[{\"name\":\"Player\",\"value\":\"[$$1$$](https:\\/\\/steamcommunity.com\\/profiles\\/$$2$$)\",\"inline\":true},{\"name\":\"Group Name\",\"value\":\"$$3$$\",\"inline\":true},{\"name\":\"Group Tag\",\"value\":\"$$4$$\",\"inline\":true}]}],\"allowed_mentions\":{\"parse\":[]}}"
    },
    "ItemSpawned": {
      "message": "{\"embeds\":[{\"title\":\"Spawned Item\",\"description\":\"\",\"color\":65280,\"footer\":{\"text\":\"\"},\"author\":{\"name\":\"\"},\"fields\":[{\"name\":\"Admin\",\"value\":\"[$$1$$](https://steamcommunity.com/profiles/$$2$$)\",\"inline\":true},{\"name\":\"Itemname\",\"value\":\"$$3$$\",\"inline\":true},{\"name\":\"Quantity\",\"value\":\"$$4$$\",\"inline\":true},{\"name\":\"Debug Spawn\",\"value\":\"$$5$$\",\"inline\":true}]}],\"content\":\"\"}"
    },
    "VehicleRefueld": {
      "message": "{\"embeds\":[{\"type\":\"rich\",\"title\":\"Vehicle refueled\",\"description\":\"\",\"color\":65280,\"fields\":[{\"name\":\"Player\",\"value\":\"[$$1$$](https:\\/\\/steamcommunity.com\\/profiles\\/$$2$$)\",\"inline\":true},{\"name\":\"Vehicle\",\"value\":\"$$3$$\",\"inline\":true},{\"name\":\"Vehicle ID\",\"value\":\"$$5$$\",\"inline\":true},{\"name\":\"Trader ID\",\"value\":\"$$4$$\",\"inline\":true},{\"name\":\"Cost\",\"value\":\"$$6$$\",\"inline\":true}]}],\"allowed_mentions\":{\"parse\":[]}}"
    },
    "VehicleBought": {
      "message": "{\"embeds\":[{\"type\":\"rich\",\"title\":\"Player bought vehicle\",\"description\":\"\",\"color\":65280,\"fields\":[{\"name\":\"Player\",\"value\":\"[$$1$$](https:\\/\\/steamcommunity.com\\/profiles\\/$$2$$)\",\"inline\":true},{\"name\":\"Vehicle\",\"value\":\"$$3$$\",\"inline\":true},{\"name\":\"Trader ID\",\"value\":\"$$4$$\",\"inline\":true},{\"name\":\"Vehicle ID\",\"value\":\"$$5$$\",\"inline\":true},{\"name\":\"Cost\",\"value\":\"$$6$$\",\"inline\":true}]}],\"allowed_mentions\":{\"parse\":[]}}"
    },
    "GarageSpawnareaReset": {
      "message": "{\"embeds\":[{\"type\":\"rich\",\"title\":\"Garage spawnarea reset\",\"description\":\"Spawnarea reset for garage at X:$$3$$ Y:$$4$$ Z:$$5$$\",\"color\":16776960,\"fields\":[{\"name\":\"Player\",\"value\":\"[$$1$$](https:\\/\\/steamcommunity.com\\/profiles\\/$$2$$)\",\"inline\":true},{\"name\":\"Garage ID\",\"value\":\"$$6$$\",\"inline\":true}]}],\"allowed_mentions\":{\"parse\":[]}}"
    },
    "ATMMoneyTransfer": {
      "message": "{\"embeds\":[{\"type\":\"rich\",\"title\":\"Money Transfer\",\"description\":\"\",\"color\":65280,\"fields\":[{\"name\":\"From\",\"value\":\"[$$1$$](https:\\/\\/steamcommunity.com\\/profiles\\/$$2$$)\",\"inline\":true},{\"name\":\"To\",\"value\":\"[$$3$$](https:\\/\\/steamcommunity.com\\/profiles\\/$$4$$)\",\"inline\":true},{\"name\":\"Money Transfered\",\"value\":\"$$5$$\",\"inline\":true},{\"name\":\"Transfer Fee\",\"value\":\"$$6$$\",\"inline\":true}]}],\"allowed_mentions\":{\"parse\":[]}}"
    },
    "ServerRestart": {
      "message": "{\"embeds\":[{\"title\":\"Server Restart\",\"description\":\"\",\"color\":16711680,\"footer\":{\"text\":\"\"},\"author\":{\"name\":\"\"},\"fields\":[{\"name\":\"Admin\",\"value\":\"[$$1$$](https://steamcommunity.com/profiles/$$2$$)\",\"inline\":true},{\"name\":\"Time till restart\",\"value\":\"$$3$$\",\"inline\":true}]}],\"content\":\"\"}"
    },
    "MessageOnePlayer": {
      "message": "{\"embeds\":[{\"title\":\"Message sent to Player\",\"description\":\"\",\"color\":16744512,\"footer\":{\"text\":\"\"},\"author\":{\"name\":\"\"},\"fields\":[{\"name\":\"Admin\",\"value\":\"[$$1$$](https://steamcommunity.com/profiles/$$2$$)\",\"inline\":true},{\"name\":\"To\",\"value\":\"[$$3$$](https://steamcommunity.com/profiles/$$4$$)\",\"inline\":true},{\"name\":\"Message\",\"value\":\"$$5$$\",\"inline\":true}]}],\"content\":\"\"}"
    },
    "ATMEditMainConfig": {
      "message": "{\"embeds\":[{\"type\":\"rich\",\"title\":\"Admin Changed Main ATM Config\",\"description\":\"\",\"color\":16776960,\"fields\":[{\"name\":\"Admin\",\"value\":\"[$$1$$](https:\\/\\/steamcommunity.com\\/profiles\\/$$2$$)\",\"inline\":true}]}],\"allowed_mentions\":{\"parse\":[]}}"
    },
    "GroupNameChanged": {
      "message": "{\"embeds\":[{\"type\":\"rich\",\"title\":\"Admin Changed Group Name\",\"description\":\"\",\"color\":16776960,\"fields\":[{\"name\":\"Admin\",\"value\":\"[$$5$$](https:\\/\\/steamcommunity.com\\/profiles\\/$$6$$)\",\"inline\":true},{\"name\":\"Old Name\",\"value\":\"$$1$$\",\"inline\":true},{\"name\":\"Old Tag\",\"value\":\"$$2$$\",\"inline\":true},{\"name\":\"New Name\",\"value\":\"$$3$$\",\"inline\":true},{\"name\":\"New Tag\",\"value\":\"$$4$$\",\"inline\":true}]}],\"allowed_mentions\":{\"parse\":[]}}"
    },
    "ATMDepositGroup": {
      "message": "{\"embeds\":[{\"type\":\"rich\",\"title\":\"Money deposited to Group Account\",\"description\":\"\",\"color\":65535,\"fields\":[{\"name\":\"Player\",\"value\":\"[$$1$$](https:\\/\\/steamcommunity.com\\/profiles\\/$$2$$)\",\"inline\":true},{\"name\":\"Money before\",\"value\":\"$$3$$\",\"inline\":true},{\"name\":\"Money deposited\",\"value\":\"$$5$$\",\"inline\":true},{\"name\":\"Money after\",\"value\":\"$$4$$\",\"inline\":true},{\"name\":\"Group Name\",\"value\":\"$$6$$\",\"inline\":true},{\"name\":\"Group Tag\",\"value\":\"$$7$$\",\"inline\":true}]}],\"allowed_mentions\":{\"parse\":[]}}"
    },
    "GroupChat": {
      "message": "{\"embeds\":[{\"type\":\"rich\",\"title\":\"Group Chat\",\"description\":\"[$$4$$] [$$1$$](https:\\/\\/steamcommunity.com\\/profiles\\/$$2$$): $$5$$\",\"color\":$$6$$}],\"allowed_mentions\":{\"parse\":[]}}"
    },
    "WatchlistChangedSystem": {
      "message": "{\"embeds\":[{\"title\":\"Player Watchlist entry changed by System\",\"description\":\"\",\"color\":16711680,\"footer\":{\"text\":\"\"},\"author\":{\"name\":\"\"},\"fields\":[{\"name\":\"Player\",\"value\":\"[$$1$$](https://steamcommunity.com/profiles/$$2$$)\",\"inline\":true},{\"name\":\"Reason\",\"value\":\"$$3$$\",\"inline\":true},{\"name\":\"Confidence\",\"value\":\"$$4$$\",\"inline\":true}]}],\"content\":\"\"}"
    },
    "TeleportPlayersToPosition": {
      "message": "{\"embeds\":[{\"title\":\"Teleport Players to Position\",\"description\":\"\",\"color\":65280,\"footer\":{\"text\":\"\"},\"author\":{\"name\":\"\"},\"fields\":[{\"name\":\"Admin\",\"value\":\"[$$1$$](https://steamcommunity.com/profiles/$$2$$)\",\"inline\":true},{\"name\":\"Player Count\",\"value\":\"$$3$$\",\"inline\":true},{\"name\":\"Player List\",\"value\":\"$$4$$\",\"inline\":true},{\"name\":\"To\",\"value\":\"$$5$$, $$6$$, $$7$$\",\"inline\":true}]}],\"content\":\"\"}"
    },
    "GroupCreate": {
      "message": "{\"embeds\":[{\"type\":\"rich\",\"title\":\"Group Created\",\"description\":\"\",\"color\":65280,\"fields\":[{\"name\":\"Player\",\"value\":\"[$$1$$](https:\\/\\/steamcommunity.com\\/profiles\\/$$2$$)\",\"inline\":true},{\"name\":\"Group Name\",\"value\":\"$$3$$\",\"inline\":true},{\"name\":\"Group Tag\",\"value\":\"$$4$$\",\"inline\":true}]}],\"allowed_mentions\":{\"parse\":[]}}"
    },
    "ATMGroupAccountChanged": {
      "message": "{\"embeds\":[{\"type\":\"rich\",\"title\":\"Group Account Changed\",\"description\":\"\",\"color\":65535,\"fields\":[{\"name\":\"Admin\",\"value\":\"[$$1$$](https:\\/\\/steamcommunity.com\\/profiles\\/$$2$$)\",\"inline\":true},{\"name\":\"Target Group\",\"value\":\"$$3$$ ($$4$$)\",\"inline\":true},{\"name\":\"Money\",\"value\":\"Before:$$5$$ After:$$6$$\",\"inline\":true},{\"name\":\"Has Account\",\"value\":\"Before:$$7$$ After:$$8$$\",\"inline\":true}]}],\"allowed_mentions\":{\"parse\":[]}}"
    },
    "Kill_FALL": {
      "message": "{\"embeds\":[{\"type\":\"rich\",\"title\":\"A Player fell to his death\",\"description\":\"\",\"color\":16711680,\"fields\":[{\"name\":\"Player\",\"value\":\"[$$1$$](https:\\/\\/steamcommunity.com\\/profiles\\/$$2$$)\",\"inline\":true}],\"thumbnail\":{\"url\":\"https:\\/\\/lbmaster.de\\/killfeed\\/icons\\/FALL.png\",\"height\":50,\"width\":50}}],\"allowed_mentions\":{\"parse\":[]}}"
    },
    "SetSickness": {
      "message": "{\"embeds\":[{\"title\":\"Set Player Sickness\",\"description\":\"\",\"color\":8454143,\"footer\":{\"text\":\"\"},\"author\":{\"name\":\"\"},\"fields\":[{\"name\":\"Admin\",\"value\":\"[$$1$$](https://steamcommunity.com/profiles/$$2$$)\",\"inline\":true},{\"name\":\"Player\",\"value\":\"[$$3$$](https://steamcommunity.com/profiles/$$4$$)\",\"inline\":true},{\"name\":\"Sickness\",\"value\":\"$$5$$\",\"inline\":true},{\"name\":\"Is Sick\",\"value\":\"$$6$$\",\"inline\":true}]}],\"content\":\"\"}"
    },
    "GarageHacking_Cancel": {
      "message": "{\"embeds\":[{\"type\":\"rich\",\"title\":\"Garage Hacking Canceled\",\"description\":\"\",\"color\":65280,\"fields\":[{\"name\":\"Hacker\",\"value\":\"[$$1$$](https:\\/\\/steamcommunity.com\\/profiles\\/$$2$$)\",\"inline\":true},{\"name\":\"Garage Position\",\"value\":\"X:$$4$$ Y:$$5$$ Z:$$6$$\",\"inline\":true},{\"name\":\"Garage UID\",\"value\":\"$$3$$\",\"inline\":true}]}],\"allowed_mentions\":{\"parse\":[]}}"
    },
    "HealedPlayer": {
      "message": "{\"embeds\":[{\"title\":\"Healed Player\",\"description\":\"\",\"color\":65280,\"footer\":{\"text\":\"\"},\"author\":{\"name\":\"\"},\"fields\":[{\"name\":\"Admin\",\"value\":\"[$$1$$](https://steamcommunity.com/profiles/$$2$$)\",\"inline\":true},{\"name\":\"Player\",\"value\":\"[$$3$$](https://steamcommunity.com/profiles/$$4$$)\",\"inline\":true},{\"name\":\"Position\",\"value\":\"$$5$$, $$6$$, $$7$$\",\"inline\":true}]}],\"content\":\"\"}"
    },
    "ATMPlaced": {
      "message": "{\"embeds\":[{\"type\":\"rich\",\"title\":\"Admin Placed an ATM\",\"description\":\"\",\"color\":65280,\"fields\":[{\"name\":\"Admin\",\"value\":\"[$$1$$](https:\\/\\/steamcommunity.com\\/profiles\\/$$2$$)\",\"inline\":true},{\"name\":\"Item Classname\",\"value\":\"$$3$$\",\"inline\":true},{\"name\":\"Position\",\"value\":\"X: $$4$$ Y: $$5$$ Z: $$6$$\",\"inline\":true}]}],\"allowed_mentions\":{\"parse\":[]}}"
    },
    "KilledPlayers": {
      "message": "{\"embeds\":[{\"title\":\"Killed Players\",\"description\":\"\",\"color\":16711680,\"footer\":{\"text\":\"\"},\"author\":{\"name\":\"\"},\"fields\":[{\"name\":\"Admin\",\"value\":\"[$$1$$](https://steamcommunity.com/profiles/$$2$$)\",\"inline\":true},{\"name\":\"Player Count\",\"value\":\"$$3$$\",\"inline\":true},{\"name\":\"Player List\",\"value\":\"$$4$$\",\"inline\":true}]}],\"content\":\"\"}"
    },
    "Status_Shutdown": {
      "message": "{\"embeds\":[{\"title\":\"Server Shutdown\",\"description\":\"$$1$$\",\"color\":16711680,\"author\":{\"name\":\"Server Status\"},\"fields\":[{\"name\":\"Max Players\",\"value\":\"$$2$$\",\"inline\":true},{\"name\":\"Map\",\"value\":\"$$3$$\",\"inline\":true},{\"name\":\"IP\",\"value\":\"$$4$$:$$5$$\",\"inline\":true},{\"name\":\"Uptime\",\"value\":\"$$6$$\",\"inline\":true}]}],\"content\":\"\"}"
    },
    "GlobalChat": {
      "message": "{\"embeds\":[{\"type\":\"rich\",\"title\":\"Global Chat\",\"description\":\"[$$1$$](https:\\/\\/steamcommunity.com\\/profiles\\/$$2$$): $$3$$\",\"color\":$$4$$}],\"allowed_mentions\":{\"parse\":[]}}"
    },
    "Kill_ZOMBIE": {
      "message": "{\"embeds\":[{\"type\":\"rich\",\"title\":\"A Player was killed by an Infected\",\"description\":\"\",\"color\":16711680,\"fields\":[{\"name\":\"Player\",\"value\":\"[$$1$$](https:\\/\\/steamcommunity.com\\/profiles\\/$$2$$)\",\"inline\":true},{\"name\":\"Infected\",\"value\":\"$$3$$\",\"inline\":true}],\"thumbnail\":{\"url\":\"https:\\/\\/lbmaster.de\\/killfeed\\/icons\\/ZOMBIE.png\",\"height\":50,\"width\":50}}],\"allowed_mentions\":{\"parse\":[]}}"
    },
    "VehicleWaterRefilled": {
      "message": "{\"embeds\":[{\"type\":\"rich\",\"title\":\"Vehicle water refilled\",\"description\":\"\",\"color\":65280,\"fields\":[{\"name\":\"Player\",\"value\":\"[$$1$$](https:\\/\\/steamcommunity.com\\/profiles\\/$$2$$)\",\"inline\":true},{\"name\":\"Vehicle\",\"value\":\"$$3$$\",\"inline\":true},{\"name\":\"Vehicle ID\",\"value\":\"$$5$$\",\"inline\":true},{\"name\":\"Trader ID\",\"value\":\"$$4$$\",\"inline\":true},{\"name\":\"Cost\",\"value\":\"$$6$$\",\"inline\":true}]}],\"allowed_mentions\":{\"parse\":[]}}"
    },
    "DirectChat": {
      "message": "{\"embeds\":[{\"type\":\"rich\",\"title\":\"Direct Chat\",\"description\":\"[$$1$$](https:\\/\\/steamcommunity.com\\/profiles\\/$$2$$): $$3$$\",\"color\":$$4$$}],\"allowed_mentions\":{\"parse\":[]}}"
    },
    "Chat_Global": {
      "message": "{\"embeds\":[{\"type\":\"rich\",\"title\":\"Global Chat\",\"description\":\"[$$1$$](https:\\/\\/steamcommunity.com\\/profiles\\/$$2$$): $$3$$\",\"color\":$$4$$}],\"allowed_mentions\":{\"parse\":[]}}"
    },
    "SleepingBagPlaced": {
      "message": "{\"embeds\":[{\"type\":\"rich\",\"title\":\"Sleepingbag Placed\",\"description\":\"A sleepingbag was placed at X:$$3$$ Y:$$4$$ Z:$$5$$\",\"color\":65280,\"fields\":[{\"name\":\"Placed By\",\"value\":\"[$$1$$](https:\\/\\/steamcommunity.com\\/profiles\\/$$2$$)\",\"inline\":true},{\"name\":\"Bag ID\",\"value\":\"$$6$$\",\"inline\":true},{\"name\":\"Count\",\"value\":\"$$7$$ of $$8$$\",\"inline\":true}]}],\"allowed_mentions\":{\"parse\":[]}}"
    },
    "Teamkill": {
      "message": "{\"embeds\":[{\"type\":\"rich\",\"title\":\"Teamkill\",\"description\":\"A Player killed another player from the same Group\",\"color\":16711680,\"fields\":[{\"name\":\"Victim\",\"value\":\"[$$1$$](https:\\/\\/steamcommunity.com\\/profiles\\/$$2$$)\",\"inline\":true},{\"name\":\"Killer\",\"value\":\"[$$3$$](https:\\/\\/steamcommunity.com\\/profiles\\/$$4$$)\",\"inline\":true},{\"name\":\"Group\",\"value\":\"$$5$$ ($$6$$)\",\"inline\":true},{\"name\":\"Weapon\",\"value\":\"$$7$$\",\"inline\":true},{\"name\":\"Victim Position\",\"value\":\"X:$$8$$ Y:$$9$$ Z:$$10$$\",\"inline\":true},{\"name\":\"Killer Position\",\"value\":\"X:$$11$$ Y:$$12$$ Z:$$13$$\",\"inline\":true},{\"name\":\"Distance\",\"value\":\"$$14$$m\",\"inline\":true}]}],\"allowed_mentions\":{\"parse\":[]}}"
    },
    "TeleportedBackPlayer": {
      "message": "{\"embeds\":[{\"title\":\"Brought back player\",\"description\":\"\",\"color\":8454143,\"footer\":{\"text\":\"\"},\"author\":{\"name\":\"\"},\"fields\":[{\"name\":\"Admin\",\"value\":\"[$$1$$](https://steamcommunity.com/profiles/$$2$$)\",\"inline\":true},{\"name\":\"Target Player\",\"value\":\"[$$3$$](https://steamcommunity.com/profiles/$$4$$)\",\"inline\":true},{\"name\":\"From\",\"value\":\"$$5$$, $$6$$, $$7$$\",\"inline\":true},{\"name\":\"To\",\"value\":\"$$8$$, $$9$$, $$10$$\",\"inline\":true}]}],\"content\":\"\"}"
    },
    "TeleportToPosition": {
      "message": "{\"embeds\":[{\"title\":\"Teleport to Position\",\"description\":\"\",\"color\":65280,\"footer\":{\"text\":\"\"},\"author\":{\"name\":\"\"},\"fields\":[{\"name\":\"Admin\",\"value\":\"[$$1$$](https://steamcommunity.com/profiles/$$2$$)\",\"inline\":true},{\"name\":\"From\",\"value\":\"$$3$$, $$4$$, $$5$$\",\"inline\":true},{\"name\":\"To\",\"value\":\"$$6$$, $$7$$, $$8$$\",\"inline\":true}]}],\"content\":\"\"}"
    },
    "GroupUpgraded": {
      "message": "{\"embeds\":[{\"type\":\"rich\",\"title\":\"Group Upgraded\",\"description\":\"\",\"color\":65280,\"fields\":[{\"name\":\"Player\",\"value\":\"[$$1$$](https:\\/\\/steamcommunity.com\\/profiles\\/$$2$$)\",\"inline\":true},{\"name\":\"Group Name\",\"value\":\"$$3$$\",\"inline\":true},{\"name\":\"Group Tag\",\"value\":\"$$4$$\",\"inline\":true},{\"name\":\"Level\",\"value\":\"$$5$$ -> $$6$$\",\"inline\":true}]}],\"allowed_mentions\":{\"parse\":[]}}"
    },
    "GroupTagColorChanged": {
      "message": "{\"embeds\":[{\"type\":\"rich\",\"title\":\"Group Tag Color was Changed\",\"description\":\"\",\"color\":65535,\"fields\":[{\"name\":\"Admin\",\"value\":\"[$$1$$](https:\\/\\/steamcommunity.com\\/profiles\\/$$2$$)\",\"inline\":true},{\"name\":\"Group Name\",\"value\":\"$$3$$\",\"inline\":true},{\"name\":\"Group Tag\",\"value\":\"$$4$$\",\"inline\":true},{\"name\":\"Color\",\"value\":\"R: $$5$$ R: $$6$$ G: $$7$$\",\"inline\":true},{\"name\":\"Has Colored Tag\",\"value\":\"$$8$$\",\"inline\":true}]}],\"allowed_mentions\":{\"parse\":[]}}"
    },
    "NoBuildZonesUpdated": {
      "message": "{\"embeds\":[{\"type\":\"rich\",\"title\":\"No Build Zones changed\",\"description\":\"\",\"color\":65535,\"fields\":[{\"name\":\"Admin\",\"value\":\"[$$1$$](https:\\/\\/steamcommunity.com\\/profiles\\/$$2$$)\",\"inline\":true},{\"name\":\"Enabled\",\"value\":\"$$3$$\",\"inline\":true},{\"name\":\"Shown on Map\",\"value\":\"$$4$$\",\"inline\":true},{\"name\":\"Zone Count\",\"value\":\"$$5$$\",\"inline\":true}]}],\"allowed_mentions\":{\"parse\":[]}}"
    },
    "PlayerAction_Multiple": {
      "message": "{\"embeds\":[{\"title\":\"Player Action Performed\",\"description\":\"\",\"color\":16711680,\"footer\":{\"text\":\"\"},\"author\":{\"name\":\"\"},\"fields\":[{\"name\":\"Admin\",\"value\":\"[$$1$$](https://steamcommunity.com/profiles/$$2$$)\",\"inline\":true},{\"name\":\"Action\",\"value\":\"$$3$$\",\"inline\":true},{\"name\":\"Players\",\"value\":\"$$4$$\",\"inline\":true}]}],\"content\":\"\"}"
    },
    "ATMRobbingStopped": {
      "message": "{\"embeds\":[{\"type\":\"rich\",\"title\":\"Robbing ATM at $$1$$ was aborted\",\"description\":\"\",\"color\":16711680}],\"allowed_mentions\":{\"parse\":[]}}"
    },
    "RepairedVehicle": {
      "message": "{\"embeds\":[{\"title\":\"Repaired Vehicle\",\"description\":\"\",\"color\":65280,\"footer\":{\"text\":\"\"},\"author\":{\"name\":\"\"},\"fields\":[{\"name\":\"Admin\",\"value\":\"[$$1$$](https://steamcommunity.com/profiles/$$2$$)\",\"inline\":true},{\"name\":\"Vehicle Name\",\"value\":\"$$3$$\",\"inline\":true},{\"name\":\"Position\",\"value\":\"$$4$$, $$5$$, $$6$$\",\"inline\":true}]}],\"content\":\"\"}"
    },
    "WatchlistAddedSystem": {
      "message": "{\"embeds\":[{\"title\":\"Player added to Watchlist by System\",\"description\":\"\",\"color\":16711680,\"footer\":{\"text\":\"\"},\"author\":{\"name\":\"\"},\"fields\":[{\"name\":\"Player\",\"value\":\"[$$1$$](https://steamcommunity.com/profiles/$$2$$)\",\"inline\":true},{\"name\":\"Reason\",\"value\":\"$$3$$\",\"inline\":true},{\"name\":\"Confidence\",\"value\":\"$$4$$\",\"inline\":true}]}],\"content\":\"\"}"
    },
    "PlotpoleBuilt": {
      "message": "{\"embeds\":[{\"type\":\"rich\",\"title\":\"Plotpole built\",\"description\":\"\",\"color\":65280,\"fields\":[{\"name\":\"Player\",\"value\":\"[$$1$$](https:\\/\\/steamcommunity.com\\/profiles\\/$$2$$)\",\"inline\":true},{\"name\":\"Group Name\",\"value\":\"$$3$$\",\"inline\":true},{\"name\":\"Group Tag\",\"value\":\"$$4$$\",\"inline\":true},{\"name\":\"Position\",\"value\":\"X: $$5$$ Y: $$6$$ Z: $$7$$\",\"inline\":true}]}],\"allowed_mentions\":{\"parse\":[]}}"
    },
    "Kill_BLEEDING": {
      "message": "{\"embeds\":[{\"type\":\"rich\",\"title\":\"A Player died through bleeding\",\"description\":\"\",\"color\":16711680,\"fields\":[{\"name\":\"Player\",\"value\":\"[$$1$$](https:\\/\\/steamcommunity.com\\/profiles\\/$$2$$)\",\"inline\":true}],\"thumbnail\":{\"url\":\"https:\\/\\/lbmaster.de\\/killfeed\\/icons\\/BLEEDING.png\",\"height\":50,\"width\":50}}],\"allowed_mentions\":{\"parse\":[]}}"
    },
    "GarageChangePin": {
      "message": "{\"embeds\":[{\"type\":\"rich\",\"title\":\"Garage Pin Changed\",\"description\":\"The Pin of a Garage was changed at: X:$$5$$ Y:$$6$$ Z:$$7$$\",\"color\":65280,\"fields\":[{\"name\":\"Player\",\"value\":\"[$$1$$](https:\\/\\/steamcommunity.com\\/profiles\\/$$2$$)\",\"inline\":true},{\"name\":\"Garage ID\",\"value\":\"$$4$$\",\"inline\":true},{\"name\":\"New Pin\",\"value\":\"$$3$$\",\"inline\":true}]}],\"allowed_mentions\":{\"parse\":[]}}"
    },
    "RequestItemList": {
      "message": "{\"embeds\":[{\"title\":\"Map Items Requested\",\"description\":\"All Map items have been requested\",\"color\":65280,\"footer\":{\"text\":\"\"},\"author\":{\"name\":\"\"},\"fields\":[{\"name\":\"Admin\",\"value\":\"[$$1$$](https://steamcommunity.com/profiles/$$2$$)\",\"inline\":true}]}],\"content\":\"\"}"
    },
    "VehicleRestored": {
      "message": "{\"embeds\":[{\"type\":\"rich\",\"title\":\"Vehicle Restored\",\"description\":\"A Vehicle was restored at X:$$4$$ Y:$$5$$ Z:$$6$$\",\"color\":65280,\"fields\":[{\"name\":\"Player\",\"value\":\"[$$1$$](https:\\/\\/steamcommunity.com\\/profiles\\/$$2$$)\",\"inline\":true},{\"name\":\"Vehicle\",\"value\":\"$$3$$\",\"inline\":true},{\"name\":\"Vehicle ID\",\"value\":\"$$8$$\",\"inline\":true},{\"name\":\"Trader ID\",\"value\":\"$$7$$\",\"inline\":true},{\"name\":\"Time in Garage\",\"value\":\"$$10$$\",\"inline\":true}]}],\"allowed_mentions\":{\"parse\":[]}}"
    }
  }
}