time;info;target;filename;
2025-06-07 04:04:01;FileName: 2pwyqwoaye Type: DeadFox Quantity: 3000 Health: 50;from player;house_inventory10899.799805 235.112000 11596.900391.bin;
2025-06-07 04:04:09;FileName: u6612vgo5e Type: Flaregun Quantity: 1 Health: 88.1437;from player;house_inventory10899.799805 235.112000 11596.900391.bin;
2025-06-16 14:07:24;FileName: 2pwyqwoaye Type: DeadFox Quantity: 3000 Health: 50;to player;house_inventory10899.799805 235.112000 11596.900391.bin;
2025-06-16 14:07:25;FileName: u6612vgo5e Type: Flaregun Quantity: 1 Health: 88.1437;to player;house_inventory10899.799805 235.112000 11596.900391.bin;
2025-06-16 16:17:04;FileName: lj8q33hsgj Type: GCGN_M4A1 Quantity: 1 Health: 199.524;from player;house_inventory12583.799805 57.093498 13865.000000.bin;
2025-06-16 16:17:10;FileName: 02phf8trdk Type: M4_Suppressor Quantity: 1 Health: 2.43589;from player;house_inventory12583.799805 57.093498 13865.000000.bin;
2025-06-16 16:17:15;FileName: lj8q33hsgj Type: GCGN_M4A1 Quantity: 1 Health: 199.524;to player;house_inventory12583.799805 57.093498 13865.000000.bin;
2025-06-16 18:06:00;FileName: sgfhdcb6j5 Type: mmg_ca_card_akm Quantity: 1 Health: 95.2209;from player;house_inventory12583.799805 57.093498 13865.000000.bin;
2025-06-16 18:06:04;FileName: 02phf8trdk Type: M4_Suppressor Quantity: 1 Health: 2.43589;to player;house_inventory12583.799805 57.093498 13865.000000.bin;
2025-06-16 18:06:16;FileName: c4b8h5bsky Type: mmg_ca_card_deagle Quantity: 1 Health: 100;from player;house_inventory12583.799805 57.093498 13865.000000.bin;
2025-06-18 10:02:40;FileName: oqhv65lhf0 Type: Stim_Health Quantity: 1 Health: 50;from player;house_inventory12583.799805 57.093498 13865.000000.bin;
