{
  "Settings": [
    {
      "Config_Version": 1,
      "Minimum_Players": 0,
      "Cleanup_Radius": 5,
      "Cleanup_Time_After_KOTH_Finished": 300,
      "KOTH_Reward_Delete_On_Cleanup": 1,
      "KOTH_Players_In_Radius_Check_Range": 200,
      "KOTH_Max_Simultaneous": 2,
      "KOTH_Simultaneous_Stagger_Time_Min": 1800,
      "KOTH_Simultaneous_Stagger_Time_Max": 2100,
      "KOTH_Start_Delay": 120,
      "KOTH_Starting_Failed_Retry_Delay": 120,
      "KOTH_Time_Between": 2100,
      "KOTH_Time_Limit": 1200,
      "KOTH_Capture_Time": 120,
      "KOTH_Spawn_Start_Delay": 60,
      "KOTH_Capture_Speed_Bonus_PerPlayer_PerSec": 0.25,
      "KOTH_Capture_Speed_Bonus_PerPlayer_PerSec_Max": 2,
      "KOTH_Flag_Lower_If_Abandoned": 1,
      "KOTH_Do_Smoke": 1,
      "KOTH_Do_Fireworks_On_Win": 1,
      "Map_Marker_Enabled": 1,
      "LB_Marker_Radius": 150,
      "Perspective_Marker_Enabled": 0,
      "Notification_Enabled": 1,
      "Logging_Enabled": 1,
      "Debug_QuickMode": 0,
      "Flags": [
        "Flag_Bohemia",
        "Flag_Chernarus",
        "Flag_Pirates"
      ],
      "KOTH_Enemies": [
        {
          "ClassName": "TG_Animals_BearBlood",
          "SpawnRarity": 0
        },
        {
          "ClassName": "TG_Animals_WolfBlood",
          "SpawnRarity": 0
        },
        {
          "ClassName": "ZmbF_Clerk_Normal_Blue",
          "SpawnRarity": 5
        },
        {
          "ClassName": "ZmbF_Clerk_Normal_Green",
          "SpawnRarity": 5
        },
        {
          "ClassName": "ZmbF_Clerk_Normal_Red",
          "SpawnRarity": 5
        },
        {
          "ClassName": "ZmbF_Clerk_Normal_White",
          "SpawnRarity": 5
        },
        {
          "ClassName": "ZmbF_DoctorSkinny",
          "SpawnRarity": 5
        },
        {
          "ClassName": "ZmbF_JoggerSkinny_Blue",
          "SpawnRarity": 5
        },
        {
          "ClassName": "ZmbF_JoggerSkinny_Brown",
          "SpawnRarity": 5
        },
        {
          "ClassName": "ZmbF_JoggerSkinny_Green",
          "SpawnRarity": 5
        },
        {
          "ClassName": "ZmbF_JoggerSkinny_Red",
          "SpawnRarity": 5
        },
        {
          "ClassName": "ZmbF_JournalistNormal_Blue",
          "SpawnRarity": 5
        },
        {
          "ClassName": "ZmbF_JournalistNormal_Green",
          "SpawnRarity": 5
        },
        {
          "ClassName": "ZmbF_JournalistNormal_Red",
          "SpawnRarity": 5
        },
        {
          "ClassName": "ZmbF_JournalistNormal_White",
          "SpawnRarity": 5
        },
        {
          "ClassName": "ZmbF_NurseFat",
          "SpawnRarity": 5
        },
        {
          "ClassName": "ZmbF_ParamedicNormal_Blue",
          "SpawnRarity": 5
        },
        {
          "ClassName": "ZmbF_ParamedicNormal_Green",
          "SpawnRarity": 5
        },
        {
          "ClassName": "ZmbF_ParamedicNormal_Red",
          "SpawnRarity": 5
        },
        {
          "ClassName": "ZmbF_PatientOld",
          "SpawnRarity": 5
        },
        {
          "ClassName": "ZmbF_PoliceWomanNormal",
          "SpawnRarity": 5
        },
        {
          "ClassName": "ZmbF_ShortSkirt_beige",
          "SpawnRarity": 5
        }
      ]
    }
  ],
  "KOTHs": [
    {
      "Name": "Cherno Military",
      "Reward_Position": [
        7254.641602,
        26.696512,
        3037.23291
      ],
      "Reward_Orientation": [
        0,
        0,
        0
      ],
      "Capture_Radius": 40,
      "Enemies_Count": 20,
      "Reward_Loot_Count": 8,
      "Reward_Container_Classnames": [],
      "Static_Objects": [
        {
          "ClassName": "land_ml_aispawnpoint_HumanLoadout",
          "Scale": 1,
          "Position": [
            7254.641602,
            26.696512,
            3037.23291
          ],
          "Rotation": [
            0,
            0,
            0
          ]
        }
      ]
    },
    {
      "Name": "Devil's Castle",
      "Reward_Position": [
        6891.279297,
        405.992279,
        11436.473633
      ],
      "Reward_Orientation": [
        0,
        0,
        0
      ],
      "Capture_Radius": 40,
      "Enemies_Count": 20,
      "Reward_Loot_Count": 8,
      "Reward_Container_Classnames": [],
      "Static_Objects": [
        {
          "ClassName": "land_ml_aispawnpoint_HumanLoadout",
          "Scale": 1,
          "Position": [
            6891.279297,
            405.992279,
            11436.473633
          ],
          "Rotation": [
            0,
            0,
            0
          ]
        }
      ]
    },
    {
      "Name": "Orlovet's Industrial",
      "Reward_Position": [
        11466.086914,
        221.024902,
        7513.04834
      ],
      "Reward_Orientation": [
        0,
        0,
        0
      ],
      "Capture_Radius": 20,
      "Enemies_Count": 20,
      "Reward_Loot_Count": 8,
      "Reward_Container_Classnames": [],
      "Static_Objects": [
        {
          "ClassName": "land_ml_aispawnpoint_HumanLoadout",
          "Scale": 1,
          "Position": [
            11466.086914,
            221.024902,
            7513.04834
          ],
          "Rotation": [
            0,
            0,
            0
          ]
        }
      ]
    },
    {
      "Name": "The Quarry",
      "Reward_Position": [
        8633.647461,
        100.381332,
        13242.419922
      ],
      "Reward_Orientation": [
        0,
        0,
        0
      ],
      "Capture_Radius": 10,
      "Enemies_Count": 20,
      "Reward_Loot_Count": 8,
      "Reward_Container_Classnames": [],
      "Static_Objects": [
        {
          "ClassName": "land_ml_aispawnpoint_BanditLoadout",
          "Scale": 1,
          "Position": [
            8633.647461,
            100.381332,
            13242.419922
          ],
          "Rotation": [
            0,
            0,
            0
          ]
        }
      ]
    },
    {
      "Name": "Big Military",
      "Reward_Position": [
        14407.092773,
        80.835396,
        14035.579102
      ],
      "Reward_Orientation": [
        0,
        0,
        0
      ],
      "Capture_Radius": 40,
      "Enemies_Count": 20,
      "Reward_Loot_Count": 12,
      "Reward_Container_Classnames": [],
      "Static_Objects": [
        {
          "ClassName": "land_ml_aispawnpoint_BanditLoadout",
          "Scale": 1,
          "Position": [
            14407.092773,
            80.835396,
            14035.579102
          ],
          "Rotation": [
            0,
            0,
            0
          ]
        }
      ]
    },
    {
      "Name": "Green Mountain",
      "Reward_Position": [
        3697.264648,
        402.037933,
        5989.853027
      ],
      "Reward_Orientation": [
        0,
        0,
        0
      ],
      "Capture_Radius": 40,
      "Enemies_Count": 20,
      "Reward_Loot_Count": 8,
      "Reward_Container_Classnames": [],
      "Static_Objects": [
        {
          "ClassName": "land_ml_aispawnpoint_HumanLoadout",
          "Scale": 1,
          "Position": [
            3697.264648,
            402.037933,
            5989.853027
          ],
          "Rotation": [
            0,
            0,
            0
          ]
        }
      ]
    },
    {
      "Name": "Tisy Military",
      "Reward_Position": [
        1800.211426,
        436.482788,
        13811.373047
      ],
      "Reward_Orientation": [
        0,
        0,
        0
      ],
      "Capture_Radius": 40,
      "Enemies_Count": 20,
      "Reward_Loot_Count": 12,
      "Reward_Container_Classnames": [
        "mz_KOTHchest_SupplyBox1"
      ],
      "Static_Objects": [
        {
          "ClassName": "land_ml_aispawnpoint_PoliceLoadout",
          "Scale": 1,
          "Position": [
            1800.211426,
            436.482788,
            13811.373047
          ],
          "Rotation": [
            0,
            0,
            0
          ]
        }
      ]
    },
    {
      "Name": "Downed Helicopter",
      "Reward_Position": [
        144.31246948242188,
        319.55841064453125,
        8073.83740234375
      ],
      "Reward_Orientation": [
        0,
        0,
        0
      ],
      "Capture_Radius": 40,
      "Enemies_Count": 20,
      "Reward_Loot_Count": 8,
      "Reward_Container_Classnames": [
        "mz_KOTHchest_SupplyBox3"
      ],
      "Static_Objects": [
        {
          "ClassName": "StaticObj_Wreck_Mi8_Crashed",
          "Scale": 1,
          "Position": [
            144.06399536132812,
            321.1470031738281,
            8068.35986328125
          ],
          "Rotation": [
            -69.11962890625,
            0,
            0
          ]
        },
        {
          "ClassName": "land_ml_aispawnpoint_HumanLoadout",
          "Scale": 1,
          "Position": [
            144,
            321,
            8068
          ],
          "Rotation": [
            0,
            0,
            0
          ]
        }
      ]
    }
  ],
  "Reward_Containers": [
    {
      "ClassName": "mz_KOTHchest_SupplyBox1",
      "Is_Scripted_Reward": 0
    },
    {
      "ClassName": "mz_KOTHchest_SupplyBox2",
      "Is_Scripted_Reward": 0
    },
    {
      "ClassName": "mz_KOTHchest_SupplyBox3",
      "Is_Scripted_Reward": 0
    }
  ],
  "Loot": [
    {
      "ClassName": "GCGN_M82_Barret",
      "Magazine_ClassName": "GCGN_M82_Mag",
      "Spawn_Chance": 75,
      "Max_Spawnable": 1,
      "Quantity": -1,
      "Attach": [
        "SNAFU_HuntingOptic"
      ],
      "Extra_Items": [
        "GCGN_M82_Mag",
        "GCGN_M82_Mag"
      ],
      "Alternatives": []
    },
    {
      "ClassName": "LB_LC_Key1_Black",
      "Magazine_ClassName": "",
      "Spawn_Chance": 75,
      "Max_Spawnable": 1,
      "Quantity": -1,
      "Attach": [],
      "Extra_Items": [],
      "Alternatives": [
        "LB_LC_Key1_Blue",
        "LB_LC_Key1_Green",
        "LB_LC_Key1_Grey"
      ]
    },
    {
      "ClassName": "Paragon_Vector_Black",
      "Magazine_ClassName": "Paragon_Mag_Vector_30Rnd",
      "Spawn_Chance": 75,
      "Max_Spawnable": 1,
      "Quantity": -1,
      "Attach": [],
      "Extra_Items": [
        "Paragon_Mag_Vector_30Rnd",
        "Paragon_Mag_Vector_30Rnd"
      ],
      "Alternatives": []
    },
    {
      "ClassName": "Paragon_MK14_Black",
      "Magazine_ClassName": "Paragon_Mag_MK14_20Rnd",
      "Spawn_Chance": 75,
      "Max_Spawnable": 1,
      "Quantity": -1,
      "Attach": [
        "Paragon_Acog_Reddot_Optic"
      ],
      "Extra_Items": [
        "AmmoBox_308WinTracer_20Rnd",
        "AmmoBox_308WinTracer_20Rnd"
      ],
      "Alternatives": []
    },
    {
      "ClassName": "Paragon_SRS",
      "Magazine_ClassName": "Paragon_SRS_10Rnd",
      "Spawn_Chance": 75,
      "Max_Spawnable": 1,
      "Quantity": -1,
      "Attach": [
        "Paragon_Acog_Reddot_Optic"
      ],
      "Extra_Items": [
        "Paragon_408Box_15Rnd",
        "Paragon_408Box_15Rnd"
      ],
      "Alternatives": []
    },
    {
      "ClassName": "Paragon_Alligator",
      "Magazine_ClassName": "Paragon_Alligator_5Rnd",
      "Spawn_Chance": 75,
      "Max_Spawnable": 1,
      "Quantity": -1,
      "Attach": [
        "HuntingOptic"
      ],
      "Extra_Items": [
        "Paragon_Ammo_20mm",
        "Paragon_Ammo_20mm"
      ],
      "Alternatives": []
    },
    {
      "ClassName": "SNAFUT5000_DKMcc_GUN",
      "Magazine_ClassName": "SNAFUT5000_Mag",
      "Spawn_Chance": 75,
      "Max_Spawnable": 1,
      "Quantity": -1,
      "Attach": [
        "SNAFUKivaari_338_Supp"
      ],
      "Extra_Items": [
        "SNAFUT5000_Mag",
        "SNAFU_Ammo_338",
        "SNAFU_Ammo_338"
      ],
      "Alternatives": []
    },
    {
      "ClassName": "SNAFUVSSK",
      "Magazine_ClassName": "SNAFUVSSK_5rdMag",
      "Spawn_Chance": 75,
      "Max_Spawnable": 1,
      "Quantity": -1,
      "Attach": [],
      "Extra_Items": [
        "SNAFUVSSK_5rdMag",
        "SNAFUVSSK_5rdMag",
        "SNAFUVSSK_5rdMag"
      ],
      "Alternatives": []
    },
    {
      "ClassName": "Paragon_Blaze_Blue",
      "Magazine_ClassName": "",
      "Spawn_Chance": 75,
      "Max_Spawnable": 1,
      "Quantity": -1,
      "Attach": [
        "HuntingOptic"
      ],
      "Extra_Items": [
        "Paragon_Ammo_408",
        "Paragon_Ammo_408"
      ],
      "Alternatives": []
    },
    {
      "ClassName": "Paragon_6B43_Digital_Flora",
      "Magazine_ClassName": "",
      "Spawn_Chance": 75,
      "Max_Spawnable": 1,
      "Quantity": -1,
      "Attach": [],
      "Extra_Items": [],
      "Alternatives": [
        "Paragon_6B43_Digital_Desert",
        "Paragon_6B43_Desert"
      ]
    },
    {
      "ClassName": "Paragon_CombatPants_Green",
      "Magazine_ClassName": "",
      "Spawn_Chance": 75,
      "Max_Spawnable": 1,
      "Quantity": -1,
      "Attach": [],
      "Extra_Items": [],
      "Alternatives": [
        "Paragon_CombatPants_Black",
        "Paragon_CombatPants_Desert"
      ]
    },
    {
      "ClassName": "WeaponCleaningKit",
      "Magazine_ClassName": "",
      "Spawn_Chance": 75,
      "Max_Spawnable": 1,
      "Quantity": -1,
      "Attach": [],
      "Extra_Items": [],
      "Alternatives": []
    },
    {
      "ClassName": "FoXyLuckyBlock_Orange",
      "Magazine_ClassName": "",
      "Spawn_Chance": 75,
      "Max_Spawnable": 2,
      "Quantity": -1,
      "Attach": [],
      "Extra_Items": [],
      "Alternatives": [
        "FoXyLuckyBlock_Purple",
        "FoXyLuckyBlock_CamoGreen",
        "FoXyLuckyBlock_Blue",
        "FoXyLuckyBlock_Yellow"
      ]
    },
    {
      "ClassName": "Paragon_IFAK_Black",
      "Magazine_ClassName": "",
      "Spawn_Chance": 75,
      "Max_Spawnable": 2,
      "Quantity": -1,
      "Attach": [],
      "Extra_Items": [],
      "Alternatives": []
    },
    {
      "ClassName": "Stim_Blood",
      "Magazine_ClassName": "",
      "Spawn_Chance": 75,
      "Max_Spawnable": 3,
      "Quantity": -1,
      "Attach": [],
      "Extra_Items": [],
      "Alternatives": [
        "Stim_Health",
        "Stim_Fractures"
      ]
    },
    {
      "ClassName": "GCGN_Ammo_50Cal",
      "Magazine_ClassName": "",
      "Spawn_Chance": 75,
      "Max_Spawnable": 3,
      "Quantity": -1,
      "Attach": [],
      "Extra_Items": [],
      "Alternatives": []
    },
    {
      "ClassName": "GCGN_Ammo_408Chey",
      "Magazine_ClassName": "",
      "Spawn_Chance": 75,
      "Max_Spawnable": 3,
      "Quantity": -1,
      "Attach": [],
      "Extra_Items": [],
      "Alternatives": []
    },
    {
      "ClassName": "SNAFU_Ammo_145Cal",
      "Magazine_ClassName": "",
      "Spawn_Chance": 75,
      "Max_Spawnable": 3,
      "Quantity": -1,
      "Attach": [],
      "Extra_Items": [],
      "Alternatives": []
    },
    {
      "ClassName": "SNAFU_Ammo_500_SW",
      "Magazine_ClassName": "",
      "Spawn_Chance": 75,
      "Max_Spawnable": 3,
      "Quantity": -1,
      "Attach": [],
      "Extra_Items": [],
      "Alternatives": []
    },
    {
      "ClassName": "SNAFU_Ammo_338",
      "Magazine_ClassName": "",
      "Spawn_Chance": 75,
      "Max_Spawnable": 3,
      "Quantity": -1,
      "Attach": [],
      "Extra_Items": [],
      "Alternatives": []
    },
    {
      "ClassName": "SNAFU_Ammo_127x55mm",
      "Magazine_ClassName": "",
      "Spawn_Chance": 75,
      "Max_Spawnable": 3,
      "Quantity": -1,
      "Attach": [],
      "Extra_Items": [],
      "Alternatives": []
    },
    {
      "ClassName": "DNA_KeyCard_Red_Inactive",
      "Magazine_ClassName": "",
      "Spawn_Chance": 75,
      "Max_Spawnable": 3,
      "Quantity": -1,
      "Attach": [],
      "Extra_Items": [],
      "Alternatives": [
        "DNA_KeyCard_Purple_Inactive",
        "DNA_KeyCard_Blue_Inactive",
        "DNA_KeyCard_Green_Inactive",
        "DNA_KeyCard_Yellow_Inactive",
        "DNA_KeyCard_Blank"
      ]
    },
    {
      "ClassName": "mb_DarkHelmet",
      "Magazine_ClassName": "",
      "Spawn_Chance": 75,
      "Max_Spawnable": 3,
      "Quantity": -1,
      "Attach": [],
      "Extra_Items": [],
      "Alternatives": [
        "mb_WalterWhite",
        "mb_BoyLegoHead",
        "mb_GirlLegoHead",
        "mb_SkeleLegoHead",
        "mb_ZombieLegoHead",
        "mb_BeardLegoHead",
        "mb_BeardLegoHead",
        "mb_SerpzLegoHead",
        "MB_Rubix",
        "MB_NesControl",
        "MB_BopIt",
        "MB_NokiaHammer",
        "MB_Tamagotchi",
        "MB_PoolBall"
      ]
    },
    {
      "ClassName": "mmg_ca_card_stary",
      "Magazine_ClassName": "",
      "Spawn_Chance": 75,
      "Max_Spawnable": 3,
      "Quantity": -1,
      "Attach": [],
      "Extra_Items": [],
      "Alternatives": [
        "mmg_ca_card_novo",
        "mmg_ca_card_cherno",
        "mmg_ca_card_severo",
        "mmg_ca_card_elektro",
        "mmg_ca_card_fnx45",
        "mmg_ca_card_mlock19",
        "mmg_ca_card_skg5",
        "mmg_ca_card_usg45",
        "mmg_ca_card_akm",
        "mmg_ca_card_akm",
        "mmg_ca_card_aur",
        "mmg_ca_card_bk43",
        "mmg_ca_card_blaze",
        "mmg_ca_card_m4",
        "mmg_ca_card_mosin",
        "mmg_ca_card_savanna",
        "mmg_ca_card_tundra",
        "mmg_ca_card_deagle",
        "mmg_ca_card_lar",
        "mmg_card_display",
        "mmg_newspaper_one",
        "mmg_floppy_disc_one",
        "mmg_floppy_disc_two",
        "mmg_floppy_disc_three",
        "mmg_tactical_watch_black",
        "mmg_tactical_watch_green",
        "mmg_tactical_watch_tan"
      ]
    },
    {
      "ClassName": "RP_aclockworkorange",
      "Magazine_ClassName": "",
      "Spawn_Chance": 75,
      "Max_Spawnable": 3,
      "Quantity": -1,
      "Attach": [],
      "Extra_Items": [],
      "Alternatives": [
        "RP_RetroCustom",
        "RP_captainamerica",
        "RP_ironman",
        "RP_hulk",
        "RP_batman",
        "RP_Ateam",
        "RP_knightrider",
        "RP_rambo",
        "RP_terminator",
        "RP_lockstock",
        "RP_scarymovie",
        "RP_Surburban",
        "RP_hoe",
        "RP_goodfellas",
        "RP_conair",
        "RP_billandted",
        "RP_jurrasicpark",
        "RP_boyznthehood",
        "RP_pulpfiction",
        "RP_spacejam",
        "RP_aceventura",
        "RP_thewarriors",
        "RP_gladiators",
        "RP_unclebuck",
        "RP_coolrunnings",
        "RP_Beetlejuice",
        "RP_Tron",
        "RP_Bladerunner",
        "RP_Turtles",
        "RP_Spaceballs",
        "RP_Ghostbusters",
        "RP_flashgordon",
        "RP_StarTrek",
        "RP_StarWars"
      ]
    },
    {
      "ClassName": "MB_MegaDriveCartridge_ComixZone",
      "Magazine_ClassName": "",
      "Spawn_Chance": 75,
      "Max_Spawnable": 3,
      "Quantity": -1,
      "Attach": [],
      "Extra_Items": [],
      "Alternatives": [
        "MB_MegaDriveCartridge_ContraHardCorps",
        "MB_MegaDriveCartridge_EarthWormJim",
        "MB_MegaDriveCartridge_Ecco",
        "MB_MegaDriveCartridge_EternalChampions",
        "MB_MegaDriveCartridge_KidChameleon",
        "MB_MegaDriveCartridge_LightningForce",
        "MB_MegaDriveCartridge_MegaMan",
        "MB_MegaDriveCartridge_MoonWalker",
        "MB_MegaDriveCartridge_MortalKombat",
        "MB_MegaDriveCartridge_MortalKombat2",
        "MB_MegaDriveCartridge_MortalKombat3",
        "MB_MegaDriveCartridge_MutantLeagueFootball",
        "MB_MegaDriveCartridge_NBAJam",
        "MB_MegaDriveCartridge_PhantasyStariv",
        "MB_MegaDriveCartridge_RobocopvsTerminator",
        "MB_MegaDriveCartridge_ShadowRun",
        "MB_MegaDriveCartridge_ShiningForce2",
        "MB_MegaDriveCartridge_Shinobi3",
        "MB_MegaDriveCartridge_Sonic3",
        "MB_MegaDriveCartridge_SonicTheHedgehog",
        "MB_MegaDriveCartridge_SpaceHarrer2",
        "MB_MegaDriveCartridge_SplatterHouse3",
        "MB_MegaDriveCartridge_StreetFighter2",
        "MB_MegaDriveCartridge_StreetsOfRage2",
        "MB_MegaDriveCartridge_Strider",
        "MB_MegaDriveCartridge_ToeJamAndEarl",
        "MB_MegaDriveCartridge_TurtlesHyper",
        "MB_MegaDriveCartridge_UltMortalKombat3",
        "MB_MegaDriveCartridge_Vectorman",
        "MB_MegaDriveCartridge_WonderBoyInMonsterWorld",
        "MB_MegaDriveCartridge_ZombiesAteMyNeighbors",
        "MB_MegaDriveCartridge_sonic1",
        "MB_MegaDriveCartridge_GoldenAxe3",
        "MB_MegaDriveCartridge_MetalGearSolid",
        "MB_MegaDriveCartridge_ResidentEvil",
        "MB_MegaDriveCartridge_AlexKidd",
        "MB_MegaDriveCartridge_alisiadragon",
        "MB_MegaDriveCartridge_alteredbeast",
        "MB_MegaDriveCartridge_beyondoasis",
        "MB_MegaDriveCartridge_beyondoasis",
        "MB_MegaDriveCartridge_castlevaniabloodlines",
        "MB_MegaDriveCartridge_columns",
        "MB_MegaDriveCartridge_goldenaxe",
        "MB_MegaDriveCartridge_gunstarheroes",
        "MB_MegaDriveCartridge_mickeymousecstle"
      ]
    },
    {
      "ClassName": "MB_NesCartridge_abadox",
      "Magazine_ClassName": "",
      "Spawn_Chance": 75,
      "Max_Spawnable": 3,
      "Quantity": -1,
      "Attach": [],
      "Extra_Items": [],
      "Alternatives": [
        "MB_NesCartridge_contra",
        "MB_NesCartridge_dragonspirit",
        "MB_NesCartridge_dragonspirit",
        "MB_NesCartridge_marblemadness",
        "MB_NesCartridge_mario2",
        "MB_NesCartridge_metalgear",
        "MB_NesCartridge_turtlesarcade",
        "MB_NesCartridge_punchout",
        "MB_NesCartridge_ducktales"
      ]
    }
  ]
}