time;info;target;filename;
2025-05-05 10:23:15;FileName: wqp1pmmdas Type: Paragon_VSSK_5Rnd Quantity: 5 Health: 460.464;from player;house_inventory13353.587891 7.827276 6740.535156.bin;
2025-05-05 10:23:17;FileName: wqp1pmmdas Type: Paragon_VSSK_5Rnd Quantity: 5 Health: 460.464;to player;house_inventory13353.587891 7.827276 6740.535156.bin;
2025-05-09 09:30:45;FileName: 11sl34tk3g Type: Paragon_Mag_Beowulf_20Rnd Quantity: 20 Health: 498.1;from player;house_inventory13353.587891 7.827276 6740.535156.bin;
2025-05-09 09:30:54;FileName: 11sl34tk3g Type: Paragon_Mag_Beowulf_20Rnd Quantity: 20 Health: 498.1;to player;house_inventory13353.587891 7.827276 6740.535156.bin;
2025-05-09 23:27:16;FileName: uwlzsljs64 Type: SNAFUAX50_Mag Quantity: 5 Health: 100;from player;house_inventory13353.587891 7.827276 6740.535156.bin;
2025-05-09 23:27:23;FileName: kr6yg38cic Type: GCGN_Ammo_50Cal Quantity: 10 Health: 100;from player;house_inventory13353.587891 7.827276 6740.535156.bin;
2025-05-09 23:27:42;FileName: sm4n4uyvu4 Type: SNAFU_MAR10_Black_GUN Quantity: 1 Health: 299.999;from player;house_inventory13353.587891 7.827276 6740.535156.bin;
2025-05-09 23:27:45;FileName: 3yk76lsggx Type: Paragon_MRAD Quantity: 1 Health: 2000;from player;house_inventory13353.587891 7.827276 6740.535156.bin;
2025-05-09 23:27:48;FileName: nggzleyb4m Type: Paragon_MRAD_10Rnd Quantity: 10 Health: 500;from player;house_inventory13353.587891 7.827276 6740.535156.bin;
2025-05-09 23:27:50;FileName: pr0en20ltb Type: SNAFU_Mar10_15rnd_Mag Quantity: 15 Health: 100;from player;house_inventory13353.587891 7.827276 6740.535156.bin;
2025-05-09 23:28:03;FileName: omcysjfgnt Type: SNAFUAX50_GUN Quantity: 1 Health: 300;from player;house_inventory13353.587891 7.827276 6740.535156.bin;
2025-05-09 23:28:33;FileName: quvlfi3g6x Type: GCGN_Ammo_50Cal Quantity: 10 Health: 100;from player;house_inventory13353.587891 7.827276 6740.535156.bin;
2025-05-09 23:28:56;FileName: 088z4qhddi Type: GCGN_Ammo_408Chey Quantity: 10 Health: 100;from player;house_inventory13353.587891 7.827276 6740.535156.bin;
2025-05-09 23:28:59;FileName: q56bchtldo Type: Paragon_Ammo_338 Quantity: 25 Health: 1000;from player;house_inventory13353.587891 7.827276 6740.535156.bin;
2025-05-09 23:29:00;FileName: hcyg46nloq Type: Paragon_Ammo_338 Quantity: 25 Health: 1000;from player;house_inventory13353.587891 7.827276 6740.535156.bin;
2025-05-09 23:29:25;FileName: yeowc4iqgv Type: GCGN_M82_Barret Quantity: 1 Health: 200;from player;house_inventory13353.587891 7.827276 6740.535156.bin;
2025-05-09 23:29:33;FileName: a6y7xnpxgk Type: GCGN_M82_Mag Quantity: 10 Health: 99.7574;from player;house_inventory13353.587891 7.827276 6740.535156.bin;
2025-05-09 23:29:37;FileName: 1qnshl23ee Type: MMG_tactical_shirt_black Quantity: 1 Health: 150;from player;house_inventory13353.587891 7.827276 6740.535156.bin;
2025-05-09 23:29:58;FileName: 4h4xs1vri2 Type: SNAFU_Ammo_338 Quantity: 40 Health: 100;from player;house_inventory13353.587891 7.827276 6740.535156.bin;
2025-05-09 23:30:01;FileName: r0etq0bxib Type: GCGN_Ammo_408Chey Quantity: 4 Health: 100;from player;house_inventory13353.587891 7.827276 6740.535156.bin;
2025-05-09 23:30:09;FileName: r0etq0bxib Type: GCGN_Ammo_408Chey Quantity: 4 Health: 100;to player;house_inventory13353.587891 7.827276 6740.535156.bin;
2025-05-09 23:30:12;FileName: 2sb8cwfdf7 Type: SNAFU_Ammo_338 Quantity: 40 Health: 100;from player;house_inventory13353.587891 7.827276 6740.535156.bin;
2025-05-09 23:30:27;FileName: nrr2rrnl4c Type: GCGN_Ammo_408Chey Quantity: 4 Health: 100;from player;house_inventory13353.587891 7.827276 6740.535156.bin;
2025-05-09 23:30:29;FileName: n71qc43rfw Type: GCGN_Ammo_408Chey Quantity: 10 Health: 100;from player;house_inventory13353.587891 7.827276 6740.535156.bin;
2025-05-10 08:12:21;FileName: 0c68basz3j Type: MMG_MK_V_Armor_multicam Quantity: 1 Health: 650;from player;house_inventory13353.587891 7.827276 6740.535156.bin;
2025-05-10 08:12:23;FileName: ofz4q8jblg Type: Paragon_Scifi_H_Purple Quantity: 1 Health: 525.172;from player;house_inventory13353.587891 7.827276 6740.535156.bin;
2025-05-10 08:16:01;FileName: tocpub3di1 Type: USMCPants_Desert Quantity: 1 Health: 160;from player;house_inventory13353.587891 7.827276 6740.535156.bin;
2025-05-10 08:16:57;FileName: 1lsizqshf7 Type: MMG_tactical_shirt_multicam Quantity: 1 Health: 150;from player;house_inventory13353.587891 7.827276 6740.535156.bin;
2025-05-10 08:16:58;FileName: qs8nzi4dm7 Type: Paragon_CombatPants_Blue Quantity: 1 Health: 1500;from player;house_inventory13353.587891 7.827276 6740.535156.bin;
2025-05-10 13:20:19;FileName: 0c68basz3j Type: MMG_MK_V_Armor_multicam Quantity: 1 Health: 650;to player;house_inventory13353.587891 7.827276 6740.535156.bin;
2025-05-10 13:20:21;FileName: ofz4q8jblg Type: Paragon_Scifi_H_Purple Quantity: 1 Health: 525.172;to player;house_inventory13353.587891 7.827276 6740.535156.bin;
2025-05-10 13:20:24;FileName: 1lsizqshf7 Type: MMG_tactical_shirt_multicam Quantity: 1 Health: 150;to player;house_inventory13353.587891 7.827276 6740.535156.bin;
2025-05-10 13:20:27;FileName: tocpub3di1 Type: USMCPants_Desert Quantity: 1 Health: 160;to player;house_inventory13353.587891 7.827276 6740.535156.bin;
2025-05-10 13:20:32;FileName: sm4n4uyvu4 Type: SNAFU_MAR10_Black_GUN Quantity: 1 Health: 299.999;to player;house_inventory13353.587891 7.827276 6740.535156.bin;
2025-05-10 13:20:36;FileName: yeowc4iqgv Type: GCGN_M82_Barret Quantity: 1 Health: 200;to player;house_inventory13353.587891 7.827276 6740.535156.bin;
2025-05-10 13:20:37;FileName: a6y7xnpxgk Type: GCGN_M82_Mag Quantity: 10 Health: 99.7574;to player;house_inventory13353.587891 7.827276 6740.535156.bin;
2025-05-10 13:20:42;FileName: pr0en20ltb Type: SNAFU_Mar10_15rnd_Mag Quantity: 15 Health: 100;to player;house_inventory13353.587891 7.827276 6740.535156.bin;
2025-05-14 22:31:36;FileName: om51tui6qs Type: Paragon_Scifi_H_Black Quantity: 1 Health: 652.586;from player;house_inventory13353.587891 7.827276 6740.535156.bin;
2025-05-14 22:31:46;FileName: t3vdq17mlg Type: mmg_tactical_gloves_black Quantity: 1 Health: 145.237;from player;house_inventory13353.587891 7.827276 6740.535156.bin;
2025-05-14 22:31:50;FileName: 5hs4j273kn Type: MMG_boots_black Quantity: 1 Health: 157.161;from player;house_inventory13353.587891 7.827276 6740.535156.bin;
2025-05-14 22:31:52;FileName: sz24pbaohq Type: Paragon_BodyBelt_Black Quantity: 1 Health: 1368.57;from player;house_inventory13353.587891 7.827276 6740.535156.bin;
2025-05-14 22:31:56;FileName: czqshzc70v Type: Paragon_CombatPants_Black Quantity: 1 Health: 1273.56;from player;house_inventory13353.587891 7.827276 6740.535156.bin;
2025-05-14 22:32:04;FileName: bzha23tsjp Type: Paragon_6B13_Black Quantity: 1 Health: 1367.61;from player;house_inventory13353.587891 7.827276 6740.535156.bin;
2025-05-14 22:32:06;FileName: uf8hwny7nl Type: Paragon_TacJacket_Black Quantity: 1 Health: 1423.94;from player;house_inventory13353.587891 7.827276 6740.535156.bin;
