{
    "version": "1",
    "isInitialized": 1,
    "useUTCTime": 0,
    "isEnabled": 0,
    "raidTimes": [
        {
            "start": {
                "year": 0,
                "month": 0,
                "day": 0,
                "hour": 18,
                "minute": 0,
                "second": 0
            },
            "end": {
                "year": 0,
                "month": 0,
                "day": 0,
                "hour": 22,
                "minute": 0,
                "second": 0
            }
        }
    ]
}