{
    "version": "7",
    "isInitialized": 1,
    "extensions": [
        {
            "id": "uos47o7ysf",
            "type": "#tbr_Alarm_system",
            "description": "#Alarm_system_desc_1",
            "price": 10000,
            "isHouseAlarm": 1,
            "isHouseInventory": 0,
            "isSpawnPoint": 0,
            "isLockSystem": 0,
            "isKeySpawnPoint": 0,
            "isStopDisappearing": 0,
            "isAutoLookDoorExtension": 0,
            "message": "#Alarm_system_message_1",
            "level": 1
        },
        {
            "id": "vm1mhwbieo",
            "type": "#tbr_Alarm_system",
            "description": "#Alarm_system_desc_2",
            "price": 20000,
            "isHouseAlarm": 1,
            "isHouseInventory": 0,
            "isSpawnPoint": 0,
            "isLockSystem": 0,
            "isKeySpawnPoint": 0,
            "isStopDisappearing": 0,
            "isAutoLookDoorExtension": 0,
            "message": "#Alarm_system_message_2",
            "level": 2
        },
        {
            "id": "7a5xt4jgfq",
            "type": "#tbr_Alarm_system",
            "description": "#Alarm_system_desc_3",
            "price": 40000,
            "isHouseAlarm": 1,
            "isHouseInventory": 0,
            "isSpawnPoint": 0,
            "isLockSystem": 0,
            "isKeySpawnPoint": 0,
            "isStopDisappearing": 0,
            "isAutoLookDoorExtension": 0,
            "message": "#Alarm_system_message_3",
            "level": 3
        },
        {
            "id": "aana5itcct",
            "type": "#tbr_Respawn_Point",
            "description": "#tbr_Respawn_Point_desc",
            "price": 100000,
            "isHouseAlarm": 0,
            "isHouseInventory": 0,
            "isSpawnPoint": 1,
            "isLockSystem": 0,
            "isKeySpawnPoint": 0,
            "isStopDisappearing": 0,
            "isAutoLookDoorExtension": 0,
            "message": "",
            "level": 0
        },
        {
            "id": "2rxxfkerza",
            "type": "not used",
            "description": "#tbr_desc_house_inventory",
            "price": 3500,
            "isHouseAlarm": 0,
            "isHouseInventory": 1,
            "isSpawnPoint": 0,
            "isLockSystem": 0,
            "isKeySpawnPoint": 0,
            "isStopDisappearing": 0,
            "isAutoLookDoorExtension": 0,
            "message": "",
            "level": 0
        },
        {
            "id": "u8xcfx1oll",
            "type": "#tbr_Alarm_system",
            "description": "#Alarm_system_desc_4",
            "price": 50000,
            "isHouseAlarm": 1,
            "isHouseInventory": 0,
            "isSpawnPoint": 0,
            "isLockSystem": 0,
            "isKeySpawnPoint": 0,
            "isStopDisappearing": 0,
            "isAutoLookDoorExtension": 0,
            "message": "#Alarm_system_message_4",
            "level": 4
        },
        {
            "id": "gaiqochyh1",
            "type": "#tbr_LockSystem",
            "description": "#tbr_LockSystemDescription",
            "price": 50000,
            "isHouseAlarm": 0,
            "isHouseInventory": 0,
            "isSpawnPoint": 0,
            "isLockSystem": 1,
            "isKeySpawnPoint": 0,
            "isStopDisappearing": 0,
            "isAutoLookDoorExtension": 0,
            "message": "",
            "level": 0
        },
        {
            "id": "gtfoulu164",
            "type": "#tbr_Key_Respawn_Point",
            "description": "#tbr_Key_Respawn_Point_desc",
            "price": 100000,
            "isHouseAlarm": 0,
            "isHouseInventory": 0,
            "isSpawnPoint": 0,
            "isLockSystem": 0,
            "isKeySpawnPoint": 1,
            "isStopDisappearing": 0,
            "isAutoLookDoorExtension": 0,
            "message": "",
            "level": 0
        },
        {
            "id": "7nela0ry4l",
            "type": "#tbr_Despawn_Prevent",
            "description": "#tbr_Despawn_Prevent_desc",
            "price": 100000,
            "isHouseAlarm": 0,
            "isHouseInventory": 0,
            "isSpawnPoint": 0,
            "isLockSystem": 0,
            "isKeySpawnPoint": 0,
            "isStopDisappearing": 1,
            "isAutoLookDoorExtension": 0,
            "message": "",
            "level": 0
        },
        {
            "id": "vox4eglcj2",
            "type": "#tbr_auto_look_door_extension",
            "description": "#tbr_auto_look_door_extension_desc",
            "price": 2000000,
            "isHouseAlarm": 0,
            "isHouseInventory": 0,
            "isSpawnPoint": 0,
            "isLockSystem": 0,
            "isKeySpawnPoint": 0,
            "isStopDisappearing": 0,
            "isAutoLookDoorExtension": 1,
            "message": "",
            "level": 0
        }
    ]
}