{
  "version": "9",
  "isInitialized": 1,
  "showMap": 1,
  "howManyHousesCanPlayerBuy": 1,
  "playerCanRespawnInHouse": 1,
  "useBlackListedAreas": 0,
  "useWhiteListedAreas": 0,
  "notSoldHousesAreLocked": 1,
  "inactiveDaysBeforePlayerDataWillDeleted": 30,
  "closeDoorsAtServerRestartAfterSeconds": 30,
  "housesCanOnlyBeRaidWhenOwnerIsOnline": 0,
  "blackListedAreas": [
    {
      "position": [
        0,
        0,
        0
      ],
      "radius": 100
    }
  ],
  "whiteListedAreas": [
    {
      "position": [
        2000,
        0,
        2000
      ],
      "radius": 100
    }
  ],
  "houseDefinitionNames": [
    "Land_fishyIND_shed1",
    "Land_fishyIND_hangar1",
    "Land_fishyIND_hangar2",
    "Land_fishyIND_hangar3",
    "Land_fishy_house3",
    "Land_fishy_house4",
    "Land_fishy_house5",
    "Land_fishy_house6",
    "Land_fishy_house8",
    "Land_fishy_house9",
    "Land_fishy_house10",
    "Land_fishy_house12",
    "Land_fishy_house11",
    "Land_fishy_house12",
    "Land_fishy_house13",
    "Land_fishy_house15",
    "Land_fishy_house16",
    "Land_fishy_house18",
    "Land_fishy_house19",
    "Land_fishy_house20",
    "Land_fishy_house1",
    "Land_fishy_apartmentblock1",
    "Land_fishy_apartmentblock2",
    "Land_fishy_apartmentblock3"
  ],
  "houseConfigs": []
}