{
    "version": "4",
    "isInitialized": 1,
    "logSteamIdInRaidDiscordLog": 1,
    "logRaid": 1,
    "logRaidToDiscord": 0,
    "discordRaidWebhookURL": "",
    "logStore": 1,
    "logStoreToDiscord": 0,
    "discordStoreWebhookURL": "",
    "logHouseTrade": 1,
    "logHouseTradeToDiscord": 0,
    "discordHouseTradeWebhookURL": "",
    "logHouseExtensionTrade": 1,
    "logHouseExtensionTradeToDiscord": 0,
    "discordHouseExtensionTradeWebhookURL": "",
    "logHouseOwnerDelete": 0,
    "logHouseOwnerDeleteToDiscord": 0,
    "discordHouseOwnerDeleteWebhookURL": ""
}