{
    "ConfigVersion": 1.0,
    "CanCraftVanHouseKit": 0,
    "HouseA": {
        "NailAmount": 50,
        "WoodenPlankAmount": 20,
        "WoodenLogAmount": 10,
        "StoneAmount": 1
    },
    "HouseB": {
        "NailAmount": 50,
        "WoodenPlankAmount": 20,
        "WoodenLogAmount": 10,
        "StoneAmount": 1
    },
    "HouseC": {
        "NailAmount": 50,
        "WoodenPlankAmount": 20,
        "WoodenLogAmount": 10,
        "StoneAmount": 1
    },
    "HouseD": {
        "NailAmount": 50,
        "WoodenPlankAmount": 20,
        "WoodenLogAmount": 10,
        "StoneAmount": 1
    },
    "HouseE": {
        "NailAmount": 50,
        "WoodenPlankAmount": 20,
        "WoodenLogAmount": 10,
        "StoneAmount": 1
    },
    "HouseF": {
        "NailAmount": 50,
        "WoodenPlankAmount": 20,
        "WoodenLogAmount": 10,
        "StoneAmount": 1
    }
}